asset_id,rank,driver,driver_points
AST-00666,1,Asset criticality,6.0
AST-00666,2,Maintenance interval,5.29
AST-00666,3,Inspection decline,3.27
AST-00666,4,Condition deterioration,0.0
AST-00666,5,Recent incidents,0.0
AST-00669,1,Asset criticality,8.0
AST-00669,2,Recent incidents,5.0
AST-00669,3,Maintenance interval,4.8
AST-00669,4,Inspection decline,1.82
AST-00669,5,Condition deterioration,0.0
AST-00668,1,Condition deterioration,7.92
AST-00668,2,Maintenance interval,6.97
AST-00668,3,Asset criticality,6.0
AST-00668,4,Inspection decline,0.28
AST-00668,5,Recent incidents,0.0
AST-00667,1,Asset criticality,10.0
AST-00667,2,Maintenance interval,3.75
AST-00667,3,Condition deterioration,0.0
AST-00667,4,Inspection decline,0.0
AST-00667,5,Recent incidents,0.0
AST-00665,1,Asset criticality,6.0
AST-00665,2,Maintenance interval,3.58
AST-00665,3,Condition deterioration,0.0
AST-00665,4,Inspection decline,0.0
AST-00665,5,Recent incidents,0.0
AST-00659,1,Asset criticality,6.0
AST-00659,2,Condition deterioration,5.34
AST-00659,3,Maintenance interval,4.18
AST-00659,4,Inspection decline,3.64
AST-00659,5,Recent incidents,0.0
AST-00663,1,Asset criticality,4.0
AST-00663,2,Maintenance interval,2.89
AST-00663,3,Inspection decline,1.26
AST-00663,4,Condition deterioration,0.0
AST-00663,5,Recent incidents,0.0
AST-00662,1,Condition deterioration,11.0
AST-00662,2,Maintenance interval,6.97
AST-00662,3,Asset criticality,6.0
AST-00662,4,Inspection decline,3.92
AST-00662,5,Recent incidents,0.0
AST-00661,1,Asset criticality,8.0
AST-00661,2,Inspection decline,1.38
AST-00661,3,Maintenance interval,0.66
AST-00661,4,Condition deterioration,0.0
AST-00661,5,Recent incidents,0.0
AST-00660,1,Asset criticality,8.0
AST-00660,2,Maintenance interval,7.69
AST-00660,3,Inspection decline,6.54
AST-00660,4,Recent incidents,5.0
AST-00660,5,Condition deterioration,0.0
AST-00670,1,Condition deterioration,9.05
AST-00670,2,Asset criticality,8.0
AST-00670,3,Maintenance interval,3.19
AST-00670,4,Inspection decline,2.75
AST-00670,5,Recent incidents,0.0
AST-00664,1,Maintenance interval,7.76
AST-00664,2,Asset criticality,6.0
AST-00664,3,Inspection decline,4.81
AST-00664,4,Condition deterioration,0.0
AST-00664,5,Recent incidents,0.0
AST-00671,1,Asset criticality,6.0
AST-00671,2,Condition deterioration,5.91
AST-00671,3,Inspection decline,3.34
AST-00671,4,Maintenance interval,3.29
AST-00671,5,Recent incidents,0.0
AST-00685,1,Maintenance interval,8.55
AST-00685,2,Asset criticality,4.0
AST-00685,3,Inspection decline,2.12
AST-00685,4,Condition deterioration,0.0
AST-00685,5,Recent incidents,0.0
AST-00673,1,Maintenance interval,7.07
AST-00673,2,Asset criticality,6.0
AST-00673,3,Condition deterioration,4.46
AST-00673,4,Inspection decline,2.64
AST-00673,5,Recent incidents,0.0
AST-00674,1,Asset criticality,8.0
AST-00674,2,Maintenance interval,0.79
AST-00674,3,Inspection decline,0.7
AST-00674,4,Condition deterioration,0.0
AST-00674,5,Recent incidents,0.0
AST-00675,1,Condition deterioration,13.58
AST-00675,2,Asset criticality,4.0
AST-00675,3,Inspection decline,2.73
AST-00675,4,Maintenance interval,1.22
AST-00675,5,Recent incidents,0.0
AST-00676,1,Condition deterioration,9.68
AST-00676,2,Asset criticality,6.0
AST-00676,3,Recent incidents,5.0
AST-00676,4,Maintenance interval,1.05
AST-00676,5,Inspection decline,0.66
AST-00677,1,Asset criticality,6.0
AST-00677,2,Maintenance interval,5.75
AST-00677,3,Condition deterioration,4.71
AST-00677,4,Inspection decline,0.0
AST-00677,5,Recent incidents,0.0
AST-00678,1,Asset criticality,8.0
AST-00678,2,Condition deterioration,5.15
AST-00678,3,Maintenance interval,3.65
AST-00678,4,Inspection decline,2.68
AST-00678,5,Recent incidents,0.0
AST-00679,1,Asset criticality,8.0
AST-00679,2,Maintenance interval,4.31
AST-00679,3,Condition deterioration,0.0
AST-00679,4,Inspection decline,0.0
AST-00679,5,Recent incidents,0.0
AST-00680,1,Asset criticality,8.0
AST-00680,2,Recent incidents,5.0
AST-00680,3,Inspection decline,1.08
AST-00680,4,Maintenance interval,0.89
AST-00680,5,Condition deterioration,0.0
AST-00681,1,Asset criticality,6.0
AST-00681,2,Maintenance interval,4.8
AST-00681,3,Inspection decline,2.54
AST-00681,4,Condition deterioration,0.0
AST-00681,5,Recent incidents,0.0
AST-00682,1,Asset criticality,6.0
AST-00682,2,Maintenance interval,4.08
AST-00682,3,Condition deterioration,0.0
AST-00682,4,Inspection decline,0.0
AST-00682,5,Recent incidents,0.0
AST-00683,1,Asset criticality,10.0
AST-00683,2,Inspection decline,3.74
AST-00683,3,Maintenance interval,2.5
AST-00683,4,Condition deterioration,0.0
AST-00683,5,Recent incidents,0.0
AST-00684,1,Asset criticality,8.0
AST-00684,2,Maintenance interval,7.27
AST-00684,3,Condition deterioration,6.73
AST-00684,4,Inspection decline,2.92
AST-00684,5,Recent incidents,0.0
AST-00628,1,Asset criticality,6.0
AST-00628,2,Recent incidents,5.0
AST-00628,3,Inspection decline,4.43
AST-00628,4,Maintenance interval,1.15
AST-00628,5,Condition deterioration,0.0
AST-00672,1,Repeat-failure signal,12.0
AST-00672,2,Recent incidents,10.0
AST-00672,3,Asset criticality,10.0
AST-00672,4,Condition deterioration,6.91
AST-00672,5,Open critical work,5.0
AST-00658,1,Asset criticality,6.0
AST-00658,2,Maintenance interval,5.46
AST-00658,3,Condition deterioration,0.0
AST-00658,4,Inspection decline,0.0
AST-00658,5,Recent incidents,0.0
AST-00644,1,Asset criticality,8.0
AST-00644,2,Inspection decline,4.37
AST-00644,3,Maintenance interval,1.91
AST-00644,4,Condition deterioration,0.0
AST-00644,5,Recent incidents,0.0
AST-00656,1,Asset criticality,6.0
AST-00656,2,Inspection decline,2.71
AST-00656,3,Maintenance interval,2.63
AST-00656,4,Condition deterioration,0.0
AST-00656,5,Recent incidents,0.0
AST-00686,1,Inspection decline,6.04
AST-00686,2,Asset criticality,6.0
AST-00686,3,Recent incidents,5.0
AST-00686,4,Condition deterioration,0.94
AST-00686,5,Maintenance interval,0.39
AST-00629,1,Maintenance interval,6.9
AST-00629,2,Asset criticality,6.0
AST-00629,3,Inspection decline,3.94
AST-00629,4,Condition deterioration,3.02
AST-00629,5,Recent incidents,0.0
AST-00630,1,Asset criticality,8.0
AST-00630,2,Recent incidents,5.0
AST-00630,3,Inspection decline,0.61
AST-00630,4,Maintenance interval,0.13
AST-00630,5,Condition deterioration,0.0
AST-00631,1,Asset criticality,6.0
AST-00631,2,Maintenance interval,5.82
AST-00631,3,Condition deterioration,4.53
AST-00631,4,Inspection decline,0.0
AST-00631,5,Recent incidents,0.0
AST-00632,1,Asset criticality,8.0
AST-00632,2,Condition deterioration,7.1
AST-00632,3,Maintenance interval,1.35
AST-00632,4,Inspection decline,0.0
AST-00632,5,Recent incidents,0.0
AST-00633,1,Condition deterioration,6.22
AST-00633,2,Asset criticality,6.0
AST-00633,3,Maintenance interval,5.29
AST-00633,4,Inspection decline,1.96
AST-00633,5,Recent incidents,0.0
AST-00634,1,Asset criticality,8.0
AST-00634,2,Condition deterioration,6.35
AST-00634,3,Maintenance interval,2.79
AST-00634,4,Inspection decline,2.59
AST-00634,5,Recent incidents,0.0
AST-00635,1,Maintenance interval,7.86
AST-00635,2,Inspection decline,7.47
AST-00635,3,Asset criticality,6.0
AST-00635,4,Condition deterioration,0.0
AST-00635,5,Recent incidents,0.0
AST-00636,1,Asset criticality,8.0
AST-00636,2,Maintenance interval,6.15
AST-00636,3,Inspection decline,5.35
AST-00636,4,Condition deterioration,0.0
AST-00636,5,Recent incidents,0.0
AST-00637,1,Asset criticality,8.0
AST-00637,2,Recent incidents,5.0
AST-00637,3,Maintenance interval,0.95
AST-00637,4,Condition deterioration,0.0
AST-00637,5,Inspection decline,0.0
AST-00638,1,Condition deterioration,8.3
AST-00638,2,Asset criticality,4.0
AST-00638,3,Inspection decline,2.2
AST-00638,4,Maintenance interval,0.89
AST-00638,5,Recent incidents,0.0
AST-00639,1,Maintenance interval,10.92
AST-00639,2,Inspection decline,4.64
AST-00639,3,Asset criticality,2.0
AST-00639,4,Condition deterioration,0.0
AST-00639,5,Recent incidents,0.0
AST-00640,1,Asset criticality,10.0
AST-00640,2,Condition deterioration,8.8
AST-00640,3,Recent incidents,5.0
AST-00640,4,Maintenance interval,2.07
AST-00640,5,Inspection decline,1.52
AST-00641,1,Maintenance interval,7.23
AST-00641,2,Asset criticality,6.0
AST-00641,3,Inspection decline,3.61
AST-00641,4,Condition deterioration,0.0
AST-00641,5,Recent incidents,0.0
AST-00642,1,Inspection decline,3.94
AST-00642,2,Asset criticality,2.0
AST-00642,3,Maintenance interval,1.32
AST-00642,4,Condition deterioration,0.0
AST-00642,5,Recent incidents,0.0
AST-00643,1,Maintenance interval,7.99
AST-00643,2,Asset criticality,4.0
AST-00643,3,Inspection decline,3.36
AST-00643,4,Condition deterioration,0.0
AST-00643,5,Recent incidents,0.0
AST-00645,1,Maintenance interval,7.07
AST-00645,2,Asset criticality,6.0
AST-00645,3,Inspection decline,2.05
AST-00645,4,Condition deterioration,0.0
AST-00645,5,Recent incidents,0.0
AST-00646,1,Asset criticality,6.0
AST-00646,2,Maintenance interval,4.31
AST-00646,3,Inspection decline,1.0
AST-00646,4,Condition deterioration,0.0
AST-00646,5,Recent incidents,0.0
AST-00647,1,Asset criticality,10.0
AST-00647,2,Maintenance interval,2.73
AST-00647,3,Inspection decline,1.4
AST-00647,4,Condition deterioration,0.0
AST-00647,5,Recent incidents,0.0
AST-00648,1,Condition deterioration,7.23
AST-00648,2,Maintenance interval,5.69
AST-00648,3,Recent incidents,5.0
AST-00648,4,Asset criticality,4.0
AST-00648,5,Inspection decline,1.59
AST-00649,1,Condition deterioration,10.75
AST-00649,2,Maintenance interval,4.08
AST-00649,3,Asset criticality,4.0
AST-00649,4,Inspection decline,0.0
AST-00649,5,Recent incidents,0.0
AST-00650,1,Asset criticality,6.0
AST-00650,2,Maintenance interval,5.0
AST-00650,3,Condition deterioration,0.0
AST-00650,4,Inspection decline,0.0
AST-00650,5,Recent incidents,0.0
AST-00651,1,Condition deterioration,11.0
AST-00651,2,Asset criticality,8.0
AST-00651,3,Inspection decline,5.23
AST-00651,4,Recent incidents,5.0
AST-00651,5,Maintenance interval,4.87
AST-00652,1,Asset criticality,8.0
AST-00652,2,Maintenance interval,5.16
AST-00652,3,Condition deterioration,4.46
AST-00652,4,Inspection decline,4.04
AST-00652,5,Recent incidents,0.0
AST-00653,1,Asset criticality,8.0
AST-00653,2,Condition deterioration,6.85
AST-00653,3,Maintenance interval,4.64
AST-00653,4,Inspection decline,0.05
AST-00653,5,Recent incidents,0.0
AST-00654,1,Maintenance interval,9.47
AST-00654,2,Asset criticality,6.0
AST-00654,3,Inspection decline,1.93
AST-00654,4,Condition deterioration,0.0
AST-00654,5,Recent incidents,0.0
AST-00655,1,Condition deterioration,12.19
AST-00655,2,Asset criticality,8.0
AST-00655,3,Maintenance interval,5.13
AST-00655,4,Inspection decline,3.61
AST-00655,5,Recent incidents,0.0
AST-00657,1,Asset criticality,6.0
AST-00657,2,Inspection decline,2.69
AST-00657,3,Maintenance interval,2.63
AST-00657,4,Condition deterioration,0.0
AST-00657,5,Recent incidents,0.0
AST-00687,1,Maintenance interval,7.17
AST-00687,2,Asset criticality,4.0
AST-00687,3,Inspection decline,1.28
AST-00687,4,Condition deterioration,0.0
AST-00687,5,Recent incidents,0.0
AST-00717,1,Asset criticality,8.0
AST-00717,2,Maintenance interval,5.95
AST-00717,3,Inspection decline,2.29
AST-00717,4,Condition deterioration,0.0
AST-00717,5,Recent incidents,0.0
AST-00689,1,Maintenance interval,7.3
AST-00689,2,Asset criticality,6.0
AST-00689,3,Inspection decline,0.8
AST-00689,4,Condition deterioration,0.0
AST-00689,5,Recent incidents,0.0
AST-00722,1,Condition deterioration,9.18
AST-00722,2,Asset criticality,6.0
AST-00722,3,Recent incidents,5.0
AST-00722,4,Maintenance interval,1.51
AST-00722,5,Inspection decline,0.0
AST-00723,1,Maintenance interval,10.13
AST-00723,2,Asset criticality,2.0
AST-00723,3,Condition deterioration,0.0
AST-00723,4,Inspection decline,0.0
AST-00723,5,Recent incidents,0.0
AST-00724,1,Maintenance interval,8.22
AST-00724,2,Asset criticality,4.0
AST-00724,3,Condition deterioration,0.0
AST-00724,4,Inspection decline,0.0
AST-00724,5,Recent incidents,0.0
AST-00725,1,Maintenance interval,7.89
AST-00725,2,Condition deterioration,4.09
AST-00725,3,Asset criticality,2.0
AST-00725,4,Inspection decline,1.52
AST-00725,5,Recent incidents,0.0
AST-00726,1,Asset criticality,6.0
AST-00726,2,Recent incidents,5.0
AST-00726,3,Maintenance interval,4.6
AST-00726,4,Condition deterioration,0.88
AST-00726,5,Inspection decline,0.03
AST-00727,1,Maintenance interval,8.28
AST-00727,2,Asset criticality,6.0
AST-00727,3,Inspection decline,1.38
AST-00727,4,Condition deterioration,0.0
AST-00727,5,Recent incidents,0.0
AST-00728,1,Asset criticality,6.0
AST-00728,2,Maintenance interval,3.22
AST-00728,3,Inspection decline,1.07
AST-00728,4,Condition deterioration,0.0
AST-00728,5,Recent incidents,0.0
AST-00729,1,Asset criticality,10.0
AST-00729,2,Condition deterioration,5.28
AST-00729,3,Maintenance interval,2.6
AST-00729,4,Inspection decline,0.0
AST-00729,5,Recent incidents,0.0
AST-00730,1,Asset criticality,8.0
AST-00730,2,Condition deterioration,4.71
AST-00730,3,Inspection decline,2.01
AST-00730,4,Maintenance interval,1.08
AST-00730,5,Recent incidents,0.0
AST-00731,1,Condition deterioration,20.62
AST-00731,2,Asset criticality,8.0
AST-00731,3,Maintenance interval,4.18
AST-00731,4,Inspection decline,0.0
AST-00731,5,Recent incidents,0.0
AST-00732,1,Maintenance interval,7.17
AST-00732,2,Asset criticality,4.0
AST-00732,3,Condition deterioration,3.58
AST-00732,4,Inspection decline,0.0
AST-00732,5,Recent incidents,0.0
AST-00733,1,Condition deterioration,14.46
AST-00733,2,Repeat-failure signal,12.0
AST-00733,3,Recent incidents,10.0
AST-00733,4,Asset criticality,4.0
AST-00733,5,Maintenance interval,2.33
AST-00734,1,Asset criticality,6.0
AST-00734,2,Maintenance interval,4.77
AST-00734,3,Inspection decline,1.28
AST-00734,4,Condition deterioration,0.0
AST-00734,5,Recent incidents,0.0
AST-00735,1,Asset criticality,6.0
AST-00735,2,Recent incidents,5.0
AST-00735,3,Inspection decline,3.15
AST-00735,4,Maintenance interval,0.72
AST-00735,5,Condition deterioration,0.0
AST-00736,1,Maintenance interval,2.5
AST-00736,2,Asset criticality,2.0
AST-00736,3,Inspection decline,0.28
AST-00736,4,Condition deterioration,0.0
AST-00736,5,Recent incidents,0.0
AST-00737,1,Asset criticality,6.0
AST-00737,2,Condition deterioration,2.2
AST-00737,3,Inspection decline,0.26
AST-00737,4,Maintenance interval,0.07
AST-00737,5,Recent incidents,0.0
AST-00738,1,Maintenance interval,6.18
AST-00738,2,Asset criticality,6.0
AST-00738,3,Inspection decline,3.89
AST-00738,4,Condition deterioration,0.0
AST-00738,5,Recent incidents,0.0
AST-00739,1,Maintenance interval,6.48
AST-00739,2,Asset criticality,6.0
AST-00739,3,Inspection decline,3.71
AST-00739,4,Condition deterioration,0.0
AST-00739,5,Recent incidents,0.0
AST-00740,1,Maintenance interval,7.23
AST-00740,2,Asset criticality,4.0
AST-00740,3,Inspection decline,2.29
AST-00740,4,Condition deterioration,0.0
AST-00740,5,Recent incidents,0.0
AST-00741,1,Asset criticality,6.0
AST-00741,2,Inspection decline,1.52
AST-00741,3,Maintenance interval,0.43
AST-00741,4,Condition deterioration,0.0
AST-00741,5,Recent incidents,0.0
AST-00742,1,Asset criticality,6.0
AST-00742,2,Inspection decline,2.01
AST-00742,3,Maintenance interval,0.23
AST-00742,4,Condition deterioration,0.0
AST-00742,5,Recent incidents,0.0
AST-00743,1,Asset criticality,6.0
AST-00743,2,Condition deterioration,3.77
AST-00743,3,Inspection decline,2.75
AST-00743,4,Maintenance interval,1.55
AST-00743,5,Recent incidents,0.0
AST-00744,1,Asset criticality,8.0
AST-00744,2,Condition deterioration,6.54
AST-00744,3,Maintenance interval,1.51
AST-00744,4,Inspection decline,0.61
AST-00744,5,Recent incidents,0.0
AST-00745,1,Asset criticality,8.0
AST-00745,2,Maintenance interval,1.58
AST-00745,3,Condition deterioration,0.0
AST-00745,4,Inspection decline,0.0
AST-00745,5,Recent incidents,0.0
AST-00746,1,Asset criticality,6.0
AST-00746,2,Maintenance interval,1.38
AST-00746,3,Condition deterioration,0.0
AST-00746,4,Inspection decline,0.0
AST-00746,5,Recent incidents,0.0
AST-00747,1,Asset criticality,6.0
AST-00747,2,Maintenance interval,3.68
AST-00747,3,Inspection decline,0.89
AST-00747,4,Condition deterioration,0.0
AST-00747,5,Recent incidents,0.0
AST-00627,1,Condition deterioration,18.92
AST-00627,2,Maintenance interval,9.44
AST-00627,3,Asset criticality,6.0
AST-00627,4,Inspection decline,1.98
AST-00627,5,Recent incidents,0.0
AST-00721,1,Asset criticality,10.0
AST-00721,2,Condition deterioration,5.72
AST-00721,3,Recent incidents,5.0
AST-00721,4,Maintenance interval,1.15
AST-00721,5,Inspection decline,0.0
AST-00688,1,Asset criticality,8.0
AST-00688,2,Recent incidents,5.0
AST-00688,3,Maintenance interval,5.0
AST-00688,4,Condition deterioration,0.0
AST-00688,5,Inspection decline,0.0
AST-00720,1,Asset criticality,6.0
AST-00720,2,Inspection decline,5.95
AST-00720,3,Recent incidents,5.0
AST-00720,4,Maintenance interval,0.1
AST-00720,5,Condition deterioration,0.0
AST-00718,1,Repeat-failure signal,12.0
AST-00718,2,Recent incidents,10.0
AST-00718,3,Asset criticality,8.0
AST-00718,4,Condition deterioration,3.83
AST-00718,5,Maintenance interval,2.56
AST-00690,1,Condition deterioration,8.49
AST-00690,2,Maintenance interval,6.05
AST-00690,3,Asset criticality,6.0
AST-00690,4,Inspection decline,0.25
AST-00690,5,Recent incidents,0.0
AST-00691,1,Maintenance interval,6.67
AST-00691,2,Condition deterioration,6.35
AST-00691,3,Asset criticality,6.0
AST-00691,4,Inspection decline,2.63
AST-00691,5,Recent incidents,0.0
AST-00692,1,Asset criticality,8.0
AST-00692,2,Condition deterioration,7.67
AST-00692,3,Maintenance interval,4.54
AST-00692,4,Inspection decline,3.85
AST-00692,5,Recent incidents,0.0
AST-00693,1,Condition deterioration,7.1
AST-00693,2,Recent incidents,5.0
AST-00693,3,Asset criticality,4.0
AST-00693,4,Inspection decline,2.28
AST-00693,5,Maintenance interval,2.24
AST-00694,1,Maintenance interval,12.0
AST-00694,2,Recent incidents,5.0
AST-00694,3,Asset criticality,4.0
AST-00694,4,Condition deterioration,0.0
AST-00694,5,Inspection decline,0.0
AST-00695,1,Condition deterioration,17.22
AST-00695,2,Asset criticality,6.0
AST-00695,3,Recent incidents,5.0
AST-00695,4,Maintenance interval,3.88
AST-00695,5,Inspection decline,2.48
AST-00696,1,Asset criticality,8.0
AST-00696,2,Maintenance interval,5.06
AST-00696,3,Condition deterioration,0.0
AST-00696,4,Inspection decline,0.0
AST-00696,5,Recent incidents,0.0
AST-00697,1,Asset criticality,8.0
AST-00697,2,Maintenance interval,6.18
AST-00697,3,Inspection decline,2.76
AST-00697,4,Condition deterioration,0.0
AST-00697,5,Recent incidents,0.0
AST-00698,1,Asset criticality,4.0
AST-00698,2,Maintenance interval,3.85
AST-00698,3,Inspection decline,0.12
AST-00698,4,Condition deterioration,0.0
AST-00698,5,Recent incidents,0.0
AST-00699,1,Asset criticality,8.0
AST-00699,2,Maintenance interval,3.25
AST-00699,3,Inspection decline,0.77
AST-00699,4,Condition deterioration,0.0
AST-00699,5,Recent incidents,0.0
AST-00700,1,Asset criticality,4.0
AST-00700,2,Maintenance interval,3.58
AST-00700,3,Condition deterioration,0.0
AST-00700,4,Inspection decline,0.0
AST-00700,5,Recent incidents,0.0
AST-00701,1,Asset criticality,6.0
AST-00701,2,Recent incidents,5.0
AST-00701,3,Maintenance interval,4.47
AST-00701,4,Condition deterioration,3.14
AST-00701,5,Inspection decline,0.0
AST-00702,1,Maintenance interval,11.93
AST-00702,2,Asset criticality,4.0
AST-00702,3,Condition deterioration,3.14
AST-00702,4,Inspection decline,0.95
AST-00702,5,Recent incidents,0.0
AST-00703,1,Asset criticality,10.0
AST-00703,2,Recent incidents,5.0
AST-00703,3,Inspection decline,3.55
AST-00703,4,Maintenance interval,0.43
AST-00703,5,Condition deterioration,0.0
AST-00704,1,Asset criticality,8.0
AST-00704,2,Condition deterioration,6.66
AST-00704,3,Recent incidents,5.0
AST-00704,4,Inspection decline,4.52
AST-00704,5,Maintenance interval,1.35
AST-00705,1,Asset criticality,8.0
AST-00705,2,Maintenance interval,5.52
AST-00705,3,Inspection decline,2.55
AST-00705,4,Condition deterioration,0.0
AST-00705,5,Recent incidents,0.0
AST-00706,1,Asset criticality,8.0
AST-00706,2,Maintenance interval,7.23
AST-00706,3,Inspection decline,2.54
AST-00706,4,Condition deterioration,0.0
AST-00706,5,Recent incidents,0.0
AST-00707,1,Condition deterioration,10.43
AST-00707,2,Asset criticality,10.0
AST-00707,3,Inspection decline,5.85
AST-00707,4,Recent incidents,5.0
AST-00707,5,Maintenance interval,1.84
AST-00708,1,Maintenance interval,8.12
AST-00708,2,Asset criticality,2.0
AST-00708,3,Inspection decline,0.53
AST-00708,4,Condition deterioration,0.0
AST-00708,5,Recent incidents,0.0
AST-00709,1,Condition deterioration,7.73
AST-00709,2,Recent incidents,5.0
AST-00709,3,Asset criticality,4.0
AST-00709,4,Maintenance interval,1.28
AST-00709,5,Inspection decline,0.0
AST-00710,1,Condition deterioration,11.13
AST-00710,2,Asset criticality,6.0
AST-00710,3,Maintenance interval,1.18
AST-00710,4,Inspection decline,0.0
AST-00710,5,Recent incidents,0.0
AST-00711,1,Maintenance interval,10.52
AST-00711,2,Asset criticality,4.0
AST-00711,3,Inspection decline,3.04
AST-00711,4,Condition deterioration,0.0
AST-00711,5,Recent incidents,0.0
AST-00712,1,Maintenance interval,10.65
AST-00712,2,Asset criticality,4.0
AST-00712,3,Inspection decline,2.47
AST-00712,4,Condition deterioration,0.0
AST-00712,5,Recent incidents,0.0
AST-00713,1,Condition deterioration,8.74
AST-00713,2,Asset criticality,6.0
AST-00713,3,Inspection decline,2.05
AST-00713,4,Maintenance interval,0.69
AST-00713,5,Recent incidents,0.0
AST-00714,1,Asset criticality,4.0
AST-00714,2,Maintenance interval,3.81
AST-00714,3,Inspection decline,2.61
AST-00714,4,Condition deterioration,1.51
AST-00714,5,Recent incidents,0.0
AST-00715,1,Asset criticality,8.0
AST-00715,2,Inspection decline,5.88
AST-00715,3,Recent incidents,5.0
AST-00715,4,Maintenance interval,1.87
AST-00715,5,Condition deterioration,1.76
AST-00716,1,Asset criticality,6.0
AST-00716,2,Condition deterioration,5.15
AST-00716,3,Maintenance interval,3.78
AST-00716,4,Inspection decline,2.49
AST-00716,5,Recent incidents,0.0
AST-00719,1,Asset criticality,8.0
AST-00719,2,Inspection decline,3.9
AST-00719,3,Maintenance interval,3.72
AST-00719,4,Condition deterioration,0.0
AST-00719,5,Recent incidents,0.0
AST-00626,1,Asset criticality,8.0
AST-00626,2,Maintenance interval,4.01
AST-00626,3,Condition deterioration,0.0
AST-00626,4,Inspection decline,0.0
AST-00626,5,Recent incidents,0.0
AST-00502,1,Maintenance interval,8.32
AST-00502,2,Asset criticality,6.0
AST-00502,3,Inspection decline,1.22
AST-00502,4,Condition deterioration,0.0
AST-00502,5,Recent incidents,0.0
AST-00624,1,Condition deterioration,12.51
AST-00624,2,Asset criticality,6.0
AST-00624,3,Maintenance interval,4.01
AST-00624,4,Inspection decline,0.84
AST-00624,5,Recent incidents,0.0
AST-00534,1,Asset criticality,8.0
AST-00534,2,Recent incidents,5.0
AST-00534,3,Inspection decline,4.25
AST-00534,4,Maintenance interval,0.53
AST-00534,5,Condition deterioration,0.0
AST-00535,1,Maintenance interval,6.54
AST-00535,2,Asset criticality,6.0
AST-00535,3,Condition deterioration,3.27
AST-00535,4,Inspection decline,1.0
AST-00535,5,Recent incidents,0.0
AST-00536,1,Condition deterioration,11.44
AST-00536,2,Asset criticality,8.0
AST-00536,3,Maintenance interval,1.12
AST-00536,4,Inspection decline,0.82
AST-00536,5,Recent incidents,0.0
AST-00537,1,Asset criticality,8.0
AST-00537,2,Maintenance interval,1.18
AST-00537,3,Inspection decline,0.86
AST-00537,4,Condition deterioration,0.0
AST-00537,5,Recent incidents,0.0
AST-00538,1,Maintenance interval,9.67
AST-00538,2,Asset criticality,6.0
AST-00538,3,Inspection decline,1.56
AST-00538,4,Condition deterioration,0.0
AST-00538,5,Recent incidents,0.0
AST-00539,1,Repeat-failure signal,12.0
AST-00539,2,Recent incidents,10.0
AST-00539,3,Asset criticality,6.0
AST-00539,4,Maintenance interval,1.97
AST-00539,5,Condition deterioration,0.0
AST-00540,1,Asset criticality,10.0
AST-00540,2,Maintenance interval,2.83
AST-00540,3,Condition deterioration,0.0
AST-00540,4,Inspection decline,0.0
AST-00540,5,Recent incidents,0.0
AST-00541,1,Maintenance interval,7.27
AST-00541,2,Asset criticality,6.0
AST-00541,3,Inspection decline,2.36
AST-00541,4,Condition deterioration,0.0
AST-00541,5,Recent incidents,0.0
AST-00542,1,Condition deterioration,11.06
AST-00542,2,Asset criticality,6.0
AST-00542,3,Inspection decline,4.18
AST-00542,4,Maintenance interval,1.12
AST-00542,5,Recent incidents,0.0
AST-00543,1,Asset criticality,8.0
AST-00543,2,Maintenance interval,5.49
AST-00543,3,Condition deterioration,3.77
AST-00543,4,Inspection decline,1.52
AST-00543,5,Recent incidents,0.0
AST-00544,1,Asset criticality,6.0
AST-00544,2,Maintenance interval,3.78
AST-00544,3,Condition deterioration,1.51
AST-00544,4,Inspection decline,0.0
AST-00544,5,Recent incidents,0.0
AST-00545,1,Condition deterioration,12.07
AST-00545,2,Asset criticality,4.0
AST-00545,3,Inspection decline,1.77
AST-00545,4,Maintenance interval,1.18
AST-00545,5,Recent incidents,0.0
AST-00546,1,Asset criticality,8.0
AST-00546,2,Recent incidents,5.0
AST-00546,3,Maintenance interval,2.66
AST-00546,4,Condition deterioration,0.0
AST-00546,5,Inspection decline,0.0
AST-00547,1,Condition deterioration,20.68
AST-00547,2,Inspection decline,6.55
AST-00547,3,Asset criticality,6.0
AST-00547,4,Maintenance interval,1.22
AST-00547,5,Recent incidents,0.0
AST-00548,1,Maintenance interval,11.05
AST-00548,2,Recent incidents,5.0
AST-00548,3,Asset criticality,4.0
AST-00548,4,Inspection decline,1.63
AST-00548,5,Condition deterioration,0.0
AST-00549,1,Asset criticality,8.0
AST-00549,2,Maintenance interval,4.8
AST-00549,3,Inspection decline,2.01
AST-00549,4,Condition deterioration,0.0
AST-00549,5,Recent incidents,0.0
AST-00550,1,Asset criticality,8.0
AST-00550,2,Inspection decline,1.57
AST-00550,3,Maintenance interval,1.45
AST-00550,4,Condition deterioration,0.0
AST-00550,5,Recent incidents,0.0
AST-00551,1,Recent incidents,5.0
AST-00551,2,Asset criticality,4.0
AST-00551,3,Maintenance interval,1.48
AST-00551,4,Condition deterioration,0.0
AST-00551,5,Inspection decline,0.0
AST-00552,1,Asset criticality,10.0
AST-00552,2,Maintenance interval,5.69
AST-00552,3,Condition deterioration,0.0
AST-00552,4,Inspection decline,0.0
AST-00552,5,Recent incidents,0.0
AST-00553,1,Asset criticality,8.0
AST-00553,2,Maintenance interval,6.54
AST-00553,3,Inspection decline,5.69
AST-00553,4,Condition deterioration,0.0
AST-00553,5,Recent incidents,0.0
AST-00554,1,Asset criticality,6.0
AST-00554,2,Recent incidents,5.0
AST-00554,3,Inspection decline,3.64
AST-00554,4,Maintenance interval,0.43
AST-00554,5,Condition deterioration,0.0
AST-00555,1,Condition deterioration,11.38
AST-00555,2,Asset criticality,10.0
AST-00555,3,Maintenance interval,1.22
AST-00555,4,Inspection decline,0.77
AST-00555,5,Recent incidents,0.0
AST-00556,1,Maintenance interval,8.15
AST-00556,2,Asset criticality,6.0
AST-00556,3,Condition deterioration,0.0
AST-00556,4,Inspection decline,0.0
AST-00556,5,Recent incidents,0.0
AST-00557,1,Condition deterioration,10.37
AST-00557,2,Asset criticality,6.0
AST-00557,3,Inspection decline,1.77
AST-00557,4,Maintenance interval,1.22
AST-00557,5,Recent incidents,0.0
AST-00558,1,Maintenance interval,7.5
AST-00558,2,Inspection decline,6.11
AST-00558,3,Asset criticality,6.0
AST-00558,4,Condition deterioration,3.08
AST-00558,5,Recent incidents,0.0
AST-00559,1,Asset criticality,8.0
AST-00559,2,Maintenance interval,4.11
AST-00559,3,Condition deterioration,0.0
AST-00559,4,Inspection decline,0.0
AST-00559,5,Recent incidents,0.0
AST-00560,1,Condition deterioration,9.49
AST-00560,2,Asset criticality,8.0
AST-00560,3,Inspection decline,3.59
AST-00560,4,Maintenance interval,0.72
AST-00560,5,Recent incidents,0.0
AST-00533,1,Condition deterioration,12.7
AST-00533,2,Maintenance interval,7.13
AST-00533,3,Asset criticality,6.0
AST-00533,4,Recent incidents,5.0
AST-00533,5,Inspection decline,1.38
AST-00532,1,Asset criticality,8.0
AST-00532,2,Inspection decline,1.94
AST-00532,3,Maintenance interval,1.61
AST-00532,4,Condition deterioration,0.25
AST-00532,5,Recent incidents,0.0
AST-00531,1,Asset criticality,8.0
AST-00531,2,Inspection decline,4.64
AST-00531,3,Condition deterioration,3.83
AST-00531,4,Maintenance interval,3.25
AST-00531,5,Recent incidents,0.0
AST-00530,1,Recent incidents,5.0
AST-00530,2,Asset criticality,4.0
AST-00530,3,Maintenance interval,1.02
AST-00530,4,Condition deterioration,0.0
AST-00530,5,Inspection decline,0.0
AST-00748,1,Asset criticality,8.0
AST-00748,2,Condition deterioration,1.89
AST-00748,3,Maintenance interval,1.51
AST-00748,4,Inspection decline,0.0
AST-00748,5,Recent incidents,0.0
AST-00503,1,Asset criticality,6.0
AST-00503,2,Maintenance interval,3.75
AST-00503,3,Condition deterioration,3.52
AST-00503,4,Inspection decline,2.03
AST-00503,5,Recent incidents,0.0
AST-00504,1,Asset criticality,6.0
AST-00504,2,Recent incidents,5.0
AST-00504,3,Maintenance interval,1.15
AST-00504,4,Condition deterioration,0.0
AST-00504,5,Inspection decline,0.0
AST-00505,1,Maintenance interval,8.05
AST-00505,2,Asset criticality,4.0
AST-00505,3,Inspection decline,1.8
AST-00505,4,Condition deterioration,0.0
AST-00505,5,Recent incidents,0.0
AST-00506,1,Asset criticality,8.0
AST-00506,2,Maintenance interval,3.19
AST-00506,3,Inspection decline,2.33
AST-00506,4,Condition deterioration,0.0
AST-00506,5,Recent incidents,0.0
AST-00507,1,Asset criticality,6.0
AST-00507,2,Inspection decline,3.38
AST-00507,3,Maintenance interval,2.83
AST-00507,4,Condition deterioration,0.0
AST-00507,5,Recent incidents,0.0
AST-00508,1,Condition deterioration,8.05
AST-00508,2,Maintenance interval,6.94
AST-00508,3,Inspection decline,6.32
AST-00508,4,Asset criticality,6.0
AST-00508,5,Recent incidents,0.0
AST-00509,1,Maintenance interval,9.3
AST-00509,2,Asset criticality,6.0
AST-00509,3,Inspection decline,3.55
AST-00509,4,Condition deterioration,0.0
AST-00509,5,Recent incidents,0.0
AST-00510,1,Maintenance interval,8.48
AST-00510,2,Asset criticality,8.0
AST-00510,3,Inspection decline,2.48
AST-00510,4,Condition deterioration,0.0
AST-00510,5,Recent incidents,0.0
AST-00511,1,Asset criticality,6.0
AST-00511,2,Maintenance interval,0.3
AST-00511,3,Condition deterioration,0.0
AST-00511,4,Inspection decline,0.0
AST-00511,5,Recent incidents,0.0
AST-00512,1,Condition deterioration,6.98
AST-00512,2,Asset criticality,6.0
AST-00512,3,Maintenance interval,3.02
AST-00512,4,Inspection decline,0.12
AST-00512,5,Recent incidents,0.0
AST-00513,1,Condition deterioration,14.46
AST-00513,2,Asset criticality,6.0
AST-00513,3,Recent incidents,5.0
AST-00513,4,Inspection decline,4.85
AST-00513,5,Maintenance interval,3.39
AST-00514,1,Asset criticality,10.0
AST-00514,2,Maintenance interval,8.58
AST-00514,3,Condition deterioration,8.11
AST-00514,4,Recent incidents,5.0
AST-00514,5,Inspection decline,2.17
AST-00561,1,Repeat-failure signal,12.0
AST-00561,2,Recent incidents,10.0
AST-00561,3,Condition deterioration,6.66
AST-00561,4,Asset criticality,6.0
AST-00561,5,Maintenance interval,4.11
AST-00515,1,Maintenance interval,6.25
AST-00515,2,Asset criticality,4.0
AST-00515,3,Inspection decline,2.9
AST-00515,4,Condition deterioration,0.0
AST-00515,5,Recent incidents,0.0
AST-00517,1,Condition deterioration,12.63
AST-00517,2,Inspection decline,8.79
AST-00517,3,Maintenance interval,2.47
AST-00517,4,Asset criticality,2.0
AST-00517,5,Recent incidents,0.0
AST-00518,1,Asset criticality,6.0
AST-00518,2,Inspection decline,2.57
AST-00518,3,Maintenance interval,2.3
AST-00518,4,Condition deterioration,0.25
AST-00518,5,Recent incidents,0.0
AST-00519,1,Asset criticality,10.0
AST-00519,2,Recent incidents,5.0
AST-00519,3,Maintenance interval,3.09
AST-00519,4,Inspection decline,1.77
AST-00519,5,Condition deterioration,0.0
AST-00520,1,Asset criticality,8.0
AST-00520,2,Inspection decline,2.59
AST-00520,3,Maintenance interval,2.24
AST-00520,4,Condition deterioration,2.01
AST-00520,5,Recent incidents,0.0
AST-00521,1,Maintenance interval,6.21
AST-00521,2,Asset criticality,6.0
AST-00521,3,Inspection decline,1.42
AST-00521,4,Condition deterioration,0.0
AST-00521,5,Recent incidents,0.0
AST-00522,1,Maintenance interval,6.77
AST-00522,2,Asset criticality,6.0
AST-00522,3,Inspection decline,0.63
AST-00522,4,Condition deterioration,0.0
AST-00522,5,Recent incidents,0.0
AST-00523,1,Maintenance interval,12.0
AST-00523,2,Asset criticality,6.0
AST-00523,3,Inspection decline,1.92
AST-00523,4,Condition deterioration,0.0
AST-00523,5,Recent incidents,0.0
AST-00524,1,Maintenance interval,7.07
AST-00524,2,Asset criticality,6.0
AST-00524,3,Recent incidents,5.0
AST-00524,4,Condition deterioration,0.0
AST-00524,5,Inspection decline,0.0
AST-00525,1,Maintenance interval,8.25
AST-00525,2,Asset criticality,4.0
AST-00525,3,Inspection decline,2.38
AST-00525,4,Condition deterioration,0.0
AST-00525,5,Recent incidents,0.0
AST-00526,1,Asset criticality,6.0
AST-00526,2,Inspection decline,2.26
AST-00526,3,Maintenance interval,1.55
AST-00526,4,Condition deterioration,0.0
AST-00526,5,Recent incidents,0.0
AST-00527,1,Maintenance interval,7.5
AST-00527,2,Asset criticality,6.0
AST-00527,3,Inspection decline,0.47
AST-00527,4,Condition deterioration,0.0
AST-00527,5,Recent incidents,0.0
AST-00528,1,Maintenance interval,6.25
AST-00528,2,Condition deterioration,5.22
AST-00528,3,Recent incidents,5.0
AST-00528,4,Asset criticality,4.0
AST-00528,5,Inspection decline,2.05
AST-00529,1,Asset criticality,4.0
AST-00529,2,Maintenance interval,2.56
AST-00529,3,Condition deterioration,0.0
AST-00529,4,Inspection decline,0.0
AST-00529,5,Recent incidents,0.0
AST-00516,1,Condition deterioration,13.77
AST-00516,2,Asset criticality,8.0
AST-00516,3,Inspection decline,7.02
AST-00516,4,Maintenance interval,3.22
AST-00516,5,Recent incidents,0.0
AST-00625,1,Condition deterioration,16.97
AST-00625,2,Repeat-failure signal,12.0
AST-00625,3,Recent incidents,10.0
AST-00625,4,Asset criticality,8.0
AST-00625,5,Inspection decline,3.22
AST-00562,1,Maintenance interval,4.54
AST-00562,2,Asset criticality,4.0
AST-00562,3,Inspection decline,0.09
AST-00562,4,Condition deterioration,0.0
AST-00562,5,Recent incidents,0.0
AST-00564,1,Asset criticality,6.0
AST-00564,2,Maintenance interval,5.29
AST-00564,3,Condition deterioration,0.0
AST-00564,4,Inspection decline,0.0
AST-00564,5,Recent incidents,0.0
AST-00597,1,Maintenance interval,8.09
AST-00597,2,Asset criticality,6.0
AST-00597,3,Condition deterioration,1.63
AST-00597,4,Inspection decline,0.79
AST-00597,5,Recent incidents,0.0
AST-00598,1,Condition deterioration,9.87
AST-00598,2,Inspection decline,3.29
AST-00598,3,Asset criticality,2.0
AST-00598,4,Maintenance interval,1.22
AST-00598,5,Recent incidents,0.0
AST-00599,1,Condition deterioration,11.25
AST-00599,2,Asset criticality,6.0
AST-00599,3,Maintenance interval,1.15
AST-00599,4,Inspection decline,0.0
AST-00599,5,Recent incidents,0.0
AST-00600,1,Maintenance interval,4.01
AST-00600,2,Asset criticality,4.0
AST-00600,3,Inspection decline,2.34
AST-00600,4,Condition deterioration,0.0
AST-00600,5,Recent incidents,0.0
AST-00601,1,Maintenance interval,8.02
AST-00601,2,Asset criticality,4.0
AST-00601,3,Condition deterioration,1.51
AST-00601,4,Inspection decline,0.0
AST-00601,5,Recent incidents,0.0
AST-00602,1,Asset criticality,10.0
AST-00602,2,Inspection decline,4.44
AST-00602,3,Maintenance interval,2.66
AST-00602,4,Condition deterioration,0.0
AST-00602,5,Recent incidents,0.0
AST-00603,1,Asset criticality,6.0
AST-00603,2,Maintenance interval,5.52
AST-00603,3,Condition deterioration,0.0
AST-00603,4,Inspection decline,0.0
AST-00603,5,Recent incidents,0.0
AST-00604,1,Asset criticality,8.0
AST-00604,2,Inspection decline,4.27
AST-00604,3,Condition deterioration,0.94
AST-00604,4,Maintenance interval,0.23
AST-00604,5,Recent incidents,0.0
AST-00605,1,Maintenance interval,8.94
AST-00605,2,Condition deterioration,8.11
AST-00605,3,Asset criticality,6.0
AST-00605,4,Inspection decline,2.29
AST-00605,5,Recent incidents,0.0
AST-00606,1,Asset criticality,6.0
AST-00606,2,Recent incidents,5.0
AST-00606,3,Condition deterioration,4.15
AST-00606,4,Maintenance interval,1.28
AST-00606,5,Inspection decline,0.0
AST-00607,1,Asset criticality,8.0
AST-00607,2,Maintenance interval,1.97
AST-00607,3,Condition deterioration,0.0
AST-00607,4,Inspection decline,0.0
AST-00607,5,Recent incidents,0.0
AST-00608,1,Asset criticality,6.0
AST-00608,2,Inspection decline,3.17
AST-00608,3,Maintenance interval,1.97
AST-00608,4,Condition deterioration,0.0
AST-00608,5,Recent incidents,0.0
AST-00609,1,Asset criticality,8.0
AST-00609,2,Maintenance interval,3.19
AST-00609,3,Condition deterioration,0.0
AST-00609,4,Inspection decline,0.0
AST-00609,5,Recent incidents,0.0
AST-00610,1,Repeat-failure signal,12.0
AST-00610,2,Recent incidents,10.0
AST-00610,3,Condition deterioration,9.05
AST-00610,4,Asset criticality,6.0
AST-00610,5,Maintenance interval,4.24
AST-00611,1,Condition deterioration,7.48
AST-00611,2,Asset criticality,6.0
AST-00611,3,Recent incidents,5.0
AST-00611,4,Inspection decline,2.29
AST-00611,5,Maintenance interval,1.25
AST-00612,1,Condition deterioration,9.55
AST-00612,2,Asset criticality,4.0
AST-00612,3,Inspection decline,3.99
AST-00612,4,Maintenance interval,2.7
AST-00612,5,Recent incidents,0.0
AST-00613,1,Inspection decline,7.7
AST-00613,2,Maintenance interval,3.81
AST-00613,3,Asset criticality,2.0
AST-00613,4,Condition deterioration,0.0
AST-00613,5,Recent incidents,0.0
AST-00614,1,Asset criticality,6.0
AST-00614,2,Maintenance interval,3.06
AST-00614,3,Inspection decline,0.37
AST-00614,4,Condition deterioration,0.0
AST-00614,5,Recent incidents,0.0
AST-00615,1,Asset criticality,6.0
AST-00615,2,Recent incidents,5.0
AST-00615,3,Maintenance interval,4.14
AST-00615,4,Condition deterioration,0.0
AST-00615,5,Inspection decline,0.0
AST-00616,1,Condition deterioration,9.05
AST-00616,2,Recent incidents,5.0
AST-00616,3,Maintenance interval,4.01
AST-00616,4,Asset criticality,4.0
AST-00616,5,Inspection decline,2.26
AST-00617,1,Condition deterioration,10.62
AST-00617,2,Asset criticality,6.0
AST-00617,3,Maintenance interval,1.18
AST-00617,4,Inspection decline,0.0
AST-00617,5,Recent incidents,0.0
AST-00618,1,Asset criticality,6.0
AST-00618,2,Maintenance interval,2.47
AST-00618,3,Condition deterioration,0.0
AST-00618,4,Inspection decline,0.0
AST-00618,5,Recent incidents,0.0
AST-00619,1,Condition deterioration,6.79
AST-00619,2,Maintenance interval,4.34
AST-00619,3,Asset criticality,2.0
AST-00619,4,Inspection decline,1.87
AST-00619,5,Recent incidents,0.0
AST-00620,1,Condition deterioration,10.31
AST-00620,2,Inspection decline,4.67
AST-00620,3,Maintenance interval,4.18
AST-00620,4,Asset criticality,4.0
AST-00620,5,Recent incidents,0.0
AST-00621,1,Condition deterioration,16.41
AST-00621,2,Asset criticality,8.0
AST-00621,3,Maintenance interval,7.04
AST-00621,4,Inspection decline,4.48
AST-00621,5,Recent incidents,0.0
AST-00622,1,Asset criticality,8.0
AST-00622,2,Inspection decline,5.71
AST-00622,3,Condition deterioration,5.15
AST-00622,4,Maintenance interval,4.01
AST-00622,5,Recent incidents,0.0
AST-00623,1,Maintenance interval,5.0
AST-00623,2,Asset criticality,4.0
AST-00623,3,Inspection decline,2.87
AST-00623,4,Condition deterioration,0.0
AST-00623,5,Recent incidents,0.0
AST-00596,1,Asset criticality,8.0
AST-00596,2,Inspection decline,4.25
AST-00596,3,Maintenance interval,1.15
AST-00596,4,Condition deterioration,0.0
AST-00596,5,Recent incidents,0.0
AST-00595,1,Asset criticality,8.0
AST-00595,2,Recent incidents,5.0
AST-00595,3,Maintenance interval,0.79
AST-00595,4,Condition deterioration,0.0
AST-00595,5,Inspection decline,0.0
AST-00594,1,Asset criticality,10.0
AST-00594,2,Maintenance interval,0.56
AST-00594,3,Condition deterioration,0.0
AST-00594,4,Inspection decline,0.0
AST-00594,5,Recent incidents,0.0
AST-00593,1,Asset criticality,8.0
AST-00593,2,Maintenance interval,5.75
AST-00593,3,Condition deterioration,3.08
AST-00593,4,Inspection decline,2.8
AST-00593,5,Recent incidents,0.0
AST-00565,1,Maintenance interval,4.87
AST-00565,2,Asset criticality,4.0
AST-00565,3,Inspection decline,1.07
AST-00565,4,Condition deterioration,0.0
AST-00565,5,Recent incidents,0.0
AST-00566,1,Maintenance interval,5.79
AST-00566,2,Asset criticality,4.0
AST-00566,3,Inspection decline,3.82
AST-00566,4,Condition deterioration,0.63
AST-00566,5,Recent incidents,0.0
AST-00567,1,Asset criticality,8.0
AST-00567,2,Maintenance interval,3.39
AST-00567,3,Condition deterioration,2.77
AST-00567,4,Inspection decline,0.72
AST-00567,5,Recent incidents,0.0
AST-00568,1,Condition deterioration,4.84
AST-00568,2,Inspection decline,2.24
AST-00568,3,Asset criticality,2.0
AST-00568,4,Maintenance interval,1.87
AST-00568,5,Recent incidents,0.0
AST-00569,1,Maintenance interval,6.74
AST-00569,2,Asset criticality,6.0
AST-00569,3,Inspection decline,2.97
AST-00569,4,Condition deterioration,1.51
AST-00569,5,Recent incidents,0.0
AST-00570,1,Condition deterioration,11.69
AST-00570,2,Asset criticality,6.0
AST-00570,3,Inspection decline,3.52
AST-00570,4,Maintenance interval,0.95
AST-00570,5,Recent incidents,0.0
AST-00571,1,Asset criticality,10.0
AST-00571,2,Condition deterioration,8.42
AST-00571,3,Inspection decline,3.76
AST-00571,4,Maintenance interval,1.15
AST-00571,5,Recent incidents,0.0
AST-00572,1,Condition deterioration,9.43
AST-00572,2,Asset criticality,6.0
AST-00572,3,Recent incidents,5.0
AST-00572,4,Inspection decline,4.13
AST-00572,5,Maintenance interval,2.1
AST-00573,1,Condition deterioration,13.64
AST-00573,2,Asset criticality,8.0
AST-00573,3,Maintenance interval,5.49
AST-00573,4,Inspection decline,3.66
AST-00573,5,Recent incidents,0.0
AST-00574,1,Asset criticality,6.0
AST-00574,2,Maintenance interval,2.93
AST-00574,3,Inspection decline,1.47
AST-00574,4,Condition deterioration,0.0
AST-00574,5,Recent incidents,0.0
AST-00575,1,Asset criticality,6.0
AST-00575,2,Maintenance interval,3.55
AST-00575,3,Condition deterioration,1.51
AST-00575,4,Inspection decline,0.47
AST-00575,5,Recent incidents,0.0
AST-00576,1,Asset criticality,8.0
AST-00576,2,Maintenance interval,4.83
AST-00576,3,Inspection decline,1.49
AST-00576,4,Condition deterioration,0.0
AST-00576,5,Recent incidents,0.0
AST-00577,1,Maintenance interval,9.63
AST-00577,2,Asset criticality,6.0
AST-00577,3,Recent incidents,5.0
AST-00577,4,Condition deterioration,0.0
AST-00577,5,Inspection decline,0.0
AST-00563,1,Asset criticality,6.0
AST-00563,2,Condition deterioration,4.9
AST-00563,3,Maintenance interval,1.55
AST-00563,4,Inspection decline,1.29
AST-00563,5,Recent incidents,0.0
AST-00578,1,Asset criticality,8.0
AST-00578,2,Maintenance interval,2.63
AST-00578,3,Condition deterioration,0.0
AST-00578,4,Inspection decline,0.0
AST-00578,5,Recent incidents,0.0
AST-00580,1,Maintenance interval,6.71
AST-00580,2,Asset criticality,6.0
AST-00580,3,Condition deterioration,3.71
AST-00580,4,Inspection decline,3.29
AST-00580,5,Recent incidents,0.0
AST-00581,1,Asset criticality,8.0
AST-00581,2,Maintenance interval,1.97
AST-00581,3,Inspection decline,0.75
AST-00581,4,Condition deterioration,0.0
AST-00581,5,Recent incidents,0.0
AST-00582,1,Asset criticality,8.0
AST-00582,2,Inspection decline,2.36
AST-00582,3,Maintenance interval,1.45
AST-00582,4,Condition deterioration,0.0
AST-00582,5,Recent incidents,0.0
AST-00583,1,Asset criticality,10.0
AST-00583,2,Recent incidents,5.0
AST-00583,3,Maintenance interval,1.84
AST-00583,4,Inspection decline,1.03
AST-00583,5,Condition deterioration,0.0
AST-00584,1,Maintenance interval,5.72
AST-00584,2,Condition deterioration,4.84
AST-00584,3,Asset criticality,4.0
AST-00584,4,Inspection decline,2.19
AST-00584,5,Recent incidents,0.0
AST-00585,1,Inspection decline,5.35
AST-00585,2,Asset criticality,4.0
AST-00585,3,Maintenance interval,2.33
AST-00585,4,Condition deterioration,0.0
AST-00585,5,Recent incidents,0.0
AST-00586,1,Condition deterioration,5.09
AST-00586,2,Asset criticality,4.0
AST-00586,3,Maintenance interval,2.83
AST-00586,4,Inspection decline,0.0
AST-00586,5,Recent incidents,0.0
AST-00587,1,Asset criticality,8.0
AST-00587,2,Recent incidents,5.0
AST-00587,3,Inspection decline,2.96
AST-00587,4,Maintenance interval,1.12
AST-00587,5,Condition deterioration,0.0
AST-00588,1,Asset criticality,8.0
AST-00588,2,Maintenance interval,6.38
AST-00588,3,Recent incidents,5.0
AST-00588,4,Inspection decline,0.94
AST-00588,5,Condition deterioration,0.0
AST-00589,1,Maintenance interval,8.65
AST-00589,2,Condition deterioration,6.54
AST-00589,3,Asset criticality,6.0
AST-00589,4,Inspection decline,0.0
AST-00589,5,Recent incidents,0.0
AST-00590,1,Asset criticality,4.0
AST-00590,2,Maintenance interval,3.42
AST-00590,3,Inspection decline,1.19
AST-00590,4,Condition deterioration,0.0
AST-00590,5,Recent incidents,0.0
AST-00591,1,Asset criticality,8.0
AST-00591,2,Recent incidents,5.0
AST-00591,3,Maintenance interval,1.55
AST-00591,4,Inspection decline,0.24
AST-00591,5,Condition deterioration,0.0
AST-00592,1,Maintenance interval,9.73
AST-00592,2,Asset criticality,4.0
AST-00592,3,Condition deterioration,0.0
AST-00592,4,Inspection decline,0.0
AST-00592,5,Recent incidents,0.0
AST-00579,1,Condition deterioration,16.22
AST-00579,2,Maintenance interval,7.07
AST-00579,3,Inspection decline,4.64
AST-00579,4,Asset criticality,4.0
AST-00579,5,Recent incidents,0.0
AST-00749,1,Asset criticality,8.0
AST-00749,2,Inspection decline,5.13
AST-00749,3,Maintenance interval,0.89
AST-00749,4,Condition deterioration,0.0
AST-00749,5,Recent incidents,0.0
AST-00998,1,Asset criticality,6.0
AST-00998,2,Maintenance interval,1.68
AST-00998,3,Inspection decline,1.65
AST-00998,4,Condition deterioration,0.0
AST-00998,5,Recent incidents,0.0
AST-00751,1,Asset criticality,8.0
AST-00751,2,Maintenance interval,3.78
AST-00751,3,Condition deterioration,0.0
AST-00751,4,Inspection decline,0.0
AST-00751,5,Recent incidents,0.0
AST-00909,1,Maintenance interval,11.74
AST-00909,2,Asset criticality,4.0
AST-00909,3,Inspection decline,1.0
AST-00909,4,Condition deterioration,0.0
AST-00909,5,Recent incidents,0.0
AST-00910,1,Asset criticality,8.0
AST-00910,2,Maintenance interval,1.68
AST-00910,3,Inspection decline,0.61
AST-00910,4,Condition deterioration,0.0
AST-00910,5,Recent incidents,0.0
AST-00911,1,Maintenance interval,12.0
AST-00911,2,Asset criticality,4.0
AST-00911,3,Inspection decline,0.95
AST-00911,4,Condition deterioration,0.0
AST-00911,5,Recent incidents,0.0
AST-00912,1,Maintenance interval,6.12
AST-00912,2,Asset criticality,6.0
AST-00912,3,Inspection decline,2.31
AST-00912,4,Condition deterioration,0.0
AST-00912,5,Recent incidents,0.0
AST-00913,1,Maintenance interval,7.76
AST-00913,2,Asset criticality,6.0
AST-00913,3,Condition deterioration,3.52
AST-00913,4,Inspection decline,0.0
AST-00913,5,Recent incidents,0.0
AST-00914,1,Asset criticality,10.0
AST-00914,2,Maintenance interval,4.11
AST-00914,3,Inspection decline,3.67
AST-00914,4,Condition deterioration,0.0
AST-00914,5,Recent incidents,0.0
AST-00915,1,Asset criticality,6.0
AST-00915,2,Maintenance interval,5.82
AST-00915,3,Inspection decline,1.51
AST-00915,4,Condition deterioration,0.0
AST-00915,5,Recent incidents,0.0
AST-00916,1,Maintenance interval,8.45
AST-00916,2,Asset criticality,2.0
AST-00916,3,Condition deterioration,0.0
AST-00916,4,Inspection decline,0.0
AST-00916,5,Recent incidents,0.0
AST-00917,1,Asset criticality,8.0
AST-00917,2,Inspection decline,4.95
AST-00917,3,Maintenance interval,4.04
AST-00917,4,Condition deterioration,0.0
AST-00917,5,Recent incidents,0.0
AST-00918,1,Condition deterioration,11.13
AST-00918,2,Asset criticality,6.0
AST-00918,3,Maintenance interval,5.82
AST-00918,4,Inspection decline,0.26
AST-00918,5,Recent incidents,0.0
AST-00919,1,Condition deterioration,13.26
AST-00919,2,Asset criticality,6.0
AST-00919,3,Inspection decline,5.6
AST-00919,4,Maintenance interval,1.68
AST-00919,5,Recent incidents,0.0
AST-00920,1,Asset criticality,6.0
AST-00920,2,Maintenance interval,3.12
AST-00920,3,Condition deterioration,0.0
AST-00920,4,Inspection decline,0.0
AST-00920,5,Recent incidents,0.0
AST-00921,1,Maintenance interval,8.42
AST-00921,2,Asset criticality,6.0
AST-00921,3,Condition deterioration,0.0
AST-00921,4,Inspection decline,0.0
AST-00921,5,Recent incidents,0.0
AST-00922,1,Asset criticality,8.0
AST-00922,2,Inspection decline,7.05
AST-00922,3,Condition deterioration,6.41
AST-00922,4,Recent incidents,5.0
AST-00922,5,Maintenance interval,4.08
AST-00923,1,Maintenance interval,12.0
AST-00923,2,Inspection decline,6.51
AST-00923,3,Asset criticality,4.0
AST-00923,4,Condition deterioration,0.0
AST-00923,5,Recent incidents,0.0
AST-00924,1,Asset criticality,6.0
AST-00924,2,Recent incidents,5.0
AST-00924,3,Maintenance interval,4.87
AST-00924,4,Condition deterioration,1.26
AST-00924,5,Inspection decline,0.0
AST-00925,1,Asset criticality,8.0
AST-00925,2,Maintenance interval,1.78
AST-00925,3,Inspection decline,1.36
AST-00925,4,Condition deterioration,0.0
AST-00925,5,Recent incidents,0.0
AST-00926,1,Asset criticality,6.0
AST-00926,2,Maintenance interval,1.94
AST-00926,3,Inspection decline,0.68
AST-00926,4,Condition deterioration,0.0
AST-00926,5,Recent incidents,0.0
AST-00927,1,Maintenance interval,12.0
AST-00927,2,Condition deterioration,4.15
AST-00927,3,Asset criticality,4.0
AST-00927,4,Inspection decline,0.0
AST-00927,5,Recent incidents,0.0
AST-00928,1,Asset criticality,8.0
AST-00928,2,Maintenance interval,3.68
AST-00928,3,Condition deterioration,0.0
AST-00928,4,Inspection decline,0.0
AST-00928,5,Recent incidents,0.0
AST-00929,1,Asset criticality,8.0
AST-00929,2,Recent incidents,5.0
AST-00929,3,Maintenance interval,0.26
AST-00929,4,Inspection decline,0.09
AST-00929,5,Condition deterioration,0.0
AST-00930,1,Asset criticality,6.0
AST-00930,2,Recent incidents,5.0
AST-00930,3,Condition deterioration,2.83
AST-00930,4,Maintenance interval,0.39
AST-00930,5,Inspection decline,0.0
AST-00931,1,Maintenance interval,7.69
AST-00931,2,Inspection decline,3.27
AST-00931,3,Asset criticality,2.0
AST-00931,4,Condition deterioration,0.0
AST-00931,5,Recent incidents,0.0
AST-00932,1,Condition deterioration,12.26
AST-00932,2,Asset criticality,8.0
AST-00932,3,Recent incidents,5.0
AST-00932,4,Inspection decline,3.19
AST-00932,5,Maintenance interval,1.28
AST-00933,1,Maintenance interval,6.48
AST-00933,2,Asset criticality,4.0
AST-00933,3,Inspection decline,1.12
AST-00933,4,Condition deterioration,0.0
AST-00933,5,Recent incidents,0.0
AST-00934,1,Asset criticality,8.0
AST-00934,2,Condition deterioration,4.21
AST-00934,3,Maintenance interval,2.96
AST-00934,4,Inspection decline,1.98
AST-00934,5,Recent incidents,0.0
AST-00935,1,Maintenance interval,11.87
AST-00935,2,Condition deterioration,5.09
AST-00935,3,Inspection decline,4.01
AST-00935,4,Asset criticality,4.0
AST-00935,5,Recent incidents,0.0
AST-00908,1,Condition deterioration,15.27
AST-00908,2,Asset criticality,6.0
AST-00908,3,Maintenance interval,4.24
AST-00908,4,Inspection decline,4.16
AST-00908,5,Recent incidents,0.0
AST-00936,1,Inspection decline,5.3
AST-00936,2,Asset criticality,4.0
AST-00936,3,Maintenance interval,2.17
AST-00936,4,Condition deterioration,0.0
AST-00936,5,Recent incidents,0.0
AST-00907,1,Asset criticality,8.0
AST-00907,2,Maintenance interval,4.6
AST-00907,3,Inspection decline,3.97
AST-00907,4,Condition deterioration,0.0
AST-00907,5,Recent incidents,0.0
AST-00905,1,Asset criticality,10.0
AST-00905,2,Maintenance interval,4.93
AST-00905,3,Condition deterioration,1.19
AST-00905,4,Inspection decline,0.18
AST-00905,5,Recent incidents,0.0
AST-00878,1,Asset criticality,8.0
AST-00878,2,Condition deterioration,7.04
AST-00878,3,Recent incidents,5.0
AST-00878,4,Inspection decline,1.84
AST-00878,5,Maintenance interval,0.2
AST-00879,1,Condition deterioration,16.28
AST-00879,2,Asset criticality,8.0
AST-00879,3,Recent incidents,5.0
AST-00879,4,Inspection decline,4.06
AST-00879,5,Maintenance interval,1.08
AST-00880,1,Condition deterioration,20.11
AST-00880,2,Repeat-failure signal,12.0
AST-00880,3,Recent incidents,10.0
AST-00880,4,Asset criticality,8.0
AST-00880,5,Inspection decline,4.36
AST-00881,1,Asset criticality,10.0
AST-00881,2,Maintenance interval,5.23
AST-00881,3,Inspection decline,1.38
AST-00881,4,Condition deterioration,0.0
AST-00881,5,Recent incidents,0.0
AST-00882,1,Asset criticality,6.0
AST-00882,2,Maintenance interval,2.2
AST-00882,3,Inspection decline,0.44
AST-00882,4,Condition deterioration,0.0
AST-00882,5,Recent incidents,0.0
AST-00883,1,Maintenance interval,11.77
AST-00883,2,Asset criticality,2.0
AST-00883,3,Inspection decline,1.66
AST-00883,4,Condition deterioration,0.0
AST-00883,5,Recent incidents,0.0
AST-00884,1,Maintenance interval,6.81
AST-00884,2,Asset criticality,6.0
AST-00884,3,Inspection decline,2.01
AST-00884,4,Condition deterioration,0.0
AST-00884,5,Recent incidents,0.0
AST-00885,1,Asset criticality,8.0
AST-00885,2,Inspection decline,6.97
AST-00885,3,Maintenance interval,5.26
AST-00885,4,Condition deterioration,3.71
AST-00885,5,Recent incidents,0.0
AST-00886,1,Maintenance interval,6.54
AST-00886,2,Asset criticality,4.0
AST-00886,3,Condition deterioration,0.0
AST-00886,4,Inspection decline,0.0
AST-00886,5,Recent incidents,0.0
AST-00887,1,Condition deterioration,9.37
AST-00887,2,Asset criticality,6.0
AST-00887,3,Maintenance interval,3.22
AST-00887,4,Inspection decline,1.5
AST-00887,5,Recent incidents,0.0
AST-00888,1,Maintenance interval,6.77
AST-00888,2,Asset criticality,6.0
AST-00888,3,Inspection decline,3.34
AST-00888,4,Condition deterioration,0.0
AST-00888,5,Recent incidents,0.0
AST-00889,1,Asset criticality,10.0
AST-00889,2,Maintenance interval,2.79
AST-00889,3,Condition deterioration,0.0
AST-00889,4,Inspection decline,0.0
AST-00889,5,Recent incidents,0.0
AST-00890,1,Asset criticality,8.0
AST-00890,2,Maintenance interval,4.93
AST-00890,3,Inspection decline,3.46
AST-00890,4,Condition deterioration,0.0
AST-00890,5,Recent incidents,0.0
AST-00891,1,Asset criticality,8.0
AST-00891,2,Recent incidents,5.0
AST-00891,3,Maintenance interval,2.33
AST-00891,4,Condition deterioration,0.0
AST-00891,5,Inspection decline,0.0
AST-00892,1,Asset criticality,8.0
AST-00892,2,Maintenance interval,3.55
AST-00892,3,Inspection decline,0.96
AST-00892,4,Condition deterioration,0.0
AST-00892,5,Recent incidents,0.0
AST-00893,1,Asset criticality,6.0
AST-00893,2,Inspection decline,3.64
AST-00893,3,Maintenance interval,2.6
AST-00893,4,Condition deterioration,0.0
AST-00893,5,Recent incidents,0.0
AST-00894,1,Condition deterioration,12.51
AST-00894,2,Asset criticality,6.0
AST-00894,3,Inspection decline,3.46
AST-00894,4,Maintenance interval,3.35
AST-00894,5,Recent incidents,0.0
AST-00895,1,Maintenance interval,6.21
AST-00895,2,Asset criticality,4.0
AST-00895,3,Condition deterioration,0.0
AST-00895,4,Inspection decline,0.0
AST-00895,5,Recent incidents,0.0
AST-00896,1,Condition deterioration,13.58
AST-00896,2,Inspection decline,2.22
AST-00896,3,Asset criticality,2.0
AST-00896,4,Maintenance interval,1.02
AST-00896,5,Recent incidents,0.0
AST-00897,1,Asset criticality,6.0
AST-00897,2,Maintenance interval,3.85
AST-00897,3,Condition deterioration,3.77
AST-00897,4,Inspection decline,2.45
AST-00897,5,Recent incidents,0.0
AST-00898,1,Asset criticality,8.0
AST-00898,2,Condition deterioration,7.42
AST-00898,3,Inspection decline,2.57
AST-00898,4,Maintenance interval,0.16
AST-00898,5,Recent incidents,0.0
AST-00899,1,Condition deterioration,14.14
AST-00899,2,Asset criticality,8.0
AST-00899,3,Recent incidents,5.0
AST-00899,4,Inspection decline,4.64
AST-00899,5,Maintenance interval,1.41
AST-00900,1,Asset criticality,10.0
AST-00900,2,Inspection decline,6.11
AST-00900,3,Maintenance interval,1.55
AST-00900,4,Condition deterioration,0.0
AST-00900,5,Recent incidents,0.0
AST-00901,1,Asset criticality,10.0
AST-00901,2,Recent incidents,5.0
AST-00901,3,Condition deterioration,2.58
AST-00901,4,Inspection decline,2.41
AST-00901,5,Maintenance interval,0.56
AST-00902,1,Condition deterioration,16.28
AST-00902,2,Inspection decline,5.39
AST-00902,3,Recent incidents,5.0
AST-00902,4,Maintenance interval,4.27
AST-00902,5,Asset criticality,4.0
AST-00903,1,Condition deterioration,11.19
AST-00903,2,Asset criticality,6.0
AST-00903,3,Inspection decline,4.69
AST-00903,4,Maintenance interval,3.65
AST-00903,5,Recent incidents,0.0
AST-00904,1,Asset criticality,8.0
AST-00904,2,Maintenance interval,5.1
AST-00904,3,Condition deterioration,1.01
AST-00904,4,Inspection decline,0.16
AST-00904,5,Recent incidents,0.0
AST-00906,1,Condition deterioration,21.06
AST-00906,2,Asset criticality,10.0
AST-00906,3,Recent incidents,5.0
AST-00906,4,Inspection decline,4.48
AST-00906,5,Maintenance interval,2.33
AST-00937,1,Condition deterioration,9.55
AST-00937,2,Asset criticality,6.0
AST-00937,3,Inspection decline,5.74
AST-00937,4,Recent incidents,5.0
AST-00937,5,Maintenance interval,0.07
AST-00938,1,Maintenance interval,7.69
AST-00938,2,Asset criticality,6.0
AST-00938,3,Condition deterioration,2.45
AST-00938,4,Inspection decline,0.02
AST-00938,5,Recent incidents,0.0
AST-00939,1,Condition deterioration,22.0
AST-00939,2,Inspection decline,6.25
AST-00939,3,Asset criticality,6.0
AST-00939,4,Maintenance interval,0.79
AST-00939,5,Recent incidents,0.0
AST-00972,1,Asset criticality,8.0
AST-00972,2,Maintenance interval,4.08
AST-00972,3,Condition deterioration,0.0
AST-00972,4,Inspection decline,0.0
AST-00972,5,Recent incidents,0.0
AST-00973,1,Maintenance interval,11.7
AST-00973,2,Condition deterioration,9.87
AST-00973,3,Inspection decline,5.28
AST-00973,4,Recent incidents,5.0
AST-00973,5,Asset criticality,4.0
AST-00974,1,Condition deterioration,12.38
AST-00974,2,Repeat-failure signal,12.0
AST-00974,3,Recent incidents,10.0
AST-00974,4,Asset criticality,6.0
AST-00974,5,Inspection decline,1.84
AST-00975,1,Asset criticality,6.0
AST-00975,2,Maintenance interval,2.2
AST-00975,3,Inspection decline,1.08
AST-00975,4,Condition deterioration,0.0
AST-00975,5,Recent incidents,0.0
AST-00976,1,Asset criticality,4.0
AST-00976,2,Maintenance interval,3.91
AST-00976,3,Inspection decline,2.33
AST-00976,4,Condition deterioration,0.0
AST-00976,5,Recent incidents,0.0
AST-00977,1,Asset criticality,4.0
AST-00977,2,Maintenance interval,2.56
AST-00977,3,Inspection decline,1.31
AST-00977,4,Condition deterioration,0.0
AST-00977,5,Recent incidents,0.0
AST-00978,1,Condition deterioration,16.66
AST-00978,2,Inspection decline,6.63
AST-00978,3,Asset criticality,6.0
AST-00978,4,Maintenance interval,3.25
AST-00978,5,Recent incidents,0.0
AST-00979,1,Asset criticality,8.0
AST-00979,2,Maintenance interval,3.85
AST-00979,3,Inspection decline,0.58
AST-00979,4,Condition deterioration,0.0
AST-00979,5,Recent incidents,0.0
AST-00980,1,Maintenance interval,7.63
AST-00980,2,Asset criticality,6.0
AST-00980,3,Condition deterioration,0.0
AST-00980,4,Inspection decline,0.0
AST-00980,5,Recent incidents,0.0
AST-00981,1,Asset criticality,6.0
AST-00981,2,Maintenance interval,4.37
AST-00981,3,Inspection decline,0.56
AST-00981,4,Condition deterioration,0.0
AST-00981,5,Recent incidents,0.0
AST-00982,1,Asset criticality,8.0
AST-00982,2,Maintenance interval,5.26
AST-00982,3,Condition deterioration,0.0
AST-00982,4,Inspection decline,0.0
AST-00982,5,Recent incidents,0.0
AST-00983,1,Maintenance interval,4.14
AST-00983,2,Asset criticality,4.0
AST-00983,3,Condition deterioration,3.71
AST-00983,4,Inspection decline,0.79
AST-00983,5,Recent incidents,0.0
AST-00984,1,Condition deterioration,10.43
AST-00984,2,Asset criticality,8.0
AST-00984,3,Maintenance interval,5.13
AST-00984,4,Inspection decline,0.0
AST-00984,5,Recent incidents,0.0
AST-00985,1,Asset criticality,8.0
AST-00985,2,Maintenance interval,5.16
AST-00985,3,Inspection decline,1.54
AST-00985,4,Condition deterioration,0.0
AST-00985,5,Recent incidents,0.0
AST-00986,1,Asset criticality,10.0
AST-00986,2,Condition deterioration,7.86
AST-00986,3,Inspection decline,3.66
AST-00986,4,Maintenance interval,3.62
AST-00986,5,Recent incidents,0.0
AST-00987,1,Condition deterioration,10.87
AST-00987,2,Asset criticality,6.0
AST-00987,3,Inspection decline,2.22
AST-00987,4,Maintenance interval,1.22
AST-00987,5,Recent incidents,0.0
AST-00988,1,Asset criticality,6.0
AST-00988,2,Inspection decline,5.25
AST-00988,3,Maintenance interval,5.1
AST-00988,4,Condition deterioration,1.13
AST-00988,5,Recent incidents,0.0
AST-00989,1,Condition deterioration,11.57
AST-00989,2,Asset criticality,8.0
AST-00989,3,Maintenance interval,1.22
AST-00989,4,Inspection decline,0.0
AST-00989,5,Recent incidents,0.0
AST-00990,1,Asset criticality,8.0
AST-00990,2,Recent incidents,5.0
AST-00990,3,Inspection decline,4.01
AST-00990,4,Maintenance interval,0.56
AST-00990,5,Condition deterioration,0.0
AST-00991,1,Maintenance interval,8.25
AST-00991,2,Condition deterioration,7.79
AST-00991,3,Asset criticality,6.0
AST-00991,4,Inspection decline,4.08
AST-00991,5,Recent incidents,0.0
AST-00992,1,Asset criticality,6.0
AST-00992,2,Maintenance interval,3.09
AST-00992,3,Condition deterioration,2.64
AST-00992,4,Inspection decline,2.4
AST-00992,5,Recent incidents,0.0
AST-00993,1,Asset criticality,8.0
AST-00993,2,Maintenance interval,1.51
AST-00993,3,Condition deterioration,0.0
AST-00993,4,Inspection decline,0.0
AST-00993,5,Recent incidents,0.0
AST-00994,1,Condition deterioration,10.18
AST-00994,2,Inspection decline,5.77
AST-00994,3,Recent incidents,5.0
AST-00994,4,Maintenance interval,4.27
AST-00994,5,Asset criticality,4.0
AST-00995,1,Asset criticality,6.0
AST-00995,2,Recent incidents,5.0
AST-00995,3,Maintenance interval,4.44
AST-00995,4,Inspection decline,3.38
AST-00995,5,Condition deterioration,0.0
AST-00996,1,Condition deterioration,8.11
AST-00996,2,Asset criticality,6.0
AST-00996,3,Maintenance interval,3.91
AST-00996,4,Inspection decline,2.19
AST-00996,5,Recent incidents,0.0
AST-00997,1,Asset criticality,8.0
AST-00997,2,Inspection decline,6.67
AST-00997,3,Recent incidents,5.0
AST-00997,4,Maintenance interval,2.73
AST-00997,5,Condition deterioration,0.0
AST-00501,1,Condition deterioration,7.54
AST-00501,2,Asset criticality,6.0
AST-00501,3,Maintenance interval,1.02
AST-00501,4,Inspection decline,0.0
AST-00501,5,Recent incidents,0.0
AST-00971,1,Condition deterioration,7.48
AST-00971,2,Maintenance interval,4.8
AST-00971,3,Asset criticality,4.0
AST-00971,4,Inspection decline,1.1
AST-00971,5,Recent incidents,0.0
AST-00970,1,Asset criticality,10.0
AST-00970,2,Maintenance interval,5.95
AST-00970,3,Inspection decline,1.29
AST-00970,4,Condition deterioration,0.0
AST-00970,5,Recent incidents,0.0
AST-00969,1,Maintenance interval,6.61
AST-00969,2,Asset criticality,6.0
AST-00969,3,Condition deterioration,0.0
AST-00969,4,Inspection decline,0.0
AST-00969,5,Recent incidents,0.0
AST-00968,1,Maintenance interval,6.74
AST-00968,2,Asset criticality,6.0
AST-00968,3,Recent incidents,5.0
AST-00968,4,Inspection decline,2.43
AST-00968,5,Condition deterioration,0.0
AST-00940,1,Asset criticality,8.0
AST-00940,2,Maintenance interval,4.11
AST-00940,3,Condition deterioration,0.0
AST-00940,4,Inspection decline,0.0
AST-00940,5,Recent incidents,0.0
AST-00941,1,Maintenance interval,7.07
AST-00941,2,Asset criticality,6.0
AST-00941,3,Condition deterioration,0.0
AST-00941,4,Inspection decline,0.0
AST-00941,5,Recent incidents,0.0
AST-00942,1,Asset criticality,8.0
AST-00942,2,Recent incidents,5.0
AST-00942,3,Maintenance interval,2.86
AST-00942,4,Condition deterioration,2.77
AST-00942,5,Inspection decline,0.0
AST-00943,1,Condition deterioration,10.56
AST-00943,2,Asset criticality,6.0
AST-00943,3,Recent incidents,5.0
AST-00943,4,Maintenance interval,3.95
AST-00943,5,Inspection decline,0.58
AST-00944,1,Maintenance interval,6.51
AST-00944,2,Asset criticality,6.0
AST-00944,3,Inspection decline,5.13
AST-00944,4,Condition deterioration,0.0
AST-00944,5,Recent incidents,0.0
AST-00945,1,Condition deterioration,15.4
AST-00945,2,Recent incidents,5.0
AST-00945,3,Inspection decline,4.13
AST-00945,4,Asset criticality,4.0
AST-00945,5,Maintenance interval,2.89
AST-00946,1,Maintenance interval,11.34
AST-00946,2,Asset criticality,4.0
AST-00946,3,Condition deterioration,0.0
AST-00946,4,Inspection decline,0.0
AST-00946,5,Recent incidents,0.0
AST-00947,1,Maintenance interval,6.71
AST-00947,2,Asset criticality,6.0
AST-00947,3,Inspection decline,5.13
AST-00947,4,Condition deterioration,3.21
AST-00947,5,Recent incidents,0.0
AST-00948,1,Asset criticality,6.0
AST-00948,2,Maintenance interval,2.79
AST-00948,3,Condition deterioration,0.0
AST-00948,4,Inspection decline,0.0
AST-00948,5,Recent incidents,0.0
AST-00949,1,Asset criticality,2.0
AST-00949,2,Maintenance interval,1.87
AST-00949,3,Condition deterioration,0.0
AST-00949,4,Inspection decline,0.0
AST-00949,5,Recent incidents,0.0
AST-00950,1,Asset criticality,6.0
AST-00950,2,Inspection decline,5.86
AST-00950,3,Condition deterioration,5.41
AST-00950,4,Maintenance interval,1.64
AST-00950,5,Recent incidents,0.0
AST-00951,1,Maintenance interval,5.52
AST-00951,2,Asset criticality,4.0
AST-00951,3,Inspection decline,3.26
AST-00951,4,Condition deterioration,0.0
AST-00951,5,Recent incidents,0.0
AST-00952,1,Asset criticality,10.0
AST-00952,2,Condition deterioration,6.54
AST-00952,3,Maintenance interval,5.36
AST-00952,4,Inspection decline,0.0
AST-00952,5,Recent incidents,0.0
AST-00877,1,Asset criticality,10.0
AST-00877,2,Maintenance interval,3.42
AST-00877,3,Inspection decline,2.82
AST-00877,4,Condition deterioration,2.77
AST-00877,5,Recent incidents,0.0
AST-00953,1,Condition deterioration,8.05
AST-00953,2,Asset criticality,2.0
AST-00953,3,Maintenance interval,1.02
AST-00953,4,Inspection decline,0.0
AST-00953,5,Recent incidents,0.0
AST-00955,1,Asset criticality,8.0
AST-00955,2,Maintenance interval,6.05
AST-00955,3,Inspection decline,3.59
AST-00955,4,Condition deterioration,0.0
AST-00955,5,Recent incidents,0.0
AST-00956,1,Condition deterioration,17.91
AST-00956,2,Asset criticality,10.0
AST-00956,3,Inspection decline,5.07
AST-00956,4,Maintenance interval,4.01
AST-00956,5,Recent incidents,0.0
AST-00957,1,Asset criticality,4.0
AST-00957,2,Inspection decline,1.59
AST-00957,3,Maintenance interval,1.05
AST-00957,4,Condition deterioration,0.0
AST-00957,5,Recent incidents,0.0
AST-00958,1,Asset criticality,6.0
AST-00958,2,Maintenance interval,2.17
AST-00958,3,Inspection decline,1.8
AST-00958,4,Condition deterioration,0.0
AST-00958,5,Recent incidents,0.0
AST-00959,1,Asset criticality,8.0
AST-00959,2,Inspection decline,4.9
AST-00959,3,Maintenance interval,3.85
AST-00959,4,Condition deterioration,0.0
AST-00959,5,Recent incidents,0.0
AST-00960,1,Maintenance interval,3.55
AST-00960,2,Asset criticality,2.0
AST-00960,3,Condition deterioration,0.0
AST-00960,4,Inspection decline,0.0
AST-00960,5,Recent incidents,0.0
AST-00961,1,Condition deterioration,12.82
AST-00961,2,Inspection decline,3.29
AST-00961,3,Asset criticality,2.0
AST-00961,4,Maintenance interval,0.76
AST-00961,5,Recent incidents,0.0
AST-00962,1,Asset criticality,6.0
AST-00962,2,Maintenance interval,3.12
AST-00962,3,Condition deterioration,0.0
AST-00962,4,Inspection decline,0.0
AST-00962,5,Recent incidents,0.0
AST-00963,1,Asset criticality,10.0
AST-00963,2,Condition deterioration,4.46
AST-00963,3,Inspection decline,4.23
AST-00963,4,Maintenance interval,0.69
AST-00963,5,Recent incidents,0.0
AST-00964,1,Asset criticality,6.0
AST-00964,2,Maintenance interval,4.93
AST-00964,3,Inspection decline,2.33
AST-00964,4,Condition deterioration,0.0
AST-00964,5,Recent incidents,0.0
AST-00965,1,Maintenance interval,9.24
AST-00965,2,Asset criticality,6.0
AST-00965,3,Condition deterioration,0.0
AST-00965,4,Inspection decline,0.0
AST-00965,5,Recent incidents,0.0
AST-00966,1,Asset criticality,8.0
AST-00966,2,Recent incidents,5.0
AST-00966,3,Maintenance interval,2.27
AST-00966,4,Inspection decline,1.35
AST-00966,5,Condition deterioration,0.0
AST-00967,1,Asset criticality,10.0
AST-00967,2,Recent incidents,5.0
AST-00967,3,Inspection decline,0.49
AST-00967,4,Maintenance interval,0.26
AST-00967,5,Condition deterioration,0.0
AST-00954,1,Recent incidents,5.0
AST-00954,2,Asset criticality,4.0
AST-00954,3,Maintenance interval,2.1
AST-00954,4,Condition deterioration,0.0
AST-00954,5,Inspection decline,0.0
AST-00876,1,Condition deterioration,6.79
AST-00876,2,Asset criticality,6.0
AST-00876,3,Inspection decline,5.95
AST-00876,4,Maintenance interval,5.82
AST-00876,5,Recent incidents,0.0
AST-00875,1,Maintenance interval,7.5
AST-00875,2,Asset criticality,6.0
AST-00875,3,Inspection decline,3.9
AST-00875,4,Condition deterioration,0.0
AST-00875,5,Recent incidents,0.0
AST-00874,1,Asset criticality,6.0
AST-00874,2,Maintenance interval,5.88
AST-00874,3,Inspection decline,4.24
AST-00874,4,Condition deterioration,0.0
AST-00874,5,Recent incidents,0.0
AST-00784,1,Asset criticality,8.0
AST-00784,2,Maintenance interval,6.15
AST-00784,3,Condition deterioration,0.0
AST-00784,4,Inspection decline,0.0
AST-00784,5,Recent incidents,0.0
AST-00785,1,Condition deterioration,10.31
AST-00785,2,Asset criticality,8.0
AST-00785,3,Maintenance interval,5.33
AST-00785,4,Recent incidents,5.0
AST-00785,5,Inspection decline,2.85
AST-00786,1,Maintenance interval,10.03
AST-00786,2,Asset criticality,6.0
AST-00786,3,Inspection decline,0.77
AST-00786,4,Condition deterioration,0.0
AST-00786,5,Recent incidents,0.0
AST-00787,1,Maintenance interval,9.57
AST-00787,2,Asset criticality,4.0
AST-00787,3,Condition deterioration,0.0
AST-00787,4,Inspection decline,0.0
AST-00787,5,Recent incidents,0.0
AST-00788,1,Recent incidents,5.0
AST-00788,2,Asset criticality,4.0
AST-00788,3,Maintenance interval,2.63
AST-00788,4,Condition deterioration,0.0
AST-00788,5,Inspection decline,0.0
AST-00789,1,Asset criticality,6.0
AST-00789,2,Inspection decline,3.15
AST-00789,3,Maintenance interval,1.87
AST-00789,4,Condition deterioration,0.0
AST-00789,5,Recent incidents,0.0
AST-00790,1,Asset criticality,8.0
AST-00790,2,Condition deterioration,4.97
AST-00790,3,Maintenance interval,4.21
AST-00790,4,Inspection decline,0.0
AST-00790,5,Recent incidents,0.0
AST-00791,1,Condition deterioration,5.85
AST-00791,2,Inspection decline,4.25
AST-00791,3,Asset criticality,4.0
AST-00791,4,Maintenance interval,2.17
AST-00791,5,Recent incidents,0.0
AST-00792,1,Asset criticality,6.0
AST-00792,2,Maintenance interval,5.98
AST-00792,3,Inspection decline,2.08
AST-00792,4,Condition deterioration,0.0
AST-00792,5,Recent incidents,0.0
AST-00793,1,Condition deterioration,10.12
AST-00793,2,Asset criticality,8.0
AST-00793,3,Inspection decline,1.77
AST-00793,4,Maintenance interval,1.48
AST-00793,5,Recent incidents,0.0
AST-00794,1,Maintenance interval,7.66
AST-00794,2,Asset criticality,2.0
AST-00794,3,Inspection decline,0.77
AST-00794,4,Condition deterioration,0.0
AST-00794,5,Recent incidents,0.0
AST-00795,1,Asset criticality,8.0
AST-00795,2,Inspection decline,4.9
AST-00795,3,Maintenance interval,2.1
AST-00795,4,Condition deterioration,0.0
AST-00795,5,Recent incidents,0.0
AST-00796,1,Condition deterioration,5.66
AST-00796,2,Maintenance interval,5.33
AST-00796,3,Asset criticality,4.0
AST-00796,4,Inspection decline,0.98
AST-00796,5,Recent incidents,0.0
AST-00797,1,Condition deterioration,15.9
AST-00797,2,Asset criticality,8.0
AST-00797,3,Recent incidents,5.0
AST-00797,4,Inspection decline,2.87
AST-00797,5,Maintenance interval,1.25
AST-00798,1,Asset criticality,6.0
AST-00798,2,Recent incidents,5.0
AST-00798,3,Inspection decline,2.17
AST-00798,4,Maintenance interval,0.69
AST-00798,5,Condition deterioration,0.0
AST-00799,1,Condition deterioration,10.81
AST-00799,2,Asset criticality,8.0
AST-00799,3,Recent incidents,5.0
AST-00799,4,Inspection decline,2.56
AST-00799,5,Maintenance interval,0.72
AST-00800,1,Asset criticality,8.0
AST-00800,2,Inspection decline,1.35
AST-00800,3,Maintenance interval,0.3
AST-00800,4,Condition deterioration,0.0
AST-00800,5,Recent incidents,0.0
AST-00801,1,Maintenance interval,11.61
AST-00801,2,Asset criticality,2.0
AST-00801,3,Condition deterioration,1.38
AST-00801,4,Inspection decline,0.0
AST-00801,5,Recent incidents,0.0
AST-00802,1,Maintenance interval,12.0
AST-00802,2,Asset criticality,4.0
AST-00802,3,Inspection decline,1.36
AST-00802,4,Condition deterioration,0.0
AST-00802,5,Recent incidents,0.0
AST-00803,1,Condition deterioration,16.09
AST-00803,2,Asset criticality,6.0
AST-00803,3,Inspection decline,4.81
AST-00803,4,Maintenance interval,4.18
AST-00803,5,Recent incidents,0.0
AST-00804,1,Inspection decline,6.65
AST-00804,2,Asset criticality,6.0
AST-00804,3,Maintenance interval,2.1
AST-00804,4,Condition deterioration,0.0
AST-00804,5,Recent incidents,0.0
AST-00805,1,Asset criticality,8.0
AST-00805,2,Inspection decline,4.22
AST-00805,3,Maintenance interval,1.38
AST-00805,4,Condition deterioration,0.0
AST-00805,5,Recent incidents,0.0
AST-00806,1,Asset criticality,8.0
AST-00806,2,Condition deterioration,7.92
AST-00806,3,Inspection decline,2.06
AST-00806,4,Maintenance interval,1.15
AST-00806,5,Recent incidents,0.0
AST-00807,1,Condition deterioration,10.25
AST-00807,2,Asset criticality,8.0
AST-00807,3,Maintenance interval,3.19
AST-00807,4,Inspection decline,2.4
AST-00807,5,Recent incidents,0.0
AST-00808,1,Maintenance interval,8.58
AST-00808,2,Asset criticality,6.0
AST-00808,3,Inspection decline,0.33
AST-00808,4,Condition deterioration,0.0
AST-00808,5,Recent incidents,0.0
AST-00809,1,Condition deterioration,12.63
AST-00809,2,Maintenance interval,4.18
AST-00809,3,Inspection decline,2.99
AST-00809,4,Asset criticality,2.0
AST-00809,5,Recent incidents,0.0
AST-00810,1,Asset criticality,6.0
AST-00810,2,Inspection decline,3.73
AST-00810,3,Maintenance interval,3.19
AST-00810,4,Condition deterioration,0.0
AST-00810,5,Recent incidents,0.0
AST-00783,1,Recent incidents,15.0
AST-00783,2,Repeat-failure signal,12.0
AST-00783,3,Condition deterioration,7.42
AST-00783,4,Inspection decline,5.23
AST-00783,5,Asset criticality,4.0
AST-00782,1,Condition deterioration,14.46
AST-00782,2,Recent incidents,5.0
AST-00782,3,Maintenance interval,4.14
AST-00782,4,Asset criticality,4.0
AST-00782,5,Inspection decline,0.32
AST-00781,1,Asset criticality,8.0
AST-00781,2,Maintenance interval,5.82
AST-00781,3,Inspection decline,0.23
AST-00781,4,Condition deterioration,0.0
AST-00781,5,Recent incidents,0.0
AST-00780,1,Asset criticality,6.0
AST-00780,2,Maintenance interval,4.96
AST-00780,3,Inspection decline,3.01
AST-00780,4,Condition deterioration,0.0
AST-00780,5,Recent incidents,0.0
AST-00752,1,Asset criticality,8.0
AST-00752,2,Inspection decline,3.57
AST-00752,3,Maintenance interval,1.25
AST-00752,4,Condition deterioration,0.0
AST-00752,5,Recent incidents,0.0
AST-00753,1,Asset criticality,8.0
AST-00753,2,Maintenance interval,4.24
AST-00753,3,Condition deterioration,0.0
AST-00753,4,Inspection decline,0.0
AST-00753,5,Recent incidents,0.0
AST-00754,1,Condition deterioration,10.25
AST-00754,2,Asset criticality,10.0
AST-00754,3,Maintenance interval,4.31
AST-00754,4,Inspection decline,0.0
AST-00754,5,Recent incidents,0.0
AST-00755,1,Maintenance interval,12.0
AST-00755,2,Condition deterioration,8.23
AST-00755,3,Inspection decline,4.06
AST-00755,4,Asset criticality,4.0
AST-00755,5,Recent incidents,0.0
AST-00756,1,Condition deterioration,7.04
AST-00756,2,Asset criticality,6.0
AST-00756,3,Inspection decline,4.25
AST-00756,4,Maintenance interval,1.08
AST-00756,5,Recent incidents,0.0
AST-00757,1,Condition deterioration,13.89
AST-00757,2,Maintenance interval,6.44
AST-00757,3,Asset criticality,6.0
AST-00757,4,Inspection decline,3.22
AST-00757,5,Recent incidents,0.0
AST-00758,1,Asset criticality,6.0
AST-00758,2,Maintenance interval,3.58
AST-00758,3,Inspection decline,2.03
AST-00758,4,Condition deterioration,0.0
AST-00758,5,Recent incidents,0.0
AST-00759,1,Asset criticality,6.0
AST-00759,2,Inspection decline,2.73
AST-00759,3,Maintenance interval,1.41
AST-00759,4,Condition deterioration,0.0
AST-00759,5,Recent incidents,0.0
AST-00760,1,Maintenance interval,6.74
AST-00760,2,Asset criticality,4.0
AST-00760,3,Condition deterioration,0.0
AST-00760,4,Inspection decline,0.0
AST-00760,5,Recent incidents,0.0
AST-00761,1,Asset criticality,6.0
AST-00761,2,Maintenance interval,5.82
AST-00761,3,Inspection decline,4.76
AST-00761,4,Condition deterioration,0.0
AST-00761,5,Recent incidents,0.0
AST-00762,1,Maintenance interval,7.66
AST-00762,2,Inspection decline,4.44
AST-00762,3,Asset criticality,4.0
AST-00762,4,Condition deterioration,0.0
AST-00762,5,Recent incidents,0.0
AST-00763,1,Asset criticality,6.0
AST-00763,2,Maintenance interval,4.7
AST-00763,3,Inspection decline,3.13
AST-00763,4,Condition deterioration,2.95
AST-00763,5,Recent incidents,0.0
AST-00764,1,Asset criticality,4.0
AST-00764,2,Maintenance interval,2.5
AST-00764,3,Inspection decline,2.26
AST-00764,4,Condition deterioration,0.0
AST-00764,5,Recent incidents,0.0
AST-00811,1,Asset criticality,8.0
AST-00811,2,Inspection decline,3.41
AST-00811,3,Maintenance interval,1.74
AST-00811,4,Condition deterioration,0.0
AST-00811,5,Recent incidents,0.0
AST-00765,1,Maintenance interval,6.9
AST-00765,2,Inspection decline,5.18
AST-00765,3,Recent incidents,5.0
AST-00765,4,Asset criticality,4.0
AST-00765,5,Condition deterioration,0.0
AST-00767,1,Asset criticality,6.0
AST-00767,2,Maintenance interval,3.09
AST-00767,3,Inspection decline,0.88
AST-00767,4,Condition deterioration,0.0
AST-00767,5,Recent incidents,0.0
AST-00768,1,Condition deterioration,10.25
AST-00768,2,Asset criticality,8.0
AST-00768,3,Maintenance interval,2.76
AST-00768,4,Inspection decline,0.0
AST-00768,5,Recent incidents,0.0
AST-00769,1,Asset criticality,10.0
AST-00769,2,Recent incidents,5.0
AST-00769,3,Maintenance interval,3.78
AST-00769,4,Condition deterioration,0.0
AST-00769,5,Inspection decline,0.0
AST-00770,1,Condition deterioration,13.26
AST-00770,2,Asset criticality,6.0
AST-00770,3,Recent incidents,5.0
AST-00770,4,Maintenance interval,2.43
AST-00770,5,Inspection decline,0.0
AST-00771,1,Asset criticality,8.0
AST-00771,2,Condition deterioration,7.54
AST-00771,3,Maintenance interval,4.6
AST-00771,4,Inspection decline,0.82
AST-00771,5,Recent incidents,0.0
AST-00772,1,Maintenance interval,4.73
AST-00772,2,Asset criticality,4.0
AST-00772,3,Inspection decline,3.41
AST-00772,4,Condition deterioration,0.0
AST-00772,5,Recent incidents,0.0
AST-00773,1,Asset criticality,4.0
AST-00773,2,Maintenance interval,3.29
AST-00773,3,Condition deterioration,0.0
AST-00773,4,Inspection decline,0.0
AST-00773,5,Recent incidents,0.0
AST-00774,1,Asset criticality,10.0
AST-00774,2,Maintenance interval,3.78
AST-00774,3,Condition deterioration,2.07
AST-00774,4,Inspection decline,1.59
AST-00774,5,Recent incidents,0.0
AST-00775,1,Condition deterioration,5.53
AST-00775,2,Asset criticality,4.0
AST-00775,3,Inspection decline,3.88
AST-00775,4,Maintenance interval,0.39
AST-00775,5,Recent incidents,0.0
AST-00776,1,Maintenance interval,4.01
AST-00776,2,Asset criticality,4.0
AST-00776,3,Inspection decline,1.78
AST-00776,4,Condition deterioration,0.0
AST-00776,5,Recent incidents,0.0
AST-00777,1,Asset criticality,6.0
AST-00777,2,Inspection decline,2.73
AST-00777,3,Maintenance interval,2.27
AST-00777,4,Condition deterioration,0.0
AST-00777,5,Recent incidents,0.0
AST-00778,1,Condition deterioration,10.69
AST-00778,2,Asset criticality,6.0
AST-00778,3,Maintenance interval,5.23
AST-00778,4,Inspection decline,4.37
AST-00778,5,Recent incidents,0.0
AST-00779,1,Maintenance interval,8.75
AST-00779,2,Recent incidents,5.0
AST-00779,3,Asset criticality,4.0
AST-00779,4,Inspection decline,2.68
AST-00779,5,Condition deterioration,0.0
AST-00766,1,Asset criticality,6.0
AST-00766,2,Recent incidents,5.0
AST-00766,3,Maintenance interval,4.54
AST-00766,4,Condition deterioration,0.0
AST-00766,5,Inspection decline,0.0
AST-00750,1,Condition deterioration,13.77
AST-00750,2,Asset criticality,6.0
AST-00750,3,Maintenance interval,0.92
AST-00750,4,Inspection decline,0.12
AST-00750,5,Recent incidents,0.0
AST-00812,1,Maintenance interval,6.54
AST-00812,2,Asset criticality,4.0
AST-00812,3,Inspection decline,1.57
AST-00812,4,Condition deterioration,0.0
AST-00812,5,Recent incidents,0.0
AST-00814,1,Condition deterioration,15.71
AST-00814,2,Asset criticality,8.0
AST-00814,3,Maintenance interval,3.25
AST-00814,4,Inspection decline,0.73
AST-00814,5,Recent incidents,0.0
AST-00847,1,Asset criticality,10.0
AST-00847,2,Condition deterioration,8.61
AST-00847,3,Maintenance interval,2.89
AST-00847,4,Inspection decline,1.33
AST-00847,5,Recent incidents,0.0
AST-00848,1,Asset criticality,6.0
AST-00848,2,Maintenance interval,0.66
AST-00848,3,Condition deterioration,0.0
AST-00848,4,Inspection decline,0.0
AST-00848,5,Recent incidents,0.0
AST-00849,1,Asset criticality,8.0
AST-00849,2,Inspection decline,4.93
AST-00849,3,Maintenance interval,4.93
AST-00849,4,Condition deterioration,1.38
AST-00849,5,Recent incidents,0.0
AST-00850,1,Maintenance interval,6.12
AST-00850,2,Asset criticality,6.0
AST-00850,3,Inspection decline,1.16
AST-00850,4,Condition deterioration,0.0
AST-00850,5,Recent incidents,0.0
AST-00851,1,Asset criticality,8.0
AST-00851,2,Maintenance interval,3.55
AST-00851,3,Condition deterioration,0.0
AST-00851,4,Inspection decline,0.0
AST-00851,5,Recent incidents,0.0
AST-00852,1,Maintenance interval,11.18
AST-00852,2,Asset criticality,6.0
AST-00852,3,Condition deterioration,0.0
AST-00852,4,Inspection decline,0.0
AST-00852,5,Recent incidents,0.0
AST-00853,1,Asset criticality,10.0
AST-00853,2,Inspection decline,5.62
AST-00853,3,Recent incidents,5.0
AST-00853,4,Maintenance interval,0.59
AST-00853,5,Condition deterioration,0.0
AST-00854,1,Asset criticality,6.0
AST-00854,2,Maintenance interval,3.52
AST-00854,3,Condition deterioration,0.0
AST-00854,4,Inspection decline,0.0
AST-00854,5,Recent incidents,0.0
AST-00855,1,Asset criticality,8.0
AST-00855,2,Maintenance interval,3.91
AST-00855,3,Condition deterioration,0.0
AST-00855,4,Inspection decline,0.0
AST-00855,5,Recent incidents,0.0
AST-00856,1,Asset criticality,8.0
AST-00856,2,Maintenance interval,4.64
AST-00856,3,Inspection decline,2.75
AST-00856,4,Condition deterioration,0.0
AST-00856,5,Recent incidents,0.0
AST-00857,1,Maintenance interval,6.9
AST-00857,2,Asset criticality,6.0
AST-00857,3,Condition deterioration,0.0
AST-00857,4,Inspection decline,0.0
AST-00857,5,Recent incidents,0.0
AST-00858,1,Condition deterioration,11.44
AST-00858,2,Asset criticality,8.0
AST-00858,3,Maintenance interval,3.81
AST-00858,4,Inspection decline,0.0
AST-00858,5,Recent incidents,0.0
AST-00859,1,Asset criticality,10.0
AST-00859,2,Recent incidents,5.0
AST-00859,3,Maintenance interval,1.05
AST-00859,4,Condition deterioration,0.0
AST-00859,5,Inspection decline,0.0
AST-00860,1,Asset criticality,6.0
AST-00860,2,Recent incidents,5.0
AST-00860,3,Inspection decline,1.21
AST-00860,4,Maintenance interval,0.62
AST-00860,5,Condition deterioration,0.0
AST-00861,1,Asset criticality,8.0
AST-00861,2,Maintenance interval,2.1
AST-00861,3,Condition deterioration,0.0
AST-00861,4,Inspection decline,0.0
AST-00861,5,Recent incidents,0.0
AST-00862,1,Condition deterioration,11.38
AST-00862,2,Asset criticality,8.0
AST-00862,3,Maintenance interval,3.42
AST-00862,4,Inspection decline,1.98
AST-00862,5,Recent incidents,0.0
AST-00863,1,Asset criticality,8.0
AST-00863,2,Recent incidents,5.0
AST-00863,3,Condition deterioration,4.15
AST-00863,4,Maintenance interval,1.51
AST-00863,5,Inspection decline,0.1
AST-00864,1,Asset criticality,6.0
AST-00864,2,Maintenance interval,2.76
AST-00864,3,Inspection decline,2.63
AST-00864,4,Condition deterioration,0.0
AST-00864,5,Recent incidents,0.0
AST-00865,1,Maintenance interval,7.36
AST-00865,2,Asset criticality,2.0
AST-00865,3,Inspection decline,1.19
AST-00865,4,Condition deterioration,0.0
AST-00865,5,Recent incidents,0.0
AST-00866,1,Asset criticality,8.0
AST-00866,2,Recent incidents,5.0
AST-00866,3,Inspection decline,0.77
AST-00866,4,Maintenance interval,0.53
AST-00866,5,Condition deterioration,0.0
AST-00867,1,Maintenance interval,3.98
AST-00867,2,Asset criticality,2.0
AST-00867,3,Inspection decline,0.49
AST-00867,4,Condition deterioration,0.0
AST-00867,5,Recent incidents,0.0
AST-00868,1,Asset criticality,10.0
AST-00868,2,Recent incidents,5.0
AST-00868,3,Maintenance interval,1.81
AST-00868,4,Condition deterioration,0.0
AST-00868,5,Inspection decline,0.0
AST-00869,1,Condition deterioration,13.77
AST-00869,2,Asset criticality,6.0
AST-00869,3,Maintenance interval,4.8
AST-00869,4,Inspection decline,1.1
AST-00869,5,Recent incidents,0.0
AST-00870,1,Asset criticality,8.0
AST-00870,2,Maintenance interval,5.69
AST-00870,3,Inspection decline,1.52
AST-00870,4,Condition deterioration,0.0
AST-00870,5,Recent incidents,0.0
AST-00871,1,Maintenance interval,5.88
AST-00871,2,Inspection decline,5.81
AST-00871,3,Asset criticality,4.0
AST-00871,4,Condition deterioration,0.0
AST-00871,5,Recent incidents,0.0
AST-00872,1,Condition deterioration,8.05
AST-00872,2,Maintenance interval,4.27
AST-00872,3,Asset criticality,4.0
AST-00872,4,Inspection decline,0.0
AST-00872,5,Recent incidents,0.0
AST-00873,1,Condition deterioration,16.91
AST-00873,2,Asset criticality,6.0
AST-00873,3,Inspection decline,4.66
AST-00873,4,Maintenance interval,3.12
AST-00873,5,Recent incidents,0.0
AST-00846,1,Maintenance interval,8.81
AST-00846,2,Asset criticality,6.0
AST-00846,3,Open critical work,5.0
AST-00846,4,Inspection decline,1.19
AST-00846,5,Condition deterioration,0.0
AST-00845,1,Asset criticality,8.0
AST-00845,2,Maintenance interval,2.17
AST-00845,3,Condition deterioration,0.0
AST-00845,4,Inspection decline,0.0
AST-00845,5,Recent incidents,0.0
AST-00844,1,Asset criticality,6.0
AST-00844,2,Maintenance interval,5.88
AST-00844,3,Inspection decline,0.24
AST-00844,4,Condition deterioration,0.0
AST-00844,5,Recent incidents,0.0
AST-00843,1,Maintenance interval,5.29
AST-00843,2,Condition deterioration,3.65
AST-00843,3,Asset criticality,2.0
AST-00843,4,Inspection decline,0.7
AST-00843,5,Recent incidents,0.0
AST-00815,1,Asset criticality,6.0
AST-00815,2,Recent incidents,5.0
AST-00815,3,Inspection decline,4.08
AST-00815,4,Condition deterioration,3.14
AST-00815,5,Maintenance interval,2.24
AST-00816,1,Asset criticality,2.0
AST-00816,2,Maintenance interval,0.03
AST-00816,3,Condition deterioration,0.0
AST-00816,4,Inspection decline,0.0
AST-00816,5,Recent incidents,0.0
AST-00817,1,Maintenance interval,7.17
AST-00817,2,Asset criticality,4.0
AST-00817,3,Condition deterioration,0.0
AST-00817,4,Inspection decline,0.0
AST-00817,5,Recent incidents,0.0
AST-00818,1,Condition deterioration,21.81
AST-00818,2,Asset criticality,10.0
AST-00818,3,Maintenance interval,4.24
AST-00818,4,Inspection decline,3.45
AST-00818,5,Recent incidents,0.0
AST-00819,1,Maintenance interval,6.44
AST-00819,2,Asset criticality,6.0
AST-00819,3,Condition deterioration,0.0
AST-00819,4,Inspection decline,0.0
AST-00819,5,Recent incidents,0.0
AST-00820,1,Recent incidents,5.0
AST-00820,2,Maintenance interval,3.19
AST-00820,3,Asset criticality,2.0
AST-00820,4,Condition deterioration,1.01
AST-00820,5,Inspection decline,0.0
AST-00821,1,Asset criticality,8.0
AST-00821,2,Maintenance interval,4.11
AST-00821,3,Condition deterioration,0.0
AST-00821,4,Inspection decline,0.0
AST-00821,5,Recent incidents,0.0
AST-00822,1,Repeat-failure signal,12.0
AST-00822,2,Recent incidents,10.0
AST-00822,3,Asset criticality,6.0
AST-00822,4,Condition deterioration,4.34
AST-00822,5,Maintenance interval,2.3
AST-00823,1,Asset criticality,8.0
AST-00823,2,Maintenance interval,4.73
AST-00823,3,Inspection decline,0.49
AST-00823,4,Condition deterioration,0.0
AST-00823,5,Recent incidents,0.0
AST-00824,1,Asset criticality,6.0
AST-00824,2,Maintenance interval,3.98
AST-00824,3,Condition deterioration,2.45
AST-00824,4,Inspection decline,0.0
AST-00824,5,Recent incidents,0.0
AST-00825,1,Asset criticality,8.0
AST-00825,2,Condition deterioration,5.72
AST-00825,3,Maintenance interval,3.02
AST-00825,4,Inspection decline,1.15
AST-00825,5,Recent incidents,0.0
AST-00826,1,Asset criticality,8.0
AST-00826,2,Maintenance interval,4.6
AST-00826,3,Inspection decline,1.56
AST-00826,4,Condition deterioration,0.5
AST-00826,5,Recent incidents,0.0
AST-00827,1,Asset criticality,8.0
AST-00827,2,Maintenance interval,6.58
AST-00827,3,Recent incidents,5.0
AST-00827,4,Inspection decline,4.41
AST-00827,5,Condition deterioration,3.71
AST-00813,1,Asset criticality,8.0
AST-00813,2,Maintenance interval,6.08
AST-00813,3,Inspection decline,1.09
AST-00813,4,Condition deterioration,0.0
AST-00813,5,Recent incidents,0.0
AST-00828,1,Asset criticality,10.0
AST-00828,2,Condition deterioration,7.73
AST-00828,3,Maintenance interval,4.73
AST-00828,4,Inspection decline,1.42
AST-00828,5,Recent incidents,0.0
AST-00830,1,Asset criticality,4.0
AST-00830,2,Maintenance interval,1.91
AST-00830,3,Inspection decline,1.15
AST-00830,4,Condition deterioration,0.0
AST-00830,5,Recent incidents,0.0
AST-00831,1,Asset criticality,8.0
AST-00831,2,Condition deterioration,7.04
AST-00831,3,Maintenance interval,1.32
AST-00831,4,Inspection decline,0.0
AST-00831,5,Recent incidents,0.0
AST-00832,1,Asset criticality,8.0
AST-00832,2,Condition deterioration,7.61
AST-00832,3,Recent incidents,5.0
AST-00832,4,Open critical work,5.0
AST-00832,5,Inspection decline,3.61
AST-00833,1,Asset criticality,8.0
AST-00833,2,Maintenance interval,3.48
AST-00833,3,Condition deterioration,0.0
AST-00833,4,Inspection decline,0.0
AST-00833,5,Recent incidents,0.0
AST-00834,1,Asset criticality,6.0
AST-00834,2,Maintenance interval,1.58
AST-00834,3,Inspection decline,0.11
AST-00834,4,Condition deterioration,0.0
AST-00834,5,Recent incidents,0.0
AST-00835,1,Repeat-failure signal,12.0
AST-00835,2,Recent incidents,10.0
AST-00835,3,Asset criticality,8.0
AST-00835,4,Maintenance interval,5.03
AST-00835,5,Condition deterioration,0.0
AST-00836,1,Asset criticality,8.0
AST-00836,2,Maintenance interval,0.62
AST-00836,3,Condition deterioration,0.0
AST-00836,4,Inspection decline,0.0
AST-00836,5,Recent incidents,0.0
AST-00837,1,Condition deterioration,10.18
AST-00837,2,Asset criticality,10.0
AST-00837,3,Maintenance interval,6.41
AST-00837,4,Inspection decline,2.5
AST-00837,5,Recent incidents,0.0
AST-00838,1,Maintenance interval,7.59
AST-00838,2,Condition deterioration,6.47
AST-00838,3,Asset criticality,4.0
AST-00838,4,Inspection decline,0.28
AST-00838,5,Recent incidents,0.0
AST-00839,1,Maintenance interval,6.61
AST-00839,2,Asset criticality,6.0
AST-00839,3,Inspection decline,2.33
AST-00839,4,Condition deterioration,0.0
AST-00839,5,Recent incidents,0.0
AST-00840,1,Condition deterioration,13.83
AST-00840,2,Asset criticality,6.0
AST-00840,3,Recent incidents,5.0
AST-00840,4,Maintenance interval,3.02
AST-00840,5,Inspection decline,1.65
AST-00841,1,Asset criticality,6.0
AST-00841,2,Maintenance interval,5.26
AST-00841,3,Inspection decline,2.78
AST-00841,4,Condition deterioration,0.0
AST-00841,5,Recent incidents,0.0
AST-00842,1,Maintenance interval,8.71
AST-00842,2,Inspection decline,6.54
AST-00842,3,Asset criticality,4.0
AST-00842,4,Condition deterioration,0.0
AST-00842,5,Recent incidents,0.0
AST-00829,1,Condition deterioration,8.42
AST-00829,2,Asset criticality,8.0
AST-00829,3,Maintenance interval,2.37
AST-00829,4,Inspection decline,1.57
AST-00829,5,Recent incidents,0.0
AST-00500,1,Asset criticality,6.0
AST-00500,2,Maintenance interval,1.22
AST-00500,3,Inspection decline,0.79
AST-00500,4,Condition deterioration,0.38
AST-00500,5,Recent incidents,0.0
AST-00251,1,Maintenance interval,7.92
AST-00251,2,Asset criticality,6.0
AST-00251,3,Inspection decline,1.15
AST-00251,4,Condition deterioration,0.0
AST-00251,5,Recent incidents,0.0
AST-00498,1,Condition deterioration,6.85
AST-00498,2,Maintenance interval,4.11
AST-00498,3,Asset criticality,4.0
AST-00498,4,Inspection decline,1.47
AST-00498,5,Recent incidents,0.0
AST-00156,1,Asset criticality,8.0
AST-00156,2,Inspection decline,5.37
AST-00156,3,Maintenance interval,1.87
AST-00156,4,Condition deterioration,1.32
AST-00156,5,Recent incidents,0.0
AST-00157,1,Asset criticality,10.0
AST-00157,2,Recent incidents,5.0
AST-00157,3,Inspection decline,4.62
AST-00157,4,Maintenance interval,1.78
AST-00157,5,Condition deterioration,0.44
AST-00158,1,Maintenance interval,10.19
AST-00158,2,Inspection decline,4.58
AST-00158,3,Condition deterioration,2.58
AST-00158,4,Asset criticality,2.0
AST-00158,5,Recent incidents,0.0
AST-00159,1,Condition deterioration,14.14
AST-00159,2,Asset criticality,8.0
AST-00159,3,Inspection decline,3.41
AST-00159,4,Maintenance interval,0.59
AST-00159,5,Recent incidents,0.0
AST-00160,1,Maintenance interval,5.75
AST-00160,2,Asset criticality,4.0
AST-00160,3,Inspection decline,2.92
AST-00160,4,Condition deterioration,0.0
AST-00160,5,Recent incidents,0.0
AST-00161,1,Condition deterioration,13.2
AST-00161,2,Asset criticality,8.0
AST-00161,3,Maintenance interval,1.22
AST-00161,4,Inspection decline,0.19
AST-00161,5,Recent incidents,0.0
AST-00162,1,Maintenance interval,7.2
AST-00162,2,Inspection decline,6.44
AST-00162,3,Asset criticality,6.0
AST-00162,4,Condition deterioration,0.06
AST-00162,5,Recent incidents,0.0
AST-00163,1,Asset criticality,8.0
AST-00163,2,Inspection decline,5.41
AST-00163,3,Maintenance interval,4.41
AST-00163,4,Condition deterioration,0.0
AST-00163,5,Recent incidents,0.0
AST-00164,1,Asset criticality,8.0
AST-00164,2,Condition deterioration,6.35
AST-00164,3,Maintenance interval,3.12
AST-00164,4,Inspection decline,0.0
AST-00164,5,Recent incidents,0.0
AST-00165,1,Repeat-failure signal,12.0
AST-00165,2,Condition deterioration,11.69
AST-00165,3,Recent incidents,10.0
AST-00165,4,Asset criticality,6.0
AST-00165,5,Maintenance interval,1.25
AST-00166,1,Condition deterioration,11.31
AST-00166,2,Asset criticality,8.0
AST-00166,3,Maintenance interval,2.99
AST-00166,4,Inspection decline,2.59
AST-00166,5,Recent incidents,0.0
AST-00167,1,Maintenance interval,11.21
AST-00167,2,Inspection decline,5.13
AST-00167,3,Asset criticality,2.0
AST-00167,4,Condition deterioration,0.0
AST-00167,5,Recent incidents,0.0
AST-00168,1,Asset criticality,10.0
AST-00168,2,Maintenance interval,4.5
AST-00168,3,Condition deterioration,2.89
AST-00168,4,Inspection decline,2.87
AST-00168,5,Recent incidents,0.0
AST-00169,1,Repeat-failure signal,12.0
AST-00169,2,Condition deterioration,10.25
AST-00169,3,Recent incidents,10.0
AST-00169,4,Asset criticality,8.0
AST-00169,5,Maintenance interval,0.82
AST-00170,1,Condition deterioration,8.55
AST-00170,2,Asset criticality,8.0
AST-00170,3,Maintenance interval,1.28
AST-00170,4,Inspection decline,0.0
AST-00170,5,Recent incidents,0.0
AST-00171,1,Maintenance interval,9.93
AST-00171,2,Inspection decline,5.21
AST-00171,3,Asset criticality,4.0
AST-00171,4,Condition deterioration,0.0
AST-00171,5,Recent incidents,0.0
AST-00172,1,Condition deterioration,10.62
AST-00172,2,Asset criticality,4.0
AST-00172,3,Maintenance interval,1.22
AST-00172,4,Inspection decline,0.56
AST-00172,5,Recent incidents,0.0
AST-00173,1,Condition deterioration,10.37
AST-00173,2,Asset criticality,6.0
AST-00173,3,Maintenance interval,4.24
AST-00173,4,Inspection decline,2.82
AST-00173,5,Recent incidents,0.0
AST-00174,1,Condition deterioration,6.79
AST-00174,2,Asset criticality,6.0
AST-00174,3,Maintenance interval,4.44
AST-00174,4,Inspection decline,2.2
AST-00174,5,Recent incidents,0.0
AST-00175,1,Asset criticality,6.0
AST-00175,2,Inspection decline,3.6
AST-00175,3,Maintenance interval,3.09
AST-00175,4,Condition deterioration,0.0
AST-00175,5,Recent incidents,0.0
AST-00176,1,Asset criticality,8.0
AST-00176,2,Maintenance interval,5.72
AST-00176,3,Inspection decline,1.24
AST-00176,4,Condition deterioration,0.0
AST-00176,5,Recent incidents,0.0
AST-00177,1,Maintenance interval,7.5
AST-00177,2,Inspection decline,3.68
AST-00177,3,Asset criticality,2.0
AST-00177,4,Condition deterioration,0.0
AST-00177,5,Recent incidents,0.0
AST-00178,1,Asset criticality,8.0
AST-00178,2,Maintenance interval,3.48
AST-00178,3,Condition deterioration,0.0
AST-00178,4,Inspection decline,0.0
AST-00178,5,Recent incidents,0.0
AST-00179,1,Asset criticality,6.0
AST-00179,2,Maintenance interval,4.18
AST-00179,3,Inspection decline,0.42
AST-00179,4,Condition deterioration,0.0
AST-00179,5,Recent incidents,0.0
AST-00180,1,Asset criticality,6.0
AST-00180,2,Condition deterioration,4.21
AST-00180,3,Maintenance interval,4.18
AST-00180,4,Inspection decline,3.5
AST-00180,5,Recent incidents,0.0
AST-00181,1,Maintenance interval,10.65
AST-00181,2,Inspection decline,8.05
AST-00181,3,Condition deterioration,5.91
AST-00181,4,Asset criticality,4.0
AST-00181,5,Recent incidents,0.0
AST-00182,1,Asset criticality,8.0
AST-00182,2,Recent incidents,5.0
AST-00182,3,Maintenance interval,4.87
AST-00182,4,Inspection decline,1.08
AST-00182,5,Condition deterioration,0.0
AST-00155,1,Condition deterioration,16.78
AST-00155,2,Maintenance interval,8.75
AST-00155,3,Asset criticality,6.0
AST-00155,4,Inspection decline,3.22
AST-00155,5,Recent incidents,0.0
AST-00183,1,Condition deterioration,11.69
AST-00183,2,Inspection decline,5.67
AST-00183,3,Asset criticality,2.0
AST-00183,4,Maintenance interval,1.12
AST-00183,5,Recent incidents,0.0
AST-00154,1,Maintenance interval,7.76
AST-00154,2,Asset criticality,6.0
AST-00154,3,Inspection decline,0.14
AST-00154,4,Condition deterioration,0.0
AST-00154,5,Recent incidents,0.0
AST-00152,1,Asset criticality,6.0
AST-00152,2,Inspection decline,3.59
AST-00152,3,Maintenance interval,2.7
AST-00152,4,Condition deterioration,0.0
AST-00152,5,Recent incidents,0.0
AST-00125,1,Asset criticality,6.0
AST-00125,2,Condition deterioration,4.71
AST-00125,3,Inspection decline,2.08
AST-00125,4,Maintenance interval,0.03
AST-00125,5,Recent incidents,0.0
AST-00126,1,Maintenance interval,7.04
AST-00126,2,Asset criticality,4.0
AST-00126,3,Inspection decline,3.55
AST-00126,4,Condition deterioration,0.0
AST-00126,5,Recent incidents,0.0
AST-00127,1,Maintenance interval,3.22
AST-00127,2,Asset criticality,2.0
AST-00127,3,Condition deterioration,0.0
AST-00127,4,Inspection decline,0.0
AST-00127,5,Recent incidents,0.0
AST-00128,1,Asset criticality,8.0
AST-00128,2,Recent incidents,5.0
AST-00128,3,Maintenance interval,1.41
AST-00128,4,Inspection decline,0.82
AST-00128,5,Condition deterioration,0.0
AST-00129,1,Maintenance interval,6.44
AST-00129,2,Inspection decline,6.4
AST-00129,3,Asset criticality,4.0
AST-00129,4,Condition deterioration,0.0
AST-00129,5,Recent incidents,0.0
AST-00130,1,Maintenance interval,7.63
AST-00130,2,Asset criticality,6.0
AST-00130,3,Inspection decline,1.19
AST-00130,4,Condition deterioration,0.0
AST-00130,5,Recent incidents,0.0
AST-00131,1,Condition deterioration,10.31
AST-00131,2,Asset criticality,4.0
AST-00131,3,Inspection decline,3.17
AST-00131,4,Maintenance interval,1.08
AST-00131,5,Recent incidents,0.0
AST-00132,1,Asset criticality,4.0
AST-00132,2,Condition deterioration,3.52
AST-00132,3,Maintenance interval,3.09
AST-00132,4,Inspection decline,1.14
AST-00132,5,Recent incidents,0.0
AST-00133,1,Asset criticality,6.0
AST-00133,2,Inspection decline,4.3
AST-00133,3,Maintenance interval,0.95
AST-00133,4,Condition deterioration,0.0
AST-00133,5,Recent incidents,0.0
AST-00134,1,Maintenance interval,7.86
AST-00134,2,Asset criticality,4.0
AST-00134,3,Condition deterioration,0.0
AST-00134,4,Inspection decline,0.0
AST-00134,5,Recent incidents,0.0
AST-00135,1,Asset criticality,8.0
AST-00135,2,Maintenance interval,5.13
AST-00135,3,Condition deterioration,1.95
AST-00135,4,Inspection decline,0.0
AST-00135,5,Recent incidents,0.0
AST-00136,1,Asset criticality,8.0
AST-00136,2,Maintenance interval,6.84
AST-00136,3,Condition deterioration,2.39
AST-00136,4,Inspection decline,0.0
AST-00136,5,Recent incidents,0.0
AST-00137,1,Asset criticality,8.0
AST-00137,2,Maintenance interval,4.67
AST-00137,3,Condition deterioration,0.0
AST-00137,4,Inspection decline,0.0
AST-00137,5,Recent incidents,0.0
AST-00138,1,Asset criticality,6.0
AST-00138,2,Inspection decline,4.58
AST-00138,3,Maintenance interval,4.24
AST-00138,4,Condition deterioration,0.0
AST-00138,5,Recent incidents,0.0
AST-00139,1,Asset criticality,10.0
AST-00139,2,Condition deterioration,4.97
AST-00139,3,Maintenance interval,1.87
AST-00139,4,Inspection decline,0.56
AST-00139,5,Recent incidents,0.0
AST-00140,1,Asset criticality,4.0
AST-00140,2,Maintenance interval,2.04
AST-00140,3,Inspection decline,0.63
AST-00140,4,Condition deterioration,0.0
AST-00140,5,Recent incidents,0.0
AST-00141,1,Condition deterioration,7.54
AST-00141,2,Asset criticality,6.0
AST-00141,3,Recent incidents,5.0
AST-00141,4,Inspection decline,4.11
AST-00141,5,Maintenance interval,0.2
AST-00142,1,Asset criticality,8.0
AST-00142,2,Maintenance interval,3.62
AST-00142,3,Condition deterioration,3.52
AST-00142,4,Inspection decline,0.0
AST-00142,5,Recent incidents,0.0
AST-00143,1,Condition deterioration,8.23
AST-00143,2,Asset criticality,8.0
AST-00143,3,Recent incidents,5.0
AST-00143,4,Maintenance interval,1.05
AST-00143,5,Inspection decline,0.0
AST-00144,1,Recent incidents,5.0
AST-00144,2,Asset criticality,4.0
AST-00144,3,Maintenance interval,2.4
AST-00144,4,Inspection decline,1.01
AST-00144,5,Condition deterioration,0.0
AST-00145,1,Maintenance interval,8.32
AST-00145,2,Asset criticality,6.0
AST-00145,3,Inspection decline,4.83
AST-00145,4,Condition deterioration,0.0
AST-00145,5,Recent incidents,0.0
AST-00146,1,Asset criticality,10.0
AST-00146,2,Recent incidents,5.0
AST-00146,3,Inspection decline,4.34
AST-00146,4,Condition deterioration,3.52
AST-00146,5,Maintenance interval,1.58
AST-00147,1,Asset criticality,8.0
AST-00147,2,Recent incidents,5.0
AST-00147,3,Maintenance interval,1.05
AST-00147,4,Condition deterioration,0.0
AST-00147,5,Inspection decline,0.0
AST-00148,1,Condition deterioration,13.07
AST-00148,2,Inspection decline,6.49
AST-00148,3,Asset criticality,6.0
AST-00148,4,Maintenance interval,4.24
AST-00148,5,Recent incidents,0.0
AST-00149,1,Condition deterioration,8.3
AST-00149,2,Asset criticality,6.0
AST-00149,3,Maintenance interval,5.59
AST-00149,4,Inspection decline,4.18
AST-00149,5,Recent incidents,0.0
AST-00150,1,Condition deterioration,14.21
AST-00150,2,Asset criticality,6.0
AST-00150,3,Inspection decline,5.69
AST-00150,4,Recent incidents,5.0
AST-00150,5,Maintenance interval,4.21
AST-00151,1,Asset criticality,6.0
AST-00151,2,Maintenance interval,4.5
AST-00151,3,Condition deterioration,2.07
AST-00151,4,Inspection decline,0.0
AST-00151,5,Recent incidents,0.0
AST-00153,1,Condition deterioration,10.06
AST-00153,2,Asset criticality,6.0
AST-00153,3,Maintenance interval,4.11
AST-00153,4,Inspection decline,0.0
AST-00153,5,Recent incidents,0.0
AST-00184,1,Asset criticality,8.0
AST-00184,2,Maintenance interval,5.98
AST-00184,3,Condition deterioration,3.39
AST-00184,4,Inspection decline,0.0
AST-00184,5,Recent incidents,0.0
AST-00185,1,Maintenance interval,12.0
AST-00185,2,Asset criticality,4.0
AST-00185,3,Inspection decline,0.72
AST-00185,4,Condition deterioration,0.0
AST-00185,5,Recent incidents,0.0
AST-00186,1,Asset criticality,6.0
AST-00186,2,Maintenance interval,2.5
AST-00186,3,Inspection decline,0.63
AST-00186,4,Condition deterioration,0.0
AST-00186,5,Recent incidents,0.0
AST-00219,1,Recent incidents,5.0
AST-00219,2,Asset criticality,4.0
AST-00219,3,Maintenance interval,3.39
AST-00219,4,Condition deterioration,0.0
AST-00219,5,Inspection decline,0.0
AST-00220,1,Asset criticality,6.0
AST-00220,2,Maintenance interval,5.82
AST-00220,3,Recent incidents,5.0
AST-00220,4,Inspection decline,3.99
AST-00220,5,Condition deterioration,0.0
AST-00221,1,Maintenance interval,7.89
AST-00221,2,Asset criticality,4.0
AST-00221,3,Condition deterioration,1.82
AST-00221,4,Inspection decline,0.23
AST-00221,5,Recent incidents,0.0
AST-00222,1,Maintenance interval,11.31
AST-00222,2,Asset criticality,4.0
AST-00222,3,Inspection decline,0.4
AST-00222,4,Condition deterioration,0.0
AST-00222,5,Recent incidents,0.0
AST-00223,1,Maintenance interval,6.28
AST-00223,2,Asset criticality,6.0
AST-00223,3,Inspection decline,1.38
AST-00223,4,Condition deterioration,0.0
AST-00223,5,Recent incidents,0.0
AST-00224,1,Asset criticality,8.0
AST-00224,2,Maintenance interval,3.35
AST-00224,3,Condition deterioration,0.0
AST-00224,4,Inspection decline,0.0
AST-00224,5,Recent incidents,0.0
AST-00225,1,Asset criticality,6.0
AST-00225,2,Recent incidents,5.0
AST-00225,3,Maintenance interval,3.58
AST-00225,4,Condition deterioration,0.0
AST-00225,5,Inspection decline,0.0
AST-00226,1,Asset criticality,8.0
AST-00226,2,Recent incidents,5.0
AST-00226,3,Inspection decline,1.8
AST-00226,4,Maintenance interval,1.51
AST-00226,5,Condition deterioration,0.0
AST-00227,1,Condition deterioration,21.06
AST-00227,2,Asset criticality,6.0
AST-00227,3,Inspection decline,2.96
AST-00227,4,Maintenance interval,1.02
AST-00227,5,Recent incidents,0.0
AST-00228,1,Condition deterioration,9.81
AST-00228,2,Asset criticality,6.0
AST-00228,3,Recent incidents,5.0
AST-00228,4,Maintenance interval,2.47
AST-00228,5,Inspection decline,0.51
AST-00229,1,Maintenance interval,6.31
AST-00229,2,Asset criticality,6.0
AST-00229,3,Condition deterioration,0.0
AST-00229,4,Inspection decline,0.0
AST-00229,5,Recent incidents,0.0
AST-00230,1,Condition deterioration,19.93
AST-00230,2,Asset criticality,8.0
AST-00230,3,Recent incidents,5.0
AST-00230,4,Maintenance interval,3.65
AST-00230,5,Inspection decline,0.0
AST-00231,1,Maintenance interval,8.84
AST-00231,2,Asset criticality,6.0
AST-00231,3,Condition deterioration,5.78
AST-00231,4,Inspection decline,0.0
AST-00231,5,Recent incidents,0.0
AST-00232,1,Maintenance interval,7.36
AST-00232,2,Asset criticality,4.0
AST-00232,3,Inspection decline,2.1
AST-00232,4,Condition deterioration,0.0
AST-00232,5,Recent incidents,0.0
AST-00233,1,Condition deterioration,12.51
AST-00233,2,Inspection decline,4.69
AST-00233,3,Asset criticality,4.0
AST-00233,4,Maintenance interval,0.72
AST-00233,5,Recent incidents,0.0
AST-00234,1,Asset criticality,6.0
AST-00234,2,Maintenance interval,2.37
AST-00234,3,Inspection decline,0.3
AST-00234,4,Condition deterioration,0.0
AST-00234,5,Recent incidents,0.0
AST-00235,1,Asset criticality,4.0
AST-00235,2,Maintenance interval,0.89
AST-00235,3,Condition deterioration,0.0
AST-00235,4,Inspection decline,0.0
AST-00235,5,Recent incidents,0.0
AST-00236,1,Asset criticality,8.0
AST-00236,2,Condition deterioration,1.7
AST-00236,3,Maintenance interval,0.36
AST-00236,4,Inspection decline,0.0
AST-00236,5,Recent incidents,0.0
AST-00237,1,Maintenance interval,8.65
AST-00237,2,Asset criticality,6.0
AST-00237,3,Recent incidents,5.0
AST-00237,4,Inspection decline,0.26
AST-00237,5,Condition deterioration,0.0
AST-00238,1,Asset criticality,10.0
AST-00238,2,Recent incidents,5.0
AST-00238,3,Maintenance interval,1.94
AST-00238,4,Condition deterioration,0.0
AST-00238,5,Inspection decline,0.0
AST-00239,1,Maintenance interval,8.15
AST-00239,2,Inspection decline,3.06
AST-00239,3,Asset criticality,2.0
AST-00239,4,Condition deterioration,0.0
AST-00239,5,Recent incidents,0.0
AST-00240,1,Condition deterioration,15.9
AST-00240,2,Repeat-failure signal,12.0
AST-00240,3,Recent incidents,10.0
AST-00240,4,Asset criticality,6.0
AST-00240,5,Maintenance interval,4.18
AST-00241,1,Maintenance interval,6.35
AST-00241,2,Recent incidents,5.0
AST-00241,3,Asset criticality,4.0
AST-00241,4,Inspection decline,2.64
AST-00241,5,Condition deterioration,0.0
AST-00242,1,Condition deterioration,8.49
AST-00242,2,Asset criticality,6.0
AST-00242,3,Maintenance interval,3.78
AST-00242,4,Inspection decline,1.8
AST-00242,5,Recent incidents,0.0
AST-00243,1,Asset criticality,6.0
AST-00243,2,Inspection decline,2.76
AST-00243,3,Maintenance interval,2.01
AST-00243,4,Condition deterioration,0.0
AST-00243,5,Recent incidents,0.0
AST-00244,1,Inspection decline,4.57
AST-00244,2,Maintenance interval,3.12
AST-00244,3,Asset criticality,2.0
AST-00244,4,Condition deterioration,0.0
AST-00244,5,Recent incidents,0.0
AST-00245,1,Condition deterioration,6.29
AST-00245,2,Asset criticality,6.0
AST-00245,3,Inspection decline,2.28
AST-00245,4,Maintenance interval,1.22
AST-00245,5,Recent incidents,0.0
AST-00218,1,Condition deterioration,8.74
AST-00218,2,Asset criticality,8.0
AST-00218,3,Maintenance interval,2.93
AST-00218,4,Inspection decline,2.22
AST-00218,5,Recent incidents,0.0
AST-00217,1,Asset criticality,8.0
AST-00217,2,Maintenance interval,0.3
AST-00217,3,Condition deterioration,0.0
AST-00217,4,Inspection decline,0.0
AST-00217,5,Recent incidents,0.0
AST-00216,1,Repeat-failure signal,12.0
AST-00216,2,Recent incidents,10.0
AST-00216,3,Asset criticality,4.0
AST-00216,4,Maintenance interval,1.25
AST-00216,5,Condition deterioration,0.0
AST-00215,1,Maintenance interval,9.04
AST-00215,2,Asset criticality,6.0
AST-00215,3,Condition deterioration,0.0
AST-00215,4,Inspection decline,0.0
AST-00215,5,Recent incidents,0.0
AST-00187,1,Asset criticality,6.0
AST-00187,2,Recent incidents,5.0
AST-00187,3,Maintenance interval,4.83
AST-00187,4,Condition deterioration,0.0
AST-00187,5,Inspection decline,0.0
AST-00188,1,Asset criticality,8.0
AST-00188,2,Inspection decline,3.64
AST-00188,3,Maintenance interval,3.06
AST-00188,4,Condition deterioration,0.0
AST-00188,5,Recent incidents,0.0
AST-00189,1,Asset criticality,6.0
AST-00189,2,Recent incidents,5.0
AST-00189,3,Maintenance interval,0.95
AST-00189,4,Condition deterioration,0.0
AST-00189,5,Inspection decline,0.0
AST-00190,1,Asset criticality,6.0
AST-00190,2,Maintenance interval,0.07
AST-00190,3,Condition deterioration,0.0
AST-00190,4,Inspection decline,0.0
AST-00190,5,Recent incidents,0.0
AST-00191,1,Asset criticality,6.0
AST-00191,2,Recent incidents,5.0
AST-00191,3,Maintenance interval,2.43
AST-00191,4,Condition deterioration,0.0
AST-00191,5,Inspection decline,0.0
AST-00192,1,Condition deterioration,8.11
AST-00192,2,Asset criticality,8.0
AST-00192,3,Inspection decline,1.87
AST-00192,4,Maintenance interval,1.35
AST-00192,5,Recent incidents,0.0
AST-00193,1,Asset criticality,8.0
AST-00193,2,Maintenance interval,3.22
AST-00193,3,Inspection decline,1.07
AST-00193,4,Condition deterioration,0.0
AST-00193,5,Recent incidents,0.0
AST-00194,1,Asset criticality,6.0
AST-00194,2,Maintenance interval,2.43
AST-00194,3,Inspection decline,0.81
AST-00194,4,Condition deterioration,0.0
AST-00194,5,Recent incidents,0.0
AST-00195,1,Maintenance interval,6.21
AST-00195,2,Asset criticality,6.0
AST-00195,3,Recent incidents,5.0
AST-00195,4,Condition deterioration,4.09
AST-00195,5,Inspection decline,0.0
AST-00196,1,Condition deterioration,13.14
AST-00196,2,Maintenance interval,12.0
AST-00196,3,Asset criticality,4.0
AST-00196,4,Inspection decline,2.1
AST-00196,5,Recent incidents,0.0
AST-00197,1,Asset criticality,8.0
AST-00197,2,Maintenance interval,5.36
AST-00197,3,Inspection decline,0.93
AST-00197,4,Condition deterioration,0.0
AST-00197,5,Recent incidents,0.0
AST-00198,1,Condition deterioration,13.45
AST-00198,2,Inspection decline,4.64
AST-00198,3,Asset criticality,2.0
AST-00198,4,Maintenance interval,1.32
AST-00198,5,Recent incidents,0.0
AST-00199,1,Recent incidents,15.0
AST-00199,2,Repeat-failure signal,12.0
AST-00199,3,Asset criticality,8.0
AST-00199,4,Maintenance interval,0.56
AST-00199,5,Condition deterioration,0.0
AST-00124,1,Maintenance interval,10.19
AST-00124,2,Asset criticality,4.0
AST-00124,3,Inspection decline,2.17
AST-00124,4,Condition deterioration,1.95
AST-00124,5,Recent incidents,0.0
AST-00200,1,Asset criticality,6.0
AST-00200,2,Inspection decline,4.71
AST-00200,3,Maintenance interval,2.14
AST-00200,4,Condition deterioration,0.0
AST-00200,5,Recent incidents,0.0
AST-00202,1,Maintenance interval,6.25
AST-00202,2,Asset criticality,4.0
AST-00202,3,Condition deterioration,0.0
AST-00202,4,Inspection decline,0.0
AST-00202,5,Recent incidents,0.0
AST-00203,1,Asset criticality,6.0
AST-00203,2,Inspection decline,4.78
AST-00203,3,Maintenance interval,3.98
AST-00203,4,Condition deterioration,0.0
AST-00203,5,Recent incidents,0.0
AST-00204,1,Asset criticality,10.0
AST-00204,2,Maintenance interval,6.15
AST-00204,3,Inspection decline,1.64
AST-00204,4,Condition deterioration,0.0
AST-00204,5,Recent incidents,0.0
AST-00205,1,Asset criticality,8.0
AST-00205,2,Recent incidents,5.0
AST-00205,3,Maintenance interval,4.96
AST-00205,4,Condition deterioration,0.0
AST-00205,5,Inspection decline,0.0
AST-00206,1,Condition deterioration,6.85
AST-00206,2,Asset criticality,6.0
AST-00206,3,Recent incidents,5.0
AST-00206,4,Maintenance interval,4.83
AST-00206,5,Inspection decline,2.36
AST-00207,1,Maintenance interval,7.43
AST-00207,2,Asset criticality,6.0
AST-00207,3,Condition deterioration,0.0
AST-00207,4,Inspection decline,0.0
AST-00207,5,Recent incidents,0.0
AST-00208,1,Condition deterioration,10.56
AST-00208,2,Asset criticality,6.0
AST-00208,3,Recent incidents,5.0
AST-00208,4,Maintenance interval,4.96
AST-00208,5,Inspection decline,2.26
AST-00209,1,Maintenance interval,7.5
AST-00209,2,Asset criticality,6.0
AST-00209,3,Inspection decline,3.32
AST-00209,4,Condition deterioration,0.0
AST-00209,5,Recent incidents,0.0
AST-00210,1,Asset criticality,6.0
AST-00210,2,Recent incidents,5.0
AST-00210,3,Maintenance interval,1.74
AST-00210,4,Condition deterioration,0.0
AST-00210,5,Inspection decline,0.0
AST-00211,1,Maintenance interval,7.56
AST-00211,2,Asset criticality,6.0
AST-00211,3,Inspection decline,4.32
AST-00211,4,Condition deterioration,2.95
AST-00211,5,Recent incidents,0.0
AST-00212,1,Maintenance interval,8.45
AST-00212,2,Asset criticality,4.0
AST-00212,3,Inspection decline,1.71
AST-00212,4,Condition deterioration,0.0
AST-00212,5,Recent incidents,0.0
AST-00213,1,Condition deterioration,6.85
AST-00213,2,Asset criticality,6.0
AST-00213,3,Inspection decline,2.85
AST-00213,4,Maintenance interval,1.22
AST-00213,5,Recent incidents,0.0
AST-00214,1,Repeat-failure signal,12.0
AST-00214,2,Recent incidents,10.0
AST-00214,3,Asset criticality,8.0
AST-00214,4,Inspection decline,5.11
AST-00214,5,Open critical work,5.0
AST-00201,1,Asset criticality,10.0
AST-00201,2,Inspection decline,5.67
AST-00201,3,Maintenance interval,4.57
AST-00201,4,Condition deterioration,2.14
AST-00201,5,Recent incidents,0.0
AST-00246,1,Asset criticality,10.0
AST-00246,2,Condition deterioration,5.66
AST-00246,3,Inspection decline,1.47
AST-00246,4,Maintenance interval,1.08
AST-00246,5,Recent incidents,0.0
AST-00123,1,Asset criticality,8.0
AST-00123,2,Recent incidents,5.0
AST-00123,3,Maintenance interval,2.7
AST-00123,4,Condition deterioration,1.13
AST-00123,5,Inspection decline,0.0
AST-00121,1,Condition deterioration,10.87
AST-00121,2,Asset criticality,8.0
AST-00121,3,Maintenance interval,3.45
AST-00121,4,Inspection decline,0.63
AST-00121,5,Recent incidents,0.0
AST-00031,1,Asset criticality,6.0
AST-00031,2,Maintenance interval,1.38
AST-00031,3,Inspection decline,1.14
AST-00031,4,Condition deterioration,0.0
AST-00031,5,Recent incidents,0.0
AST-00032,1,Asset criticality,6.0
AST-00032,2,Maintenance interval,5.88
AST-00032,3,Condition deterioration,0.0
AST-00032,4,Inspection decline,0.0
AST-00032,5,Recent incidents,0.0
AST-00033,1,Asset criticality,6.0
AST-00033,2,Maintenance interval,4.5
AST-00033,3,Condition deterioration,0.0
AST-00033,4,Inspection decline,0.0
AST-00033,5,Recent incidents,0.0
AST-00034,1,Maintenance interval,5.88
AST-00034,2,Condition deterioration,4.71
AST-00034,3,Asset criticality,4.0
AST-00034,4,Inspection decline,0.0
AST-00034,5,Recent incidents,0.0
AST-00035,1,Condition deterioration,9.18
AST-00035,2,Asset criticality,6.0
AST-00035,3,Inspection decline,5.25
AST-00035,4,Maintenance interval,4.04
AST-00035,5,Recent incidents,0.0
AST-00036,1,Maintenance interval,11.8
AST-00036,2,Asset criticality,4.0
AST-00036,3,Inspection decline,0.02
AST-00036,4,Condition deterioration,0.0
AST-00036,5,Recent incidents,0.0
AST-00037,1,Repeat-failure signal,12.0
AST-00037,2,Recent incidents,10.0
AST-00037,3,Asset criticality,8.0
AST-00037,4,Inspection decline,2.31
AST-00037,5,Condition deterioration,2.2
AST-00038,1,Asset criticality,4.0
AST-00038,2,Maintenance interval,0.76
AST-00038,3,Condition deterioration,0.0
AST-00038,4,Inspection decline,0.0
AST-00038,5,Recent incidents,0.0
AST-00039,1,Condition deterioration,9.99
AST-00039,2,Asset criticality,8.0
AST-00039,3,Recent incidents,5.0
AST-00039,4,Maintenance interval,0.72
AST-00039,5,Inspection decline,0.0
AST-00040,1,Maintenance interval,12.0
AST-00040,2,Inspection decline,4.67
AST-00040,3,Asset criticality,4.0
AST-00040,4,Condition deterioration,0.0
AST-00040,5,Recent incidents,0.0
AST-00041,1,Maintenance interval,9.73
AST-00041,2,Asset criticality,6.0
AST-00041,3,Inspection decline,2.29
AST-00041,4,Condition deterioration,0.0
AST-00041,5,Recent incidents,0.0
AST-00042,1,Asset criticality,6.0
AST-00042,2,Recent incidents,5.0
AST-00042,3,Condition deterioration,3.08
AST-00042,4,Maintenance interval,0.66
AST-00042,5,Inspection decline,0.07
AST-00043,1,Asset criticality,10.0
AST-00043,2,Maintenance interval,4.21
AST-00043,3,Inspection decline,0.07
AST-00043,4,Condition deterioration,0.0
AST-00043,5,Recent incidents,0.0
AST-00044,1,Asset criticality,8.0
AST-00044,2,Maintenance interval,0.46
AST-00044,3,Condition deterioration,0.0
AST-00044,4,Inspection decline,0.0
AST-00044,5,Recent incidents,0.0
AST-00045,1,Asset criticality,6.0
AST-00045,2,Maintenance interval,4.14
AST-00045,3,Inspection decline,0.16
AST-00045,4,Condition deterioration,0.0
AST-00045,5,Recent incidents,0.0
AST-00046,1,Condition deterioration,8.99
AST-00046,2,Asset criticality,8.0
AST-00046,3,Maintenance interval,5.26
AST-00046,4,Inspection decline,4.71
AST-00046,5,Recent incidents,0.0
AST-00047,1,Inspection decline,7.4
AST-00047,2,Maintenance interval,2.76
AST-00047,3,Asset criticality,2.0
AST-00047,4,Condition deterioration,0.0
AST-00047,5,Recent incidents,0.0
AST-00048,1,Asset criticality,6.0
AST-00048,2,Inspection decline,2.57
AST-00048,3,Maintenance interval,0.43
AST-00048,4,Condition deterioration,0.19
AST-00048,5,Recent incidents,0.0
AST-00049,1,Asset criticality,10.0
AST-00049,2,Maintenance interval,2.7
AST-00049,3,Inspection decline,0.03
AST-00049,4,Condition deterioration,0.0
AST-00049,5,Recent incidents,0.0
AST-00050,1,Asset criticality,6.0
AST-00050,2,Recent incidents,5.0
AST-00050,3,Inspection decline,2.94
AST-00050,4,Condition deterioration,1.7
AST-00050,5,Maintenance interval,0.53
AST-00051,1,Asset criticality,6.0
AST-00051,2,Maintenance interval,2.47
AST-00051,3,Condition deterioration,0.0
AST-00051,4,Inspection decline,0.0
AST-00051,5,Recent incidents,0.0
AST-00052,1,Asset criticality,8.0
AST-00052,2,Maintenance interval,2.89
AST-00052,3,Inspection decline,0.21
AST-00052,4,Condition deterioration,0.0
AST-00052,5,Recent incidents,0.0
AST-00053,1,Asset criticality,8.0
AST-00053,2,Maintenance interval,4.21
AST-00053,3,Inspection decline,0.65
AST-00053,4,Condition deterioration,0.0
AST-00053,5,Recent incidents,0.0
AST-00054,1,Maintenance interval,5.85
AST-00054,2,Condition deterioration,2.95
AST-00054,3,Asset criticality,2.0
AST-00054,4,Inspection decline,0.0
AST-00054,5,Recent incidents,0.0
AST-00055,1,Condition deterioration,6.1
AST-00055,2,Maintenance interval,5.26
AST-00055,3,Inspection decline,5.16
AST-00055,4,Asset criticality,4.0
AST-00055,5,Recent incidents,0.0
AST-00056,1,Asset criticality,6.0
AST-00056,2,Maintenance interval,4.7
AST-00056,3,Inspection decline,0.79
AST-00056,4,Condition deterioration,0.0
AST-00056,5,Recent incidents,0.0
AST-00057,1,Condition deterioration,6.35
AST-00057,2,Maintenance interval,5.92
AST-00057,3,Inspection decline,4.45
AST-00057,4,Asset criticality,4.0
AST-00057,5,Recent incidents,0.0
AST-00030,1,Maintenance interval,9.14
AST-00030,2,Asset criticality,6.0
AST-00030,3,Condition deterioration,0.0
AST-00030,4,Inspection decline,0.0
AST-00030,5,Recent incidents,0.0
AST-00058,1,Repeat-failure signal,12.0
AST-00058,2,Recent incidents,10.0
AST-00058,3,Asset criticality,10.0
AST-00058,4,Inspection decline,3.83
AST-00058,5,Maintenance interval,1.64
AST-00029,1,Asset criticality,8.0
AST-00029,2,Recent incidents,5.0
AST-00029,3,Maintenance interval,0.79
AST-00029,4,Condition deterioration,0.0
AST-00029,5,Inspection decline,0.0
AST-00027,1,Asset criticality,8.0
AST-00027,2,Maintenance interval,7.07
AST-00027,3,Condition deterioration,0.0
AST-00027,4,Inspection decline,0.0
AST-00027,5,Recent incidents,0.0
AST-00999,1,Maintenance interval,5.1
AST-00999,2,Inspection decline,2.21
AST-00999,3,Asset criticality,2.0
AST-00999,4,Condition deterioration,0.19
AST-00999,5,Recent incidents,0.0
AST-00001,1,Condition deterioration,16.66
AST-00001,2,Asset criticality,8.0
AST-00001,3,Inspection decline,4.62
AST-00001,4,Maintenance interval,1.84
AST-00001,5,Recent incidents,0.0
AST-00002,1,Maintenance interval,8.55
AST-00002,2,Asset criticality,4.0
AST-00002,3,Condition deterioration,0.0
AST-00002,4,Inspection decline,0.0
AST-00002,5,Recent incidents,0.0
AST-00003,1,Asset criticality,4.0
AST-00003,2,Maintenance interval,2.93
AST-00003,3,Condition deterioration,0.0
AST-00003,4,Inspection decline,0.0
AST-00003,5,Recent incidents,0.0
AST-00004,1,Asset criticality,8.0
AST-00004,2,Condition deterioration,4.46
AST-00004,3,Maintenance interval,1.35
AST-00004,4,Inspection decline,0.0
AST-00004,5,Recent incidents,0.0
AST-00005,1,Condition deterioration,11.19
AST-00005,2,Asset criticality,8.0
AST-00005,3,Inspection decline,2.7
AST-00005,4,Maintenance interval,0.3
AST-00005,5,Recent incidents,0.0
AST-00006,1,Asset criticality,6.0
AST-00006,2,Maintenance interval,1.58
AST-00006,3,Inspection decline,0.65
AST-00006,4,Condition deterioration,0.0
AST-00006,5,Recent incidents,0.0
AST-00007,1,Maintenance interval,8.94
AST-00007,2,Asset criticality,4.0
AST-00007,3,Condition deterioration,0.82
AST-00007,4,Inspection decline,0.07
AST-00007,5,Recent incidents,0.0
AST-00008,1,Asset criticality,4.0
AST-00008,2,Maintenance interval,3.48
AST-00008,3,Condition deterioration,0.0
AST-00008,4,Inspection decline,0.0
AST-00008,5,Recent incidents,0.0
AST-00009,1,Repeat-failure signal,12.0
AST-00009,2,Recent incidents,10.0
AST-00009,3,Asset criticality,4.0
AST-00009,4,Condition deterioration,2.33
AST-00009,5,Maintenance interval,1.58
AST-00010,1,Maintenance interval,9.44
AST-00010,2,Condition deterioration,2.14
AST-00010,3,Asset criticality,2.0
AST-00010,4,Inspection decline,0.0
AST-00010,5,Recent incidents,0.0
AST-00011,1,Asset criticality,6.0
AST-00011,2,Maintenance interval,4.14
AST-00011,3,Condition deterioration,2.89
AST-00011,4,Inspection decline,0.0
AST-00011,5,Recent incidents,0.0
AST-00012,1,Asset criticality,8.0
AST-00012,2,Maintenance interval,1.32
AST-00012,3,Condition deterioration,0.0
AST-00012,4,Inspection decline,0.0
AST-00012,5,Recent incidents,0.0
AST-00013,1,Asset criticality,6.0
AST-00013,2,Maintenance interval,0.49
AST-00013,3,Condition deterioration,0.0
AST-00013,4,Inspection decline,0.0
AST-00013,5,Recent incidents,0.0
AST-00014,1,Condition deterioration,6.41
AST-00014,2,Maintenance interval,4.11
AST-00014,3,Asset criticality,2.0
AST-00014,4,Inspection decline,0.0
AST-00014,5,Recent incidents,0.0
AST-00015,1,Condition deterioration,8.42
AST-00015,2,Maintenance interval,7.23
AST-00015,3,Asset criticality,6.0
AST-00015,4,Inspection decline,5.6
AST-00015,5,Recent incidents,0.0
AST-00016,1,Asset criticality,6.0
AST-00016,2,Maintenance interval,4.44
AST-00016,3,Condition deterioration,0.0
AST-00016,4,Inspection decline,0.0
AST-00016,5,Recent incidents,0.0
AST-00017,1,Asset criticality,10.0
AST-00017,2,Condition deterioration,4.27
AST-00017,3,Inspection decline,2.29
AST-00017,4,Maintenance interval,1.71
AST-00017,5,Recent incidents,0.0
AST-00018,1,Condition deterioration,10.87
AST-00018,2,Inspection decline,8.08
AST-00018,3,Asset criticality,4.0
AST-00018,4,Maintenance interval,1.32
AST-00018,5,Recent incidents,0.0
AST-00019,1,Asset criticality,6.0
AST-00019,2,Condition deterioration,4.34
AST-00019,3,Maintenance interval,4.24
AST-00019,4,Inspection decline,2.17
AST-00019,5,Recent incidents,0.0
AST-00020,1,Asset criticality,10.0
AST-00020,2,Recent incidents,5.0
AST-00020,3,Maintenance interval,3.55
AST-00020,4,Inspection decline,2.17
AST-00020,5,Condition deterioration,0.0
AST-00021,1,Asset criticality,8.0
AST-00021,2,Inspection decline,2.15
AST-00021,3,Maintenance interval,0.43
AST-00021,4,Condition deterioration,0.0
AST-00021,5,Recent incidents,0.0
AST-00022,1,Condition deterioration,13.07
AST-00022,2,Asset criticality,8.0
AST-00022,3,Inspection decline,7.65
AST-00022,4,Maintenance interval,0.33
AST-00022,5,Recent incidents,0.0
AST-00023,1,Asset criticality,6.0
AST-00023,2,Condition deterioration,5.09
AST-00023,3,Maintenance interval,3.32
AST-00023,4,Inspection decline,1.31
AST-00023,5,Recent incidents,0.0
AST-00024,1,Asset criticality,8.0
AST-00024,2,Maintenance interval,3.32
AST-00024,3,Condition deterioration,2.95
AST-00024,4,Inspection decline,0.0
AST-00024,5,Recent incidents,0.0
AST-00025,1,Asset criticality,8.0
AST-00025,2,Maintenance interval,0.99
AST-00025,3,Inspection decline,0.09
AST-00025,4,Condition deterioration,0.0
AST-00025,5,Recent incidents,0.0
AST-00026,1,Inspection decline,5.46
AST-00026,2,Recent incidents,5.0
AST-00026,3,Asset criticality,4.0
AST-00026,4,Maintenance interval,2.2
AST-00026,5,Condition deterioration,0.0
AST-00028,1,Condition deterioration,9.81
AST-00028,2,Inspection decline,4.25
AST-00028,3,Maintenance interval,4.21
AST-00028,4,Asset criticality,4.0
AST-00028,5,Recent incidents,0.0
AST-00059,1,Maintenance interval,6.21
AST-00059,2,Asset criticality,6.0
AST-00059,3,Condition deterioration,0.0
AST-00059,4,Inspection decline,0.0
AST-00059,5,Recent incidents,0.0
AST-00060,1,Maintenance interval,10.92
AST-00060,2,Condition deterioration,3.77
AST-00060,3,Asset criticality,2.0
AST-00060,4,Inspection decline,1.33
AST-00060,5,Recent incidents,0.0
AST-00061,1,Condition deterioration,13.33
AST-00061,2,Asset criticality,4.0
AST-00061,3,Inspection decline,2.5
AST-00061,4,Maintenance interval,1.15
AST-00061,5,Recent incidents,0.0
AST-00094,1,Asset criticality,6.0
AST-00094,2,Maintenance interval,4.04
AST-00094,3,Inspection decline,1.49
AST-00094,4,Condition deterioration,0.0
AST-00094,5,Recent incidents,0.0
AST-00095,1,Maintenance interval,12.0
AST-00095,2,Asset criticality,4.0
AST-00095,3,Condition deterioration,0.0
AST-00095,4,Inspection decline,0.0
AST-00095,5,Recent incidents,0.0
AST-00096,1,Condition deterioration,13.89
AST-00096,2,Asset criticality,6.0
AST-00096,3,Inspection decline,3.45
AST-00096,4,Maintenance interval,1.22
AST-00096,5,Recent incidents,0.0
AST-00097,1,Condition deterioration,21.87
AST-00097,2,Repeat-failure signal,12.0
AST-00097,3,Recent incidents,10.0
AST-00097,4,Maintenance interval,7.23
AST-00097,5,Asset criticality,4.0
AST-00098,1,Asset criticality,8.0
AST-00098,2,Condition deterioration,6.16
AST-00098,3,Inspection decline,3.2
AST-00098,4,Maintenance interval,1.25
AST-00098,5,Recent incidents,0.0
AST-00099,1,Asset criticality,8.0
AST-00099,2,Recent incidents,5.0
AST-00099,3,Condition deterioration,3.9
AST-00099,4,Inspection decline,3.82
AST-00099,5,Maintenance interval,3.06
AST-00100,1,Asset criticality,6.0
AST-00100,2,Maintenance interval,1.64
AST-00100,3,Condition deterioration,0.0
AST-00100,4,Inspection decline,0.0
AST-00100,5,Recent incidents,0.0
AST-00101,1,Condition deterioration,7.42
AST-00101,2,Asset criticality,6.0
AST-00101,3,Recent incidents,5.0
AST-00101,4,Maintenance interval,1.25
AST-00101,5,Inspection decline,0.0
AST-00102,1,Condition deterioration,10.81
AST-00102,2,Inspection decline,8.84
AST-00102,3,Asset criticality,6.0
AST-00102,4,Maintenance interval,1.18
AST-00102,5,Recent incidents,0.0
AST-00103,1,Maintenance interval,4.6
AST-00103,2,Asset criticality,4.0
AST-00103,3,Inspection decline,1.98
AST-00103,4,Condition deterioration,0.0
AST-00103,5,Recent incidents,0.0
AST-00104,1,Asset criticality,4.0
AST-00104,2,Maintenance interval,3.85
AST-00104,3,Inspection decline,1.19
AST-00104,4,Condition deterioration,0.0
AST-00104,5,Recent incidents,0.0
AST-00105,1,Condition deterioration,5.22
AST-00105,2,Maintenance interval,4.7
AST-00105,3,Asset criticality,4.0
AST-00105,4,Inspection decline,2.8
AST-00105,5,Recent incidents,0.0
AST-00106,1,Repeat-failure signal,12.0
AST-00106,2,Recent incidents,10.0
AST-00106,3,Asset criticality,6.0
AST-00106,4,Maintenance interval,1.48
AST-00106,5,Condition deterioration,0.0
AST-00107,1,Maintenance interval,11.51
AST-00107,2,Condition deterioration,5.22
AST-00107,3,Asset criticality,4.0
AST-00107,4,Inspection decline,3.62
AST-00107,5,Recent incidents,0.0
AST-00108,1,Maintenance interval,6.25
AST-00108,2,Asset criticality,6.0
AST-00108,3,Inspection decline,0.19
AST-00108,4,Condition deterioration,0.0
AST-00108,5,Recent incidents,0.0
AST-00109,1,Asset criticality,8.0
AST-00109,2,Maintenance interval,2.4
AST-00109,3,Inspection decline,0.54
AST-00109,4,Condition deterioration,0.06
AST-00109,5,Recent incidents,0.0
AST-00110,1,Maintenance interval,5.65
AST-00110,2,Inspection decline,4.5
AST-00110,3,Asset criticality,4.0
AST-00110,4,Condition deterioration,0.0
AST-00110,5,Recent incidents,0.0
AST-00111,1,Repeat-failure signal,12.0
AST-00111,2,Recent incidents,10.0
AST-00111,3,Asset criticality,6.0
AST-00111,4,Maintenance interval,2.4
AST-00111,5,Condition deterioration,0.0
AST-00112,1,Asset criticality,6.0
AST-00112,2,Maintenance interval,4.08
AST-00112,3,Condition deterioration,0.0
AST-00112,4,Inspection decline,0.0
AST-00112,5,Recent incidents,0.0
AST-00113,1,Asset criticality,8.0
AST-00113,2,Inspection decline,3.81
AST-00113,3,Maintenance interval,3.39
AST-00113,4,Condition deterioration,1.7
AST-00113,5,Recent incidents,0.0
AST-00114,1,Condition deterioration,10.12
AST-00114,2,Asset criticality,6.0
AST-00114,3,Recent incidents,5.0
AST-00114,4,Inspection decline,4.57
AST-00114,5,Maintenance interval,1.22
AST-00115,1,Condition deterioration,7.35
AST-00115,2,Maintenance interval,4.24
AST-00115,3,Asset criticality,4.0
AST-00115,4,Inspection decline,0.0
AST-00115,5,Recent incidents,0.0
AST-00116,1,Maintenance interval,8.71
AST-00116,2,Asset criticality,4.0
AST-00116,3,Inspection decline,1.89
AST-00116,4,Condition deterioration,0.0
AST-00116,5,Recent incidents,0.0
AST-00117,1,Condition deterioration,19.17
AST-00117,2,Inspection decline,6.42
AST-00117,3,Asset criticality,6.0
AST-00117,4,Maintenance interval,1.25
AST-00117,5,Recent incidents,0.0
AST-00118,1,Asset criticality,8.0
AST-00118,2,Maintenance interval,3.25
AST-00118,3,Condition deterioration,2.58
AST-00118,4,Inspection decline,0.0
AST-00118,5,Recent incidents,0.0
AST-00119,1,Inspection decline,6.02
AST-00119,2,Recent incidents,5.0
AST-00119,3,Maintenance interval,2.43
AST-00119,4,Asset criticality,2.0
AST-00119,5,Condition deterioration,0.0
AST-00120,1,Asset criticality,8.0
AST-00120,2,Maintenance interval,5.92
AST-00120,3,Inspection decline,3.05
AST-00120,4,Condition deterioration,0.0
AST-00120,5,Recent incidents,0.0
AST-00093,1,Condition deterioration,11.13
AST-00093,2,Asset criticality,6.0
AST-00093,3,Open critical work,5.0
AST-00093,4,Inspection decline,4.08
AST-00093,5,Maintenance interval,1.02
AST-00092,1,Asset criticality,4.0
AST-00092,2,Maintenance interval,1.35
AST-00092,3,Condition deterioration,0.0
AST-00092,4,Inspection decline,0.0
AST-00092,5,Recent incidents,0.0
AST-00091,1,Condition deterioration,21.12
AST-00091,2,Maintenance interval,8.81
AST-00091,3,Asset criticality,4.0
AST-00091,4,Inspection decline,0.0
AST-00091,5,Recent incidents,0.0
AST-00090,1,Asset criticality,8.0
AST-00090,2,Maintenance interval,1.84
AST-00090,3,Inspection decline,1.44
AST-00090,4,Condition deterioration,0.0
AST-00090,5,Recent incidents,0.0
AST-00062,1,Maintenance interval,8.22
AST-00062,2,Asset criticality,2.0
AST-00062,3,Condition deterioration,0.0
AST-00062,4,Inspection decline,0.0
AST-00062,5,Recent incidents,0.0
AST-00063,1,Asset criticality,6.0
AST-00063,2,Maintenance interval,4.24
AST-00063,3,Condition deterioration,0.0
AST-00063,4,Inspection decline,0.0
AST-00063,5,Recent incidents,0.0
AST-00064,1,Condition deterioration,12.89
AST-00064,2,Asset criticality,6.0
AST-00064,3,Maintenance interval,5.98
AST-00064,4,Inspection decline,3.62
AST-00064,5,Recent incidents,0.0
AST-00065,1,Maintenance interval,8.15
AST-00065,2,Asset criticality,6.0
AST-00065,3,Inspection decline,0.37
AST-00065,4,Condition deterioration,0.0
AST-00065,5,Recent incidents,0.0
AST-00066,1,Asset criticality,8.0
AST-00066,2,Inspection decline,4.25
AST-00066,3,Maintenance interval,1.25
AST-00066,4,Condition deterioration,0.0
AST-00066,5,Recent incidents,0.0
AST-00067,1,Asset criticality,8.0
AST-00067,2,Maintenance interval,5.85
AST-00067,3,Condition deterioration,5.66
AST-00067,4,Inspection decline,1.38
AST-00067,5,Recent incidents,0.0
AST-00068,1,Condition deterioration,14.39
AST-00068,2,Asset criticality,6.0
AST-00068,3,Inspection decline,4.74
AST-00068,4,Maintenance interval,2.56
AST-00068,5,Recent incidents,0.0
AST-00069,1,Maintenance interval,8.28
AST-00069,2,Asset criticality,2.0
AST-00069,3,Inspection decline,1.78
AST-00069,4,Condition deterioration,0.0
AST-00069,5,Recent incidents,0.0
AST-00070,1,Asset criticality,8.0
AST-00070,2,Inspection decline,2.15
AST-00070,3,Maintenance interval,0.39
AST-00070,4,Condition deterioration,0.0
AST-00070,5,Recent incidents,0.0
AST-00071,1,Asset criticality,8.0
AST-00071,2,Maintenance interval,4.47
AST-00071,3,Condition deterioration,0.0
AST-00071,4,Inspection decline,0.0
AST-00071,5,Recent incidents,0.0
AST-00072,1,Repeat-failure signal,12.0
AST-00072,2,Recent incidents,10.0
AST-00072,3,Asset criticality,8.0
AST-00072,4,Maintenance interval,2.63
AST-00072,5,Condition deterioration,0.44
AST-00073,1,Asset criticality,8.0
AST-00073,2,Recent incidents,5.0
AST-00073,3,Maintenance interval,4.96
AST-00073,4,Inspection decline,3.83
AST-00073,5,Condition deterioration,0.0
AST-00074,1,Maintenance interval,12.0
AST-00074,2,Asset criticality,4.0
AST-00074,3,Condition deterioration,0.0
AST-00074,4,Inspection decline,0.0
AST-00074,5,Recent incidents,0.0
AST-00122,1,Condition deterioration,8.23
AST-00122,2,Asset criticality,6.0
AST-00122,3,Maintenance interval,3.45
AST-00122,4,Inspection decline,0.0
AST-00122,5,Recent incidents,0.0
AST-00075,1,Asset criticality,10.0
AST-00075,2,Condition deterioration,7.73
AST-00075,3,Maintenance interval,4.04
AST-00075,4,Inspection decline,3.99
AST-00075,5,Recent incidents,0.0
AST-00077,1,Repeat-failure signal,12.0
AST-00077,2,Recent incidents,10.0
AST-00077,3,Asset criticality,8.0
AST-00077,4,Condition deterioration,5.66
AST-00077,5,Maintenance interval,5.52
AST-00078,1,Asset criticality,4.0
AST-00078,2,Maintenance interval,3.85
AST-00078,3,Condition deterioration,1.76
AST-00078,4,Inspection decline,0.0
AST-00078,5,Recent incidents,0.0
AST-00079,1,Maintenance interval,9.4
AST-00079,2,Asset criticality,4.0
AST-00079,3,Inspection decline,2.1
AST-00079,4,Condition deterioration,0.0
AST-00079,5,Recent incidents,0.0
AST-00080,1,Asset criticality,10.0
AST-00080,2,Inspection decline,3.6
AST-00080,3,Maintenance interval,2.63
AST-00080,4,Condition deterioration,0.0
AST-00080,5,Recent incidents,0.0
AST-00081,1,Asset criticality,6.0
AST-00081,2,Condition deterioration,5.85
AST-00081,3,Inspection decline,1.89
AST-00081,4,Maintenance interval,1.08
AST-00081,5,Recent incidents,0.0
AST-00082,1,Asset criticality,8.0
AST-00082,2,Maintenance interval,3.72
AST-00082,3,Inspection decline,1.8
AST-00082,4,Condition deterioration,0.0
AST-00082,5,Recent incidents,0.0
AST-00083,1,Maintenance interval,6.97
AST-00083,2,Asset criticality,6.0
AST-00083,3,Recent incidents,5.0
AST-00083,4,Inspection decline,3.24
AST-00083,5,Condition deterioration,0.0
AST-00084,1,Asset criticality,6.0
AST-00084,2,Maintenance interval,2.2
AST-00084,3,Inspection decline,1.43
AST-00084,4,Condition deterioration,0.63
AST-00084,5,Recent incidents,0.0
AST-00085,1,Asset criticality,10.0
AST-00085,2,Maintenance interval,6.31
AST-00085,3,Inspection decline,2.07
AST-00085,4,Condition deterioration,0.0
AST-00085,5,Recent incidents,0.0
AST-00086,1,Maintenance interval,12.0
AST-00086,2,Asset criticality,6.0
AST-00086,3,Condition deterioration,4.15
AST-00086,4,Inspection decline,0.0
AST-00086,5,Recent incidents,0.0
AST-00087,1,Condition deterioration,6.47
AST-00087,2,Asset criticality,2.0
AST-00087,3,Maintenance interval,1.18
AST-00087,4,Inspection decline,0.0
AST-00087,5,Recent incidents,0.0
AST-00088,1,Asset criticality,4.0
AST-00088,2,Maintenance interval,3.85
AST-00088,3,Inspection decline,0.35
AST-00088,4,Condition deterioration,0.0
AST-00088,5,Recent incidents,0.0
AST-00089,1,Asset criticality,8.0
AST-00089,2,Inspection decline,4.55
AST-00089,3,Maintenance interval,4.18
AST-00089,4,Condition deterioration,0.38
AST-00089,5,Recent incidents,0.0
AST-00076,1,Maintenance interval,5.03
AST-00076,2,Inspection decline,4.9
AST-00076,3,Asset criticality,4.0
AST-00076,4,Condition deterioration,0.0
AST-00076,5,Recent incidents,0.0
AST-00247,1,Asset criticality,6.0
AST-00247,2,Maintenance interval,4.01
AST-00247,3,Inspection decline,0.21
AST-00247,4,Condition deterioration,0.0
AST-00247,5,Recent incidents,0.0
AST-00248,1,Inspection decline,8.54
AST-00248,2,Asset criticality,6.0
AST-00248,3,Condition deterioration,5.91
AST-00248,4,Maintenance interval,1.64
AST-00248,5,Recent incidents,0.0
AST-00249,1,Asset criticality,8.0
AST-00249,2,Inspection decline,3.17
AST-00249,3,Maintenance interval,2.37
AST-00249,4,Condition deterioration,0.0
AST-00249,5,Recent incidents,0.0
AST-00408,1,Asset criticality,8.0
AST-00408,2,Maintenance interval,6.08
AST-00408,3,Condition deterioration,0.0
AST-00408,4,Inspection decline,0.0
AST-00408,5,Recent incidents,0.0
AST-00409,1,Repeat-failure signal,12.0
AST-00409,2,Recent incidents,10.0
AST-00409,3,Asset criticality,6.0
AST-00409,4,Inspection decline,1.94
AST-00409,5,Maintenance interval,1.64
AST-00410,1,Asset criticality,6.0
AST-00410,2,Recent incidents,5.0
AST-00410,3,Maintenance interval,1.87
AST-00410,4,Inspection decline,0.12
AST-00410,5,Condition deterioration,0.0
AST-00411,1,Asset criticality,8.0
AST-00411,2,Condition deterioration,7.79
AST-00411,3,Recent incidents,5.0
AST-00411,4,Inspection decline,1.68
AST-00411,5,Maintenance interval,1.35
AST-00412,1,Asset criticality,6.0
AST-00412,2,Maintenance interval,5.52
AST-00412,3,Condition deterioration,0.0
AST-00412,4,Inspection decline,0.0
AST-00412,5,Recent incidents,0.0
AST-00413,1,Condition deterioration,16.72
AST-00413,2,Asset criticality,6.0
AST-00413,3,Recent incidents,5.0
AST-00413,4,Inspection decline,4.34
AST-00413,5,Maintenance interval,4.21
AST-00414,1,Condition deterioration,14.08
AST-00414,2,Maintenance interval,4.11
AST-00414,3,Asset criticality,4.0
AST-00414,4,Inspection decline,3.31
AST-00414,5,Recent incidents,0.0
AST-00415,1,Asset criticality,4.0
AST-00415,2,Maintenance interval,1.12
AST-00415,3,Inspection decline,0.11
AST-00415,4,Condition deterioration,0.0
AST-00415,5,Recent incidents,0.0
AST-00416,1,Maintenance interval,7.99
AST-00416,2,Condition deterioration,2.01
AST-00416,3,Asset criticality,2.0
AST-00416,4,Inspection decline,0.0
AST-00416,5,Recent incidents,0.0
AST-00417,1,Condition deterioration,9.11
AST-00417,2,Asset criticality,8.0
AST-00417,3,Inspection decline,5.04
AST-00417,4,Maintenance interval,3.19
AST-00417,5,Recent incidents,0.0
AST-00418,1,Asset criticality,10.0
AST-00418,2,Maintenance interval,0.03
AST-00418,3,Condition deterioration,0.0
AST-00418,4,Inspection decline,0.0
AST-00418,5,Recent incidents,0.0
AST-00419,1,Asset criticality,10.0
AST-00419,2,Maintenance interval,7.3
AST-00419,3,Inspection decline,3.1
AST-00419,4,Condition deterioration,0.0
AST-00419,5,Recent incidents,0.0
AST-00420,1,Inspection decline,6.39
AST-00420,2,Maintenance interval,5.03
AST-00420,3,Asset criticality,4.0
AST-00420,4,Condition deterioration,0.0
AST-00420,5,Recent incidents,0.0
AST-00421,1,Asset criticality,8.0
AST-00421,2,Maintenance interval,5.0
AST-00421,3,Inspection decline,2.75
AST-00421,4,Condition deterioration,0.0
AST-00421,5,Recent incidents,0.0
AST-00422,1,Asset criticality,10.0
AST-00422,2,Maintenance interval,5.56
AST-00422,3,Condition deterioration,4.34
AST-00422,4,Inspection decline,1.0
AST-00422,5,Recent incidents,0.0
AST-00423,1,Maintenance interval,6.81
AST-00423,2,Asset criticality,6.0
AST-00423,3,Inspection decline,1.7
AST-00423,4,Condition deterioration,0.0
AST-00423,5,Recent incidents,0.0
AST-00424,1,Maintenance interval,6.94
AST-00424,2,Asset criticality,6.0
AST-00424,3,Condition deterioration,3.52
AST-00424,4,Inspection decline,2.15
AST-00424,5,Recent incidents,0.0
AST-00425,1,Maintenance interval,3.52
AST-00425,2,Inspection decline,3.29
AST-00425,3,Asset criticality,2.0
AST-00425,4,Condition deterioration,0.0
AST-00425,5,Recent incidents,0.0
AST-00426,1,Asset criticality,6.0
AST-00426,2,Inspection decline,4.55
AST-00426,3,Maintenance interval,4.21
AST-00426,4,Condition deterioration,0.82
AST-00426,5,Recent incidents,0.0
AST-00427,1,Maintenance interval,5.88
AST-00427,2,Asset criticality,4.0
AST-00427,3,Condition deterioration,0.0
AST-00427,4,Inspection decline,0.0
AST-00427,5,Recent incidents,0.0
AST-00428,1,Asset criticality,6.0
AST-00428,2,Maintenance interval,4.18
AST-00428,3,Condition deterioration,0.0
AST-00428,4,Inspection decline,0.0
AST-00428,5,Recent incidents,0.0
AST-00429,1,Condition deterioration,5.85
AST-00429,2,Maintenance interval,5.0
AST-00429,3,Asset criticality,4.0
AST-00429,4,Inspection decline,1.7
AST-00429,5,Recent incidents,0.0
AST-00430,1,Asset criticality,8.0
AST-00430,2,Maintenance interval,5.42
AST-00430,3,Inspection decline,4.04
AST-00430,4,Condition deterioration,0.0
AST-00430,5,Recent incidents,0.0
AST-00431,1,Asset criticality,8.0
AST-00431,2,Maintenance interval,1.48
AST-00431,3,Condition deterioration,0.0
AST-00431,4,Inspection decline,0.0
AST-00431,5,Recent incidents,0.0
AST-00432,1,Maintenance interval,8.75
AST-00432,2,Asset criticality,4.0
AST-00432,3,Condition deterioration,0.0
AST-00432,4,Inspection decline,0.0
AST-00432,5,Recent incidents,0.0
AST-00433,1,Maintenance interval,12.0
AST-00433,2,Asset criticality,4.0
AST-00433,3,Inspection decline,1.96
AST-00433,4,Condition deterioration,0.0
AST-00433,5,Recent incidents,0.0
AST-00434,1,Maintenance interval,5.33
AST-00434,2,Inspection decline,4.13
AST-00434,3,Asset criticality,2.0
AST-00434,4,Condition deterioration,0.0
AST-00434,5,Recent incidents,0.0
AST-00407,1,Asset criticality,6.0
AST-00407,2,Inspection decline,3.48
AST-00407,3,Maintenance interval,3.29
AST-00407,4,Condition deterioration,0.0
AST-00407,5,Recent incidents,0.0
AST-00435,1,Condition deterioration,7.86
AST-00435,2,Inspection decline,6.93
AST-00435,3,Asset criticality,6.0
AST-00435,4,Maintenance interval,4.5
AST-00435,5,Recent incidents,0.0
AST-00406,1,Condition deterioration,11.44
AST-00406,2,Asset criticality,6.0
AST-00406,3,Maintenance interval,1.64
AST-00406,4,Inspection decline,0.0
AST-00406,5,Recent incidents,0.0
AST-00404,1,Asset criticality,8.0
AST-00404,2,Maintenance interval,4.73
AST-00404,3,Inspection decline,1.56
AST-00404,4,Condition deterioration,0.0
AST-00404,5,Recent incidents,0.0
AST-00377,1,Condition deterioration,6.16
AST-00377,2,Asset criticality,6.0
AST-00377,3,Maintenance interval,4.24
AST-00377,4,Inspection decline,0.33
AST-00377,5,Recent incidents,0.0
AST-00378,1,Asset criticality,6.0
AST-00378,2,Inspection decline,1.66
AST-00378,3,Maintenance interval,1.02
AST-00378,4,Condition deterioration,0.0
AST-00378,5,Recent incidents,0.0
AST-00379,1,Asset criticality,10.0
AST-00379,2,Condition deterioration,4.9
AST-00379,3,Maintenance interval,1.28
AST-00379,4,Inspection decline,1.17
AST-00379,5,Recent incidents,0.0
AST-00380,1,Maintenance interval,9.34
AST-00380,2,Condition deterioration,5.03
AST-00380,3,Inspection decline,4.25
AST-00380,4,Asset criticality,4.0
AST-00380,5,Recent incidents,0.0
AST-00381,1,Inspection decline,7.88
AST-00381,2,Maintenance interval,7.1
AST-00381,3,Asset criticality,6.0
AST-00381,4,Condition deterioration,0.0
AST-00381,5,Recent incidents,0.0
AST-00382,1,Asset criticality,6.0
AST-00382,2,Inspection decline,1.98
AST-00382,3,Maintenance interval,1.61
AST-00382,4,Condition deterioration,0.0
AST-00382,5,Recent incidents,0.0
AST-00383,1,Asset criticality,8.0
AST-00383,2,Condition deterioration,7.29
AST-00383,3,Recent incidents,5.0
AST-00383,4,Inspection decline,2.22
AST-00383,5,Maintenance interval,1.48
AST-00384,1,Maintenance interval,8.45
AST-00384,2,Asset criticality,4.0
AST-00384,3,Inspection decline,1.29
AST-00384,4,Condition deterioration,0.0
AST-00384,5,Recent incidents,0.0
AST-00385,1,Maintenance interval,12.0
AST-00385,2,Inspection decline,4.58
AST-00385,3,Asset criticality,4.0
AST-00385,4,Condition deterioration,0.0
AST-00385,5,Recent incidents,0.0
AST-00386,1,Condition deterioration,14.77
AST-00386,2,Asset criticality,2.0
AST-00386,3,Maintenance interval,1.18
AST-00386,4,Inspection decline,0.94
AST-00386,5,Recent incidents,0.0
AST-00387,1,Condition deterioration,14.71
AST-00387,2,Asset criticality,6.0
AST-00387,3,Maintenance interval,4.11
AST-00387,4,Inspection decline,0.0
AST-00387,5,Recent incidents,0.0
AST-00388,1,Condition deterioration,13.64
AST-00388,2,Asset criticality,4.0
AST-00388,3,Inspection decline,1.75
AST-00388,4,Maintenance interval,1.02
AST-00388,5,Recent incidents,0.0
AST-00389,1,Maintenance interval,9.37
AST-00389,2,Condition deterioration,9.24
AST-00389,3,Asset criticality,6.0
AST-00389,4,Inspection decline,2.69
AST-00389,5,Recent incidents,0.0
AST-00390,1,Asset criticality,8.0
AST-00390,2,Inspection decline,2.8
AST-00390,3,Condition deterioration,1.76
AST-00390,4,Maintenance interval,0.89
AST-00390,5,Recent incidents,0.0
AST-00391,1,Maintenance interval,6.58
AST-00391,2,Asset criticality,6.0
AST-00391,3,Inspection decline,0.79
AST-00391,4,Condition deterioration,0.0
AST-00391,5,Recent incidents,0.0
AST-00392,1,Maintenance interval,6.48
AST-00392,2,Asset criticality,6.0
AST-00392,3,Recent incidents,5.0
AST-00392,4,Open critical work,5.0
AST-00392,5,Condition deterioration,0.0
AST-00393,1,Maintenance interval,7.92
AST-00393,2,Asset criticality,6.0
AST-00393,3,Recent incidents,5.0
AST-00393,4,Inspection decline,0.11
AST-00393,5,Condition deterioration,0.0
AST-00394,1,Asset criticality,8.0
AST-00394,2,Maintenance interval,3.72
AST-00394,3,Inspection decline,1.26
AST-00394,4,Condition deterioration,0.0
AST-00394,5,Recent incidents,0.0
AST-00395,1,Asset criticality,8.0
AST-00395,2,Inspection decline,4.93
AST-00395,3,Condition deterioration,3.58
AST-00395,4,Maintenance interval,1.25
AST-00395,5,Recent incidents,0.0
AST-00396,1,Maintenance interval,8.32
AST-00396,2,Asset criticality,6.0
AST-00396,3,Condition deterioration,0.0
AST-00396,4,Inspection decline,0.0
AST-00396,5,Recent incidents,0.0
AST-00397,1,Condition deterioration,6.47
AST-00397,2,Asset criticality,6.0
AST-00397,3,Maintenance interval,4.24
AST-00397,4,Inspection decline,2.0
AST-00397,5,Recent incidents,0.0
AST-00398,1,Asset criticality,8.0
AST-00398,2,Inspection decline,6.51
AST-00398,3,Maintenance interval,2.2
AST-00398,4,Condition deterioration,0.57
AST-00398,5,Recent incidents,0.0
AST-00399,1,Asset criticality,8.0
AST-00399,2,Maintenance interval,5.98
AST-00399,3,Inspection decline,1.91
AST-00399,4,Condition deterioration,0.0
AST-00399,5,Recent incidents,0.0
AST-00400,1,Condition deterioration,15.02
AST-00400,2,Recent incidents,5.0
AST-00400,3,Asset criticality,4.0
AST-00400,4,Inspection decline,3.83
AST-00400,5,Maintenance interval,1.18
AST-00401,1,Asset criticality,8.0
AST-00401,2,Maintenance interval,6.81
AST-00401,3,Condition deterioration,0.0
AST-00401,4,Inspection decline,0.0
AST-00401,5,Recent incidents,0.0
AST-00402,1,Maintenance interval,10.88
AST-00402,2,Asset criticality,4.0
AST-00402,3,Inspection decline,1.23
AST-00402,4,Condition deterioration,0.0
AST-00402,5,Recent incidents,0.0
AST-00403,1,Condition deterioration,11.13
AST-00403,2,Asset criticality,10.0
AST-00403,3,Inspection decline,1.61
AST-00403,4,Maintenance interval,0.99
AST-00403,5,Recent incidents,0.0
AST-00405,1,Maintenance interval,7.82
AST-00405,2,Asset criticality,6.0
AST-00405,3,Inspection decline,1.91
AST-00405,4,Condition deterioration,0.06
AST-00405,5,Recent incidents,0.0
AST-00436,1,Asset criticality,6.0
AST-00436,2,Condition deterioration,5.03
AST-00436,3,Inspection decline,3.31
AST-00436,4,Maintenance interval,1.18
AST-00436,5,Recent incidents,0.0
AST-00437,1,Asset criticality,4.0
AST-00437,2,Maintenance interval,3.72
AST-00437,3,Condition deterioration,0.0
AST-00437,4,Inspection decline,0.0
AST-00437,5,Recent incidents,0.0
AST-00438,1,Asset criticality,8.0
AST-00438,2,Maintenance interval,4.73
AST-00438,3,Condition deterioration,4.4
AST-00438,4,Inspection decline,1.07
AST-00438,5,Recent incidents,0.0
AST-00471,1,Condition deterioration,15.02
AST-00471,2,Maintenance interval,2.33
AST-00471,3,Inspection decline,2.15
AST-00471,4,Asset criticality,2.0
AST-00471,5,Recent incidents,0.0
AST-00472,1,Maintenance interval,7.76
AST-00472,2,Inspection decline,7.68
AST-00472,3,Asset criticality,6.0
AST-00472,4,Condition deterioration,0.0
AST-00472,5,Recent incidents,0.0
AST-00473,1,Asset criticality,4.0
AST-00473,2,Maintenance interval,2.43
AST-00473,3,Condition deterioration,0.0
AST-00473,4,Inspection decline,0.0
AST-00473,5,Recent incidents,0.0
AST-00474,1,Asset criticality,8.0
AST-00474,2,Maintenance interval,3.32
AST-00474,3,Inspection decline,0.95
AST-00474,4,Condition deterioration,0.0
AST-00474,5,Recent incidents,0.0
AST-00475,1,Maintenance interval,5.23
AST-00475,2,Asset criticality,4.0
AST-00475,3,Inspection decline,1.66
AST-00475,4,Condition deterioration,0.0
AST-00475,5,Recent incidents,0.0
AST-00476,1,Asset criticality,10.0
AST-00476,2,Condition deterioration,6.47
AST-00476,3,Maintenance interval,6.44
AST-00476,4,Inspection decline,1.45
AST-00476,5,Recent incidents,0.0
AST-00477,1,Repeat-failure signal,12.0
AST-00477,2,Recent incidents,10.0
AST-00477,3,Condition deterioration,7.73
AST-00477,4,Asset criticality,6.0
AST-00477,5,Inspection decline,3.26
AST-00478,1,Maintenance interval,7.86
AST-00478,2,Inspection decline,5.23
AST-00478,3,Asset criticality,4.0
AST-00478,4,Condition deterioration,0.0
AST-00478,5,Recent incidents,0.0
AST-00479,1,Asset criticality,6.0
AST-00479,2,Maintenance interval,2.3
AST-00479,3,Condition deterioration,0.0
AST-00479,4,Inspection decline,0.0
AST-00479,5,Recent incidents,0.0
AST-00480,1,Maintenance interval,4.7
AST-00480,2,Asset criticality,4.0
AST-00480,3,Inspection decline,1.28
AST-00480,4,Condition deterioration,0.0
AST-00480,5,Recent incidents,0.0
AST-00481,1,Maintenance interval,9.14
AST-00481,2,Asset criticality,4.0
AST-00481,3,Condition deterioration,0.0
AST-00481,4,Inspection decline,0.0
AST-00481,5,Recent incidents,0.0
AST-00482,1,Asset criticality,6.0
AST-00482,2,Maintenance interval,3.55
AST-00482,3,Inspection decline,1.7
AST-00482,4,Condition deterioration,0.0
AST-00482,5,Recent incidents,0.0
AST-00483,1,Maintenance interval,9.99
AST-00483,2,Recent incidents,5.0
AST-00483,3,Asset criticality,4.0
AST-00483,4,Inspection decline,1.3
AST-00483,5,Condition deterioration,0.0
AST-00484,1,Maintenance interval,12.0
AST-00484,2,Inspection decline,3.29
AST-00484,3,Asset criticality,2.0
AST-00484,4,Condition deterioration,0.0
AST-00484,5,Recent incidents,0.0
AST-00485,1,Asset criticality,6.0
AST-00485,2,Maintenance interval,5.23
AST-00485,3,Condition deterioration,0.0
AST-00485,4,Inspection decline,0.0
AST-00485,5,Recent incidents,0.0
AST-00486,1,Maintenance interval,7.82
AST-00486,2,Inspection decline,2.69
AST-00486,3,Asset criticality,2.0
AST-00486,4,Condition deterioration,0.0
AST-00486,5,Recent incidents,0.0
AST-00487,1,Asset criticality,4.0
AST-00487,2,Inspection decline,2.06
AST-00487,3,Maintenance interval,0.46
AST-00487,4,Condition deterioration,0.0
AST-00487,5,Recent incidents,0.0
AST-00488,1,Asset criticality,4.0
AST-00488,2,Maintenance interval,3.22
AST-00488,3,Condition deterioration,0.0
AST-00488,4,Inspection decline,0.0
AST-00488,5,Recent incidents,0.0
AST-00489,1,Maintenance interval,10.09
AST-00489,2,Asset criticality,4.0
AST-00489,3,Inspection decline,0.21
AST-00489,4,Condition deterioration,0.0
AST-00489,5,Recent incidents,0.0
AST-00490,1,Asset criticality,10.0
AST-00490,2,Maintenance interval,2.53
AST-00490,3,Inspection decline,0.66
AST-00490,4,Condition deterioration,0.0
AST-00490,5,Recent incidents,0.0
AST-00491,1,Asset criticality,6.0
AST-00491,2,Maintenance interval,1.91
AST-00491,3,Condition deterioration,0.0
AST-00491,4,Inspection decline,0.0
AST-00491,5,Recent incidents,0.0
AST-00492,1,Maintenance interval,7.46
AST-00492,2,Asset criticality,6.0
AST-00492,3,Condition deterioration,0.0
AST-00492,4,Inspection decline,0.0
AST-00492,5,Recent incidents,0.0
AST-00493,1,Condition deterioration,7.23
AST-00493,2,Maintenance interval,5.39
AST-00493,3,Asset criticality,2.0
AST-00493,4,Inspection decline,0.0
AST-00493,5,Recent incidents,0.0
AST-00494,1,Condition deterioration,9.93
AST-00494,2,Asset criticality,6.0
AST-00494,3,Maintenance interval,2.24
AST-00494,4,Inspection decline,0.0
AST-00494,5,Recent incidents,0.0
AST-00495,1,Maintenance interval,10.09
AST-00495,2,Asset criticality,6.0
AST-00495,3,Condition deterioration,2.7
AST-00495,4,Inspection decline,0.0
AST-00495,5,Recent incidents,0.0
AST-00496,1,Maintenance interval,7.13
AST-00496,2,Asset criticality,4.0
AST-00496,3,Inspection decline,3.24
AST-00496,4,Condition deterioration,0.0
AST-00496,5,Recent incidents,0.0
AST-00497,1,Asset criticality,8.0
AST-00497,2,Condition deterioration,5.41
AST-00497,3,Maintenance interval,5.13
AST-00497,4,Recent incidents,5.0
AST-00497,5,Inspection decline,0.0
AST-00470,1,Asset criticality,8.0
AST-00470,2,Maintenance interval,2.96
AST-00470,3,Inspection decline,0.72
AST-00470,4,Condition deterioration,0.0
AST-00470,5,Recent incidents,0.0
AST-00469,1,Asset criticality,8.0
AST-00469,2,Maintenance interval,2.79
AST-00469,3,Inspection decline,0.47
AST-00469,4,Condition deterioration,0.0
AST-00469,5,Recent incidents,0.0
AST-00468,1,Maintenance interval,12.0
AST-00468,2,Condition deterioration,4.21
AST-00468,3,Asset criticality,4.0
AST-00468,4,Inspection decline,3.73
AST-00468,5,Recent incidents,0.0
AST-00467,1,Inspection decline,6.7
AST-00467,2,Asset criticality,6.0
AST-00467,3,Recent incidents,5.0
AST-00467,4,Maintenance interval,0.16
AST-00467,5,Condition deterioration,0.0
AST-00439,1,Condition deterioration,12.57
AST-00439,2,Asset criticality,6.0
AST-00439,3,Maintenance interval,4.08
AST-00439,4,Inspection decline,3.59
AST-00439,5,Recent incidents,0.0
AST-00440,1,Asset criticality,4.0
AST-00440,2,Inspection decline,2.29
AST-00440,3,Maintenance interval,1.91
AST-00440,4,Condition deterioration,0.0
AST-00440,5,Recent incidents,0.0
AST-00441,1,Maintenance interval,9.34
AST-00441,2,Asset criticality,6.0
AST-00441,3,Condition deterioration,0.0
AST-00441,4,Inspection decline,0.0
AST-00441,5,Recent incidents,0.0
AST-00442,1,Asset criticality,8.0
AST-00442,2,Recent incidents,5.0
AST-00442,3,Inspection decline,1.63
AST-00442,4,Maintenance interval,0.95
AST-00442,5,Condition deterioration,0.0
AST-00443,1,Asset criticality,8.0
AST-00443,2,Inspection decline,4.39
AST-00443,3,Maintenance interval,3.02
AST-00443,4,Condition deterioration,0.0
AST-00443,5,Recent incidents,0.0
AST-00444,1,Asset criticality,6.0
AST-00444,2,Inspection decline,5.01
AST-00444,3,Maintenance interval,2.93
AST-00444,4,Condition deterioration,0.0
AST-00444,5,Recent incidents,0.0
AST-00445,1,Asset criticality,8.0
AST-00445,2,Maintenance interval,1.61
AST-00445,3,Condition deterioration,0.88
AST-00445,4,Inspection decline,0.0
AST-00445,5,Recent incidents,0.0
AST-00446,1,Condition deterioration,9.87
AST-00446,2,Maintenance interval,6.51
AST-00446,3,Recent incidents,5.0
AST-00446,4,Open critical work,5.0
AST-00446,5,Asset criticality,4.0
AST-00447,1,Asset criticality,6.0
AST-00447,2,Condition deterioration,3.52
AST-00447,3,Inspection decline,2.9
AST-00447,4,Maintenance interval,2.53
AST-00447,5,Recent incidents,0.0
AST-00448,1,Asset criticality,6.0
AST-00448,2,Maintenance interval,4.96
AST-00448,3,Inspection decline,2.15
AST-00448,4,Condition deterioration,0.38
AST-00448,5,Recent incidents,0.0
AST-00449,1,Condition deterioration,14.27
AST-00449,2,Asset criticality,6.0
AST-00449,3,Maintenance interval,5.16
AST-00449,4,Recent incidents,5.0
AST-00449,5,Inspection decline,3.01
AST-00450,1,Asset criticality,8.0
AST-00450,2,Inspection decline,3.96
AST-00450,3,Maintenance interval,2.73
AST-00450,4,Condition deterioration,0.0
AST-00450,5,Recent incidents,0.0
AST-00451,1,Condition deterioration,8.86
AST-00451,2,Maintenance interval,5.26
AST-00451,3,Asset criticality,4.0
AST-00451,4,Inspection decline,3.15
AST-00451,5,Recent incidents,0.0
AST-00376,1,Condition deterioration,8.05
AST-00376,2,Asset criticality,6.0
AST-00376,3,Maintenance interval,4.24
AST-00376,4,Inspection decline,0.0
AST-00376,5,Recent incidents,0.0
AST-00452,1,Repeat-failure signal,12.0
AST-00452,2,Recent incidents,10.0
AST-00452,3,Asset criticality,8.0
AST-00452,4,Condition deterioration,1.26
AST-00452,5,Maintenance interval,0.85
AST-00454,1,Condition deterioration,6.79
AST-00454,2,Maintenance interval,6.67
AST-00454,3,Asset criticality,2.0
AST-00454,4,Inspection decline,0.0
AST-00454,5,Recent incidents,0.0
AST-00455,1,Asset criticality,8.0
AST-00455,2,Condition deterioration,7.92
AST-00455,3,Inspection decline,2.85
AST-00455,4,Maintenance interval,1.51
AST-00455,5,Recent incidents,0.0
AST-00456,1,Maintenance interval,5.06
AST-00456,2,Asset criticality,2.0
AST-00456,3,Condition deterioration,0.0
AST-00456,4,Inspection decline,0.0
AST-00456,5,Recent incidents,0.0
AST-00457,1,Maintenance interval,8.52
AST-00457,2,Asset criticality,6.0
AST-00457,3,Condition deterioration,2.01
AST-00457,4,Inspection decline,0.96
AST-00457,5,Recent incidents,0.0
AST-00458,1,Asset criticality,8.0
AST-00458,2,Maintenance interval,5.79
AST-00458,3,Inspection decline,2.24
AST-00458,4,Condition deterioration,0.0
AST-00458,5,Recent incidents,0.0
AST-00459,1,Asset criticality,6.0
AST-00459,2,Maintenance interval,5.82
AST-00459,3,Recent incidents,5.0
AST-00459,4,Condition deterioration,1.19
AST-00459,5,Inspection decline,0.0
AST-00460,1,Recent incidents,5.0
AST-00460,2,Asset criticality,4.0
AST-00460,3,Inspection decline,3.5
AST-00460,4,Maintenance interval,1.74
AST-00460,5,Condition deterioration,0.0
AST-00461,1,Maintenance interval,11.44
AST-00461,2,Asset criticality,4.0
AST-00461,3,Inspection decline,1.63
AST-00461,4,Condition deterioration,0.0
AST-00461,5,Recent incidents,0.0
AST-00462,1,Asset criticality,8.0
AST-00462,2,Recent incidents,5.0
AST-00462,3,Inspection decline,3.82
AST-00462,4,Maintenance interval,1.61
AST-00462,5,Condition deterioration,0.0
AST-00463,1,Maintenance interval,3.91
AST-00463,2,Asset criticality,2.0
AST-00463,3,Condition deterioration,0.0
AST-00463,4,Inspection decline,0.0
AST-00463,5,Recent incidents,0.0
AST-00464,1,Asset criticality,8.0
AST-00464,2,Condition deterioration,4.34
AST-00464,3,Maintenance interval,1.41
AST-00464,4,Inspection decline,0.0
AST-00464,5,Recent incidents,0.0
AST-00465,1,Asset criticality,6.0
AST-00465,2,Maintenance interval,4.6
AST-00465,3,Inspection decline,0.17
AST-00465,4,Condition deterioration,0.0
AST-00465,5,Recent incidents,0.0
AST-00466,1,Maintenance interval,6.71
AST-00466,2,Asset criticality,4.0
AST-00466,3,Inspection decline,3.06
AST-00466,4,Condition deterioration,0.0
AST-00466,5,Recent incidents,0.0
AST-00453,1,Asset criticality,8.0
AST-00453,2,Recent incidents,5.0
AST-00453,3,Maintenance interval,4.8
AST-00453,4,Condition deterioration,0.0
AST-00453,5,Inspection decline,0.0
AST-00375,1,Asset criticality,8.0
AST-00375,2,Condition deterioration,2.14
AST-00375,3,Inspection decline,1.8
AST-00375,4,Maintenance interval,0.72
AST-00375,5,Recent incidents,0.0
AST-00374,1,Asset criticality,8.0
AST-00374,2,Recent incidents,5.0
AST-00374,3,Inspection decline,2.91
AST-00374,4,Maintenance interval,0.69
AST-00374,5,Condition deterioration,0.0
AST-00373,1,Maintenance interval,7.63
AST-00373,2,Asset criticality,4.0
AST-00373,3,Inspection decline,2.06
AST-00373,4,Condition deterioration,0.0
AST-00373,5,Recent incidents,0.0
AST-00283,1,Asset criticality,8.0
AST-00283,2,Recent incidents,5.0
AST-00283,3,Maintenance interval,2.43
AST-00283,4,Condition deterioration,0.0
AST-00283,5,Inspection decline,0.0
AST-00284,1,Condition deterioration,13.95
AST-00284,2,Inspection decline,4.97
AST-00284,3,Asset criticality,4.0
AST-00284,4,Maintenance interval,3.48
AST-00284,5,Recent incidents,0.0
AST-00285,1,Asset criticality,8.0
AST-00285,2,Recent incidents,5.0
AST-00285,3,Maintenance interval,3.75
AST-00285,4,Condition deterioration,0.0
AST-00285,5,Inspection decline,0.0
AST-00286,1,Maintenance interval,11.61
AST-00286,2,Asset criticality,4.0
AST-00286,3,Condition deterioration,1.76
AST-00286,4,Inspection decline,0.0
AST-00286,5,Recent incidents,0.0
AST-00287,1,Asset criticality,6.0
AST-00287,2,Condition deterioration,3.39
AST-00287,3,Maintenance interval,1.22
AST-00287,4,Inspection decline,0.63
AST-00287,5,Recent incidents,0.0
AST-00288,1,Asset criticality,8.0
AST-00288,2,Condition deterioration,7.79
AST-00288,3,Inspection decline,3.34
AST-00288,4,Maintenance interval,2.96
AST-00288,5,Recent incidents,0.0
AST-00289,1,Condition deterioration,13.64
AST-00289,2,Asset criticality,6.0
AST-00289,3,Maintenance interval,4.21
AST-00289,4,Inspection decline,3.33
AST-00289,5,Recent incidents,0.0
AST-00290,1,Asset criticality,8.0
AST-00290,2,Inspection decline,4.11
AST-00290,3,Maintenance interval,2.66
AST-00290,4,Condition deterioration,0.0
AST-00290,5,Recent incidents,0.0
AST-00291,1,Maintenance interval,4.14
AST-00291,2,Asset criticality,4.0
AST-00291,3,Condition deterioration,0.0
AST-00291,4,Inspection decline,0.0
AST-00291,5,Recent incidents,0.0
AST-00292,1,Asset criticality,6.0
AST-00292,2,Maintenance interval,1.68
AST-00292,3,Condition deterioration,0.0
AST-00292,4,Inspection decline,0.0
AST-00292,5,Recent incidents,0.0
AST-00293,1,Asset criticality,6.0
AST-00293,2,Maintenance interval,1.58
AST-00293,3,Inspection decline,1.51
AST-00293,4,Condition deterioration,0.0
AST-00293,5,Recent incidents,0.0
AST-00294,1,Maintenance interval,6.51
AST-00294,2,Asset criticality,6.0
AST-00294,3,Condition deterioration,0.0
AST-00294,4,Inspection decline,0.0
AST-00294,5,Recent incidents,0.0
AST-00295,1,Asset criticality,8.0
AST-00295,2,Inspection decline,3.31
AST-00295,3,Maintenance interval,2.14
AST-00295,4,Condition deterioration,0.0
AST-00295,5,Recent incidents,0.0
AST-00296,1,Condition deterioration,17.79
AST-00296,2,Repeat-failure signal,12.0
AST-00296,3,Recent incidents,10.0
AST-00296,4,Asset criticality,8.0
AST-00296,5,Maintenance interval,4.14
AST-00297,1,Asset criticality,10.0
AST-00297,2,Inspection decline,3.83
AST-00297,3,Maintenance interval,2.76
AST-00297,4,Condition deterioration,0.0
AST-00297,5,Recent incidents,0.0
AST-00298,1,Asset criticality,10.0
AST-00298,2,Maintenance interval,7.36
AST-00298,3,Inspection decline,3.4
AST-00298,4,Condition deterioration,0.0
AST-00298,5,Recent incidents,0.0
AST-00299,1,Recent incidents,5.0
AST-00299,2,Inspection decline,4.5
AST-00299,3,Asset criticality,4.0
AST-00299,4,Maintenance interval,0.2
AST-00299,5,Condition deterioration,0.0
AST-00300,1,Maintenance interval,7.53
AST-00300,2,Condition deterioration,7.23
AST-00300,3,Asset criticality,6.0
AST-00300,4,Inspection decline,1.36
AST-00300,5,Recent incidents,0.0
AST-00301,1,Maintenance interval,8.02
AST-00301,2,Asset criticality,4.0
AST-00301,3,Condition deterioration,0.0
AST-00301,4,Inspection decline,0.0
AST-00301,5,Recent incidents,0.0
AST-00302,1,Maintenance interval,10.85
AST-00302,2,Asset criticality,4.0
AST-00302,3,Inspection decline,0.74
AST-00302,4,Condition deterioration,0.0
AST-00302,5,Recent incidents,0.0
AST-00303,1,Condition deterioration,8.67
AST-00303,2,Asset criticality,6.0
AST-00303,3,Inspection decline,5.88
AST-00303,4,Maintenance interval,2.37
AST-00303,5,Recent incidents,0.0
AST-00304,1,Condition deterioration,9.18
AST-00304,2,Inspection decline,5.65
AST-00304,3,Asset criticality,4.0
AST-00304,4,Maintenance interval,3.98
AST-00304,5,Recent incidents,0.0
AST-00305,1,Condition deterioration,14.58
AST-00305,2,Repeat-failure signal,12.0
AST-00305,3,Recent incidents,10.0
AST-00305,4,Asset criticality,4.0
AST-00305,5,Maintenance interval,2.96
AST-00306,1,Repeat-failure signal,12.0
AST-00306,2,Recent incidents,10.0
AST-00306,3,Asset criticality,6.0
AST-00306,4,Maintenance interval,2.33
AST-00306,5,Condition deterioration,0.0
AST-00307,1,Inspection decline,4.38
AST-00307,2,Asset criticality,4.0
AST-00307,3,Maintenance interval,3.32
AST-00307,4,Condition deterioration,1.7
AST-00307,5,Recent incidents,0.0
AST-00308,1,Asset criticality,8.0
AST-00308,2,Maintenance interval,6.81
AST-00308,3,Inspection decline,2.06
AST-00308,4,Condition deterioration,0.0
AST-00308,5,Recent incidents,0.0
AST-00309,1,Maintenance interval,12.0
AST-00309,2,Asset criticality,4.0
AST-00309,3,Inspection decline,0.12
AST-00309,4,Condition deterioration,0.0
AST-00309,5,Recent incidents,0.0
AST-00282,1,Asset criticality,10.0
AST-00282,2,Maintenance interval,1.74
AST-00282,3,Inspection decline,0.96
AST-00282,4,Condition deterioration,0.0
AST-00282,5,Recent incidents,0.0
AST-00281,1,Condition deterioration,9.93
AST-00281,2,Maintenance interval,8.68
AST-00281,3,Asset criticality,6.0
AST-00281,4,Inspection decline,4.67
AST-00281,5,Recent incidents,0.0
AST-00280,1,Maintenance interval,6.94
AST-00280,2,Asset criticality,6.0
AST-00280,3,Inspection decline,1.78
AST-00280,4,Condition deterioration,0.0
AST-00280,5,Recent incidents,0.0
AST-00279,1,Asset criticality,4.0
AST-00279,2,Inspection decline,3.27
AST-00279,3,Maintenance interval,2.63
AST-00279,4,Condition deterioration,0.0
AST-00279,5,Recent incidents,0.0
AST-00250,1,Maintenance interval,6.35
AST-00250,2,Asset criticality,6.0
AST-00250,3,Inspection decline,4.81
AST-00250,4,Condition deterioration,0.0
AST-00250,5,Recent incidents,0.0
AST-00252,1,Maintenance interval,2.24
AST-00252,2,Asset criticality,2.0
AST-00252,3,Condition deterioration,0.0
AST-00252,4,Inspection decline,0.0
AST-00252,5,Recent incidents,0.0
AST-00253,1,Asset criticality,8.0
AST-00253,2,Inspection decline,5.76
AST-00253,3,Maintenance interval,1.81
AST-00253,4,Condition deterioration,0.0
AST-00253,5,Recent incidents,0.0
AST-00254,1,Asset criticality,6.0
AST-00254,2,Condition deterioration,5.03
AST-00254,3,Maintenance interval,1.32
AST-00254,4,Inspection decline,0.0
AST-00254,5,Recent incidents,0.0
AST-00255,1,Maintenance interval,6.61
AST-00255,2,Asset criticality,4.0
AST-00255,3,Condition deterioration,0.0
AST-00255,4,Inspection decline,0.0
AST-00255,5,Recent incidents,0.0
AST-00256,1,Condition deterioration,7.61
AST-00256,2,Asset criticality,6.0
AST-00256,3,Maintenance interval,4.14
AST-00256,4,Inspection decline,0.74
AST-00256,5,Recent incidents,0.0
AST-00257,1,Condition deterioration,8.8
AST-00257,2,Asset criticality,6.0
AST-00257,3,Inspection decline,5.92
AST-00257,4,Maintenance interval,4.18
AST-00257,5,Recent incidents,0.0
AST-00258,1,Asset criticality,6.0
AST-00258,2,Maintenance interval,4.18
AST-00258,3,Inspection decline,1.14
AST-00258,4,Condition deterioration,0.0
AST-00258,5,Recent incidents,0.0
AST-00259,1,Asset criticality,8.0
AST-00259,2,Maintenance interval,1.61
AST-00259,3,Inspection decline,1.43
AST-00259,4,Condition deterioration,0.0
AST-00259,5,Recent incidents,0.0
AST-00260,1,Condition deterioration,15.15
AST-00260,2,Maintenance interval,9.99
AST-00260,3,Asset criticality,4.0
AST-00260,4,Inspection decline,0.0
AST-00260,5,Recent incidents,0.0
AST-00261,1,Asset criticality,8.0
AST-00261,2,Recent incidents,5.0
AST-00261,3,Maintenance interval,4.83
AST-00261,4,Inspection decline,2.29
AST-00261,5,Condition deterioration,0.0
AST-00262,1,Repeat-failure signal,12.0
AST-00262,2,Recent incidents,10.0
AST-00262,3,Condition deterioration,9.37
AST-00262,4,Asset criticality,4.0
AST-00262,5,Maintenance interval,2.66
AST-00263,1,Asset criticality,6.0
AST-00263,2,Recent incidents,5.0
AST-00263,3,Inspection decline,2.94
AST-00263,4,Maintenance interval,0.92
AST-00263,5,Condition deterioration,0.0
AST-00310,1,Asset criticality,10.0
AST-00310,2,Maintenance interval,6.25
AST-00310,3,Inspection decline,2.29
AST-00310,4,Condition deterioration,0.0
AST-00310,5,Recent incidents,0.0
AST-00264,1,Asset criticality,10.0
AST-00264,2,Inspection decline,5.36
AST-00264,3,Maintenance interval,1.22
AST-00264,4,Condition deterioration,0.0
AST-00264,5,Recent incidents,0.0
AST-00266,1,Asset criticality,6.0
AST-00266,2,Inspection decline,1.08
AST-00266,3,Maintenance interval,0.66
AST-00266,4,Condition deterioration,0.0
AST-00266,5,Recent incidents,0.0
AST-00267,1,Condition deterioration,6.29
AST-00267,2,Maintenance interval,6.18
AST-00267,3,Asset criticality,4.0
AST-00267,4,Inspection decline,2.06
AST-00267,5,Recent incidents,0.0
AST-00268,1,Maintenance interval,6.74
AST-00268,2,Condition deterioration,6.35
AST-00268,3,Asset criticality,6.0
AST-00268,4,Inspection decline,2.92
AST-00268,5,Recent incidents,0.0
AST-00269,1,Maintenance interval,9.34
AST-00269,2,Asset criticality,6.0
AST-00269,3,Inspection decline,2.87
AST-00269,4,Condition deterioration,0.0
AST-00269,5,Recent incidents,0.0
AST-00270,1,Condition deterioration,18.29
AST-00270,2,Asset criticality,6.0
AST-00270,3,Recent incidents,5.0
AST-00270,4,Maintenance interval,1.28
AST-00270,5,Inspection decline,0.0
AST-00271,1,Asset criticality,6.0
AST-00271,2,Maintenance interval,4.64
AST-00271,3,Inspection decline,2.77
AST-00271,4,Condition deterioration,2.14
AST-00271,5,Recent incidents,0.0
AST-00272,1,Inspection decline,6.58
AST-00272,2,Asset criticality,6.0
AST-00272,3,Maintenance interval,5.33
AST-00272,4,Condition deterioration,0.0
AST-00272,5,Recent incidents,0.0
AST-00273,1,Asset criticality,6.0
AST-00273,2,Maintenance interval,4.96
AST-00273,3,Inspection decline,3.31
AST-00273,4,Condition deterioration,0.0
AST-00273,5,Recent incidents,0.0
AST-00274,1,Maintenance interval,11.21
AST-00274,2,Inspection decline,5.06
AST-00274,3,Asset criticality,4.0
AST-00274,4,Condition deterioration,3.58
AST-00274,5,Recent incidents,0.0
AST-00275,1,Asset criticality,6.0
AST-00275,2,Inspection decline,1.91
AST-00275,3,Maintenance interval,1.74
AST-00275,4,Condition deterioration,0.0
AST-00275,5,Recent incidents,0.0
AST-00276,1,Asset criticality,8.0
AST-00276,2,Recent incidents,5.0
AST-00276,3,Inspection decline,3.83
AST-00276,4,Condition deterioration,2.07
AST-00276,5,Maintenance interval,0.13
AST-00277,1,Maintenance interval,4.27
AST-00277,2,Asset criticality,4.0
AST-00277,3,Condition deterioration,0.0
AST-00277,4,Inspection decline,0.0
AST-00277,5,Recent incidents,0.0
AST-00278,1,Maintenance interval,8.19
AST-00278,2,Asset criticality,6.0
AST-00278,3,Condition deterioration,0.0
AST-00278,4,Inspection decline,0.0
AST-00278,5,Recent incidents,0.0
AST-00265,1,Asset criticality,8.0
AST-00265,2,Maintenance interval,1.51
AST-00265,3,Inspection decline,0.37
AST-00265,4,Condition deterioration,0.0
AST-00265,5,Recent incidents,0.0
AST-00499,1,Maintenance interval,6.48
AST-00499,2,Asset criticality,6.0
AST-00499,3,Inspection decline,1.01
AST-00499,4,Condition deterioration,0.0
AST-00499,5,Recent incidents,0.0
AST-00311,1,Asset criticality,6.0
AST-00311,2,Maintenance interval,3.35
AST-00311,3,Condition deterioration,0.0
AST-00311,4,Inspection decline,0.0
AST-00311,5,Recent incidents,0.0
AST-00313,1,Inspection decline,6.21
AST-00313,2,Condition deterioration,6.03
AST-00313,3,Recent incidents,5.0
AST-00313,4,Asset criticality,4.0
AST-00313,5,Maintenance interval,0.56
AST-00346,1,Maintenance interval,9.86
AST-00346,2,Inspection decline,2.68
AST-00346,3,Asset criticality,2.0
AST-00346,4,Condition deterioration,0.0
AST-00346,5,Recent incidents,0.0
AST-00347,1,Asset criticality,8.0
AST-00347,2,Maintenance interval,4.5
AST-00347,3,Inspection decline,2.29
AST-00347,4,Condition deterioration,0.0
AST-00347,5,Recent incidents,0.0
AST-00348,1,Condition deterioration,13.01
AST-00348,2,Asset criticality,6.0
AST-00348,3,Maintenance interval,4.27
AST-00348,4,Inspection decline,2.45
AST-00348,5,Recent incidents,0.0
AST-00349,1,Maintenance interval,10.06
AST-00349,2,Asset criticality,6.0
AST-00349,3,Inspection decline,2.13
AST-00349,4,Condition deterioration,0.0
AST-00349,5,Recent incidents,0.0
AST-00350,1,Asset criticality,8.0
AST-00350,2,Maintenance interval,5.39
AST-00350,3,Condition deterioration,2.2
AST-00350,4,Inspection decline,1.57
AST-00350,5,Recent incidents,0.0
AST-00351,1,Maintenance interval,12.0
AST-00351,2,Condition deterioration,3.96
AST-00351,3,Asset criticality,2.0
AST-00351,4,Inspection decline,1.35
AST-00351,5,Recent incidents,0.0
AST-00352,1,Condition deterioration,10.18
AST-00352,2,Inspection decline,4.13
AST-00352,3,Maintenance interval,2.14
AST-00352,4,Asset criticality,2.0
AST-00352,5,Recent incidents,0.0
AST-00353,1,Condition deterioration,7.54
AST-00353,2,Asset criticality,6.0
AST-00353,3,Maintenance interval,4.64
AST-00353,4,Inspection decline,3.41
AST-00353,5,Recent incidents,0.0
AST-00354,1,Asset criticality,6.0
AST-00354,2,Maintenance interval,3.02
AST-00354,3,Inspection decline,0.23
AST-00354,4,Condition deterioration,0.0
AST-00354,5,Recent incidents,0.0
AST-00355,1,Repeat-failure signal,12.0
AST-00355,2,Recent incidents,10.0
AST-00355,3,Asset criticality,6.0
AST-00355,4,Open critical work,5.0
AST-00355,5,Maintenance interval,4.9
AST-00356,1,Asset criticality,6.0
AST-00356,2,Maintenance interval,4.34
AST-00356,3,Condition deterioration,0.0
AST-00356,4,Inspection decline,0.0
AST-00356,5,Recent incidents,0.0
AST-00357,1,Asset criticality,8.0
AST-00357,2,Maintenance interval,2.99
AST-00357,3,Inspection decline,0.86
AST-00357,4,Condition deterioration,0.0
AST-00357,5,Recent incidents,0.0
AST-00358,1,Asset criticality,8.0
AST-00358,2,Maintenance interval,5.56
AST-00358,3,Inspection decline,2.1
AST-00358,4,Condition deterioration,0.0
AST-00358,5,Recent incidents,0.0
AST-00359,1,Asset criticality,8.0
AST-00359,2,Maintenance interval,1.87
AST-00359,3,Inspection decline,0.31
AST-00359,4,Condition deterioration,0.0
AST-00359,5,Recent incidents,0.0
AST-00360,1,Asset criticality,6.0
AST-00360,2,Maintenance interval,3.52
AST-00360,3,Condition deterioration,0.0
AST-00360,4,Inspection decline,0.0
AST-00360,5,Recent incidents,0.0
AST-00361,1,Condition deterioration,5.78
AST-00361,2,Recent incidents,5.0
AST-00361,3,Asset criticality,2.0
AST-00361,4,Maintenance interval,1.05
AST-00361,5,Inspection decline,0.0
AST-00362,1,Asset criticality,8.0
AST-00362,2,Condition deterioration,6.41
AST-00362,3,Maintenance interval,3.75
AST-00362,4,Inspection decline,2.75
AST-00362,5,Recent incidents,0.0
AST-00363,1,Asset criticality,8.0
AST-00363,2,Condition deterioration,6.73
AST-00363,3,Maintenance interval,6.31
AST-00363,4,Inspection decline,0.19
AST-00363,5,Recent incidents,0.0
AST-00364,1,Asset criticality,8.0
AST-00364,2,Recent incidents,5.0
AST-00364,3,Inspection decline,1.65
AST-00364,4,Maintenance interval,0.92
AST-00364,5,Condition deterioration,0.0
AST-00365,1,Condition deterioration,8.74
AST-00365,2,Recent incidents,5.0
AST-00365,3,Asset criticality,4.0
AST-00365,4,Inspection decline,2.69
AST-00365,5,Maintenance interval,2.2
AST-00366,1,Asset criticality,8.0
AST-00366,2,Inspection decline,6.05
AST-00366,3,Maintenance interval,1.94
AST-00366,4,Condition deterioration,0.0
AST-00366,5,Recent incidents,0.0
AST-00367,1,Asset criticality,8.0
AST-00367,2,Recent incidents,5.0
AST-00367,3,Maintenance interval,0.92
AST-00367,4,Condition deterioration,0.0
AST-00367,5,Inspection decline,0.0
AST-00368,1,Asset criticality,10.0
AST-00368,2,Inspection decline,4.01
AST-00368,3,Maintenance interval,3.29
AST-00368,4,Condition deterioration,0.0
AST-00368,5,Recent incidents,0.0
AST-00369,1,Inspection decline,4.22
AST-00369,2,Asset criticality,4.0
AST-00369,3,Maintenance interval,0.33
AST-00369,4,Condition deterioration,0.0
AST-00369,5,Recent incidents,0.0
AST-00370,1,Asset criticality,6.0
AST-00370,2,Inspection decline,3.83
AST-00370,3,Maintenance interval,2.7
AST-00370,4,Condition deterioration,0.0
AST-00370,5,Recent incidents,0.0
AST-00371,1,Asset criticality,8.0
AST-00371,2,Maintenance interval,2.37
AST-00371,3,Inspection decline,1.78
AST-00371,4,Condition deterioration,0.0
AST-00371,5,Recent incidents,0.0
AST-00372,1,Condition deterioration,6.16
AST-00372,2,Asset criticality,6.0
AST-00372,3,Inspection decline,3.55
AST-00372,4,Maintenance interval,3.48
AST-00372,5,Recent incidents,0.0
AST-00345,1,Asset criticality,6.0
AST-00345,2,Inspection decline,5.93
AST-00345,3,Condition deterioration,5.28
AST-00345,4,Maintenance interval,4.47
AST-00345,5,Recent incidents,0.0
AST-00344,1,Condition deterioration,8.93
AST-00344,2,Asset criticality,6.0
AST-00344,3,Inspection decline,3.39
AST-00344,4,Maintenance interval,1.22
AST-00344,5,Recent incidents,0.0
AST-00343,1,Asset criticality,6.0
AST-00343,2,Maintenance interval,4.41
AST-00343,3,Inspection decline,2.36
AST-00343,4,Condition deterioration,0.0
AST-00343,5,Recent incidents,0.0
AST-00342,1,Asset criticality,8.0
AST-00342,2,Inspection decline,3.36
AST-00342,3,Maintenance interval,1.78
AST-00342,4,Condition deterioration,0.0
AST-00342,5,Recent incidents,0.0
AST-00314,1,Asset criticality,10.0
AST-00314,2,Maintenance interval,4.83
AST-00314,3,Condition deterioration,0.0
AST-00314,4,Inspection decline,0.0
AST-00314,5,Recent incidents,0.0
AST-00315,1,Asset criticality,8.0
AST-00315,2,Maintenance interval,1.71
AST-00315,3,Condition deterioration,0.0
AST-00315,4,Inspection decline,0.0
AST-00315,5,Recent incidents,0.0
AST-00316,1,Asset criticality,6.0
AST-00316,2,Inspection decline,4.93
AST-00316,3,Maintenance interval,2.7
AST-00316,4,Condition deterioration,0.0
AST-00316,5,Recent incidents,0.0
AST-00317,1,Maintenance interval,5.56
AST-00317,2,Asset criticality,4.0
AST-00317,3,Inspection decline,1.37
AST-00317,4,Condition deterioration,0.0
AST-00317,5,Recent incidents,0.0
AST-00318,1,Asset criticality,6.0
AST-00318,2,Inspection decline,3.5
AST-00318,3,Maintenance interval,0.95
AST-00318,4,Condition deterioration,0.0
AST-00318,5,Recent incidents,0.0
AST-00319,1,Condition deterioration,12.76
AST-00319,2,Inspection decline,7.58
AST-00319,3,Recent incidents,5.0
AST-00319,4,Asset criticality,4.0
AST-00319,5,Maintenance interval,2.5
AST-00320,1,Asset criticality,10.0
AST-00320,2,Condition deterioration,8.55
AST-00320,3,Maintenance interval,1.51
AST-00320,4,Inspection decline,1.22
AST-00320,5,Recent incidents,0.0
AST-00321,1,Asset criticality,8.0
AST-00321,2,Maintenance interval,3.22
AST-00321,3,Inspection decline,1.68
AST-00321,4,Condition deterioration,0.0
AST-00321,5,Recent incidents,0.0
AST-00322,1,Maintenance interval,6.81
AST-00322,2,Asset criticality,6.0
AST-00322,3,Condition deterioration,0.0
AST-00322,4,Inspection decline,0.0
AST-00322,5,Recent incidents,0.0
AST-00323,1,Maintenance interval,6.81
AST-00323,2,Asset criticality,2.0
AST-00323,3,Condition deterioration,0.0
AST-00323,4,Inspection decline,0.0
AST-00323,5,Recent incidents,0.0
AST-00324,1,Asset criticality,4.0
AST-00324,2,Maintenance interval,2.86
AST-00324,3,Condition deterioration,0.0
AST-00324,4,Inspection decline,0.0
AST-00324,5,Recent incidents,0.0
AST-00325,1,Condition deterioration,10.62
AST-00325,2,Asset criticality,8.0
AST-00325,3,Maintenance interval,6.74
AST-00325,4,Inspection decline,4.5
AST-00325,5,Recent incidents,0.0
AST-00326,1,Asset criticality,8.0
AST-00326,2,Condition deterioration,4.59
AST-00326,3,Maintenance interval,3.72
AST-00326,4,Inspection decline,0.0
AST-00326,5,Recent incidents,0.0
AST-00312,1,Asset criticality,6.0
AST-00312,2,Maintenance interval,3.12
AST-00312,3,Inspection decline,1.87
AST-00312,4,Condition deterioration,0.0
AST-00312,5,Recent incidents,0.0
AST-00327,1,Asset criticality,8.0
AST-00327,2,Inspection decline,7.38
AST-00327,3,Recent incidents,5.0
AST-00327,4,Maintenance interval,1.55
AST-00327,5,Condition deterioration,0.0
AST-00329,1,Asset criticality,8.0
AST-00329,2,Maintenance interval,4.57
AST-00329,3,Condition deterioration,0.0
AST-00329,4,Inspection decline,0.0
AST-00329,5,Recent incidents,0.0
AST-00330,1,Asset criticality,8.0
AST-00330,2,Maintenance interval,6.97
AST-00330,3,Inspection decline,0.86
AST-00330,4,Condition deterioration,0.0
AST-00330,5,Recent incidents,0.0
AST-00331,1,Maintenance interval,6.44
AST-00331,2,Asset criticality,4.0
AST-00331,3,Condition deterioration,0.0
AST-00331,4,Inspection decline,0.0
AST-00331,5,Recent incidents,0.0
AST-00332,1,Condition deterioration,7.48
AST-00332,2,Asset criticality,6.0
AST-00332,3,Maintenance interval,0.82
AST-00332,4,Inspection decline,0.0
AST-00332,5,Recent incidents,0.0
AST-00333,1,Asset criticality,6.0
AST-00333,2,Inspection decline,5.63
AST-00333,3,Recent incidents,5.0
AST-00333,4,Maintenance interval,3.91
AST-00333,5,Condition deterioration,0.0
AST-00334,1,Repeat-failure signal,12.0
AST-00334,2,Recent incidents,10.0
AST-00334,3,Asset criticality,6.0
AST-00334,4,Condition deterioration,5.59
AST-00334,5,Maintenance interval,5.03
AST-00335,1,Maintenance interval,4.47
AST-00335,2,Asset criticality,2.0
AST-00335,3,Inspection decline,0.87
AST-00335,4,Condition deterioration,0.0
AST-00335,5,Recent incidents,0.0
AST-00336,1,Asset criticality,6.0
AST-00336,2,Maintenance interval,4.5
AST-00336,3,Inspection decline,0.91
AST-00336,4,Condition deterioration,0.0
AST-00336,5,Recent incidents,0.0
AST-00337,1,Asset criticality,6.0
AST-00337,2,Maintenance interval,4.67
AST-00337,3,Inspection decline,1.57
AST-00337,4,Condition deterioration,0.0
AST-00337,5,Recent incidents,0.0
AST-00338,1,Asset criticality,6.0
AST-00338,2,Condition deterioration,5.78
AST-00338,3,Maintenance interval,1.61
AST-00338,4,Inspection decline,0.0
AST-00338,5,Recent incidents,0.0
AST-00339,1,Asset criticality,6.0
AST-00339,2,Maintenance interval,2.5
AST-00339,3,Inspection decline,1.08
AST-00339,4,Condition deterioration,0.0
AST-00339,5,Recent incidents,0.0
AST-00340,1,Asset criticality,6.0
AST-00340,2,Maintenance interval,5.72
AST-00340,3,Inspection decline,2.75
AST-00340,4,Condition deterioration,0.0
AST-00340,5,Recent incidents,0.0
AST-00341,1,Asset criticality,6.0
AST-00341,2,Maintenance interval,4.8
AST-00341,3,Inspection decline,0.94
AST-00341,4,Condition deterioration,0.0
AST-00341,5,Recent incidents,0.0
AST-00328,1,Asset criticality,4.0
AST-00328,2,Maintenance interval,2.99
AST-00328,3,Condition deterioration,0.0
AST-00328,4,Inspection decline,0.0
AST-00328,5,Recent incidents,0.0
AST-01000,1,Maintenance interval,8.32
AST-01000,2,Asset criticality,2.0
AST-01000,3,Condition deterioration,0.94
AST-01000,4,Inspection decline,0.88
AST-01000,5,Recent incidents,0.0
