snapshot_date,asset_id,asset_type,borough,required_skill,age_years,criticality,condition_score,inspection_trend,incidents_30d,incidents_90d,incidents_365d,downtime_90d,open_work_orders,open_critical_work_orders,overdue_work_orders,days_since_maintenance,repeat_failure_flag,target_corrective_30d,predicted_30d_risk,risk_flag
2026-07-31,AST-00666,Feeder Cable,Manhattan,cable,22.0,3,68.2,-1.8700000000000028,0,0,0,0.0,0,0,0,161,0,0,0.06010790785332397,0
2026-07-31,AST-00669,Circuit Breaker House,Queens,breaker,4.0,4,79.1,-1.0400000000000045,1,1,2,2.3,0,0,0,146,0,0,0.06304763485553726,0
2026-07-31,AST-00668,Third Rail Segment,Manhattan,third_rail,39.0,3,52.4,-0.1599999999999973,0,0,0,0.0,0,0,0,212,0,0,0.07488464302534346,1
2026-07-31,AST-00667,Third Rail Segment,Brooklyn,third_rail,10.0,5,80.3,0.5499999999999985,0,0,0,0.0,0,0,0,114,0,0,0.053017906178607896,0
2026-07-31,AST-00665,Circuit Breaker House,Manhattan,breaker,9.0,3,87.4,0.5000000000000075,0,0,0,0.0,0,0,0,109,0,0,0.04990510141848936,0
2026-07-31,AST-00659,Feeder Cable,Manhattan,cable,27.0,3,56.5,-2.0799999999999943,0,0,1,0.0,0,0,0,127,0,0,0.0739316380997088,1
2026-07-31,AST-00663,Circuit Breaker House,Queens,breaker,6.0,2,94.3,-0.7200000000000049,0,0,0,0.0,0,0,0,88,0,0,0.048264282974010725,0
2026-07-31,AST-00662,Third Rail Segment,Queens,third_rail,31.0,3,47.5,-2.239999999999997,0,0,0,0.0,1,0,1,212,0,0,0.08514525851928514,1
2026-07-31,AST-00661,Circuit Breaker House,Manhattan,breaker,18.0,4,69.8,-0.7899999999999926,0,0,2,0.0,0,0,0,20,0,0,0.055916124176529976,0
2026-07-31,AST-00660,Circuit Breaker House,Queens,breaker,7.0,4,71.5,-3.7399999999999936,1,1,1,1.9,1,0,1,234,0,0,0.06394949119453115,0
2026-07-31,AST-00670,Feeder Cable,Brooklyn,cable,39.0,4,50.6,-1.5699999999999985,0,0,1,0.0,0,0,0,97,0,1,0.0945522878779942,1
2026-07-31,AST-00664,Substation,Queens,power,20.0,3,69.3,-2.7499999999999973,0,0,0,0.0,0,0,0,236,0,0,0.05332568855908344,0
2026-07-31,AST-00671,Substation,Brooklyn,power,32.0,3,55.6,-1.9099999999999933,0,0,1,0.0,0,0,0,100,0,0,0.07559892058616015,1
2026-07-31,AST-00685,Feeder Cable,Queens,cable,21.0,2,65.6,-1.2100000000000026,0,0,2,0.0,0,0,0,260,0,0,0.05177506447290719,0
2026-07-31,AST-00673,Third Rail Segment,Queens,third_rail,35.0,3,57.9,-1.5100000000000016,0,0,1,0.0,0,0,0,215,0,0,0.06846441092601552,0
2026-07-31,AST-00674,Feeder Cable,Manhattan,cable,8.0,4,82.5,-0.3999999999999986,0,0,0,0.0,0,0,0,24,0,0,0.049842414783485715,0
2026-07-31,AST-00675,Feeder Cable,Queens,cable,38.0,2,43.4,-1.5599999999999978,0,0,0,0.0,0,0,0,37,0,0,0.09371010580640478,1
2026-07-31,AST-00676,Circuit Breaker House,Manhattan,breaker,24.0,3,49.6,-0.379999999999998,0,1,1,2.1,0,0,0,32,0,0,0.0773198704623323,1
2026-07-31,AST-00677,Third Rail Segment,Bronx,third_rail,39.0,3,57.5,0.1300000000000051,0,0,0,0.0,0,0,0,175,0,0,0.0666633437947632,0
2026-07-31,AST-00678,Feeder Cable,Queens,cable,36.0,4,56.8,-1.5299999999999916,0,0,1,0.0,0,0,0,111,0,0,0.07937504607048597,1
2026-07-31,AST-00679,Substation,Manhattan,power,24.0,4,69.2,1.4299999999999986,0,0,2,0.0,0,0,0,131,0,0,0.05708664310282411,0
2026-07-31,AST-00680,Circuit Breaker House,Manhattan,breaker,15.0,4,88.6,-0.6199999999999956,0,1,1,0.8,1,0,0,27,0,0,0.050136800218268336,0
2026-07-31,AST-00681,Substation,Brooklyn,power,5.0,3,78.9,-1.4500000000000048,0,0,0,0.0,0,0,0,146,0,0,0.05080036546760495,0
2026-07-31,AST-00682,Circuit Breaker House,Manhattan,breaker,5.0,3,95.0,1.2800000000000058,0,0,1,0.0,0,0,0,124,0,0,0.04975083538534656,0
2026-07-31,AST-00683,Substation,Manhattan,power,16.0,5,66.8,-2.139999999999999,0,0,0,0.0,0,0,0,76,0,0,0.05587381705677147,0
2026-07-31,AST-00684,Feeder Cable,Bronx,cable,33.0,4,54.3,-1.669999999999997,0,0,1,0.0,1,0,1,221,0,0,0.07150180105521338,0
2026-07-31,AST-00628,Substation,Brooklyn,power,1.0,3,79.7,-2.529999999999992,0,1,1,2.9,0,0,0,35,0,0,0.04905564105527131,0
2026-07-31,AST-00672,Feeder Cable,Manhattan,cable,35.0,5,54.0,-0.8700000000000068,0,2,4,4.800000000000001,1,1,1,59,1,0,0.09937456378733925,1
2026-07-31,AST-00658,Circuit Breaker House,Manhattan,breaker,11.0,3,78.5,0.2900000000000048,0,0,1,0.0,0,0,0,166,0,0,0.050477700153049615,0
2026-07-31,AST-00644,Circuit Breaker House,Queens,breaker,19.0,4,67.4,-2.499999999999998,0,0,1,0.0,0,0,0,58,0,0,0.055119942285379496,0
2026-07-31,AST-00656,Circuit Breaker House,Bronx,breaker,23.0,3,69.5,-1.5499999999999967,0,0,1,0.0,0,0,0,80,0,0,0.05519441660723003,0
2026-07-31,AST-00686,Circuit Breaker House,Manhattan,breaker,20.0,3,63.5,-3.449999999999989,1,1,1,5.6,0,0,0,12,0,0,0.06188817804569666,0
2026-07-31,AST-00629,Feeder Cable,Bronx,cable,25.0,3,60.2,-2.25,0,0,1,0.0,0,0,0,210,0,0,0.05912517540877512,0
2026-07-31,AST-00630,Third Rail Segment,Queens,third_rail,2.0,4,88.7,-0.3499999999999963,1,1,1,1.2,0,0,0,4,0,0,0.049731233174913014,0
2026-07-31,AST-00631,Third Rail Segment,Bronx,third_rail,38.0,3,57.8,0.2700000000000037,0,0,1,0.0,0,0,0,177,0,0,0.06318489146300933,0
2026-07-31,AST-00632,Third Rail Segment,Brooklyn,third_rail,28.0,4,53.7,0.5599999999999998,0,0,0,0.0,0,0,0,41,0,0,0.09213008890262067,1
2026-07-31,AST-00633,Substation,Queens,power,37.0,3,55.1,-1.119999999999996,0,0,1,0.0,0,0,0,161,0,0,0.09166022502381377,1
2026-07-31,AST-00634,Circuit Breaker House,Queens,breaker,23.0,4,54.9,-1.4800000000000026,0,0,3,0.0,0,0,0,85,0,0,0.08302431018402454,1
2026-07-31,AST-00635,Substation,Queens,power,4.0,3,82.6,-4.269999999999992,0,0,0,0.0,0,0,0,239,0,0,0.04877429938363614,0
2026-07-31,AST-00636,Substation,Bronx,power,2.0,4,84.9,-3.059999999999994,0,0,2,0.0,1,0,1,187,0,0,0.05213394936206461,0
2026-07-31,AST-00637,Feeder Cable,Queens,cable,14.0,4,84.0,0.3400000000000096,0,1,2,7.2,0,0,0,29,0,0,0.0510751786766432,0
2026-07-31,AST-00638,Feeder Cable,Bronx,cable,30.0,2,51.8,-1.259999999999997,0,0,0,0.0,0,0,0,27,0,0,0.07949418192305935,1
2026-07-31,AST-00639,Third Rail Segment,Queens,third_rail,7.0,1,86.5,-2.649999999999995,0,0,0,0.0,0,0,0,332,0,0,0.04891869244137774,0
2026-07-31,AST-00640,Third Rail Segment,Manhattan,third_rail,35.0,5,51.0,-0.8699999999999978,0,1,1,2.8,0,0,0,63,0,0,0.11234754917594716,1
2026-07-31,AST-00641,Feeder Cable,Queens,cable,10.0,3,76.1,-2.060000000000002,0,0,0,0.0,0,0,0,220,0,0,0.05032608392656476,0
2026-07-31,AST-00642,Third Rail Segment,Brooklyn,third_rail,20.0,1,65.7,-2.25,0,0,0,0.0,0,0,0,40,0,0,0.05223271463164595,0
2026-07-31,AST-00643,Substation,Bronx,power,9.0,2,76.9,-1.9199999999999835,0,0,0,0.0,0,0,0,243,0,1,0.0512239012815844,0
2026-07-31,AST-00645,Feeder Cable,Manhattan,cable,19.0,3,70.4,-1.1699999999999846,0,0,0,0.0,0,0,0,215,0,0,0.05373907550074898,0
2026-07-31,AST-00646,Third Rail Segment,Manhattan,third_rail,1.0,3,91.5,-0.5700000000000051,0,0,1,0.0,1,0,1,131,0,0,0.05027128038622003,0
2026-07-31,AST-00647,Substation,Manhattan,power,23.0,5,69.1,-0.8000000000000017,0,0,1,0.0,0,0,0,83,0,0,0.058908702324312584,0
2026-07-31,AST-00648,Feeder Cable,Brooklyn,cable,32.0,2,53.5,-0.91,0,1,1,1.7,0,0,0,173,0,0,0.08060262836433364,1
2026-07-31,AST-00649,Feeder Cable,Manhattan,cable,38.0,2,47.9,0.7799999999999986,0,0,1,0.0,0,0,0,124,0,0,0.08811482383415581,1
2026-07-31,AST-00650,Substation,Queens,power,14.0,3,70.2,1.750000000000007,0,0,2,0.0,0,0,0,152,0,0,0.0535711415333423,0
2026-07-31,AST-00651,Feeder Cable,Queens,cable,36.0,4,47.5,-2.990000000000001,0,1,2,1.4,0,0,0,148,0,0,0.19543203658024214,1
2026-07-31,AST-00652,Third Rail Segment,Bronx,third_rail,36.0,4,57.9,-2.3100000000000054,0,0,2,0.0,0,0,0,157,0,0,0.10479819404394017,1
2026-07-31,AST-00653,Feeder Cable,Brooklyn,cable,40.0,4,54.1,-0.0299999999999993,0,0,2,0.0,0,0,0,141,0,0,0.10160625473003562,1
2026-07-31,AST-00654,Circuit Breaker House,Brooklyn,breaker,15.0,3,80.8,-1.1000000000000054,0,0,0,0.0,1,0,1,288,0,0,0.05168189191084452,0
2026-07-31,AST-00655,Third Rail Segment,Manhattan,third_rail,35.0,4,45.6,-2.0600000000000023,0,0,1,0.0,0,0,0,156,0,0,0.22692432494925674,1
2026-07-31,AST-00657,Third Rail Segment,Manhattan,third_rail,3.0,3,82.2,-1.5399999999999916,0,0,0,0.0,0,0,0,80,0,0,0.048725706876816426,0
2026-07-31,AST-00687,Feeder Cable,Queens,cable,10.0,2,84.8,-0.7299999999999892,0,0,0,0.0,0,0,0,218,0,0,0.049566906769221604,0
2026-07-31,AST-00717,Feeder Cable,Bronx,cable,18.0,4,75.6,-1.3100000000000054,0,0,1,0.0,1,0,0,181,0,0,0.05523379474271073,0
2026-07-31,AST-00689,Third Rail Segment,Bronx,third_rail,26.0,3,73.9,-0.4599999999999904,0,0,2,0.0,0,0,0,222,0,0,0.05533211551350823,0
2026-07-31,AST-00722,Feeder Cable,Queens,cable,27.0,3,50.4,2.0899999999999985,0,1,1,1.6,0,0,0,46,0,0,0.09219456750573717,1
2026-07-31,AST-00723,Substation,Queens,power,5.0,1,89.1,1.0800000000000003,0,0,0,0.0,0,0,0,308,0,0,0.049345251725928255,0
2026-07-31,AST-00724,Third Rail Segment,Brooklyn,third_rail,16.0,2,87.1,2.189999999999998,0,0,0,0.0,0,0,0,250,0,0,0.05185893867574657,0
2026-07-31,AST-00725,Substation,Brooklyn,power,32.0,1,58.5,-0.8700000000000034,0,0,3,0.0,0,0,0,240,0,0,0.06509942313927079,0
2026-07-31,AST-00726,Substation,Queens,power,25.0,3,63.6,-0.0199999999999996,0,1,1,2.0,0,0,0,140,0,0,0.056518628230821655,0
2026-07-31,AST-00727,Circuit Breaker House,Queens,breaker,6.0,3,77.9,-0.7900000000000073,0,0,1,0.0,0,0,0,252,0,0,0.051424667773937636,0
2026-07-31,AST-00728,Substation,Queens,power,2.0,3,83.4,-0.6100000000000044,0,0,1,0.0,0,0,0,98,0,0,0.054551054341486244,0
2026-07-31,AST-00729,Feeder Cable,Bronx,cable,24.0,5,56.6,1.95,0,0,0,0.0,0,0,0,79,0,0,0.09444822101220421,1
2026-07-31,AST-00730,Feeder Cable,Brooklyn,cable,19.0,4,57.5,-1.1500000000000017,0,0,0,0.0,0,0,0,33,0,0,0.07296947800627039,1
2026-07-31,AST-00731,Circuit Breaker House,Queens,breaker,39.0,4,32.2,0.3000000000000004,0,0,2,0.0,1,0,1,127,0,0,0.06641047464462785,0
2026-07-31,AST-00732,Substation,Bronx,power,21.0,2,59.3,1.5999999999999996,0,0,2,0.0,1,0,1,218,0,0,0.058516114552401716,0
2026-07-31,AST-00733,Substation,Manhattan,power,38.0,2,42.0,-0.4599999999999972,0,2,4,1.8,2,0,1,71,1,0,0.07986403451518172,1
2026-07-31,AST-00734,Circuit Breaker House,Manhattan,breaker,9.0,3,65.0,-0.7300000000000031,0,0,2,0.0,0,0,0,145,0,0,0.05183997395435299,0
2026-07-31,AST-00735,Substation,Brooklyn,power,18.0,3,72.3,-1.799999999999997,1,1,3,7.5,1,0,0,22,0,0,0.06315940457361159,0
2026-07-31,AST-00736,Feeder Cable,Bronx,cable,6.0,1,86.0,-0.1600000000000082,0,0,0,0.0,0,0,0,76,0,0,0.0479585420639615,0
2026-07-31,AST-00737,Circuit Breaker House,Brooklyn,breaker,23.0,3,61.5,-0.1499999999999973,0,0,1,0.0,0,0,0,2,0,0,0.06208050834993428,0
2026-07-31,AST-00738,Circuit Breaker House,Queens,breaker,8.0,3,79.5,-2.2200000000000006,0,0,0,0.0,0,0,0,188,0,0,0.05033333531731818,0
2026-07-31,AST-00739,Circuit Breaker House,Manhattan,breaker,20.0,3,73.7,-2.12,0,0,0,0.0,0,0,0,197,0,0,0.054762246343687766,0
2026-07-31,AST-00740,Feeder Cable,Brooklyn,cable,14.0,2,71.6,-1.309999999999997,0,0,0,0.0,0,0,0,220,0,0,0.050868779139748445,0
2026-07-31,AST-00741,Substation,Queens,power,8.0,3,82.6,-0.8699999999999984,0,0,0,0.0,0,0,0,13,0,0,0.04876972971838098,0
2026-07-31,AST-00742,Substation,Manhattan,power,4.0,3,94.2,-1.1499999999999966,0,0,0,0.0,0,0,0,7,0,0,0.04866744923455212,0
2026-07-31,AST-00743,Third Rail Segment,Bronx,third_rail,21.0,3,59.0,-1.569999999999998,0,0,0,0.0,0,0,0,47,0,0,0.06347385777593487,0
2026-07-31,AST-00744,Substation,Manhattan,power,38.0,4,54.6,-0.3499999999999982,0,0,0,0.0,0,0,0,46,0,0,0.09223740356265143,1
2026-07-31,AST-00745,Feeder Cable,Bronx,cable,8.0,4,86.4,1.570000000000004,0,0,1,0.0,0,0,0,48,0,0,0.049502606857764565,0
2026-07-31,AST-00746,Feeder Cable,Manhattan,cable,17.0,3,75.9,1.1400000000000026,0,0,0,0.0,0,0,0,42,0,0,0.053582713500240076,0
2026-07-31,AST-00747,Circuit Breaker House,Bronx,breaker,9.0,3,82.7,-0.5100000000000007,0,0,0,0.0,0,0,0,112,0,0,0.05010266959769778,0
2026-07-31,AST-00627,Third Rail Segment,Brooklyn,third_rail,40.0,3,34.9,-1.1300000000000032,0,0,3,0.0,1,0,1,287,0,0,0.0697770288921644,0
2026-07-31,AST-00721,Feeder Cable,Brooklyn,cable,26.0,5,55.9,0.2699999999999996,0,1,1,0.4,0,0,0,35,0,0,0.07777121717770165,1
2026-07-31,AST-00688,Third Rail Segment,Brooklyn,third_rail,23.0,4,69.0,1.280000000000002,0,1,1,0.5,0,0,0,152,0,0,0.05738060126538609,0
2026-07-31,AST-00720,Third Rail Segment,Bronx,third_rail,7.0,3,80.7,-3.3999999999999986,1,1,3,5.6,0,0,0,3,0,0,0.051211971996499094,0
2026-07-31,AST-00718,Substation,Brooklyn,power,28.0,4,58.9,-1.0200000000000022,1,2,2,2.6,1,0,1,78,1,0,0.12563599186602326,1
2026-07-31,AST-00690,Feeder Cable,Manhattan,cable,40.0,3,51.5,-0.1400000000000054,0,0,1,0.0,1,0,0,184,0,0,0.06528326172150357,0
2026-07-31,AST-00691,Circuit Breaker House,Queens,breaker,30.0,3,54.9,-1.500000000000002,0,0,0,0.0,0,0,0,203,0,0,0.0735773248616525,1
2026-07-31,AST-00692,Third Rail Segment,Queens,third_rail,25.0,4,52.8,-2.200000000000006,0,0,2,0.0,0,0,0,138,0,0,0.07604843403053078,1
2026-07-31,AST-00693,Circuit Breaker House,Manhattan,breaker,37.0,2,53.7,-1.3000000000000058,0,1,2,15.0,0,0,0,68,0,0,0.1019544242893418,1
2026-07-31,AST-00694,Circuit Breaker House,Manhattan,breaker,17.0,2,78.0,0.5300000000000029,1,1,1,2.9,2,0,1,370,0,0,0.053733992376651114,0
2026-07-31,AST-00695,Third Rail Segment,Brooklyn,third_rail,38.0,3,37.6,-1.42,1,1,2,1.6,1,0,0,118,0,1,0.07234175394600423,1
2026-07-31,AST-00696,Feeder Cable,Bronx,cable,15.0,4,68.1,0.0800000000000022,0,0,1,0.0,0,0,0,154,0,0,0.058319468764576866,0
2026-07-31,AST-00697,Feeder Cable,Brooklyn,cable,6.0,4,90.7,-1.5799999999999996,0,0,0,0.0,1,0,1,188,0,0,0.053910391558312516,0
2026-07-31,AST-00698,Feeder Cable,Queens,cable,17.0,2,75.9,-0.0699999999999965,0,0,3,0.0,0,0,0,117,0,0,0.05493078417227623,0
2026-07-31,AST-00699,Feeder Cable,Queens,cable,6.0,4,69.4,-0.4399999999999889,0,0,0,0.0,0,0,0,99,0,0,0.05322438514575543,0
2026-07-31,AST-00700,Circuit Breaker House,Queens,breaker,5.0,2,84.5,0.3100000000000006,0,0,0,0.0,0,0,0,109,0,0,0.04896546276233484,0
2026-07-31,AST-00701,Circuit Breaker House,Brooklyn,breaker,36.0,3,60.0,2.420000000000007,0,1,1,1.4,0,0,0,136,0,0,0.07562181282797036,1
2026-07-31,AST-00702,Circuit Breaker House,Brooklyn,breaker,32.0,2,60.0,-0.5400000000000077,0,0,0,0.0,0,0,0,363,0,0,0.06313167281116734,0
2026-07-31,AST-00703,Substation,Queens,power,9.0,5,80.4,-2.029999999999995,0,1,1,2.3,0,0,0,13,0,0,0.051146490613767776,0
2026-07-31,AST-00704,Third Rail Segment,Brooklyn,third_rail,34.0,4,54.4,-2.580000000000004,0,1,1,3.1,0,0,0,41,0,0,0.08545721751955723,1
2026-07-31,AST-00705,Circuit Breaker House,Bronx,breaker,3.0,4,79.0,-1.459999999999981,0,0,0,0.0,0,0,0,168,0,0,0.052750138735953106,0
2026-07-31,AST-00706,Feeder Cable,Manhattan,cable,12.0,4,82.5,-1.449999999999999,0,0,0,0.0,1,0,1,220,0,0,0.05290741468477877,0
2026-07-31,AST-00707,Third Rail Segment,Manhattan,third_rail,29.0,5,48.4,-3.3400000000000043,0,1,3,1.6,1,0,1,56,0,0,0.11973254701685464,1
2026-07-31,AST-00708,Third Rail Segment,Queens,third_rail,13.0,1,79.0,-0.3000000000000021,0,0,0,0.0,0,0,0,247,0,0,0.0509918006495537,0
2026-07-31,AST-00709,Feeder Cable,Brooklyn,cable,30.0,2,52.7,1.0400000000000047,0,1,1,3.9,1,0,1,39,0,0,0.08504591521464526,1
2026-07-31,AST-00710,Feeder Cable,Manhattan,cable,35.0,3,47.3,2.1399999999999992,0,0,2,0.0,1,0,1,36,0,1,0.08010324748300324,1
2026-07-31,AST-00711,Third Rail Segment,Manhattan,third_rail,3.0,2,88.4,-1.7399999999999896,0,0,0,0.0,0,0,0,320,0,0,0.051439100948681676,0
2026-07-31,AST-00712,Feeder Cable,Brooklyn,cable,1.0,2,85.9,-1.4099999999999984,0,0,0,0.0,0,0,0,324,0,0,0.04986936636611362,0
2026-07-31,AST-00713,Third Rail Segment,Bronx,third_rail,38.0,3,51.1,-1.1700000000000006,0,0,2,0.0,0,0,0,21,0,0,0.08841885188658542,1
2026-07-31,AST-00714,Third Rail Segment,Manhattan,third_rail,21.0,2,62.6,-1.490000000000001,0,0,1,0.0,0,0,0,116,0,0,0.05609072035539498,0
2026-07-31,AST-00715,Third Rail Segment,Manhattan,third_rail,21.0,4,62.2,-3.360000000000003,0,1,1,5.3,0,0,0,57,0,0,0.06321636274307048,0
2026-07-31,AST-00716,Circuit Breaker House,Brooklyn,breaker,19.0,3,56.8,-1.420000000000004,0,0,0,0.0,0,0,0,115,0,0,0.06788860711103543,0
2026-07-31,AST-00719,Feeder Cable,Bronx,cable,24.0,4,65.6,-2.2299999999999884,0,0,0,0.0,0,0,0,113,0,0,0.058595337815282915,0
2026-07-31,AST-00626,Feeder Cable,Brooklyn,cable,24.0,4,73.3,2.249999999999995,0,0,2,0.0,0,0,0,122,0,0,0.05653641941306626,0
2026-07-31,AST-00502,Third Rail Segment,Bronx,third_rail,4.0,3,89.7,-0.6999999999999906,0,0,0,0.0,0,0,0,253,0,0,0.05083759096391608,0
2026-07-31,AST-00624,Feeder Cable,Manhattan,cable,37.0,3,45.1,-0.4799999999999996,0,0,0,0.0,0,0,0,122,0,0,0.08132040747668115,1
2026-07-31,AST-00534,Feeder Cable,Brooklyn,cable,7.0,4,90.1,-2.430000000000005,0,1,2,0.7,0,0,0,16,0,0,0.04945731538241222,0
2026-07-31,AST-00535,Substation,Queens,power,33.0,3,59.8,-0.5699999999999955,0,0,0,0.0,0,0,0,199,0,0,0.06514870577499898,0
2026-07-31,AST-00536,Circuit Breaker House,Queens,breaker,40.0,4,46.8,-0.4700000000000018,0,0,2,0.0,0,0,0,34,0,0,0.09776910999966494,1
2026-07-31,AST-00537,Feeder Cable,Manhattan,cable,14.0,4,67.5,-0.4899999999999997,0,0,2,0.0,0,0,0,36,0,0,0.05406732537813552,0
2026-07-31,AST-00538,Substation,Brooklyn,power,20.0,3,79.2,-0.8899999999999991,0,0,0,0.0,1,0,1,294,0,0,0.053968516341492086,0
2026-07-31,AST-00539,Substation,Brooklyn,power,22.0,3,75.1,0.7700000000000011,1,2,3,2.3,1,0,1,60,1,1,0.06142533886498614,0
2026-07-31,AST-00540,Third Rail Segment,Brooklyn,third_rail,20.0,5,65.5,0.0300000000000123,0,0,0,0.0,0,0,0,86,0,0,0.05595791994148282,0
2026-07-31,AST-00541,Third Rail Segment,Queens,third_rail,12.0,3,81.6,-1.3499999999999894,0,0,0,0.0,0,0,0,221,0,0,0.04951168946800772,0
2026-07-31,AST-00542,Feeder Cable,Brooklyn,cable,39.0,3,47.4,-2.390000000000001,0,0,1,0.0,0,0,0,34,0,0,0.0939483453110234,1
2026-07-31,AST-00543,Third Rail Segment,Brooklyn,third_rail,39.0,4,59.0,-0.8700000000000013,0,0,1,0.0,0,0,0,167,0,0,0.06932183757904466,0
2026-07-31,AST-00544,Third Rail Segment,Bronx,third_rail,16.0,3,62.6,0.0399999999999944,0,0,0,0.0,0,0,0,115,0,0,0.057724746767837384,0
2026-07-31,AST-00545,Substation,Brooklyn,power,33.0,2,45.8,-1.0100000000000038,0,0,0,0.0,0,0,0,36,0,0,0.08194858531393621,1
2026-07-31,AST-00546,Feeder Cable,Queens,cable,16.0,4,77.4,1.3900000000000057,0,1,1,4.5,1,0,1,81,0,0,0.05455701952228536,0
2026-07-31,AST-00547,Circuit Breaker House,Manhattan,breaker,32.0,3,32.1,-3.740000000000002,0,0,0,0.0,1,0,1,37,0,0,0.083298611030001,1
2026-07-31,AST-00548,Substation,Manhattan,power,24.0,2,72.8,-0.929999999999998,1,1,1,7.4,0,0,0,336,0,0,0.08600966630087077,1
2026-07-31,AST-00549,Third Rail Segment,Manhattan,third_rail,19.0,4,68.2,-1.1499999999999984,0,0,1,0.0,0,0,0,146,0,0,0.05660749881504696,0
2026-07-31,AST-00550,Feeder Cable,Queens,cable,6.0,4,94.5,-0.8999999999999934,0,0,0,0.0,0,0,0,44,0,0,0.05069759343010549,0
2026-07-31,AST-00551,Feeder Cable,Bronx,cable,27.0,2,77.9,1.2500000000000135,0,1,2,0.8,0,0,0,45,0,0,0.054917646238068815,0
2026-07-31,AST-00552,Substation,Manhattan,power,13.0,5,81.1,1.5000000000000062,0,0,0,0.0,1,0,0,173,0,0,0.05177798825692461,0
2026-07-31,AST-00553,Circuit Breaker House,Manhattan,breaker,9.0,4,72.4,-3.2499999999999933,0,0,0,0.0,1,0,1,199,0,1,0.05632442787324046,0
2026-07-31,AST-00554,Third Rail Segment,Brooklyn,third_rail,8.0,3,74.9,-2.079999999999993,1,1,2,1.2,0,0,0,13,0,0,0.0519784580409273,0
2026-07-31,AST-00555,Substation,Queens,power,40.0,5,46.9,-0.4399999999999979,0,0,2,0.0,0,0,0,37,0,0,0.10126958321502694,1
2026-07-31,AST-00556,Circuit Breaker House,Queens,breaker,5.0,3,81.7,2.050000000000004,0,0,0,0.0,0,0,0,248,0,0,0.04970458939432001,0
2026-07-31,AST-00557,Circuit Breaker House,Queens,breaker,32.0,3,48.5,-1.0099999999999978,0,0,3,0.0,0,0,0,37,0,0,0.0814772489805283,1
2026-07-31,AST-00558,Feeder Cable,Bronx,cable,35.0,3,60.1,-3.490000000000013,0,0,0,0.0,0,0,0,228,0,0,0.05813192261212455,0
2026-07-31,AST-00559,Feeder Cable,Brooklyn,cable,2.0,4,90.6,0.1699999999999913,0,0,0,0.0,0,0,0,125,0,0,0.05195324710009988,0
2026-07-31,AST-00560,Feeder Cable,Queens,cable,24.0,4,49.9,-2.0500000000000007,0,0,0,0.0,0,0,0,22,0,0,0.09355417925553647,1
2026-07-31,AST-00533,Circuit Breaker House,Manhattan,breaker,37.0,3,44.8,-0.789999999999996,0,1,2,5.7,1,0,1,217,0,0,0.06884563116890752,0
2026-07-31,AST-00532,Feeder Cable,Manhattan,cable,33.0,4,64.6,-1.1099999999999934,0,0,2,0.0,0,0,0,49,0,0,0.05953730677063469,0
2026-07-31,AST-00531,Feeder Cable,Brooklyn,cable,37.0,4,58.9,-2.6499999999999995,0,0,1,0.0,0,0,0,99,0,0,0.06870346489848041,0
2026-07-31,AST-00530,Circuit Breaker House,Queens,breaker,24.0,2,76.0,0.1300000000000027,0,1,4,2.9,0,0,0,31,0,0,0.0744129524502989,1
2026-07-31,AST-00748,Feeder Cable,Queens,cable,33.0,4,62.0,1.6600000000000048,0,0,1,0.0,0,0,0,46,0,0,0.06965820778057673,0
2026-07-31,AST-00503,Third Rail Segment,Brooklyn,third_rail,31.0,3,59.4,-1.1599999999999997,0,0,1,0.0,0,0,0,114,0,0,0.06589131116436082,0
2026-07-31,AST-00504,Feeder Cable,Brooklyn,cable,5.0,3,87.0,1.080000000000005,0,1,1,2.6,0,0,0,35,0,0,0.04861713150514784,0
2026-07-31,AST-00505,Feeder Cable,Manhattan,cable,3.0,2,83.6,-1.029999999999998,0,0,0,0.0,0,0,0,245,0,0,0.05097184029524403,0
2026-07-31,AST-00506,Third Rail Segment,Brooklyn,third_rail,5.0,4,73.5,-1.3299999999999976,0,0,1,0.0,0,0,0,97,0,0,0.05321148384580475,0
2026-07-31,AST-00507,Circuit Breaker House,Brooklyn,breaker,19.0,3,77.5,-1.9299999999999955,0,0,2,0.0,0,0,0,86,0,0,0.05319771842288058,0
2026-07-31,AST-00508,Third Rail Segment,Queens,third_rail,25.0,3,52.2,-3.6100000000000008,0,0,0,0.0,0,0,0,211,0,0,0.07776358891510488,1
2026-07-31,AST-00509,Feeder Cable,Bronx,cable,17.0,3,78.4,-2.029999999999993,0,0,0,0.0,1,0,1,283,0,0,0.0546841424414052,0
2026-07-31,AST-00510,Substation,Queens,power,5.0,4,82.6,-1.4199999999999948,0,0,0,0.0,1,0,1,258,0,0,0.05759260054405124,0
2026-07-31,AST-00511,Substation,Brooklyn,power,8.0,3,96.2,0.7299999999999907,0,0,2,0.0,0,0,0,9,0,0,0.04866744923455212,0
2026-07-31,AST-00512,Third Rail Segment,Brooklyn,third_rail,35.0,3,53.9,-0.0699999999999952,0,0,1,0.0,0,0,0,92,0,0,0.09016149526588785,1
2026-07-31,AST-00513,Substation,Queens,power,39.0,3,42.0,-2.769999999999993,1,1,1,4.7,0,0,0,103,0,0,0.1304803114248311,1
2026-07-31,AST-00514,Circuit Breaker House,Bronx,breaker,31.0,5,52.1,-1.2399999999999944,1,1,1,0.4,2,0,1,261,0,0,0.08422292693484647,1
2026-07-31,AST-00561,Substation,Queens,power,24.0,3,54.4,-0.5499999999999996,1,2,3,1.2000000000000002,1,0,1,125,1,0,0.07914454545422982,1
2026-07-31,AST-00515,Circuit Breaker House,Brooklyn,breaker,5.0,2,83.5,-1.6599999999999953,0,0,0,0.0,0,0,0,190,0,0,0.049891707897916984,0
2026-07-31,AST-00517,Circuit Breaker House,Brooklyn,breaker,28.0,1,44.9,-5.020000000000001,0,0,1,0.0,0,0,0,75,0,0,0.12402686086958405,1
2026-07-31,AST-00518,Feeder Cable,Queens,cable,22.0,3,64.6,-1.4700000000000069,0,0,1,0.0,0,0,0,70,0,0,0.0553607894095672,0
2026-07-31,AST-00519,Substation,Bronx,power,6.0,5,79.5,-1.0099999999999971,0,1,2,1.1,0,0,0,94,0,0,0.05506956955495468,0
2026-07-31,AST-00520,Third Rail Segment,Queens,third_rail,40.0,4,61.8,-1.4800000000000035,0,0,0,0.0,0,0,0,68,0,0,0.06384946756198004,0
2026-07-31,AST-00521,Third Rail Segment,Manhattan,third_rail,18.0,3,73.6,-0.8100000000000049,0,0,0,0.0,0,0,0,189,0,0,0.0541934615828085,0
2026-07-31,AST-00522,Circuit Breaker House,Queens,breaker,2.0,3,88.2,-0.3599999999999892,0,0,0,0.0,0,0,0,206,0,0,0.05002514691810542,0
2026-07-31,AST-00523,Substation,Manhattan,power,9.0,3,72.9,-1.0999999999999934,0,0,0,0.0,1,0,1,370,0,0,0.051561375101450375,0
2026-07-31,AST-00524,Feeder Cable,Queens,cable,17.0,3,80.9,1.200000000000002,0,1,1,0.7,0,0,0,215,0,0,0.053892588542443116,0
2026-07-31,AST-00525,Substation,Brooklyn,power,3.0,2,77.9,-1.3599999999999932,0,0,1,0.0,0,0,0,251,0,0,0.05104384163053634,0
2026-07-31,AST-00526,Circuit Breaker House,Queens,breaker,13.0,3,74.4,-1.2899999999999925,0,0,0,0.0,0,0,0,47,0,0,0.05044159451685735,0
2026-07-31,AST-00527,Third Rail Segment,Bronx,third_rail,19.0,3,70.0,-0.2699999999999951,0,0,0,0.0,0,0,0,228,0,0,0.053618856649569585,0
2026-07-31,AST-00528,Third Rail Segment,Manhattan,third_rail,38.0,2,56.7,-1.1699999999999915,1,1,2,1.1,0,0,0,190,0,0,0.06897838906819749,0
2026-07-31,AST-00529,Third Rail Segment,Brooklyn,third_rail,4.0,2,96.0,4.470000000000003,0,0,0,0.0,0,0,0,78,0,0,0.048264282974010725,0
2026-07-31,AST-00516,Substation,Bronx,power,33.0,4,43.1,-4.0099999999999945,0,0,2,0.0,0,0,0,98,0,0,0.1099943870167354,1
2026-07-31,AST-00625,Third Rail Segment,Manhattan,third_rail,37.0,4,38.0,-1.8399999999999967,1,2,3,4.0,0,0,0,31,1,1,0.13141999599883866,1
2026-07-31,AST-00562,Circuit Breaker House,Brooklyn,breaker,15.0,2,85.2,-0.0500000000000016,0,0,1,0.0,0,0,0,138,0,0,0.05026970161932346,0
2026-07-31,AST-00564,Feeder Cable,Manhattan,cable,17.0,3,71.7,0.9800000000000016,0,0,0,0.0,0,0,0,161,0,0,0.054709314502710486,0
2026-07-31,AST-00597,Feeder Cable,Queens,cable,21.0,3,62.4,-0.4499999999999904,0,0,0,0.0,0,0,0,246,0,0,0.057511858950338134,0
2026-07-31,AST-00598,Feeder Cable,Queens,cable,29.0,1,49.3,-1.879999999999998,0,0,0,0.0,0,0,0,37,0,0,0.09075676236489774,1
2026-07-31,AST-00599,Third Rail Segment,Brooklyn,third_rail,39.0,3,47.1,0.5000000000000017,0,0,3,0.0,0,0,0,35,0,0,0.09537249706121875,1
2026-07-31,AST-00600,Feeder Cable,Brooklyn,cable,16.0,2,69.9,-1.3399999999999974,0,0,0,0.0,0,0,0,122,0,0,0.05111814861849973,0
2026-07-31,AST-00601,Feeder Cable,Manhattan,cable,35.0,2,62.6,0.8099999999999986,0,0,2,0.0,0,0,0,244,0,0,0.06476409873627154,0
2026-07-31,AST-00602,Third Rail Segment,Brooklyn,third_rail,9.0,5,79.2,-2.539999999999996,0,0,0,0.0,0,0,0,81,0,0,0.052652419456890275,0
2026-07-31,AST-00603,Third Rail Segment,Brooklyn,third_rail,32.0,3,73.2,2.410000000000003,0,0,2,0.0,0,0,0,168,0,0,0.0566795855617741,0
2026-07-31,AST-00604,Feeder Cable,Brooklyn,cable,23.0,4,63.5,-2.4399999999999964,0,0,0,0.0,0,0,0,7,0,0,0.05656239934035729,0
2026-07-31,AST-00605,Third Rail Segment,Manhattan,third_rail,31.0,3,52.1,-1.3099999999999967,0,0,0,0.0,1,0,0,272,0,0,0.08222837077312357,1
2026-07-31,AST-00606,Third Rail Segment,Queens,third_rail,31.0,3,58.4,1.039999999999996,0,1,1,1.2,0,0,0,39,0,0,0.0820672249238149,1
2026-07-31,AST-00607,Third Rail Segment,Brooklyn,third_rail,22.0,4,67.1,0.0699999999999963,0,0,1,0.0,0,0,0,60,0,1,0.05668110684127957,0
2026-07-31,AST-00608,Substation,Brooklyn,power,11.0,3,80.5,-1.809999999999995,0,0,0,0.0,0,0,0,60,0,0,0.0509661002251946,0
2026-07-31,AST-00609,Feeder Cable,Manhattan,cable,22.0,4,88.3,1.320000000000012,0,0,3,0.0,0,0,0,97,0,0,0.05328683098266697,0
2026-07-31,AST-00610,Feeder Cable,Brooklyn,cable,34.0,3,50.6,-0.9000000000000055,0,2,3,9.6,1,0,1,129,1,0,0.07007774290044949,0
2026-07-31,AST-00611,Feeder Cable,Brooklyn,cable,39.0,3,53.1,-1.3100000000000025,1,1,1,0.8,0,0,0,38,0,0,0.12439759418710965,1
2026-07-31,AST-00612,Feeder Cable,Brooklyn,cable,38.0,2,49.8,-2.27999999999999,0,0,1,0.0,0,0,0,82,0,0,0.1306330762904998,1
2026-07-31,AST-00613,Third Rail Segment,Queens,third_rail,8.0,1,65.2,-4.399999999999996,0,0,0,0.0,0,0,0,116,0,1,0.04936186036759409,0
2026-07-31,AST-00614,Third Rail Segment,Manhattan,third_rail,24.0,3,73.6,-0.2100000000000058,0,0,1,0.0,0,0,0,93,0,0,0.05537593535533298,0
2026-07-31,AST-00615,Circuit Breaker House,Bronx,breaker,5.0,3,90.1,0.36,0,1,1,3.5,0,0,0,126,0,0,0.05021395839341044,0
2026-07-31,AST-00616,Feeder Cable,Manhattan,cable,27.0,2,50.6,-1.2899999999999947,0,1,3,3.4,0,0,0,122,0,0,0.08313028710416123,1
2026-07-31,AST-00617,Feeder Cable,Brooklyn,cable,40.0,3,48.1,0.9999999999999972,0,0,2,0.0,0,0,0,36,0,0,0.10295313531780807,1
2026-07-31,AST-00618,Circuit Breaker House,Manhattan,breaker,3.0,3,75.4,0.6299999999999988,0,0,0,0.0,0,0,0,75,0,0,0.05030301643751847,0
2026-07-31,AST-00619,Substation,Brooklyn,power,27.0,1,54.2,-1.0700000000000005,0,0,0,0.0,0,0,0,132,0,0,0.07053486118628431,0
2026-07-31,AST-00620,Substation,Brooklyn,power,38.0,2,48.6,-2.6699999999999955,0,0,2,0.0,1,0,1,127,0,0,0.07513820270778514,1
2026-07-31,AST-00621,Third Rail Segment,Bronx,third_rail,34.0,4,38.9,-2.559999999999994,0,0,0,0.0,1,0,1,214,0,0,0.10123548567247632,1
2026-07-31,AST-00622,Feeder Cable,Brooklyn,cable,16.0,4,56.8,-3.2600000000000025,0,0,0,0.0,1,0,1,122,0,0,0.06312559776533674,0
2026-07-31,AST-00623,Third Rail Segment,Queens,third_rail,5.0,2,83.8,-1.6399999999999992,0,0,0,0.0,0,0,0,152,0,0,0.049891707897916984,0
2026-07-31,AST-00596,Circuit Breaker House,Bronx,breaker,7.0,4,77.2,-2.4300000000000024,0,0,0,0.0,0,0,0,35,0,0,0.05090123255684375,0
2026-07-31,AST-00595,Substation,Brooklyn,power,13.0,4,71.8,1.1600000000000048,1,1,1,1.7,0,0,0,24,0,0,0.0634943860434264,0
2026-07-31,AST-00594,Feeder Cable,Manhattan,cable,4.0,5,93.8,2.760000000000012,0,0,0,0.0,0,0,0,17,0,1,0.050239017967988985,0
2026-07-31,AST-00593,Circuit Breaker House,Brooklyn,breaker,22.0,4,60.1,-1.600000000000005,0,0,1,0.0,0,0,0,175,0,0,0.06677054515094316,0
2026-07-31,AST-00565,Feeder Cable,Queens,cable,18.0,2,67.4,-0.6100000000000015,0,0,2,0.0,0,0,0,148,0,0,0.05439249710319312,0
2026-07-31,AST-00566,Feeder Cable,Queens,cable,18.0,2,64.0,-2.180000000000001,0,0,3,0.0,0,0,0,176,0,0,0.056306533063000194,0
2026-07-31,AST-00567,Third Rail Segment,Bronx,third_rail,33.0,4,60.6,-0.4099999999999986,0,0,1,0.0,0,0,0,103,0,0,0.06459507241730357,0
2026-07-31,AST-00568,Substation,Brooklyn,power,26.0,1,57.3,-1.2800000000000036,0,0,0,0.0,0,0,0,57,0,0,0.07958488329439724,1
2026-07-31,AST-00569,Circuit Breaker House,Brooklyn,breaker,16.0,3,62.6,-1.6999999999999915,0,0,0,0.0,0,0,0,205,0,1,0.05811093601616237,0
2026-07-31,AST-00570,Feeder Cable,Queens,cable,38.0,3,46.4,-2.009999999999997,0,0,0,0.0,0,0,0,29,0,0,0.09101525521848956,1
2026-07-31,AST-00571,Circuit Breaker House,Queens,breaker,33.0,5,51.6,-2.1499999999999964,0,0,1,0.0,0,0,0,35,0,1,0.08506581940982572,1
2026-07-31,AST-00572,Third Rail Segment,Brooklyn,third_rail,38.0,3,50.0,-2.3599999999999963,0,1,2,17.1,0,0,0,64,0,0,0.2255408275896099,1
2026-07-31,AST-00573,Feeder Cable,Queens,cable,30.0,4,43.3,-2.089999999999998,0,0,1,0.0,0,0,0,167,0,0,0.12593108147666862,1
2026-07-31,AST-00574,Third Rail Segment,Brooklyn,third_rail,16.0,3,77.2,-0.8399999999999946,0,0,0,0.0,0,0,0,89,0,0,0.05131227002902581,0
2026-07-31,AST-00575,Third Rail Segment,Queens,third_rail,31.0,3,62.6,-0.2699999999999986,0,0,1,0.0,0,0,0,108,0,0,0.06087830697824317,0
2026-07-31,AST-00576,Feeder Cable,Bronx,cable,14.0,4,76.7,-0.8499999999999999,0,0,1,0.0,0,0,0,147,0,0,0.05457603375287619,0
2026-07-31,AST-00577,Third Rail Segment,Brooklyn,third_rail,11.0,3,77.3,0.3600000000000006,0,1,2,0.4,1,0,1,293,0,0,0.05101777052494966,0
2026-07-31,AST-00563,Third Rail Segment,Bronx,third_rail,27.0,3,57.2,-0.7399999999999972,0,0,0,0.0,1,0,1,47,0,0,0.07635756375370044,1
2026-07-31,AST-00578,Feeder Cable,Brooklyn,cable,19.0,4,74.6,0.4399999999999959,0,0,1,0.0,0,0,0,80,0,0,0.05453452834764542,0
2026-07-31,AST-00580,Circuit Breaker House,Queens,breaker,23.0,3,59.1,-1.8799999999999997,0,0,0,0.0,0,0,0,204,0,0,0.0613116942998109,0
2026-07-31,AST-00581,Feeder Cable,Bronx,cable,16.0,4,78.8,-0.4299999999999987,0,0,0,0.0,0,0,0,60,0,0,0.051308242807436136,0
2026-07-31,AST-00582,Feeder Cable,Brooklyn,cable,19.0,4,65.3,-1.3500000000000023,0,0,1,0.0,0,0,0,44,0,0,0.055522845164130405,0
2026-07-31,AST-00583,Substation,Bronx,power,12.0,5,68.5,-0.5900000000000052,1,1,2,2.8,0,0,0,56,0,0,0.07789919612975928,1
2026-07-31,AST-00584,Circuit Breaker House,Manhattan,breaker,27.0,2,57.3,-1.2499999999999971,0,0,2,0.0,0,0,0,174,0,0,0.06887011832874344,0
2026-07-31,AST-00585,Third Rail Segment,Brooklyn,third_rail,15.0,2,74.6,-3.0599999999999943,0,0,0,0.0,0,0,0,71,0,0,0.05121542480844565,0
2026-07-31,AST-00586,Feeder Cable,Brooklyn,cable,23.0,2,56.9,0.1399999999999931,0,0,1,0.0,0,0,0,86,0,0,0.08396912688567762,1
2026-07-31,AST-00587,Substation,Queens,power,15.0,4,74.1,-1.689999999999995,0,1,2,3.6,0,0,0,34,0,0,0.0544216034402566,0
2026-07-31,AST-00588,Circuit Breaker House,Bronx,breaker,13.0,4,80.9,-0.5399999999999917,0,1,2,1.2,1,0,1,194,0,0,0.05620319589003197,0
2026-07-31,AST-00589,Circuit Breaker House,Queens,breaker,39.0,3,54.6,0.759999999999998,0,0,0,0.0,1,0,0,263,0,0,0.0789690573606976,1
2026-07-31,AST-00590,Substation,Queens,power,14.0,2,86.4,-0.6799999999999929,0,0,1,0.0,0,0,0,104,0,0,0.04925690469234042,0
2026-07-31,AST-00591,Third Rail Segment,Brooklyn,third_rail,3.0,4,92.2,-0.1399999999999884,1,1,3,0.8,0,0,0,47,0,0,0.05203757103198063,0
2026-07-31,AST-00592,Feeder Cable,Brooklyn,cable,16.0,2,67.8,0.6500000000000035,0,0,0,0.0,0,0,0,296,0,0,0.05163667935374188,0
2026-07-31,AST-00579,Third Rail Segment,Bronx,third_rail,39.0,2,39.2,-2.649999999999995,0,0,0,0.0,0,0,0,215,0,0,0.12612099323745138,1
2026-07-31,AST-00749,Third Rail Segment,Manhattan,third_rail,17.0,4,75.7,-2.929999999999999,0,0,3,0.0,0,0,0,27,0,0,0.054338130668073664,0
2026-07-31,AST-00998,Substation,Brooklyn,power,14.0,3,70.8,-0.94,0,0,0,0.0,0,0,0,51,0,0,0.05096457813701132,0
2026-07-31,AST-00751,Circuit Breaker House,Manhattan,breaker,10.0,4,79.9,0.1199999999999978,0,0,1,0.0,0,0,0,115,0,0,0.053017906178607896,0
2026-07-31,AST-00909,Circuit Breaker House,Bronx,breaker,6.0,2,83.1,-0.5699999999999988,0,0,1,0.0,0,0,0,357,0,0,0.050169874960013225,0
2026-07-31,AST-00910,Circuit Breaker House,Bronx,breaker,14.0,4,80.8,-0.3500000000000014,0,0,1,0.0,0,0,0,51,0,0,0.050639355892881446,0
2026-07-31,AST-00911,Third Rail Segment,Queens,third_rail,5.0,2,90.1,-0.5400000000000055,0,0,0,0.0,1,0,0,370,0,0,0.050088004928384604,0
2026-07-31,AST-00912,Third Rail Segment,Queens,third_rail,4.0,3,80.9,-1.3199999999999927,0,0,0,0.0,0,0,0,186,0,0,0.049721431522921904,0
2026-07-31,AST-00913,Third Rail Segment,Brooklyn,third_rail,19.0,3,59.4,0.5900000000000052,0,0,2,0.0,0,0,0,236,0,0,0.057830300497907466,0
2026-07-31,AST-00914,Third Rail Segment,Brooklyn,third_rail,10.0,5,81.4,-2.099999999999996,0,0,1,0.0,0,0,0,125,0,1,0.05175013153157073,0
2026-07-31,AST-00915,Third Rail Segment,Manhattan,third_rail,17.0,3,78.2,-0.8600000000000112,0,0,1,0.0,0,0,0,177,0,0,0.05310406826505206,0
2026-07-31,AST-00916,Third Rail Segment,Queens,third_rail,18.0,1,74.6,0.7400000000000051,0,0,0,0.0,0,0,0,257,0,0,0.05265674932039977,0
2026-07-31,AST-00917,Substation,Manhattan,power,25.0,4,67.6,-2.8299999999999974,0,0,1,0.0,0,0,0,123,0,0,0.060538308562366396,0
2026-07-31,AST-00918,Substation,Queens,power,38.0,3,47.3,-0.1500000000000045,0,0,0,0.0,1,0,1,177,0,0,0.06163921184590214,0
2026-07-31,AST-00919,Circuit Breaker House,Brooklyn,breaker,34.0,3,43.9,-3.200000000000005,0,0,0,0.0,1,0,1,51,0,0,0.1079066053992537,1
2026-07-31,AST-00920,Feeder Cable,Brooklyn,cable,16.0,3,65.7,0.180000000000008,0,0,2,0.0,0,0,0,95,0,0,0.052699261621231036,0
2026-07-31,AST-00921,Substation,Brooklyn,power,14.0,3,78.8,2.269999999999995,0,0,1,0.0,0,0,0,256,0,0,0.0523952946286281,0
2026-07-31,AST-00922,Third Rail Segment,Bronx,third_rail,31.0,4,54.8,-4.029999999999997,0,1,3,1.6,1,0,0,124,0,0,0.07625585020080826,1
2026-07-31,AST-00923,Feeder Cable,Manhattan,cable,5.0,2,86.3,-3.7199999999999935,0,0,0,0.0,1,0,1,373,0,0,0.04953929473889508,0
2026-07-31,AST-00924,Feeder Cable,Manhattan,cable,22.0,3,63.0,0.1899999999999971,0,1,2,4.1,1,0,1,148,0,0,0.07357188286884453,1
2026-07-31,AST-00925,Substation,Manhattan,power,17.0,4,74.0,-0.7799999999999935,0,0,1,0.0,0,0,0,54,0,0,0.05542145462098471,0
2026-07-31,AST-00926,Circuit Breaker House,Queens,breaker,8.0,3,88.1,-0.3899999999999922,0,0,1,0.0,0,0,0,59,0,0,0.04870480498498972,0
2026-07-31,AST-00927,Substation,Bronx,power,25.0,2,58.4,0.4800000000000082,0,0,1,0.0,1,0,0,371,0,0,0.06087185444892196,0
2026-07-31,AST-00928,Third Rail Segment,Manhattan,third_rail,13.0,4,75.1,3.150000000000009,0,0,0,0.0,0,0,0,112,0,0,0.05274158328283943,0
2026-07-31,AST-00929,Feeder Cable,Bronx,cable,8.0,4,72.0,-0.0500000000000003,1,1,3,0.8,0,0,0,8,0,0,0.06857542068963171,0
2026-07-31,AST-00930,Feeder Cable,Brooklyn,cable,27.0,3,60.5,2.539422999510313e-15,1,1,3,2.8,0,0,0,12,0,0,0.09193795893565351,1
2026-07-31,AST-00931,Circuit Breaker House,Queens,breaker,7.0,1,74.0,-1.87,0,0,0,0.0,0,0,0,234,0,0,0.05141912613700729,0
2026-07-31,AST-00932,Circuit Breaker House,Manhattan,breaker,27.0,4,45.5,-1.8200000000000032,0,1,4,1.5,0,0,0,39,0,0,0.1090106528046557,1
2026-07-31,AST-00933,Feeder Cable,Brooklyn,cable,7.0,2,75.0,-0.6399999999999971,0,0,0,0.0,0,0,0,197,0,0,0.05042515676347193,0
2026-07-31,AST-00934,Third Rail Segment,Queens,third_rail,18.0,4,58.3,-1.1299999999999972,0,0,0,0.0,0,0,0,90,0,0,0.06882386445114891,0
2026-07-31,AST-00935,Third Rail Segment,Brooklyn,third_rail,33.0,2,56.9,-2.2900000000000027,0,0,0,0.0,1,0,0,361,0,0,0.07086884047018241,0
2026-07-31,AST-00908,Substation,Manhattan,power,38.0,3,40.7,-2.379999999999998,0,0,1,0.0,1,0,1,129,0,0,0.07199082605994245,0
2026-07-31,AST-00936,Circuit Breaker House,Manhattan,breaker,10.0,2,80.9,-3.029999999999997,0,0,0,0.0,0,0,0,66,0,0,0.04797574164125203,0
2026-07-31,AST-00907,Feeder Cable,Queens,cable,25.0,4,71.0,-2.270000000000002,0,0,0,0.0,0,0,0,140,0,0,0.057763745160667374,0
2026-07-31,AST-00905,Third Rail Segment,Brooklyn,third_rail,27.0,5,63.1,-0.1000000000000023,0,0,1,0.0,0,0,0,150,0,0,0.06302622594684312,0
2026-07-31,AST-00878,Circuit Breaker House,Brooklyn,breaker,38.0,4,53.8,-1.0500000000000005,1,1,1,0.7,0,0,0,6,0,0,0.1327527540480756,1
2026-07-31,AST-00879,Feeder Cable,Brooklyn,cable,35.0,4,39.1,-2.3200000000000065,0,1,3,2.6,1,0,0,33,0,0,0.08418012245687055,1
2026-07-31,AST-00880,Feeder Cable,Manhattan,cable,40.0,4,33.0,-2.49,1,2,3,3.4,0,0,0,35,1,0,0.12782927439067102,1
2026-07-31,AST-00881,Feeder Cable,Queens,cable,2.0,5,91.2,-0.7900000000000007,0,0,1,0.0,0,0,0,159,0,0,0.050951188336852644,0
2026-07-31,AST-00882,Feeder Cable,Manhattan,cable,10.0,3,80.0,-0.2500000000000007,0,0,0,0.0,0,0,0,67,0,0,0.049748241753219014,0
2026-07-31,AST-00883,Third Rail Segment,Queens,third_rail,23.0,1,76.5,-0.950000000000006,0,0,0,0.0,0,0,0,358,0,0,0.05435477429743401,0
2026-07-31,AST-00884,Feeder Cable,Brooklyn,cable,2.0,3,95.6,-1.1500000000000092,0,0,0,0.0,0,0,0,207,0,0,0.050061761297224595,0
2026-07-31,AST-00885,Circuit Breaker House,Manhattan,breaker,15.0,4,59.1,-3.980000000000005,0,0,0,0.0,0,0,0,160,0,0,0.06488314715045061,0
2026-07-31,AST-00886,Circuit Breaker House,Manhattan,breaker,7.0,2,90.2,1.289999999999999,0,0,0,0.0,0,0,0,199,0,0,0.048922126535521276,0
2026-07-31,AST-00887,Circuit Breaker House,Manhattan,breaker,38.0,3,50.1,-0.8599999999999927,0,0,2,0.0,0,0,0,98,0,0,0.08943418864876133,1
2026-07-31,AST-00888,Substation,Manhattan,power,3.0,3,86.8,-1.9099999999999984,0,0,0,0.0,0,0,0,206,0,0,0.04989026876724808,0
2026-07-31,AST-00889,Substation,Brooklyn,power,6.0,5,88.8,1.689999999999994,0,0,0,0.0,0,0,0,85,0,0,0.050219878076893175,0
2026-07-31,AST-00890,Feeder Cable,Bronx,cable,8.0,4,68.6,-1.9799999999999944,0,0,0,0.0,0,0,0,150,0,0,0.05565349184846299,0
2026-07-31,AST-00891,Circuit Breaker House,Bronx,breaker,6.0,4,90.3,0.3000000000000087,1,1,1,0.7,1,0,1,71,0,0,0.05578744186437327,0
2026-07-31,AST-00892,Third Rail Segment,Brooklyn,third_rail,23.0,4,66.7,-0.5500000000000002,0,0,0,0.0,0,0,0,108,0,0,0.05733114856833068,0
2026-07-31,AST-00893,Circuit Breaker House,Queens,breaker,15.0,3,77.8,-2.08,0,0,1,0.0,0,0,0,79,0,0,0.051483033018699643,0
2026-07-31,AST-00894,Substation,Queens,power,37.0,3,45.1,-1.979999999999997,0,0,1,0.0,0,0,0,102,0,0,0.10152452023518187,1
2026-07-31,AST-00895,Third Rail Segment,Queens,third_rail,11.0,2,77.5,1.140000000000005,0,0,0,0.0,0,0,0,189,0,0,0.05027514141024788,0
2026-07-31,AST-00896,Third Rail Segment,Manhattan,third_rail,22.0,1,43.4,-1.2700000000000014,0,0,3,0.0,0,0,0,31,0,0,0.07934230255397268,1
2026-07-31,AST-00897,Circuit Breaker House,Brooklyn,breaker,27.0,3,59.0,-1.3999999999999937,0,0,0,0.0,0,0,0,117,0,0,0.06548590963264556,0
2026-07-31,AST-00898,Circuit Breaker House,Brooklyn,breaker,26.0,4,53.2,-1.4699999999999964,0,0,1,0.0,0,0,0,5,0,0,0.0838567887790166,1
2026-07-31,AST-00899,Circuit Breaker House,Manhattan,breaker,32.0,4,42.5,-2.649999999999993,0,1,2,1.0,1,0,1,43,0,0,0.09434662551249137,1
2026-07-31,AST-00900,Feeder Cable,Brooklyn,cable,9.0,5,75.3,-3.4899999999999918,0,0,0,0.0,0,0,0,47,0,0,0.051873548609457594,0
2026-07-31,AST-00901,Feeder Cable,Bronx,cable,21.0,5,60.9,-1.3799999999999883,0,1,1,13.0,0,0,0,17,0,0,0.06519164487590329,0
2026-07-31,AST-00902,Circuit Breaker House,Bronx,breaker,33.0,2,39.1,-3.0799999999999965,1,1,1,2.3,1,0,1,130,0,0,0.08431806036673466,1
2026-07-31,AST-00903,Substation,Manhattan,power,35.0,3,47.2,-2.680000000000002,0,0,1,0.0,0,0,0,111,0,0,0.09505160361201531,1
2026-07-31,AST-00904,Feeder Cable,Brooklyn,cable,25.0,4,63.4,-0.0899999999999938,0,0,1,0.0,0,0,0,155,0,0,0.05857124538470506,0
2026-07-31,AST-00906,Feeder Cable,Brooklyn,cable,35.0,5,31.5,-2.5600000000000023,0,1,4,2.2,0,0,0,71,0,0,0.11635110285225019,1
2026-07-31,AST-00937,Third Rail Segment,Queens,third_rail,31.0,3,49.8,-3.2800000000000016,1,1,4,14.6,0,0,0,2,0,0,0.0908136864932751,1
2026-07-31,AST-00938,Substation,Bronx,power,29.0,3,61.1,-0.0100000000000021,0,0,1,0.0,1,0,1,234,0,0,0.0610447717384264,0
2026-07-31,AST-00939,Third Rail Segment,Brooklyn,third_rail,37.0,3,29.4,-3.570000000000003,0,0,4,0.0,0,0,0,24,0,0,0.07814878168791403,1
2026-07-31,AST-00972,Substation,Manhattan,power,3.0,4,98.2,1.660000000000004,0,0,0,0.0,0,0,0,124,0,0,0.05093146112767826,0
2026-07-31,AST-00973,Substation,Manhattan,power,24.0,2,49.3,-3.0199999999999965,1,1,2,0.7,0,0,0,356,0,0,0.12378438751759357,1
2026-07-31,AST-00974,Third Rail Segment,Brooklyn,third_rail,40.0,3,45.3,-1.0500000000000007,0,2,4,9.3,0,0,0,42,1,0,0.09231666855294524,1
2026-07-31,AST-00975,Circuit Breaker House,Brooklyn,breaker,1.0,3,73.8,-0.6199999999999941,0,0,0,0.0,0,0,0,67,0,0,0.05041139292325641,0
2026-07-31,AST-00976,Feeder Cable,Brooklyn,cable,19.0,2,73.7,-1.330000000000003,0,0,0,0.0,0,0,0,119,0,0,0.05296653530850508,0
2026-07-31,AST-00977,Feeder Cable,Queens,cable,20.0,2,69.5,-0.7499999999999989,0,0,0,0.0,0,0,0,78,0,0,0.05396329491455339,0
2026-07-31,AST-00978,Feeder Cable,Manhattan,cable,36.0,3,38.5,-3.789999999999998,0,0,1,0.0,0,0,0,99,0,0,0.10206879321110623,1
2026-07-31,AST-00979,Feeder Cable,Manhattan,cable,12.0,4,79.4,-0.3300000000000066,0,0,0,0.0,0,0,0,117,0,0,0.05207509582768749,0
2026-07-31,AST-00980,Circuit Breaker House,Brooklyn,breaker,20.0,3,87.4,0.7800000000000021,0,0,1,0.0,0,0,0,232,0,0,0.04967555651700788,0
2026-07-31,AST-00981,Third Rail Segment,Queens,third_rail,29.0,3,71.6,-0.3199999999999995,0,0,0,0.0,0,0,0,133,0,0,0.056171453345585806,0
2026-07-31,AST-00982,Third Rail Segment,Bronx,third_rail,3.0,4,93.6,1.9099999999999968,0,0,1,0.0,1,0,1,160,0,0,0.05151447751133367,0
2026-07-31,AST-00983,Feeder Cable,Queens,cable,33.0,2,59.1,-0.4500000000000019,0,0,2,0.0,0,0,0,126,0,0,0.06529998852199659,0
2026-07-31,AST-00984,Feeder Cable,Queens,cable,33.0,4,48.4,1.210000000000001,0,0,2,0.0,0,0,0,156,0,0,0.19390353924210144,1
2026-07-31,AST-00985,Substation,Queens,power,29.0,4,69.1,-0.8800000000000001,0,0,0,0.0,0,0,0,157,0,0,0.05857869465104921,0
2026-07-31,AST-00986,Third Rail Segment,Queens,third_rail,26.0,5,52.5,-2.0899999999999976,0,0,2,0.0,1,0,1,110,0,0,0.0750554531306944,1
2026-07-31,AST-00987,Circuit Breaker House,Manhattan,breaker,30.0,3,47.7,-1.269999999999993,0,0,1,0.0,0,0,0,37,0,0,0.08236547960784733,1
2026-07-31,AST-00988,Substation,Queens,power,32.0,3,63.2,-2.9999999999999925,0,0,0,0.0,0,0,0,155,0,0,0.05989646516202643,0
2026-07-31,AST-00989,Circuit Breaker House,Queens,breaker,37.0,4,46.6,0.0700000000000012,0,0,0,0.0,0,0,0,37,0,0,0.09583905593049348,1
2026-07-31,AST-00990,Third Rail Segment,Brooklyn,third_rail,18.0,4,72.0,-2.2899999999999974,1,1,2,4.4,0,0,0,17,0,0,0.06174606173208647,0
2026-07-31,AST-00991,Feeder Cable,Queens,cable,19.0,3,52.6,-2.329999999999998,0,0,1,0.0,0,0,0,251,0,0,0.08085619233735267,1
2026-07-31,AST-00992,Third Rail Segment,Brooklyn,third_rail,26.0,3,60.8,-1.3699999999999994,0,0,0,0.0,0,0,0,94,0,0,0.060141450722334476,0
2026-07-31,AST-00993,Third Rail Segment,Brooklyn,third_rail,8.0,4,88.5,0.9000000000000026,0,0,0,0.0,0,0,0,46,0,0,0.049842414783485715,0
2026-07-31,AST-00994,Circuit Breaker House,Manhattan,breaker,35.0,2,48.8,-3.2999999999999963,0,1,4,1.5,0,0,0,130,0,0,0.0936524206913735,1
2026-07-31,AST-00995,Third Rail Segment,Queens,third_rail,31.0,3,70.2,-1.9300000000000057,0,1,2,1.6,0,0,0,135,0,0,0.05487020975742795,0
2026-07-31,AST-00996,Feeder Cable,Bronx,cable,26.0,3,52.1,-1.249999999999993,0,0,1,0.0,0,0,0,119,0,1,0.07538099594301591,1
2026-07-31,AST-00997,Feeder Cable,Manhattan,cable,13.0,4,82.2,-3.810000000000001,0,1,1,0.4,0,0,0,83,0,0,0.05119520934298692,0
2026-07-31,AST-00501,Feeder Cable,Manhattan,cable,28.0,3,53.0,0.5899999999999994,0,0,1,0.0,0,0,0,31,0,0,0.08902823794929413,1
2026-07-31,AST-00971,Circuit Breaker House,Bronx,breaker,25.0,2,53.1,-0.6300000000000007,0,0,1,0.0,0,0,0,146,0,0,0.0959599948300756,1
2026-07-31,AST-00970,Circuit Breaker House,Brooklyn,breaker,26.0,5,66.2,-0.7399999999999998,0,0,1,0.0,1,0,0,181,0,0,0.056223280581872086,0
2026-07-31,AST-00969,Feeder Cable,Queens,cable,29.0,3,73.3,0.119999999999999,0,0,0,0.0,0,0,0,201,0,0,0.05615040845371442,0
2026-07-31,AST-00968,Substation,Brooklyn,power,10.0,3,82.6,-1.3899999999999928,0,1,1,4.8,0,0,0,205,0,0,0.05052736830063132,0
2026-07-31,AST-00940,Substation,Queens,power,7.0,4,77.4,0.1399999999999986,0,0,0,0.0,0,0,0,125,0,0,0.05264335451275971,0
2026-07-31,AST-00941,Circuit Breaker House,Queens,breaker,29.0,3,66.3,0.4899999999999946,0,0,0,0.0,0,0,0,215,0,1,0.05533936912363139,0
2026-07-31,AST-00942,Third Rail Segment,Manhattan,third_rail,38.0,4,60.6,1.4600000000000015,1,1,6,4.9,0,0,0,87,0,0,0.14448274736630706,1
2026-07-31,AST-00943,Substation,Bronx,power,31.0,3,48.2,-0.3299999999999985,1,1,1,2.5,0,0,0,120,0,0,0.09179833639693095,1
2026-07-31,AST-00944,Feeder Cable,Brooklyn,cable,8.0,3,82.9,-2.929999999999996,0,0,0,0.0,0,0,0,198,0,0,0.04973532054403311,0
2026-07-31,AST-00945,Feeder Cable,Queens,cable,33.0,2,40.5,-2.3600000000000034,0,1,2,1.9,0,0,0,88,0,0,0.09847945757210788,1
2026-07-31,AST-00946,Circuit Breaker House,Manhattan,breaker,5.0,2,76.0,0.6600000000000008,0,0,1,0.0,0,0,0,345,0,0,0.05093336587565258,0
2026-07-31,AST-00947,Feeder Cable,Brooklyn,cable,24.0,3,59.9,-2.9299999999999926,0,0,0,0.0,0,0,0,204,0,0,0.05725575977375911,0
2026-07-31,AST-00948,Third Rail Segment,Brooklyn,third_rail,20.0,3,88.1,1.1999999999999966,0,0,0,0.0,0,0,0,85,0,0,0.049397510709433115,0
2026-07-31,AST-00949,Third Rail Segment,Brooklyn,third_rail,22.0,1,70.1,3.07,0,0,0,0.0,0,0,0,57,0,0,0.0554858939072811,0
2026-07-31,AST-00950,Circuit Breaker House,Bronx,breaker,21.0,3,56.4,-3.349999999999999,0,0,1,0.0,0,0,0,50,0,0,0.0650728206114787,0
2026-07-31,AST-00951,Feeder Cable,Bronx,cable,2.0,2,71.6,-1.860000000000002,0,0,1,0.0,0,0,0,168,0,0,0.05140236902564511,0
2026-07-31,AST-00952,Circuit Breaker House,Manhattan,breaker,21.0,5,54.6,0.5600000000000039,0,0,0,0.0,0,0,0,163,0,0,0.06942698854944866,0
2026-07-31,AST-00877,Circuit Breaker House,Manhattan,breaker,27.0,5,60.6,-1.6100000000000043,0,0,1,0.0,0,0,0,104,0,0,0.06510892300763359,0
2026-07-31,AST-00953,Circuit Breaker House,Brooklyn,breaker,38.0,1,52.2,1.8600000000000052,0,0,0,0.0,0,0,0,31,0,0,0.10392158400099212,1
2026-07-31,AST-00955,Third Rail Segment,Brooklyn,third_rail,12.0,4,67.8,-2.049999999999997,0,0,1,0.0,1,0,0,184,0,0,0.054277880307893565,0
2026-07-31,AST-00956,Third Rail Segment,Brooklyn,third_rail,40.0,5,36.5,-2.899999999999997,0,0,1,0.0,0,0,0,122,0,0,0.09714645696612763,1
2026-07-31,AST-00957,Third Rail Segment,Bronx,third_rail,4.0,2,87.6,-0.9100000000000018,0,0,0,0.0,0,0,0,32,0,0,0.047807129586066165,0
2026-07-31,AST-00958,Feeder Cable,Queens,cable,20.0,3,81.4,-1.0299999999999985,0,0,1,0.0,0,0,0,66,0,0,0.052459275998817174,0
2026-07-31,AST-00959,Feeder Cable,Manhattan,cable,21.0,4,65.1,-2.8000000000000016,0,0,2,0.0,0,0,0,117,0,0,0.0558678215207543,0
2026-07-31,AST-00960,Feeder Cable,Brooklyn,cable,20.0,1,73.3,1.0400000000000014,0,0,0,0.0,0,0,0,108,0,0,0.052913311437411,0
2026-07-31,AST-00961,Feeder Cable,Queens,cable,37.0,1,44.6,-1.880000000000004,0,0,0,0.0,0,0,0,23,0,0,0.08835505292158151,1
2026-07-31,AST-00962,Feeder Cable,Brooklyn,cable,17.0,3,78.9,0.1200000000000064,0,0,1,0.0,0,0,0,95,0,0,0.05325710174266225,0
2026-07-31,AST-00963,Substation,Manhattan,power,39.0,5,57.9,-2.419999999999991,0,0,1,0.0,0,0,0,21,0,0,0.08705764781278466,1
2026-07-31,AST-00964,Substation,Brooklyn,power,3.0,3,81.0,-1.3299999999999876,0,0,1,0.0,1,0,0,150,0,0,0.05032656484509435,0
2026-07-31,AST-00965,Third Rail Segment,Brooklyn,third_rail,30.0,3,79.2,0.5700000000000067,0,0,1,0.0,1,0,1,281,0,0,0.054703298635664456,0
2026-07-31,AST-00966,Feeder Cable,Manhattan,cable,24.0,4,68.6,-0.7699999999999965,0,1,1,2.8,0,0,0,69,0,0,0.0641182308502202,0
2026-07-31,AST-00967,Third Rail Segment,Queens,third_rail,10.0,5,87.9,-0.2799999999999924,1,1,2,1.4,0,0,0,8,0,0,0.05025209042269621,0
2026-07-31,AST-00954,Substation,Brooklyn,power,18.0,2,69.7,0.3300000000000009,0,1,2,8.3,1,0,1,64,0,0,0.05551191292290639,0
2026-07-31,AST-00876,Third Rail Segment,Manhattan,third_rail,21.0,3,54.2,-3.3999999999999897,0,0,1,0.0,1,0,1,177,0,0,0.06082308995169089,0
2026-07-31,AST-00875,Feeder Cable,Brooklyn,cable,16.0,3,66.5,-2.2300000000000018,0,0,0,0.0,0,0,0,228,0,0,0.051314794316724914,0
2026-07-31,AST-00874,Circuit Breaker House,Queens,breaker,9.0,3,75.7,-2.420000000000002,0,0,2,0.0,0,0,0,179,0,0,0.0505310863310298,0
2026-07-31,AST-00784,Feeder Cable,Queens,cable,34.0,4,65.3,2.8799999999999955,0,0,0,0.0,1,0,1,187,0,0,0.06467364618780508,0
2026-07-31,AST-00785,Third Rail Segment,Manhattan,third_rail,37.0,4,48.6,-1.629999999999992,0,1,2,2.7,0,0,0,162,0,0,0.1270247737821246,1
2026-07-31,AST-00786,Circuit Breaker House,Queens,breaker,5.0,3,95.2,-0.440000000000003,0,0,0,0.0,1,0,1,305,0,0,0.050641085606654236,0
2026-07-31,AST-00787,Third Rail Segment,Bronx,third_rail,12.0,2,76.2,1.7400000000000058,0,0,0,0.0,0,0,0,291,0,0,0.0507001234942024,0
2026-07-31,AST-00788,Circuit Breaker House,Bronx,breaker,3.0,2,79.2,0.0499999999999995,0,1,1,8.0,0,0,0,80,0,0,0.05016810718515443,0
2026-07-31,AST-00789,Third Rail Segment,Manhattan,third_rail,1.0,3,85.6,-1.799999999999999,0,0,0,0.0,0,0,0,57,0,0,0.04878506064396223,0
2026-07-31,AST-00790,Feeder Cable,Bronx,cable,34.0,4,57.1,0.7900000000000011,0,0,0,0.0,0,0,0,128,0,0,0.08928402370608313,1
2026-07-31,AST-00791,Circuit Breaker House,Manhattan,breaker,38.0,2,55.7,-2.430000000000001,0,0,2,0.0,0,0,0,66,0,0,0.08364156161797517,1
2026-07-31,AST-00792,Feeder Cable,Brooklyn,cable,7.0,3,83.4,-1.1899999999999924,0,0,0,0.0,0,0,0,182,0,0,0.050169549218195775,0
2026-07-31,AST-00793,Circuit Breaker House,Bronx,breaker,29.0,4,48.9,-1.0100000000000071,0,0,7,0.0,1,0,1,45,0,0,0.07560049280210002,1
2026-07-31,AST-00794,Substation,Manhattan,power,22.0,1,77.8,-0.4400000000000037,0,0,1,0.0,0,0,0,233,0,0,0.053815967615369095,0
2026-07-31,AST-00795,Substation,Manhattan,power,3.0,4,77.1,-2.799999999999989,0,0,1,0.0,0,0,0,64,0,0,0.05122523771012959,0
2026-07-31,AST-00796,Circuit Breaker House,Manhattan,breaker,37.0,2,56.0,-0.5599999999999964,0,0,0,0.0,0,0,0,162,0,0,0.06916434285040002,0
2026-07-31,AST-00797,Substation,Brooklyn,power,35.0,4,39.7,-1.6400000000000037,0,1,2,0.6,0,0,0,38,0,1,0.10268245779228737,1
2026-07-31,AST-00798,Substation,Queens,power,23.0,3,68.8,-1.2399999999999975,0,1,1,11.4,0,0,0,21,0,0,0.05479865396225307,0
2026-07-31,AST-00799,Feeder Cable,Manhattan,cable,29.0,4,47.8,-1.4600000000000022,1,1,2,3.6,0,0,0,22,0,0,0.121898827286959,1
2026-07-31,AST-00800,Feeder Cable,Manhattan,cable,16.0,4,71.6,-0.7699999999999925,0,0,0,0.0,0,0,0,9,0,0,0.05252105643963305,0
2026-07-31,AST-00801,Feeder Cable,Queens,cable,32.0,1,62.8,1.5499999999999967,0,0,0,0.0,0,0,0,353,0,0,0.06542738386813741,0
2026-07-31,AST-00802,Circuit Breaker House,Manhattan,breaker,18.0,2,69.7,-0.7799999999999981,0,0,0,0.0,1,0,1,395,0,0,0.05281781991674995,0
2026-07-31,AST-00803,Third Rail Segment,Queens,third_rail,40.0,3,39.4,-2.7499999999999964,0,0,0,0.0,0,0,0,127,0,0,0.09744198785361763,1
2026-07-31,AST-00804,Feeder Cable,Bronx,cable,3.0,3,81.4,-3.799999999999996,0,0,0,0.0,0,0,0,64,0,0,0.048196636952876695,0
2026-07-31,AST-00805,Substation,Queens,power,7.0,4,72.7,-2.41,0,0,0,0.0,0,0,0,42,0,0,0.051739511502782595,0
2026-07-31,AST-00806,Substation,Bronx,power,39.0,4,52.4,-1.1799999999999995,0,0,0,0.0,0,0,0,35,0,0,0.09629089108149673,1
2026-07-31,AST-00807,Feeder Cable,Brooklyn,cable,12.0,4,48.7,-1.3700000000000028,0,0,1,0.0,0,0,0,97,0,0,0.07984138947056588,1
2026-07-31,AST-00808,Substation,Bronx,power,13.0,3,68.7,-0.1899999999999993,0,0,0,0.0,0,0,0,261,0,0,0.05148552837117025,0
2026-07-31,AST-00809,Feeder Cable,Manhattan,cable,32.0,1,44.9,-1.7099999999999966,0,0,1,0.0,1,0,0,127,0,0,0.06975157285580441,0
2026-07-31,AST-00810,Third Rail Segment,Manhattan,third_rail,8.0,3,67.2,-2.1299999999999923,0,0,0,0.0,0,0,0,97,0,0,0.053541139618949976,0
2026-07-31,AST-00783,Feeder Cable,Manhattan,cable,31.0,2,53.2,-2.990000000000001,1,3,4,4.9,0,0,0,10,1,0,0.08848080931940414,1
2026-07-31,AST-00782,Third Rail Segment,Manhattan,third_rail,38.0,2,42.0,-0.1800000000000031,0,1,2,1.7,0,0,0,126,0,0,0.07687060623552296,1
2026-07-31,AST-00781,Circuit Breaker House,Queens,breaker,13.0,4,80.6,-0.13,0,0,0,0.0,1,0,0,177,0,0,0.05291673134107073,0
2026-07-31,AST-00780,Third Rail Segment,Queens,third_rail,2.0,3,78.2,-1.7199999999999844,0,0,0,0.0,0,0,0,151,0,0,0.05058557743161725,0
2026-07-31,AST-00752,Circuit Breaker House,Queens,breaker,4.0,4,82.3,-2.039999999999992,0,0,0,0.0,0,0,0,38,0,0,0.049533516585042695,0
2026-07-31,AST-00753,Circuit Breaker House,Queens,breaker,24.0,4,77.7,0.7100000000000017,0,0,2,0.0,0,0,0,129,0,0,0.0552760065210097,0
2026-07-31,AST-00754,Feeder Cable,Brooklyn,cable,27.0,5,48.7,0.480000000000002,0,0,1,0.0,0,0,0,131,0,0,0.07653606097571301,1
2026-07-31,AST-00755,Feeder Cable,Brooklyn,cable,40.0,2,51.9,-2.3199999999999985,0,0,1,0.0,1,0,1,372,0,0,0.09223904089627535,1
2026-07-31,AST-00756,Circuit Breaker House,Queens,breaker,35.0,3,53.8,-2.43,0,0,0,0.0,1,0,1,33,0,0,0.0768287961140044,1
2026-07-31,AST-00757,Circuit Breaker House,Brooklyn,breaker,36.0,3,42.9,-1.8400000000000003,0,0,0,0.0,1,0,1,196,0,0,0.07638346650297709,1
2026-07-31,AST-00758,Third Rail Segment,Queens,third_rail,26.0,3,66.9,-1.1599999999999964,0,0,3,0.0,0,0,0,109,0,0,0.05613149363175248,0
2026-07-31,AST-00759,Substation,Brooklyn,power,15.0,3,84.2,-1.5599999999999994,0,0,0,0.0,0,0,0,43,0,0,0.049750808518773317,0
2026-07-31,AST-00760,Feeder Cable,Queens,cable,18.0,2,82.6,1.1900000000000035,0,0,0,0.0,0,0,0,205,0,0,0.05053900384724085,0
2026-07-31,AST-00761,Feeder Cable,Bronx,cable,6.0,3,89.6,-2.720000000000006,0,0,1,0.0,0,0,0,177,0,0,0.05094830008071898,0
2026-07-31,AST-00762,Substation,Brooklyn,power,18.0,2,69.9,-2.5399999999999987,0,0,0,0.0,0,0,0,233,0,0,0.053490120356265554,0
2026-07-31,AST-00763,Substation,Manhattan,power,15.0,3,60.3,-1.7899999999999974,0,0,1,0.0,0,0,0,143,0,0,0.06086223092816012,0
2026-07-31,AST-00764,Substation,Manhattan,power,2.0,2,69.9,-1.2899999999999927,0,0,1,0.0,0,0,0,76,0,0,0.05096384844479843,0
2026-07-31,AST-00811,Substation,Queens,power,21.0,4,71.5,-1.9500000000000008,0,0,1,0.0,0,0,0,53,0,0,0.0537748455938365,0
2026-07-31,AST-00765,Third Rail Segment,Queens,third_rail,9.0,2,75.8,-2.960000000000012,0,1,2,3.1,0,0,0,210,0,0,0.04960405367962498,0
2026-07-31,AST-00767,Circuit Breaker House,Bronx,breaker,15.0,3,72.2,-0.5000000000000091,0,0,0,0.0,0,0,0,94,0,0,0.05226223160186623,0
2026-07-31,AST-00768,Substation,Queens,power,40.0,4,48.7,0.3399999999999959,0,0,2,0.0,0,0,0,84,0,0,0.10592574627519799,1
2026-07-31,AST-00769,Substation,Brooklyn,power,20.0,5,78.9,0.1299999999999978,0,1,3,3.6,0,0,0,115,0,0,0.05518367052030859,0
2026-07-31,AST-00770,Feeder Cable,Queens,cable,39.0,3,43.9,1.749999999999999,0,1,4,2.4,0,0,0,74,0,0,0.14872149976242646,1
2026-07-31,AST-00771,Circuit Breaker House,Brooklyn,breaker,27.0,4,53.0,-0.4700000000000058,0,0,1,0.0,0,0,0,140,0,0,0.09215298866248109,1
2026-07-31,AST-00772,Feeder Cable,Queens,cable,2.0,2,89.1,-1.950000000000008,0,0,0,0.0,0,0,0,144,0,0,0.04895282122788472,0
2026-07-31,AST-00773,Feeder Cable,Manhattan,cable,9.0,2,77.0,2.709999999999999,0,0,0,0.0,0,0,0,100,0,0,0.050591356186268505,0
2026-07-31,AST-00774,Third Rail Segment,Queens,third_rail,29.0,5,61.7,-0.9099999999999916,0,0,1,0.0,0,0,0,115,0,1,0.0630668892468534,0
2026-07-31,AST-00775,Substation,Bronx,power,22.0,2,56.2,-2.2199999999999944,0,0,0,0.0,0,0,0,12,0,0,0.07503714714646768,1
2026-07-31,AST-00776,Third Rail Segment,Queens,third_rail,13.0,2,85.0,-1.0199999999999951,0,0,1,0.0,0,0,0,122,0,0,0.04925690469234042,0
2026-07-31,AST-00777,Feeder Cable,Bronx,cable,21.0,3,70.2,-1.5599999999999985,0,0,0,0.0,0,0,0,69,0,0,0.05316755522838034,0
2026-07-31,AST-00778,Substation,Brooklyn,power,37.0,3,48.0,-2.4999999999999973,0,0,0,0.0,1,0,1,159,0,0,0.13920695273862052,1
2026-07-31,AST-00779,Third Rail Segment,Queens,third_rail,16.0,2,81.6,-1.5299999999999971,1,1,1,1.7,0,0,0,266,0,0,0.05688622582618219,0
2026-07-31,AST-00766,Substation,Brooklyn,power,22.0,3,66.8,1.4500000000000126,1,1,1,1.3,0,0,0,138,0,0,0.06723152559288632,0
2026-07-31,AST-00750,Third Rail Segment,Manhattan,third_rail,39.0,3,43.1,-0.0699999999999955,0,0,0,0.0,1,0,1,28,0,0,0.0772298506095246,1
2026-07-31,AST-00812,Substation,Manhattan,power,12.0,2,70.3,-0.899999999999997,0,0,2,0.0,0,0,0,199,0,0,0.05038084055899531,0
2026-07-31,AST-00814,Feeder Cable,Queens,cable,39.0,4,40.0,-0.4199999999999986,0,0,1,0.0,0,0,0,99,0,0,0.10473976326500554,1
2026-07-31,AST-00847,Circuit Breaker House,Queens,breaker,35.0,5,51.3,-0.7600000000000062,0,0,1,0.0,0,0,0,88,0,0,0.09275639830152424,1
2026-07-31,AST-00848,Feeder Cable,Queens,cable,16.0,3,80.7,2.1800000000000006,0,0,1,0.0,0,0,0,20,0,0,0.0505413047430438,0
2026-07-31,AST-00849,Substation,Manhattan,power,12.0,4,62.8,-2.8199999999999985,0,0,0,0.0,0,0,0,150,0,0,0.06040005720066269,0
2026-07-31,AST-00850,Third Rail Segment,Queens,third_rail,15.0,3,70.0,-0.6600000000000046,0,0,1,0.0,0,0,0,186,0,1,0.05178889657487204,0
2026-07-31,AST-00851,Substation,Brooklyn,power,8.0,4,79.5,0.6699999999999993,0,0,0,0.0,0,0,0,108,0,0,0.0523115094566863,0
2026-07-31,AST-00852,Circuit Breaker House,Queens,breaker,16.0,3,84.2,0.5099999999999999,0,0,0,0.0,1,0,1,340,0,0,0.05179498126664416,0
2026-07-31,AST-00853,Third Rail Segment,Brooklyn,third_rail,5.0,5,83.7,-3.210000000000002,1,1,1,1.4,0,0,0,18,0,0,0.05100223459218002,0
2026-07-31,AST-00854,Third Rail Segment,Brooklyn,third_rail,4.0,3,91.5,0.5900000000000096,0,0,0,0.0,0,0,0,107,0,0,0.04975083538534656,0
2026-07-31,AST-00855,Circuit Breaker House,Manhattan,breaker,29.0,4,69.9,1.5700000000000098,0,0,1,0.0,0,0,0,119,0,0,0.059711124800603366,0
2026-07-31,AST-00856,Feeder Cable,Queens,cable,4.0,4,94.6,-1.5700000000000116,0,0,0,0.0,0,0,0,141,0,0,0.05213867389436153,0
2026-07-31,AST-00857,Feeder Cable,Manhattan,cable,23.0,3,68.8,0.5999999999999932,0,0,0,0.0,0,0,0,210,0,0,0.05552607200054924,0
2026-07-31,AST-00858,Third Rail Segment,Queens,third_rail,32.0,4,46.8,0.0700000000000009,0,0,0,0.0,0,0,0,116,0,0,0.08882850153515766,1
2026-07-31,AST-00859,Circuit Breaker House,Queens,breaker,29.0,5,70.6,0.2799999999999972,0,1,1,4.3,0,0,0,32,0,0,0.05816857291446765,0
2026-07-31,AST-00860,Feeder Cable,Queens,cable,18.0,3,76.2,-0.6900000000000053,1,1,1,0.4,0,0,0,19,0,0,0.06095741795469842,0
2026-07-31,AST-00861,Feeder Cable,Manhattan,cable,8.0,4,76.2,2.0499999999999994,0,0,1,0.0,0,0,0,64,0,0,0.05172922069095908,0
2026-07-31,AST-00862,Feeder Cable,Brooklyn,cable,38.0,4,46.9,-1.1300000000000026,0,0,1,0.0,0,0,0,104,0,0,0.09595926787600297,1
2026-07-31,AST-00863,Third Rail Segment,Brooklyn,third_rail,34.0,4,58.4,-0.0599999999999997,0,1,1,3.4,1,0,0,46,0,0,0.08298543890452244,1
2026-07-31,AST-00864,Feeder Cable,Queens,cable,25.0,3,67.5,-1.5000000000000044,0,0,0,0.0,0,0,0,84,0,0,0.05475687586310627,0
2026-07-31,AST-00865,Substation,Bronx,power,4.0,1,86.8,-0.6799999999999866,0,0,0,0.0,0,0,0,224,0,0,0.05001195402014014,0
2026-07-31,AST-00866,Third Rail Segment,Brooklyn,third_rail,2.0,4,95.2,-0.4400000000000068,1,1,3,3.1,1,0,0,16,0,0,0.050496521977499605,0
2026-07-31,AST-00867,Third Rail Segment,Bronx,third_rail,13.0,1,83.2,-0.2799999999999981,0,0,0,0.0,0,0,0,121,0,0,0.04934288350779844,0
2026-07-31,AST-00868,Third Rail Segment,Manhattan,third_rail,7.0,5,83.4,1.1499999999999928,0,1,1,1.5,0,0,0,55,0,0,0.05097781791502794,0
2026-07-31,AST-00869,Substation,Brooklyn,power,35.0,3,43.1,-0.629999999999998,0,0,1,0.0,0,0,0,146,0,1,0.23799383612824546,1
2026-07-31,AST-00870,Circuit Breaker House,Manhattan,breaker,9.0,4,76.2,-0.8699999999999952,0,0,1,0.0,1,0,0,173,0,0,0.05329636215137168,0
2026-07-31,AST-00871,Feeder Cable,Queens,cable,12.0,2,70.9,-3.3199999999999967,0,0,2,0.0,1,0,0,179,0,0,0.05010813763556588,0
2026-07-31,AST-00872,Substation,Manhattan,power,40.0,2,52.2,2.6900000000000057,0,0,1,0.0,0,0,0,130,0,0,0.09377370968250062,1
2026-07-31,AST-00873,Third Rail Segment,Brooklyn,third_rail,33.0,3,38.1,-2.660000000000003,0,0,1,0.0,0,0,0,95,0,1,0.09986207137430402,1
2026-07-31,AST-00846,Third Rail Segment,Manhattan,third_rail,19.0,3,68.4,-0.6799999999999997,0,0,1,0.0,1,1,1,268,0,0,0.053608719168438956,0
2026-07-31,AST-00845,Substation,Brooklyn,power,19.0,4,96.0,2.1500000000000035,0,0,2,0.0,0,0,0,66,0,1,0.04983927299966009,0
2026-07-31,AST-00844,Feeder Cable,Bronx,cable,20.0,3,78.7,-0.139999999999986,0,0,1,0.0,0,0,0,179,0,0,0.05342014019518684,0
2026-07-31,AST-00843,Feeder Cable,Bronx,cable,31.0,1,59.2,-0.3999999999999978,0,0,1,0.0,0,0,0,161,0,0,0.06929058618706095,0
2026-07-31,AST-00815,Substation,Bronx,power,8.0,3,60.0,-2.329999999999996,1,1,2,2.0,0,0,0,68,0,0,0.0641253606847875,0
2026-07-31,AST-00816,Third Rail Segment,Brooklyn,third_rail,4.0,1,85.6,2.5800000000000027,0,0,0,0.0,0,0,0,1,0,0,0.04775217051704266,0
2026-07-31,AST-00817,Third Rail Segment,Brooklyn,third_rail,27.0,2,73.6,0.5000000000000003,0,0,0,0.0,0,0,0,218,0,0,0.05561302650108187,0
2026-07-31,AST-00818,Feeder Cable,Queens,cable,35.0,5,30.3,-1.9700000000000004,0,0,2,0.0,0,0,0,129,0,0,0.10362090143577529,1
2026-07-31,AST-00819,Feeder Cable,Manhattan,cable,6.0,3,84.2,2.7500000000000058,0,0,0,0.0,0,0,0,196,0,0,0.04999482843222948,0
2026-07-31,AST-00820,Circuit Breaker House,Brooklyn,breaker,29.0,1,63.4,0.7400000000000052,1,1,1,0.4,0,0,0,97,0,0,0.06518153171553907,0
2026-07-31,AST-00821,Substation,Queens,power,22.0,4,84.0,1.6999999999999955,0,0,4,0.0,1,0,1,125,0,0,0.05454917549106339,0
2026-07-31,AST-00822,Feeder Cable,Bronx,cable,34.0,3,58.1,-0.5500000000000012,0,2,4,4.300000000000001,0,0,0,70,1,0,0.09599939697937607,1
2026-07-31,AST-00823,Circuit Breaker House,Queens,breaker,6.0,4,82.1,-0.2800000000000056,0,0,0,0.0,0,0,0,144,0,0,0.053033097322072356,0
2026-07-31,AST-00824,Feeder Cable,Manhattan,cable,40.0,3,61.1,3.370000000000003,0,0,1,0.0,0,0,0,121,0,0,0.07596327885087469,1
2026-07-31,AST-00825,Third Rail Segment,Brooklyn,third_rail,25.0,4,55.9,-0.6599999999999914,0,0,2,0.0,0,0,0,92,0,0,0.08275049145138795,1
2026-07-31,AST-00826,Substation,Queens,power,34.0,4,64.2,-0.8899999999999978,0,0,0,0.0,0,0,0,140,0,0,0.05866098312601519,0
2026-07-31,AST-00827,Feeder Cable,Manhattan,cable,15.0,4,59.1,-2.52,0,1,1,1.8,2,0,2,200,0,0,0.06149252111020145,0
2026-07-31,AST-00813,Third Rail Segment,Bronx,third_rail,8.0,4,78.1,-0.6200000000000031,0,0,1,0.0,1,0,0,185,0,0,0.055023808055915606,0
2026-07-31,AST-00828,Circuit Breaker House,Brooklyn,breaker,38.0,5,52.7,-0.8100000000000002,0,0,0,0.0,0,0,0,144,0,0,0.13147577913399947,1
2026-07-31,AST-00830,Circuit Breaker House,Manhattan,breaker,6.0,2,73.6,-0.6599999999999933,0,0,1,0.0,0,0,0,58,0,0,0.049968769316966664,0
2026-07-31,AST-00831,Feeder Cable,Brooklyn,cable,37.0,4,53.8,0.3600000000000051,0,0,3,0.0,0,0,0,40,0,0,0.09083710981221493,1
2026-07-31,AST-00832,Feeder Cable,Manhattan,cable,32.0,4,52.9,-2.0600000000000014,0,1,3,13.2,1,1,1,82,0,0,0.09183903290948325,1
2026-07-31,AST-00833,Circuit Breaker House,Queens,breaker,13.0,4,79.0,0.7900000000000077,0,0,3,0.0,0,0,0,106,0,0,0.053837539563983905,0
2026-07-31,AST-00834,Feeder Cable,Manhattan,cable,22.0,3,71.5,-0.0600000000000027,0,0,1,0.0,0,0,0,48,0,0,0.055117165801047745,0
2026-07-31,AST-00835,Feeder Cable,Queens,cable,16.0,4,74.1,0.3800000000000007,0,2,3,5.4,1,0,1,153,1,0,0.05598766121407993,0
2026-07-31,AST-00836,Feeder Cable,Manhattan,cable,22.0,4,73.2,0.970000000000006,0,0,2,0.0,0,0,0,19,0,0,0.05624810006815008,0
2026-07-31,AST-00837,Third Rail Segment,Bronx,third_rail,39.0,5,48.8,-1.4299999999999944,0,0,1,0.0,2,0,2,195,0,0,0.07127001346904903,0
2026-07-31,AST-00838,Third Rail Segment,Manhattan,third_rail,36.0,2,54.7,-0.1599999999999985,0,0,1,0.0,0,0,0,231,0,0,0.061293679251254625,0
2026-07-31,AST-00839,Feeder Cable,Brooklyn,cable,9.0,3,68.1,-1.3300000000000003,0,0,1,0.0,0,0,0,201,0,0,0.050525213304880946,0
2026-07-31,AST-00840,Feeder Cable,Brooklyn,cable,39.0,3,43.0,-0.940000000000001,0,1,5,6.8,0,0,0,92,0,0,0.09022975826439886,1
2026-07-31,AST-00841,Substation,Manhattan,power,18.0,3,73.5,-1.5900000000000023,0,0,1,0.0,0,0,0,160,0,0,0.05674111230896968,0
2026-07-31,AST-00842,Third Rail Segment,Brooklyn,third_rail,29.0,2,71.4,-3.74,0,0,1,0.0,0,0,0,265,0,0,0.054039956064622155,0
2026-07-31,AST-00829,Third Rail Segment,Brooklyn,third_rail,26.0,4,51.6,-0.8999999999999998,0,0,0,0.0,0,0,0,72,0,0,0.08360686040269806,1
2026-07-31,AST-00500,Feeder Cable,Queens,cable,38.0,3,64.4,-0.4499999999999856,0,0,0,0.0,0,0,0,37,0,0,0.0559447637779682,0
2026-07-31,AST-00251,Feeder Cable,Manhattan,cable,21.0,3,65.5,-0.6599999999999939,0,0,0,0.0,0,0,0,241,0,0,0.053049357687558266,0
2026-07-31,AST-00498,Feeder Cable,Queens,cable,36.0,2,54.1,-0.8400000000000021,0,0,0,0.0,0,0,0,125,0,0,0.07257388754215142,1
2026-07-31,AST-00156,Feeder Cable,Manhattan,cable,20.0,4,62.9,-3.0700000000000043,0,0,0,0.0,0,0,0,57,0,0,0.062136694546355696,0
2026-07-31,AST-00157,Circuit Breaker House,Manhattan,breaker,18.0,5,64.3,-2.639999999999992,0,1,2,2.0,0,0,0,54,0,0,0.057311211592378515,0
2026-07-31,AST-00158,Feeder Cable,Brooklyn,cable,26.0,1,60.9,-2.62,0,0,0,0.0,0,0,0,310,0,0,0.057788693093474224,0
2026-07-31,AST-00159,Feeder Cable,Bronx,cable,33.0,4,42.5,-1.9499999999999984,0,0,1,0.0,0,0,0,18,0,0,0.10387205971428767,1
2026-07-31,AST-00160,Third Rail Segment,Manhattan,third_rail,14.0,2,84.6,-1.670000000000004,0,0,0,0.0,0,0,0,175,0,0,0.050646529080274144,0
2026-07-31,AST-00161,Substation,Queens,power,33.0,4,44.0,-0.1099999999999999,0,0,2,0.0,0,0,0,37,0,0,0.08380283244307374,1
2026-07-31,AST-00162,Third Rail Segment,Queens,third_rail,10.0,3,64.9,-3.679999999999988,0,0,0,0.0,0,0,0,219,0,0,0.05045034528313203,0
2026-07-31,AST-00163,Circuit Breaker House,Manhattan,breaker,17.0,4,72.6,-3.089999999999995,0,0,1,0.0,0,0,0,134,0,0,0.05681030605699279,0
2026-07-31,AST-00164,Substation,Manhattan,power,37.0,4,54.9,2.6100000000000008,0,0,1,0.0,1,0,1,95,0,0,0.11058420842904039,1
2026-07-31,AST-00165,Feeder Cable,Brooklyn,cable,39.0,3,46.4,-0.5300000000000027,1,2,3,2.2,1,0,1,38,1,0,0.10180099141300357,1
2026-07-31,AST-00166,Circuit Breaker House,Queens,breaker,37.0,4,47.0,-1.4800000000000018,0,0,1,0.0,0,0,0,91,0,1,0.09777673166591551,1
2026-07-31,AST-00167,Third Rail Segment,Brooklyn,third_rail,13.0,1,84.2,-2.9299999999999944,0,0,0,0.0,0,0,0,341,0,0,0.049103204851351695,0
2026-07-31,AST-00168,Third Rail Segment,Queens,third_rail,34.0,5,60.4,-1.6400000000000006,0,0,1,0.0,0,0,0,137,0,0,0.06641985500306073,0
2026-07-31,AST-00169,Circuit Breaker House,Bronx,breaker,38.0,4,48.7,-0.1100000000000027,1,2,2,11.3,0,0,0,25,1,0,0.12652001553497563,1
2026-07-31,AST-00170,Third Rail Segment,Queens,third_rail,40.0,4,51.4,1.5900000000000043,0,0,3,0.0,0,0,0,39,0,0,0.1094931492630156,1
2026-07-31,AST-00171,Circuit Breaker House,Bronx,breaker,1.0,2,86.8,-2.9799999999999978,0,0,0,0.0,0,0,0,302,0,0,0.04989155821372563,0
2026-07-31,AST-00172,Feeder Cable,Queens,cable,30.0,2,48.1,-0.3199999999999991,0,0,0,0.0,0,0,0,37,0,0,0.08328439330604276,1
2026-07-31,AST-00173,Circuit Breaker House,Bronx,breaker,40.0,3,48.5,-1.6099999999999997,0,0,1,0.0,0,0,0,129,0,0,0.08190707226861076,1
2026-07-31,AST-00174,Third Rail Segment,Bronx,third_rail,31.0,3,54.2,-1.259999999999995,0,0,0,0.0,0,0,0,135,0,0,0.07397046366980783,1
2026-07-31,AST-00175,Substation,Queens,power,10.0,3,84.0,-2.0599999999999903,0,0,0,0.0,0,0,0,94,0,0,0.05091353849963548,0
2026-07-31,AST-00176,Substation,Queens,power,31.0,4,71.1,-0.7100000000000078,0,0,1,0.0,0,0,0,174,0,0,0.05673967252030562,0
2026-07-31,AST-00177,Feeder Cable,Bronx,cable,5.0,1,84.2,-2.1000000000000014,0,0,0,0.0,0,0,0,228,0,0,0.05051991492147785,0
2026-07-31,AST-00178,Third Rail Segment,Brooklyn,third_rail,20.0,4,72.0,0.6199999999999937,0,0,2,0.0,0,0,0,106,0,0,0.05527770262849766,0
2026-07-31,AST-00179,Third Rail Segment,Queens,third_rail,26.0,3,65.9,-0.2399999999999927,0,0,3,0.0,0,0,0,127,0,0,0.05727051780846588,0
2026-07-31,AST-00180,Feeder Cable,Brooklyn,cable,19.0,3,58.3,-2.0000000000000013,0,0,0,0.0,0,0,0,127,0,0,0.064271100607811,0
2026-07-31,AST-00181,Third Rail Segment,Bronx,third_rail,28.0,2,55.6,-4.599999999999995,0,0,0,0.0,0,0,0,324,0,0,0.06610022313524863,0
2026-07-31,AST-00182,Third Rail Segment,Brooklyn,third_rail,10.0,4,79.0,-0.619999999999999,1,1,1,1.0,0,0,0,148,0,0,0.05970935966256578,0
2026-07-31,AST-00155,Substation,Brooklyn,power,29.0,3,38.3,-1.84,0,0,0,0.0,0,0,0,266,0,0,0.10358493610333881,1
2026-07-31,AST-00183,Feeder Cable,Queens,cable,25.0,1,46.4,-3.240000000000001,0,0,2,0.0,0,0,0,34,0,0,0.08870005582422717,1
2026-07-31,AST-00154,Feeder Cable,Brooklyn,cable,22.0,3,70.5,-0.0799999999999964,0,0,0,0.0,0,0,0,236,0,0,0.05497606295606916,0
2026-07-31,AST-00152,Third Rail Segment,Brooklyn,third_rail,13.0,3,79.6,-2.049999999999989,0,0,1,0.0,0,0,0,82,0,0,0.05056598079040723,0
2026-07-31,AST-00125,Substation,Manhattan,power,30.0,3,57.5,-1.1899999999999995,0,0,1,0.0,0,0,0,1,0,0,0.07056303884492181,0
2026-07-31,AST-00126,Feeder Cable,Manhattan,cable,11.0,2,79.8,-2.029999999999996,0,0,1,0.0,0,0,0,214,0,0,0.04971572297068514,0
2026-07-31,AST-00127,Circuit Breaker House,Brooklyn,breaker,13.0,1,74.9,0.2700000000000013,0,0,1,0.0,0,0,0,98,0,0,0.05012380227864816,0
2026-07-31,AST-00128,Substation,Queens,power,26.0,4,70.5,-0.4699999999999876,0,1,1,1.7,1,0,1,43,0,0,0.056561146799120325,0
2026-07-31,AST-00129,Substation,Brooklyn,power,3.0,2,81.9,-3.659999999999999,0,0,0,0.0,0,0,0,196,0,0,0.04852216612006616,0
2026-07-31,AST-00130,Feeder Cable,Queens,cable,13.0,3,76.6,-0.6800000000000005,0,0,1,0.0,0,0,0,232,0,0,0.050989636852073604,0
2026-07-31,AST-00131,Substation,Brooklyn,power,29.0,2,48.6,-1.8100000000000005,0,0,1,0.0,0,0,0,33,0,0,0.07922163587123947,1
2026-07-31,AST-00132,Third Rail Segment,Brooklyn,third_rail,40.0,2,59.4,-0.6499999999999971,0,0,1,0.0,0,0,0,94,0,0,0.06777669333490247,0
2026-07-31,AST-00133,Feeder Cable,Queens,cable,21.0,3,70.0,-2.4599999999999964,0,0,1,0.0,0,0,0,29,0,0,0.05223020770108178,0
2026-07-31,AST-00134,Circuit Breaker House,Bronx,breaker,16.0,2,87.2,0.9099999999999996,0,0,0,0.0,0,0,0,239,0,0,0.0505968357698191,0
2026-07-31,AST-00135,Feeder Cable,Brooklyn,cable,18.0,4,61.9,0.0700000000000018,0,0,1,0.0,0,0,0,156,0,0,0.06083242572458479,0
2026-07-31,AST-00136,Substation,Queens,power,28.0,4,61.2,0.859999999999998,0,0,0,0.0,1,0,1,208,0,0,0.0645869487635394,0
2026-07-31,AST-00137,Third Rail Segment,Brooklyn,third_rail,22.0,4,78.7,0.5500000000000048,0,0,1,0.0,0,0,0,142,0,0,0.05456151165663048,0
2026-07-31,AST-00138,Feeder Cable,Manhattan,cable,1.0,3,86.4,-2.619999999999993,0,0,0,0.0,0,0,0,129,0,0,0.04997859342469784,0
2026-07-31,AST-00139,Third Rail Segment,Queens,third_rail,22.0,5,57.1,-0.3199999999999997,0,0,1,0.0,0,0,0,57,0,0,0.0852030418103001,1
2026-07-31,AST-00140,Substation,Manhattan,power,17.0,2,84.8,-0.3599999999999971,0,0,0,0.0,0,0,0,62,0,0,0.0486836876823454,0
2026-07-31,AST-00141,Feeder Cable,Brooklyn,cable,29.0,3,53.0,-2.3499999999999988,1,1,1,7.8,0,0,0,6,0,0,0.09345581337098545,1
2026-07-31,AST-00142,Feeder Cable,Brooklyn,cable,36.0,4,59.4,0.6900000000000005,0,0,3,0.0,0,0,0,110,0,0,0.07802822896305363,1
2026-07-31,AST-00143,Third Rail Segment,Manhattan,third_rail,39.0,4,51.9,0.1199999999999959,0,1,3,1.4,1,0,1,32,0,0,0.09524146829266257,1
2026-07-31,AST-00144,Feeder Cable,Manhattan,cable,25.0,2,67.9,-0.5799999999999996,0,1,1,10.1,0,0,0,73,0,0,0.05769910727503277,0
2026-07-31,AST-00145,Feeder Cable,Brooklyn,cable,15.0,3,76.2,-2.760000000000005,0,0,0,0.0,0,0,0,253,0,0,0.05331313160525026,0
2026-07-31,AST-00146,Circuit Breaker House,Bronx,breaker,18.0,5,59.4,-2.479999999999996,0,1,1,3.5,1,0,1,48,0,0,0.061087130371334765,0
2026-07-31,AST-00147,Circuit Breaker House,Queens,breaker,8.0,4,72.5,0.4600000000000098,0,1,2,2.6,1,0,0,32,0,0,0.051325607138085066,0
2026-07-31,AST-00148,Feeder Cable,Brooklyn,cable,38.0,3,44.2,-3.71,0,0,1,0.0,1,0,1,129,0,0,0.0685940498422329,0
2026-07-31,AST-00149,Feeder Cable,Manhattan,cable,34.0,3,51.8,-2.389999999999996,0,0,0,0.0,0,0,0,170,0,0,0.10073831383096181,1
2026-07-31,AST-00150,Substation,Queens,power,35.0,3,42.4,-3.2500000000000013,1,1,2,6.8,1,0,1,128,0,0,0.09970603289528189,1
2026-07-31,AST-00151,Third Rail Segment,Manhattan,third_rail,14.0,3,61.7,0.2300000000000097,0,0,2,0.0,0,0,0,137,0,0,0.055771760680771755,0
2026-07-31,AST-00153,Substation,Queens,power,35.0,3,49.0,0.9200000000000044,0,0,1,0.0,0,0,0,125,0,0,0.08368730885924475,1
2026-07-31,AST-00184,Circuit Breaker House,Queens,breaker,26.0,4,59.6,1.83,0,0,1,0.0,1,0,0,182,0,0,0.06653518023912969,0
2026-07-31,AST-00185,Third Rail Segment,Bronx,third_rail,26.0,2,76.4,-0.4100000000000094,0,0,0,0.0,1,0,0,369,0,0,0.0543953192284227,0
2026-07-31,AST-00186,Feeder Cable,Manhattan,cable,12.0,3,77.2,-0.3600000000000007,0,0,0,0.0,0,0,0,76,0,0,0.05045365850704418,0
2026-07-31,AST-00219,Third Rail Segment,Bronx,third_rail,12.0,2,73.3,1.6200000000000023,0,1,3,1.4,0,0,0,103,0,0,0.054307310167892954,0
2026-07-31,AST-00220,Circuit Breaker House,Brooklyn,breaker,8.0,3,86.7,-2.279999999999997,1,1,4,11.0,0,0,0,177,0,0,0.06617359154141611,0
2026-07-31,AST-00221,Circuit Breaker House,Manhattan,breaker,38.0,2,62.1,-0.1299999999999988,0,0,1,0.0,0,0,0,240,0,0,0.0590361335995937,0
2026-07-31,AST-00222,Feeder Cable,Manhattan,cable,7.0,2,80.1,-0.2299999999999981,0,0,0,0.0,0,0,0,344,0,0,0.05015351747381693,0
2026-07-31,AST-00223,Feeder Cable,Manhattan,cable,2.0,3,93.4,-0.7899999999999955,0,0,1,0.0,0,0,0,191,0,1,0.050061761297224595,0
2026-07-31,AST-00224,Third Rail Segment,Queens,third_rail,17.0,4,68.0,1.0899999999999987,0,0,1,0.0,0,0,0,102,0,0,0.055567894218412704,0
2026-07-31,AST-00225,Circuit Breaker House,Brooklyn,breaker,17.0,3,66.4,3.180000000000003,0,1,2,6.7,1,0,1,109,0,0,0.05888462721858966,0
2026-07-31,AST-00226,Third Rail Segment,Brooklyn,third_rail,25.0,4,65.4,-1.0299999999999965,0,1,2,0.9,1,0,0,46,0,0,0.059483050065382057,0
2026-07-31,AST-00227,Substation,Queens,power,36.0,3,31.5,-1.689999999999999,0,0,2,0.0,0,0,0,31,0,0,0.07942393230121371,1
2026-07-31,AST-00228,Feeder Cable,Queens,cable,38.0,3,49.4,-0.2899999999999937,0,1,2,3.6,1,0,1,75,0,0,0.08914030499640653,1
2026-07-31,AST-00229,Feeder Cable,Bronx,cable,12.0,3,84.7,0.0599999999999978,0,0,1,0.0,0,0,0,192,0,0,0.05110796855065461,0
2026-07-31,AST-00230,Substation,Bronx,power,40.0,4,33.3,0.3499999999999981,0,1,2,1.3,2,0,2,111,0,0,0.07218895500481101,1
2026-07-31,AST-00231,Substation,Queens,power,26.0,3,55.8,1.8600000000000017,0,0,1,0.0,1,0,0,269,0,0,0.0666386792871024,0
2026-07-31,AST-00232,Feeder Cable,Queens,cable,3.0,2,74.7,-1.1999999999999809,0,0,0,0.0,0,0,0,224,0,0,0.05021800983294112,0
2026-07-31,AST-00233,Third Rail Segment,Queens,third_rail,38.0,2,45.1,-2.6800000000000024,0,0,0,0.0,0,0,0,22,0,0,0.0953333088998698,1
2026-07-31,AST-00234,Feeder Cable,Brooklyn,cable,6.0,3,83.9,-0.1700000000000047,0,0,1,0.0,0,0,0,72,0,0,0.04988054665352198,0
2026-07-31,AST-00235,Third Rail Segment,Queens,third_rail,24.0,2,76.8,0.2299999999999978,0,0,1,0.0,0,0,0,27,0,0,0.055089685171722726,0
2026-07-31,AST-00236,Third Rail Segment,Manhattan,third_rail,32.0,4,62.3,0.6199999999999948,0,0,2,0.0,0,0,0,11,0,0,0.06569251950853444,0
2026-07-31,AST-00237,Feeder Cable,Queens,cable,10.0,3,89.1,-0.1499999999999989,1,1,1,2.4,0,0,0,263,0,0,0.05271760331229102,0
2026-07-31,AST-00238,Third Rail Segment,Bronx,third_rail,11.0,5,81.5,0.9200000000000016,0,1,2,6.2,1,0,1,59,0,0,0.05086647415528056,0
2026-07-31,AST-00239,Substation,Manhattan,power,20.0,1,74.9,-1.7499999999999984,0,0,0,0.0,0,0,0,248,0,0,0.053627596286468585,0
2026-07-31,AST-00240,Substation,Bronx,power,36.0,3,39.7,-0.749999999999998,1,2,2,5.7,0,0,0,127,1,0,0.10298069411835709,1
2026-07-31,AST-00241,Third Rail Segment,Bronx,third_rail,9.0,2,85.3,-1.5100000000000025,0,1,1,1.5,0,0,0,193,0,0,0.05046876694920328,0
2026-07-31,AST-00242,Third Rail Segment,Manhattan,third_rail,27.0,3,51.5,-1.0299999999999967,0,0,4,0.0,1,0,1,115,0,0,0.07171209918687911,0
2026-07-31,AST-00243,Circuit Breaker House,Brooklyn,breaker,19.0,3,66.5,-1.5799999999999974,0,0,2,0.0,0,0,0,61,0,0,0.056363397627894926,0
2026-07-31,AST-00244,Feeder Cable,Bronx,cable,5.0,1,90.3,-2.609999999999988,0,0,0,0.0,0,0,0,95,0,0,0.0496790225306473,0
2026-07-31,AST-00245,Feeder Cable,Bronx,cable,29.0,3,55.0,-1.3000000000000005,0,0,0,0.0,0,0,0,37,0,0,0.07913632445560387,1
2026-07-31,AST-00218,Substation,Manhattan,power,40.0,4,51.1,-1.270000000000001,0,0,1,0.0,0,0,0,89,0,0,0.08681624593343792,1
2026-07-31,AST-00217,Substation,Bronx,power,19.0,4,79.2,1.3099999999999965,0,0,1,0.0,0,0,0,9,0,0,0.054581312248578935,0
2026-07-31,AST-00216,Feeder Cable,Brooklyn,cable,16.0,2,83.2,1.3099999999999978,2,2,2,7.8,1,0,1,38,1,0,0.04932332469579035,0
2026-07-31,AST-00215,Feeder Cable,Brooklyn,cable,5.0,3,85.9,1.359999999999998,0,0,0,0.0,1,0,1,275,0,1,0.05228036283986975,0
2026-07-31,AST-00187,Circuit Breaker House,Queens,breaker,13.0,3,88.7,0.1200000000000046,0,1,1,0.8,0,0,0,147,0,0,0.05110717934399511,0
2026-07-31,AST-00188,Substation,Queens,power,11.0,4,77.8,-2.0800000000000005,0,0,0,0.0,0,0,0,93,0,0,0.05268616927720812,0
2026-07-31,AST-00189,Feeder Cable,Bronx,cable,19.0,3,74.7,0.7099999999999894,0,1,1,5.4,0,0,0,29,0,0,0.056074009882333485,0
2026-07-31,AST-00190,Circuit Breaker House,Bronx,breaker,24.0,3,80.4,0.5999999999999996,0,0,0,0.0,0,0,0,2,0,0,0.05441609170198142,0
2026-07-31,AST-00191,Third Rail Segment,Queens,third_rail,15.0,3,67.3,0.3100000000000029,0,1,1,1.1,0,0,0,74,0,0,0.05255326717395223,0
2026-07-31,AST-00192,Circuit Breaker House,Queens,breaker,17.0,4,52.1,-1.0699999999999987,0,0,0,0.0,0,0,0,41,0,1,0.0738666550837357,1
2026-07-31,AST-00193,Substation,Manhattan,power,12.0,4,78.3,-0.6100000000000099,0,0,0,0.0,0,0,0,98,0,0,0.052791059953100676,0
2026-07-31,AST-00194,Third Rail Segment,Bronx,third_rail,9.0,3,77.2,-0.4600000000000037,0,0,0,0.0,0,0,0,74,0,0,0.050497929128808974,0
2026-07-31,AST-00195,Substation,Brooklyn,power,27.0,3,58.5,0.6899999999999995,1,1,1,1.4,0,0,0,189,0,0,0.06727010075499067,0
2026-07-31,AST-00196,Substation,Queens,power,33.0,2,44.1,-1.1999999999999982,0,0,1,0.0,1,0,1,395,0,0,0.08033050902702732,1
2026-07-31,AST-00197,Feeder Cable,Queens,cable,12.0,4,82.5,-0.530000000000006,0,0,1,0.0,0,0,0,163,0,0,0.05107384644854962,0
2026-07-31,AST-00198,Third Rail Segment,Brooklyn,third_rail,35.0,1,43.6,-2.649999999999995,0,0,0,0.0,0,0,0,40,0,0,0.0985830419009537,1
2026-07-31,AST-00199,Circuit Breaker House,Manhattan,breaker,23.0,4,69.9,0.8599999999999987,1,3,3,7.8,0,0,0,17,1,0,0.06873436044937463,0
2026-07-31,AST-00124,Feeder Cable,Brooklyn,cable,25.0,2,61.9,-1.239999999999998,0,0,0,0.0,0,0,0,310,0,0,0.05824154547457552,0
2026-07-31,AST-00200,Circuit Breaker House,Manhattan,breaker,7.0,3,77.4,-2.6899999999999955,0,0,0,0.0,0,0,0,65,0,0,0.049268097234375835,0
2026-07-31,AST-00202,Third Rail Segment,Brooklyn,third_rail,1.0,2,85.4,0.2900000000000093,0,0,0,0.0,0,0,0,190,0,0,0.04905579794395116,0
2026-07-31,AST-00203,Feeder Cable,Manhattan,cable,2.0,3,79.3,-2.7300000000000075,0,0,1,0.0,0,0,0,121,0,0,0.0499611314615392,0
2026-07-31,AST-00204,Substation,Queens,power,14.0,5,68.6,-0.9399999999999968,0,0,1,0.0,1,0,1,187,0,0,0.05366154833784452,0
2026-07-31,AST-00205,Substation,Brooklyn,power,19.0,4,67.4,0.2800000000000023,1,1,3,1.0,1,0,0,151,0,0,0.06980557740958383,0
2026-07-31,AST-00206,Circuit Breaker House,Bronx,breaker,32.0,3,54.1,-1.349999999999996,0,1,2,0.5,0,0,0,147,0,0,0.10568690248286766,1
2026-07-31,AST-00207,Substation,Brooklyn,power,6.0,3,89.1,2.599999999999992,0,0,0,0.0,0,0,0,226,0,0,0.049618747823029045,0
2026-07-31,AST-00208,Feeder Cable,Manhattan,cable,34.0,3,48.2,-1.2899999999999991,0,1,1,2.9,0,0,0,151,0,0,0.20231267559836633,1
2026-07-31,AST-00209,Substation,Manhattan,power,10.0,3,74.5,-1.899999999999989,0,0,1,0.0,0,0,0,228,0,0,0.052634861463690036,0
2026-07-31,AST-00210,Feeder Cable,Brooklyn,cable,6.0,3,77.3,0.0399999999999958,0,1,1,5.3,0,0,0,53,0,0,0.05003056173731429,0
2026-07-31,AST-00211,Feeder Cable,Brooklyn,cable,28.0,3,60.3,-2.470000000000001,0,0,1,0.0,0,0,0,230,0,0,0.05878285333824565,0
2026-07-31,AST-00212,Feeder Cable,Queens,cable,31.0,2,71.0,-0.9799999999999992,0,0,0,0.0,0,0,0,257,0,0,0.05637939345928479,0
2026-07-31,AST-00213,Circuit Breaker House,Brooklyn,breaker,25.0,3,54.1,-1.6299999999999917,0,0,0,0.0,0,0,0,37,0,0,0.07797755375848146,1
2026-07-31,AST-00214,Third Rail Segment,Brooklyn,third_rail,5.0,4,85.0,-2.9199999999999986,1,2,3,9.4,1,1,1,20,1,0,0.049357671124090154,0
2026-07-31,AST-00201,Third Rail Segment,Bronx,third_rail,15.0,5,61.6,-3.239999999999998,0,0,3,0.0,0,0,0,139,0,0,0.06073650982135384,0
2026-07-31,AST-00246,Third Rail Segment,Manhattan,third_rail,34.0,5,56.0,-0.8399999999999943,0,0,2,0.0,0,0,0,33,0,0,0.08124162097512426,1
2026-07-31,AST-00123,Substation,Manhattan,power,24.0,4,63.2,0.4999999999999915,1,1,2,1.1,1,0,1,82,0,0,0.07422912364755915,1
2026-07-31,AST-00121,Feeder Cable,Bronx,cable,31.0,4,47.7,-0.3599999999999994,0,0,2,0.0,0,0,0,105,0,0,0.09130540437471572,1
2026-07-31,AST-00031,Feeder Cable,Brooklyn,cable,23.0,3,68.9,-0.6499999999999944,0,0,0,0.0,0,0,0,42,0,0,0.05605104219067171,0
2026-07-31,AST-00032,Third Rail Segment,Brooklyn,third_rail,8.0,3,79.0,0.85,0,0,0,0.0,0,0,0,179,0,0,0.050477700153049615,0
2026-07-31,AST-00033,Circuit Breaker House,Brooklyn,breaker,4.0,3,98.6,0.7800000000000015,0,0,1,0.0,0,0,0,137,0,0,0.049854255205609474,0
2026-07-31,AST-00034,Circuit Breaker House,Brooklyn,breaker,28.0,2,57.5,0.1800000000000042,0,0,0,0.0,0,0,0,179,0,0,0.06588250953448148,0
2026-07-31,AST-00035,Feeder Cable,Queens,cable,40.0,3,50.4,-3.000000000000001,0,0,0,0.0,1,0,0,123,0,0,0.07203484224932262,0
2026-07-31,AST-00036,Circuit Breaker House,Brooklyn,breaker,34.0,2,71.5,-0.0099999999999922,0,0,0,0.0,0,0,0,359,0,0,0.0561019653352905,0
2026-07-31,AST-00037,Substation,Queens,power,24.0,4,61.5,-1.3199999999999998,0,2,4,4.3,0,0,0,45,1,0,0.09636934049089943,1
2026-07-31,AST-00038,Feeder Cable,Manhattan,cable,2.0,2,78.6,1.5699999999999947,0,0,0,0.0,0,0,0,23,0,0,0.04915816484663285,0
2026-07-31,AST-00039,Circuit Breaker House,Queens,breaker,40.0,4,49.1,1.5999999999999994,0,1,3,0.9,0,0,0,22,0,1,0.09637592983826133,1
2026-07-31,AST-00040,Feeder Cable,Queens,cable,18.0,2,74.2,-2.6699999999999973,0,0,0,0.0,1,0,1,386,0,0,0.053154656870005576,0
2026-07-31,AST-00041,Feeder Cable,Brooklyn,cable,12.0,3,79.6,-1.3100000000000034,0,0,0,0.0,1,0,1,296,0,0,0.051549186338680185,0
2026-07-31,AST-00042,Third Rail Segment,Queens,third_rail,36.0,3,60.1,-0.0400000000000003,1,1,1,0.5,0,0,0,20,0,0,0.06831770585980627,0
2026-07-31,AST-00043,Feeder Cable,Bronx,cable,30.0,5,67.7,-0.0400000000000037,0,0,2,0.0,0,0,0,128,0,0,0.05697097931660617,0
2026-07-31,AST-00044,Circuit Breaker House,Queens,breaker,30.0,4,71.1,1.150000000000001,0,0,0,0.0,0,0,0,14,0,0,0.057051349183822965,0
2026-07-31,AST-00045,Third Rail Segment,Brooklyn,third_rail,12.0,3,85.4,-0.0900000000000004,0,0,1,0.0,0,0,0,126,0,0,0.051131574190015266,0
2026-07-31,AST-00046,Third Rail Segment,Brooklyn,third_rail,40.0,4,50.7,-2.6899999999999933,0,0,1,0.0,0,0,0,160,0,0,0.11931851967467917,1
2026-07-31,AST-00047,Circuit Breaker House,Queens,breaker,19.0,1,74.5,-4.229999999999991,0,0,0,0.0,0,0,0,84,0,0,0.05128111162315491,0
2026-07-31,AST-00048,Circuit Breaker House,Brooklyn,breaker,22.0,3,64.7,-1.4700000000000035,0,0,1,0.0,0,0,0,13,0,0,0.05445095937516212,0
2026-07-31,AST-00049,Feeder Cable,Queens,cable,31.0,5,66.5,-0.0199999999999905,0,0,2,0.0,0,0,0,82,0,0,0.057739840984506914,0
2026-07-31,AST-00050,Substation,Brooklyn,power,27.0,3,62.3,-1.6800000000000006,0,1,2,1.9,0,0,0,16,0,0,0.06513401849760418,0
2026-07-31,AST-00051,Circuit Breaker House,Queens,breaker,7.0,3,82.6,0.100000000000014,0,0,0,0.0,0,0,0,75,0,0,0.04908288053375405,0
2026-07-31,AST-00052,Substation,Manhattan,power,13.0,4,91.8,-0.1199999999999969,0,0,1,0.0,0,0,0,88,0,0,0.05053028398510746,0
2026-07-31,AST-00053,Third Rail Segment,Manhattan,third_rail,15.0,4,71.7,-0.3700000000000004,0,0,2,0.0,0,0,0,128,0,0,0.05318265830242884,0
2026-07-31,AST-00054,Feeder Cable,Bronx,cable,38.0,1,60.3,1.1199999999999997,0,0,1,0.0,0,0,0,178,0,0,0.06882014588282971,0
2026-07-31,AST-00055,Feeder Cable,Bronx,cable,29.0,2,55.3,-2.949999999999998,0,0,0,0.0,0,0,0,160,0,0,0.07370501792316873,1
2026-07-31,AST-00056,Third Rail Segment,Bronx,third_rail,15.0,3,67.9,-0.450000000000004,0,0,2,0.0,0,0,0,143,0,0,0.05402750032832793,0
2026-07-31,AST-00057,Feeder Cable,Bronx,cable,30.0,2,54.9,-2.540000000000005,0,0,0,0.0,0,0,0,180,0,0,0.08056910119694058,1
2026-07-31,AST-00030,Feeder Cable,Manhattan,cable,14.0,3,80.6,0.5899999999999992,0,0,0,0.0,1,0,1,278,0,0,0.052503060186766114,0
2026-07-31,AST-00058,Feeder Cable,Brooklyn,cable,30.0,5,70.0,-2.190000000000001,0,2,2,3.2,0,0,0,50,1,0,0.05759309615150462,0
2026-07-31,AST-00029,Substation,Queens,power,22.0,4,80.9,1.6199999999999986,0,1,1,0.9,0,0,0,24,0,0,0.05430516678701834,0
2026-07-31,AST-00027,Feeder Cable,Bronx,cable,25.0,4,67.5,0.0100000000000081,0,0,0,0.0,1,0,1,215,0,1,0.05603306570042698,0
2026-07-31,AST-00999,Third Rail Segment,Manhattan,third_rail,18.0,1,64.7,-1.260000000000005,0,0,1,0.0,0,0,0,155,0,0,0.05235966653451733,0
2026-07-31,AST-00001,Third Rail Segment,Bronx,third_rail,36.0,4,38.5,-2.64,0,0,1,0.0,1,0,1,56,0,1,0.1263778170745183,1
2026-07-31,AST-00002,Feeder Cable,Manhattan,cable,3.0,2,87.5,0.4299999999999963,0,0,1,0.0,1,0,0,260,0,0,0.050329731511140986,0
2026-07-31,AST-00003,Third Rail Segment,Brooklyn,third_rail,16.0,2,78.6,0.0599999999999984,0,0,0,0.0,0,0,0,89,0,0,0.050317111550060495,0
2026-07-31,AST-00004,Feeder Cable,Brooklyn,cable,19.0,4,57.9,0.3099999999999989,0,0,0,0.0,1,0,1,41,0,0,0.07111751481802021,0
2026-07-31,AST-00005,Substation,Brooklyn,power,32.0,4,47.2,-1.5400000000000025,0,0,2,0.0,0,0,0,9,0,0,0.08901765101444857,1
2026-07-31,AST-00006,Third Rail Segment,Bronx,third_rail,6.0,3,83.4,-0.3699999999999874,0,0,0,0.0,0,0,0,48,0,0,0.048549566544269854,0
2026-07-31,AST-00007,Third Rail Segment,Manhattan,third_rail,18.0,2,63.7,-0.039999999999991,0,0,0,0.0,0,0,0,272,0,0,0.053411524111366626,0
2026-07-31,AST-00008,Third Rail Segment,Bronx,third_rail,7.0,2,94.8,1.359999999999998,0,0,1,0.0,0,0,0,106,0,0,0.049318978876174584,0
2026-07-31,AST-00009,Substation,Bronx,power,32.0,2,61.3,-0.8700000000000002,0,2,4,3.4,0,0,0,48,1,0,0.07672406612815005,1
2026-07-31,AST-00010,Feeder Cable,Queens,cable,26.0,1,61.6,0.1899999999999919,0,0,1,0.0,0,0,0,287,0,0,0.061462342715840675,0
2026-07-31,AST-00011,Circuit Breaker House,Brooklyn,breaker,20.0,3,60.4,0.1299999999999997,0,0,1,0.0,0,0,0,126,0,0,0.06527997437663914,0
2026-07-31,AST-00012,Third Rail Segment,Brooklyn,third_rail,16.0,4,70.6,2.309999999999994,0,0,1,0.0,0,0,0,40,0,0,0.05318122084057372,0
2026-07-31,AST-00013,Feeder Cable,Brooklyn,cable,7.0,3,90.1,0.9400000000000024,0,0,0,0.0,0,0,0,15,0,0,0.048886155380234914,0
2026-07-31,AST-00014,Third Rail Segment,Queens,third_rail,37.0,1,54.8,0.8499999999999968,0,0,2,0.0,0,0,0,125,0,0,0.08661558174962922,1
2026-07-31,AST-00015,Feeder Cable,Brooklyn,cable,26.0,3,51.6,-3.1999999999999997,0,0,0,0.0,0,0,0,220,0,1,0.07168259355557285,0
2026-07-31,AST-00016,Circuit Breaker House,Bronx,breaker,13.0,3,83.0,1.9200000000000128,0,0,3,0.0,0,0,0,135,0,0,0.055797152942098485,0
2026-07-31,AST-00017,Feeder Cable,Queens,cable,17.0,5,58.2,-1.3099999999999938,0,0,0,0.0,0,0,0,52,0,0,0.07262139775418992,1
2026-07-31,AST-00018,Substation,Brooklyn,power,30.0,2,47.7,-4.619999999999997,0,0,0,0.0,0,0,0,40,0,0,0.0961833410984344,1
2026-07-31,AST-00019,Third Rail Segment,Queens,third_rail,29.0,3,58.1,-1.2400000000000044,0,0,0,0.0,0,0,0,129,0,0,0.07278312176983914,1
2026-07-31,AST-00020,Feeder Cable,Brooklyn,cable,19.0,5,65.7,-1.239999999999998,0,1,2,2.6,0,0,0,108,0,0,0.057658931393318937,0
2026-07-31,AST-00021,Third Rail Segment,Bronx,third_rail,13.0,4,90.4,-1.2300000000000006,0,0,0,0.0,0,0,0,13,0,0,0.05219646098538607,0
2026-07-31,AST-00022,Circuit Breaker House,Manhattan,breaker,27.0,4,44.2,-4.370000000000003,0,0,0,0.0,0,0,0,10,0,0,0.09713168458549894,1
2026-07-31,AST-00023,Third Rail Segment,Bronx,third_rail,27.0,3,56.9,-0.7499999999999891,0,0,1,0.0,0,0,0,101,0,0,0.07376072243409165,1
2026-07-31,AST-00024,Third Rail Segment,Queens,third_rail,24.0,4,60.3,0.5799999999999941,0,0,0,0.0,0,0,0,101,0,0,0.06486434558395573,0
2026-07-31,AST-00025,Third Rail Segment,Bronx,third_rail,3.0,4,85.6,-0.049999999999999,0,0,0,0.0,0,0,0,30,0,0,0.04981173711961399,0
2026-07-31,AST-00026,Circuit Breaker House,Brooklyn,breaker,19.0,2,74.7,-3.119999999999993,0,1,1,2.6,0,0,0,67,0,0,0.052936473656656276,0
2026-07-31,AST-00028,Substation,Brooklyn,power,39.0,2,49.4,-2.430000000000002,0,0,2,0.0,0,0,0,128,0,0,0.09442252180573962,1
2026-07-31,AST-00059,Substation,Brooklyn,power,16.0,3,74.4,0.2800000000000052,0,0,0,0.0,0,0,0,189,0,0,0.05201703373477885,0
2026-07-31,AST-00060,Substation,Manhattan,power,17.0,1,59.0,-0.7600000000000042,0,0,1,0.0,0,0,0,332,0,0,0.05639115576366608,0
2026-07-31,AST-00061,Feeder Cable,Brooklyn,cable,36.0,2,43.8,-1.4300000000000057,0,0,3,0.0,0,0,0,35,0,0,0.08757684561803888,1
2026-07-31,AST-00094,Circuit Breaker House,Manhattan,breaker,8.0,3,70.5,-0.8499999999999946,0,0,0,0.0,0,0,0,123,0,0,0.05170004827998174,0
2026-07-31,AST-00095,Circuit Breaker House,Queens,breaker,7.0,2,88.8,0.590000000000007,0,0,0,0.0,1,0,1,387,0,0,0.04942831562813556,0
2026-07-31,AST-00096,Feeder Cable,Manhattan,cable,32.0,3,42.9,-1.9699999999999973,0,0,0,0.0,1,0,0,37,0,1,0.08760541921554131,1
2026-07-31,AST-00097,Circuit Breaker House,Queens,breaker,38.0,2,30.2,-0.1599999999999966,2,2,2,4.4,2,0,2,220,1,0,0.07459265252595117,1
2026-07-31,AST-00098,Substation,Brooklyn,power,35.0,4,55.2,-1.8299999999999996,0,0,2,0.0,0,0,0,38,0,0,0.0894747776015811,1
2026-07-31,AST-00099,Substation,Brooklyn,power,31.0,4,58.8,-2.1800000000000006,0,1,2,0.7,0,0,0,93,0,0,0.06713597167524196,0
2026-07-31,AST-00100,Third Rail Segment,Manhattan,third_rail,10.0,3,86.0,1.1600000000000024,0,0,0,0.0,0,0,0,50,0,0,0.04876972971838098,0
2026-07-31,AST-00101,Third Rail Segment,Queens,third_rail,37.0,3,53.2,0.849999999999997,1,1,2,0.8,2,0,0,38,0,0,0.10638786505325572,1
2026-07-31,AST-00102,Feeder Cable,Manhattan,cable,27.0,3,47.8,-5.050000000000002,0,0,1,0.0,0,0,0,36,0,0,0.08811201593994127,1
2026-07-31,AST-00103,Circuit Breaker House,Manhattan,breaker,7.0,2,86.0,-1.1300000000000012,0,0,1,0.0,0,0,0,140,0,0,0.049067764733359914,0
2026-07-31,AST-00104,Third Rail Segment,Queens,third_rail,6.0,2,91.8,-0.680000000000004,0,0,0,0.0,0,0,0,117,0,0,0.04888885872856633,0
2026-07-31,AST-00105,Third Rail Segment,Brooklyn,third_rail,35.0,2,56.7,-1.5999999999999888,0,0,2,0.0,0,0,0,143,0,0,0.09833705164112808,1
2026-07-31,AST-00106,Feeder Cable,Brooklyn,cable,12.0,3,79.1,0.529999999999997,0,2,2,3.8,0,0,0,45,1,0,0.05036075618039214,0
2026-07-31,AST-00107,Feeder Cable,Manhattan,cable,31.0,2,56.7,-2.069999999999996,0,0,0,0.0,0,0,0,350,0,1,0.0794090810389485,1
2026-07-31,AST-00108,Circuit Breaker House,Bronx,breaker,6.0,3,86.4,-0.1100000000000037,0,0,1,0.0,0,0,0,190,0,0,0.05051142583588886,0
2026-07-31,AST-00109,Substation,Brooklyn,power,12.0,4,64.9,-0.310000000000001,0,0,0,0.0,0,0,0,73,0,0,0.05757949331566974,0
2026-07-31,AST-00110,Third Rail Segment,Manhattan,third_rail,12.0,2,79.3,-2.5699999999999936,0,0,0,0.0,0,0,0,172,0,0,0.049282632949058255,0
2026-07-31,AST-00111,Feeder Cable,Brooklyn,cable,12.0,3,96.6,0.1799999999999971,0,2,3,4.8,0,0,0,73,1,0,0.05404348990176611,0
2026-07-31,AST-00112,Circuit Breaker House,Manhattan,breaker,27.0,3,67.9,0.0100000000000016,0,0,0,0.0,0,0,0,124,0,0,0.056637864249286504,0
2026-07-31,AST-00113,Circuit Breaker House,Brooklyn,breaker,37.0,4,62.3,-2.179999999999992,0,0,2,0.0,0,0,0,103,0,0,0.062035765641480035,0
2026-07-31,AST-00114,Feeder Cable,Manhattan,cable,37.0,3,48.9,-2.6099999999999968,0,1,1,1.5,1,0,1,37,0,0,0.08031811384176149,1
2026-07-31,AST-00115,Substation,Manhattan,power,30.0,2,53.3,0.519999999999992,0,0,2,0.0,0,0,0,129,0,0,0.08887504539573668,1
2026-07-31,AST-00116,Third Rail Segment,Brooklyn,third_rail,9.0,2,83.4,-1.0799999999999943,0,0,0,0.0,0,0,0,265,0,0,0.04976239604053654,0
2026-07-31,AST-00117,Third Rail Segment,Bronx,third_rail,39.0,3,34.5,-3.669999999999996,0,0,2,0.0,0,0,0,38,0,0,0.10147500738965158,1
2026-07-31,AST-00118,Feeder Cable,Manhattan,cable,22.0,4,60.9,0.5099999999999951,0,0,1,0.0,0,0,0,99,0,0,0.06232171385700985,0
2026-07-31,AST-00119,Feeder Cable,Manhattan,cable,22.0,1,68.9,-3.4399999999999973,0,1,2,2.1,0,0,0,74,0,0,0.054416496752389965,0
2026-07-31,AST-00120,Feeder Cable,Bronx,cable,29.0,4,67.3,-1.7400000000000042,0,0,1,0.0,1,0,0,180,0,0,0.056571683338524796,0
2026-07-31,AST-00093,Feeder Cable,Queens,cable,33.0,3,47.3,-2.3300000000000054,0,0,1,0.0,1,1,1,31,0,0,0.07771150529954308,1
2026-07-31,AST-00092,Feeder Cable,Brooklyn,cable,14.0,2,77.9,1.139999999999998,0,0,1,0.0,0,0,0,41,0,0,0.049609874397023336,0
2026-07-31,AST-00091,Substation,Queens,power,36.0,2,31.4,0.1199999999999996,0,0,0,0.0,0,0,0,268,0,0,0.08515912490800799,1
2026-07-31,AST-00090,Feeder Cable,Bronx,cable,1.0,4,95.1,-0.8200000000000064,0,0,0,0.0,0,0,0,56,0,0,0.05025318362520977,0
2026-07-31,AST-00062,Feeder Cable,Manhattan,cable,23.0,1,81.6,0.8099999999999978,0,0,1,0.0,0,0,0,250,0,0,0.05502198106263824,0
2026-07-31,AST-00063,Feeder Cable,Bronx,cable,6.0,3,92.2,0.9799999999999977,0,0,0,0.0,0,0,0,129,0,0,0.05005715641633789,0
2026-07-31,AST-00064,Third Rail Segment,Manhattan,third_rail,29.0,3,44.5,-2.0700000000000007,0,0,2,0.0,0,0,0,182,0,0,0.09983576076244748,1
2026-07-31,AST-00065,Feeder Cable,Manhattan,cable,24.0,3,79.4,-0.209999999999996,0,0,0,0.0,0,0,0,248,0,0,0.05455565907557207,0
2026-07-31,AST-00066,Feeder Cable,Manhattan,cable,21.0,4,67.5,-2.4299999999999997,0,0,0,0.0,0,0,0,38,0,0,0.055198659684896366,0
2026-07-31,AST-00067,Feeder Cable,Manhattan,cable,30.0,4,56.0,-0.7899999999999983,0,0,1,0.0,1,0,0,178,0,0,0.07103249477149387,0
2026-07-31,AST-00068,Circuit Breaker House,Manhattan,breaker,37.0,3,42.1,-2.7099999999999973,0,0,0,0.0,1,0,1,78,0,0,0.08390469853691469,1
2026-07-31,AST-00069,Substation,Queens,power,14.0,1,78.6,-1.0199999999999905,0,0,1,0.0,0,0,0,252,0,0,0.05043903424018367,0
2026-07-31,AST-00070,Feeder Cable,Brooklyn,cable,17.0,4,69.9,-1.2300000000000018,0,0,0,0.0,0,0,0,12,0,0,0.055522845164130405,0
2026-07-31,AST-00071,Circuit Breaker House,Queens,breaker,8.0,4,100.0,2.370000000000002,0,0,0,0.0,0,0,0,136,0,0,0.05153739763010596,0
2026-07-31,AST-00072,Feeder Cable,Bronx,cable,26.0,4,64.3,0.3000000000000069,1,2,2,3.0,0,0,0,80,1,1,0.10800898784756002,1
2026-07-31,AST-00073,Third Rail Segment,Queens,third_rail,17.0,4,67.1,-2.190000000000013,1,1,1,2.4,1,0,1,151,0,0,0.07122620780921668,0
2026-07-31,AST-00074,Circuit Breaker House,Queens,breaker,14.0,2,76.4,0.7599999999999971,0,0,0,0.0,1,0,1,407,0,0,0.05076645940535638,0
2026-07-31,AST-00122,Feeder Cable,Queens,cable,39.0,3,51.9,0.2299999999999981,0,0,1,0.0,0,0,0,105,0,0,0.07737276601879833,1
2026-07-31,AST-00075,Substation,Brooklyn,power,28.0,5,52.7,-2.280000000000001,0,0,2,0.0,0,0,0,123,0,0,0.07794932969646656,1
2026-07-31,AST-00077,Circuit Breaker House,Brooklyn,breaker,19.0,4,56.0,-1.600000000000003,0,2,2,5.0,0,0,0,168,1,0,0.0853588953649792,1
2026-07-31,AST-00078,Feeder Cable,Bronx,cable,18.0,2,62.2,0.2000000000000056,0,0,0,0.0,0,0,0,117,0,0,0.057554867972721455,0
2026-07-31,AST-00079,Feeder Cable,Queens,cable,11.0,2,84.1,-1.2000000000000008,0,0,0,0.0,0,0,0,286,0,0,0.04932461549440786,0
2026-07-31,AST-00080,Third Rail Segment,Brooklyn,third_rail,6.0,5,86.4,-2.059999999999996,0,0,0,0.0,0,0,0,80,0,0,0.049857062628628525,0
2026-07-31,AST-00081,Feeder Cable,Brooklyn,cable,34.0,3,55.7,-1.0800000000000003,0,0,1,0.0,0,0,0,33,0,0,0.07479401107984343,1
2026-07-31,AST-00082,Feeder Cable,Bronx,cable,4.0,4,86.3,-1.030000000000002,0,0,0,0.0,0,0,0,113,0,0,0.05081208557023348,0
2026-07-31,AST-00083,Third Rail Segment,Queens,third_rail,13.0,3,66.7,-1.8499999999999928,1,1,1,2.5,1,0,1,212,0,0,0.06288895337971517,0
2026-07-31,AST-00084,Substation,Queens,power,27.0,3,64.0,-0.819999999999995,0,0,1,0.0,0,0,0,67,0,0,0.05642257082699485,0
2026-07-31,AST-00085,Substation,Bronx,power,6.0,5,82.5,-1.1800000000000084,0,0,0,0.0,1,0,1,192,0,0,0.054483593812847696,0
2026-07-31,AST-00086,Substation,Queens,power,27.0,3,58.4,0.9600000000000024,0,0,0,0.0,1,0,1,387,0,0,0.0671032657341069,0
2026-07-31,AST-00087,Feeder Cable,Queens,cable,30.0,1,54.7,0.299999999999999,0,0,2,0.0,0,0,0,36,0,0,0.07786116143504826,1
2026-07-31,AST-00088,Feeder Cable,Manhattan,cable,27.0,2,74.3,-0.1999999999999988,0,0,1,0.0,0,0,0,117,0,0,0.055741225886604295,0
2026-07-31,AST-00089,Substation,Manhattan,power,13.0,4,64.4,-2.599999999999997,0,0,0,0.0,0,0,0,127,0,0,0.05400816807355834,0
2026-07-31,AST-00076,Circuit Breaker House,Manhattan,breaker,17.0,2,75.8,-2.800000000000002,0,0,1,0.0,0,0,0,153,0,0,0.05192954009156445,0
2026-07-31,AST-00247,Feeder Cable,Brooklyn,cable,24.0,3,76.4,-0.1199999999999982,0,0,1,0.0,0,0,0,122,0,0,0.054586326016629355,0
2026-07-31,AST-00248,Feeder Cable,Queens,cable,8.0,3,55.6,-4.880000000000011,0,0,0,0.0,0,0,0,50,0,0,0.05883090007934588,0
2026-07-31,AST-00249,Circuit Breaker House,Manhattan,breaker,7.0,4,86.4,-1.8099999999999972,0,0,1,0.0,0,0,0,72,0,0,0.05221373951120277,0
2026-07-31,AST-00408,Third Rail Segment,Brooklyn,third_rail,29.0,4,77.2,2.520000000000006,0,0,0,0.0,1,0,0,185,0,0,0.057061037754733875,0
2026-07-31,AST-00409,Substation,Brooklyn,power,19.0,3,63.5,-1.110000000000002,1,2,3,15.6,1,0,1,50,1,0,0.08634179675904857,1
2026-07-31,AST-00410,Third Rail Segment,Bronx,third_rail,2.0,3,93.4,-0.0699999999999878,0,1,1,1.4,0,0,0,57,0,0,0.048186011654264276,0
2026-07-31,AST-00411,Feeder Cable,Bronx,cable,22.0,4,52.6,-0.96,0,1,2,1.3,0,0,0,41,0,0,0.09259920876999123,1
2026-07-31,AST-00412,Feeder Cable,Queens,cable,2.0,3,89.1,1.3100000000000056,0,0,0,0.0,0,0,0,168,0,0,0.04999482843222948,0
2026-07-31,AST-00413,Substation,Manhattan,power,38.0,3,38.4,-2.480000000000002,1,1,2,0.4,1,0,1,128,0,0,0.076658958854032,1
2026-07-31,AST-00414,Third Rail Segment,Queens,third_rail,25.0,2,42.6,-1.8900000000000008,0,0,0,0.0,0,0,0,125,0,0,0.09223379696971327,1
2026-07-31,AST-00415,Substation,Bronx,power,15.0,2,74.3,-0.0600000000000042,0,0,0,0.0,0,0,0,34,0,0,0.050134059434913725,0
2026-07-31,AST-00416,Circuit Breaker House,Bronx,breaker,20.0,1,61.8,0.9099999999999996,0,0,0,0.0,0,0,0,243,0,0,0.055890417025264746,0
2026-07-31,AST-00417,Substation,Manhattan,power,25.0,4,50.5,-2.879999999999997,0,0,0,0.0,0,0,0,97,0,0,0.08378282293633182,1
2026-07-31,AST-00418,Third Rail Segment,Brooklyn,third_rail,11.0,5,84.2,1.2400000000000055,0,0,1,0.0,0,0,0,1,0,0,0.050372690274085544,0
2026-07-31,AST-00419,Circuit Breaker House,Brooklyn,breaker,12.0,5,72.6,-1.7700000000000076,0,0,2,0.0,1,0,1,222,0,0,0.055364408078846926,0
2026-07-31,AST-00420,Third Rail Segment,Manhattan,third_rail,17.0,2,74.2,-3.650000000000009,0,0,0,0.0,0,0,0,153,0,0,0.052540839816452155,0
2026-07-31,AST-00421,Feeder Cable,Queens,cable,11.0,4,81.8,-1.5699999999999867,0,0,0,0.0,0,0,0,152,0,0,0.052281377787115245,0
2026-07-31,AST-00422,Substation,Brooklyn,power,31.0,5,58.1,-0.5700000000000037,0,0,0,0.0,0,0,0,169,0,1,0.07327552733599757,1
2026-07-31,AST-00423,Substation,Brooklyn,power,5.0,3,94.2,-0.9699999999999934,0,0,1,0.0,0,0,0,207,0,0,0.04991972195680514,0
2026-07-31,AST-00424,Substation,Manhattan,power,34.0,3,59.4,-1.2299999999999929,0,0,0,0.0,0,0,0,211,0,0,0.06312848467222754,0
2026-07-31,AST-00425,Feeder Cable,Brooklyn,cable,14.0,1,77.2,-1.8800000000000017,0,0,0,0.0,0,0,0,107,0,0,0.050662262138172515,0
2026-07-31,AST-00426,Third Rail Segment,Manhattan,third_rail,23.0,3,63.7,-2.599999999999988,0,0,1,0.0,0,0,0,128,0,0,0.05584192674716439,0
2026-07-31,AST-00427,Circuit Breaker House,Brooklyn,breaker,7.0,2,88.4,0.040000000000004,0,0,0,0.0,0,0,0,179,0,0,0.04909668454672005,0
2026-07-31,AST-00428,Third Rail Segment,Manhattan,third_rail,16.0,3,77.5,1.3999999999999977,0,0,0,0.0,0,0,0,127,0,0,0.05222341641825646,0
2026-07-31,AST-00429,Substation,Bronx,power,31.0,2,55.7,-0.9699999999999958,0,0,0,0.0,0,0,0,152,0,0,0.09371474302311754,1
2026-07-31,AST-00430,Third Rail Segment,Manhattan,third_rail,11.0,4,69.8,-2.309999999999996,0,0,1,0.0,0,0,0,165,0,0,0.0538401692774876,0
2026-07-31,AST-00431,Third Rail Segment,Brooklyn,third_rail,6.0,4,80.8,0.1399999999999962,0,0,0,0.0,0,0,0,45,0,0,0.05046627049236171,0
2026-07-31,AST-00432,Third Rail Segment,Manhattan,third_rail,21.0,2,70.1,0.3900000000000096,0,0,0,0.0,0,0,0,266,0,0,0.05253104661229481,0
2026-07-31,AST-00433,Feeder Cable,Manhattan,cable,7.0,2,79.3,-1.1200000000000023,0,0,0,0.0,1,0,1,431,0,0,0.05015351747381693,0
2026-07-31,AST-00434,Third Rail Segment,Manhattan,third_rail,13.0,1,68.9,-2.36,0,0,0,0.0,0,0,0,162,0,0,0.05010037951327969,0
2026-07-31,AST-00407,Circuit Breaker House,Bronx,breaker,15.0,3,78.8,-1.9899999999999924,0,0,1,0.0,0,0,0,100,0,0,0.05297555626669251,0
2026-07-31,AST-00435,Substation,Manhattan,power,19.0,3,52.5,-3.96,0,0,2,0.0,0,0,0,137,0,0,0.06766187461020252,0
2026-07-31,AST-00406,Third Rail Segment,Manhattan,third_rail,34.0,3,46.8,1.7199999999999995,0,0,2,0.0,0,0,0,50,0,0,0.08667419777686933,1
2026-07-31,AST-00404,Substation,Bronx,power,23.0,4,82.2,-0.8900000000000018,0,0,0,0.0,0,0,0,144,0,0,0.05293496886086317,0
2026-07-31,AST-00377,Third Rail Segment,Queens,third_rail,35.0,3,55.2,-0.1900000000000054,0,0,1,0.0,0,0,0,129,0,0,0.0713329141787309,0
2026-07-31,AST-00378,Feeder Cable,Brooklyn,cable,6.0,3,83.0,-0.9500000000000052,0,0,0,0.0,0,0,0,31,0,0,0.048886155380234914,0
2026-07-31,AST-00379,Circuit Breaker House,Manhattan,breaker,40.0,5,57.2,-0.6699999999999994,0,0,3,0.0,1,0,0,39,0,0,0.09254538714161861,1
2026-07-31,AST-00380,Feeder Cable,Bronx,cable,27.0,2,57.0,-2.429999999999998,0,0,1,0.0,0,0,0,284,0,0,0.0662114496182943,0
2026-07-31,AST-00381,Feeder Cable,Brooklyn,cable,8.0,3,75.9,-4.500000000000002,0,0,1,0.0,0,0,0,216,0,0,0.04969814068757123,0
2026-07-31,AST-00382,Third Rail Segment,Bronx,third_rail,18.0,3,80.0,-1.130000000000004,0,0,1,0.0,0,0,0,49,0,0,0.05286651544251751,0
2026-07-31,AST-00383,Third Rail Segment,Manhattan,third_rail,37.0,4,53.4,-1.269999999999999,0,1,4,1.1,0,0,0,45,0,0,0.0919302086062844,1
2026-07-31,AST-00384,Feeder Cable,Queens,cable,16.0,2,80.5,-0.7399999999999965,0,0,1,0.0,0,0,0,257,0,0,0.05288871385407172,0
2026-07-31,AST-00385,Circuit Breaker House,Brooklyn,breaker,8.0,2,66.2,-2.6199999999999903,0,0,1,0.0,1,0,1,402,0,0,0.05054687435394253,0
2026-07-31,AST-00386,Third Rail Segment,Queens,third_rail,36.0,1,41.5,-0.5399999999999998,0,0,0,0.0,0,0,0,36,0,0,0.07813770507298501,1
2026-07-31,AST-00387,Feeder Cable,Manhattan,cable,39.0,3,41.6,0.3400000000000031,0,0,1,0.0,0,0,0,125,0,0,0.07621592914217938,1
2026-07-31,AST-00388,Third Rail Segment,Bronx,third_rail,40.0,2,43.3,-0.999999999999992,0,0,1,0.0,0,0,0,31,0,0,0.08367426371360595,1
2026-07-31,AST-00389,Substation,Brooklyn,power,39.0,3,50.3,-1.5399999999999994,0,0,2,0.0,1,0,1,285,0,0,0.0776509635990223,1
2026-07-31,AST-00390,Third Rail Segment,Queens,third_rail,35.0,4,62.2,-1.6,0,0,3,0.0,0,0,0,27,0,0,0.06869481540337155,0
2026-07-31,AST-00391,Feeder Cable,Brooklyn,cable,19.0,3,66.2,-0.4499999999999928,0,0,0,0.0,0,0,0,200,0,0,0.05424843142286739,0
2026-07-31,AST-00392,Substation,Manhattan,power,8.0,3,96.1,0.6599999999999938,0,1,1,8.5,1,1,1,197,0,0,0.049919764210747425,0
2026-07-31,AST-00393,Feeder Cable,Brooklyn,cable,25.0,3,65.5,-0.0600000000000005,0,1,3,1.5,0,0,0,241,0,0,0.057353227389950454,0
2026-07-31,AST-00394,Feeder Cable,Brooklyn,cable,9.0,4,83.8,-0.7199999999999994,0,0,1,0.0,0,0,0,113,0,0,0.05107384644854962,0
2026-07-31,AST-00395,Substation,Brooklyn,power,19.0,4,59.3,-2.819999999999998,0,0,0,0.0,0,0,0,38,0,0,0.05833665161554824,0
2026-07-31,AST-00396,Feeder Cable,Queens,cable,27.0,3,70.5,0.7100000000000103,0,0,0,0.0,0,0,0,253,0,0,0.05529311239324695,0
2026-07-31,AST-00397,Third Rail Segment,Brooklyn,third_rail,38.0,3,54.7,-1.1400000000000017,0,0,0,0.0,0,0,0,129,0,0,0.07487249745271467,1
2026-07-31,AST-00398,Circuit Breaker House,Manhattan,breaker,12.0,4,64.1,-3.72,0,0,0,0.0,0,0,0,67,0,0,0.05266894899857518,0
2026-07-31,AST-00399,Feeder Cable,Manhattan,cable,11.0,4,80.3,-1.0900000000000052,0,0,1,0.0,1,0,0,182,0,0,0.052940087056120744,0
2026-07-31,AST-00400,Feeder Cable,Manhattan,cable,30.0,2,41.1,-2.1899999999999977,0,1,2,2.5,1,0,1,36,0,0,0.08710244470556726,1
2026-07-31,AST-00401,Circuit Breaker House,Manhattan,breaker,1.0,4,74.6,2.1000000000000054,0,0,0,0.0,1,0,1,207,0,0,0.058975633150547435,0
2026-07-31,AST-00402,Third Rail Segment,Queens,third_rail,23.0,2,65.5,-0.7000000000000008,0,0,0,0.0,0,0,0,331,0,0,0.054942670537911006,0
2026-07-31,AST-00403,Third Rail Segment,Manhattan,third_rail,30.0,5,47.3,-0.9199999999999964,0,0,3,0.0,0,0,0,30,0,0,0.07925198397399881,1
2026-07-31,AST-00405,Third Rail Segment,Manhattan,third_rail,16.0,3,64.9,-1.0899999999999992,0,0,0,0.0,0,0,0,238,0,0,0.05148031741236998,0
2026-07-31,AST-00436,Circuit Breaker House,Manhattan,breaker,23.0,3,57.0,-1.889999999999999,0,0,1,0.0,0,0,0,36,0,0,0.07924730706566481,1
2026-07-31,AST-00437,Substation,Brooklyn,power,26.0,2,76.7,2.009999999999998,0,0,4,0.0,0,0,0,113,0,0,0.06980204799755717,0
2026-07-31,AST-00438,Feeder Cable,Queens,cable,28.0,4,58.0,-0.6100000000000048,0,0,1,0.0,1,0,1,144,0,0,0.08280006598150104,1
2026-07-31,AST-00471,Feeder Cable,Bronx,cable,36.0,1,41.1,-1.2300000000000018,0,0,1,0.0,0,0,0,71,0,0,0.11289988368403973,1
2026-07-31,AST-00472,Feeder Cable,Manhattan,cable,4.0,3,87.0,-4.389999999999995,0,0,0,0.0,0,0,0,236,0,0,0.04877998756117544,0
2026-07-31,AST-00473,Substation,Queens,power,17.0,2,85.8,1.3700000000000088,0,0,0,0.0,0,0,0,74,0,0,0.04861496891809428,0
2026-07-31,AST-00474,Substation,Brooklyn,power,9.0,4,88.2,-0.5400000000000003,0,0,0,0.0,0,0,0,101,0,0,0.05107384644854962,0
2026-07-31,AST-00475,Circuit Breaker House,Brooklyn,breaker,5.0,2,76.6,-0.9499999999999956,0,0,0,0.0,0,0,0,159,0,0,0.05027514141024788,0
2026-07-31,AST-00476,Circuit Breaker House,Brooklyn,breaker,17.0,5,54.7,-0.8299999999999922,0,0,1,0.0,1,0,1,196,0,0,0.06386272407989306,0
2026-07-31,AST-00477,Feeder Cable,Manhattan,cable,21.0,3,52.7,-1.860000000000004,1,2,3,7.5,0,0,0,3,1,0,0.08861431033538221,1
2026-07-31,AST-00478,Feeder Cable,Queens,cable,8.0,2,85.1,-2.989999999999997,0,0,0,0.0,0,0,0,239,0,0,0.04953583960662754,0
2026-07-31,AST-00479,Feeder Cable,Manhattan,cable,4.0,3,91.5,1.6000000000000083,0,0,0,0.0,0,0,0,70,0,0,0.04879282237658542,0
2026-07-31,AST-00480,Feeder Cable,Manhattan,cable,6.0,2,82.1,-0.7300000000000051,0,0,0,0.0,0,0,0,143,0,0,0.04919079966582787,0
2026-07-31,AST-00481,Feeder Cable,Brooklyn,cable,27.0,2,76.4,0.960000000000004,0,0,0,0.0,0,0,0,278,0,0,0.0556430666660917,0
2026-07-31,AST-00482,Circuit Breaker House,Bronx,breaker,35.0,3,65.7,-0.9700000000000012,0,0,0,0.0,0,0,0,108,0,0,0.056581982786070725,0
2026-07-31,AST-00483,Feeder Cable,Queens,cable,8.0,2,83.5,-0.7400000000000001,0,1,1,1.3,1,0,1,304,0,0,0.05056721359871741,0
2026-07-31,AST-00484,Circuit Breaker House,Bronx,breaker,13.0,1,73.1,-1.879999999999999,0,0,0,0.0,1,0,1,396,0,0,0.05158126474403088,0
2026-07-31,AST-00485,Substation,Queens,power,14.0,3,75.3,0.1800000000000028,0,0,0,0.0,0,0,0,159,0,1,0.05110997080065017,0
2026-07-31,AST-00486,Feeder Cable,Queens,cable,15.0,1,73.1,-1.539999999999999,0,0,0,0.0,0,0,0,238,0,0,0.05077013681810909,0
2026-07-31,AST-00487,Feeder Cable,Brooklyn,cable,10.0,2,89.1,-1.179999999999993,0,0,1,0.0,0,0,0,14,0,1,0.04809638984364398,0
2026-07-31,AST-00488,Circuit Breaker House,Bronx,breaker,3.0,2,94.8,0.96,0,0,0,0.0,0,0,0,98,0,0,0.05277480966633904,0
2026-07-31,AST-00489,Feeder Cable,Brooklyn,cable,22.0,2,73.7,-0.1200000000000031,0,0,2,0.0,0,0,0,307,0,0,0.05523780686385562,0
2026-07-31,AST-00490,Feeder Cable,Brooklyn,cable,15.0,5,77.9,-0.3799999999999953,0,0,2,0.0,0,0,0,77,0,0,0.05224645523384467,0
2026-07-31,AST-00491,Feeder Cable,Queens,cable,14.0,3,78.8,2.280000000000012,0,0,0,0.0,0,0,0,58,0,0,0.050525745065388344,0
2026-07-31,AST-00492,Feeder Cable,Brooklyn,cable,11.0,3,82.6,0.3400000000000112,0,0,0,0.0,0,0,0,227,0,0,0.04990840116334098,0
2026-07-31,AST-00493,Feeder Cable,Manhattan,cable,38.0,1,53.5,0.7899999999999963,0,0,1,0.0,0,0,0,164,0,0,0.09115687115310939,1
2026-07-31,AST-00494,Circuit Breaker House,Brooklyn,breaker,25.0,3,49.2,0.4800000000000013,0,0,0,0.0,0,0,0,68,0,0,0.13508694005373614,1
2026-07-31,AST-00495,Third Rail Segment,Brooklyn,third_rail,17.0,3,60.7,2.540000000000004,0,0,0,0.0,1,0,1,307,0,0,0.055492900133570215,0
2026-07-31,AST-00496,Feeder Cable,Bronx,cable,9.0,2,74.5,-1.850000000000003,0,0,1,0.0,0,0,0,217,0,0,0.0550705779535521,0
2026-07-31,AST-00497,Feeder Cable,Brooklyn,cable,33.0,4,56.4,0.8800000000000011,1,1,2,5.9,1,0,0,156,0,0,0.15552733177396186,1
2026-07-31,AST-00470,Feeder Cable,Manhattan,cable,9.0,4,78.3,-0.4099999999999967,0,0,1,0.0,0,0,0,90,0,0,0.05185856149724031,0
2026-07-31,AST-00469,Substation,Brooklyn,power,2.0,4,84.6,-0.2700000000000002,0,0,0,0.0,0,0,0,85,0,0,0.050219878076893175,0
2026-07-31,AST-00468,Third Rail Segment,Queens,third_rail,28.0,2,58.3,-2.129999999999995,0,0,0,0.0,1,0,1,386,0,0,0.06306489088392213,0
2026-07-31,AST-00467,Feeder Cable,Manhattan,cable,13.0,3,73.1,-3.8299999999999934,1,1,1,2.7,0,0,0,5,0,0,0.05532097728905503,0
2026-07-31,AST-00439,Feeder Cable,Manhattan,cable,34.0,3,45.0,-2.0499999999999994,0,0,1,0.0,0,0,0,124,0,0,0.11626773790772946,1
2026-07-31,AST-00440,Feeder Cable,Brooklyn,cable,3.0,2,92.8,-1.3099999999999958,0,0,0,0.0,0,0,0,58,0,0,0.0476310458976851,0
2026-07-31,AST-00441,Third Rail Segment,Queens,third_rail,15.0,3,79.7,3.270000000000002,0,0,0,0.0,1,0,1,284,0,0,0.05203601255658666,0
2026-07-31,AST-00442,Substation,Manhattan,power,1.0,4,80.7,-0.9299999999999944,0,1,1,0.8,0,0,0,29,0,0,0.05210367570330288,0
2026-07-31,AST-00443,Feeder Cable,Brooklyn,cable,1.0,4,87.0,-2.5100000000000056,0,0,3,0.0,1,0,0,92,0,0,0.0515008496739925,0
2026-07-31,AST-00444,Circuit Breaker House,Manhattan,breaker,9.0,3,71.8,-2.860000000000002,0,0,0,0.0,0,0,0,89,0,0,0.05036605285236656,0
2026-07-31,AST-00445,Circuit Breaker House,Manhattan,breaker,24.0,4,63.6,3.0500000000000007,0,0,1,0.0,0,0,0,49,0,0,0.05834905604759109,0
2026-07-31,AST-00446,Feeder Cable,Brooklyn,cable,36.0,2,49.3,-1.6900000000000033,1,1,4,3.6,1,1,1,198,0,0,0.0754833482220435,1
2026-07-31,AST-00447,Third Rail Segment,Bronx,third_rail,31.0,3,59.4,-1.6599999999999897,0,0,0,0.0,0,0,0,77,0,0,0.06511255438868935,0
2026-07-31,AST-00448,Feeder Cable,Bronx,cable,26.0,3,64.4,-1.2299999999999955,0,0,1,0.0,0,0,0,151,0,0,0.055320208330168534,0
2026-07-31,AST-00449,Substation,Bronx,power,32.0,3,42.3,-1.7199999999999962,0,1,2,0.4,0,0,0,157,0,0,0.2589840452371173,1
2026-07-31,AST-00450,Feeder Cable,Brooklyn,cable,7.0,4,89.5,-2.260000000000004,0,0,2,0.0,0,0,0,83,0,0,0.049857062628628525,0
2026-07-31,AST-00451,Substation,Manhattan,power,34.0,2,50.9,-1.799999999999999,0,0,1,0.0,1,0,1,160,0,0,0.09445671412889523,1
2026-07-31,AST-00376,Substation,Brooklyn,power,40.0,3,52.2,0.1200000000000015,0,0,2,0.0,0,0,0,129,0,0,0.08304470504701615,1
2026-07-31,AST-00452,Third Rail Segment,Brooklyn,third_rail,36.0,4,63.0,1.390000000000001,2,2,4,3.7,0,0,0,26,1,0,0.09727592453828884,1
2026-07-31,AST-00454,Substation,Manhattan,power,19.0,1,54.2,0.98,0,0,2,0.0,0,0,0,203,0,0,0.057946781381362576,0
2026-07-31,AST-00455,Substation,Manhattan,power,34.0,4,52.4,-1.6299999999999952,0,0,2,0.0,0,0,0,46,0,0,0.0957981956524127,1
2026-07-31,AST-00456,Circuit Breaker House,Brooklyn,breaker,20.0,1,83.1,0.2000000000000063,0,0,1,0.0,0,0,0,154,0,0,0.049718293714782806,0
2026-07-31,AST-00457,Third Rail Segment,Brooklyn,third_rail,34.0,3,61.8,-0.5500000000000063,0,0,0,0.0,0,0,0,259,0,0,0.06247021468725014,0
2026-07-31,AST-00458,Feeder Cable,Manhattan,cable,38.0,4,66.0,-1.2800000000000027,0,0,2,0.0,0,0,0,176,0,0,0.05646865206829634,0
2026-07-31,AST-00459,Third Rail Segment,Queens,third_rail,19.0,3,63.1,1.129999999999998,1,1,2,1.0,1,0,0,177,0,0,0.06203290327233332,0
2026-07-31,AST-00460,Feeder Cable,Brooklyn,cable,3.0,2,91.7,-2.0,0,1,2,3.4,0,0,0,53,0,0,0.04814761259154889,0
2026-07-31,AST-00461,Feeder Cable,Bronx,cable,14.0,2,66.5,-0.9299999999999908,0,0,0,0.0,0,0,0,348,0,0,0.051048153357063954,0
2026-07-31,AST-00462,Substation,Manhattan,power,9.0,4,74.3,-2.1800000000000046,0,1,1,10.1,1,0,0,49,0,0,0.051176818432284346,0
2026-07-31,AST-00463,Third Rail Segment,Brooklyn,third_rail,19.0,1,68.3,1.0499999999999945,0,0,2,0.0,0,0,0,119,0,0,0.052967516168295446,0
2026-07-31,AST-00464,Circuit Breaker House,Manhattan,breaker,24.0,4,58.1,0.3000000000000083,0,0,2,0.0,0,0,0,43,0,0,0.07908852677257942,1
2026-07-31,AST-00465,Feeder Cable,Brooklyn,cable,19.0,3,68.9,-0.0999999999999915,0,0,2,0.0,0,0,0,140,0,0,0.0553788341402051,0
2026-07-31,AST-00466,Feeder Cable,Manhattan,cable,8.0,2,91.7,-1.7500000000000058,0,0,1,0.0,0,0,0,204,0,0,0.05018868099134432,0
2026-07-31,AST-00453,Feeder Cable,Manhattan,cable,4.0,4,87.6,0.0699999999999957,0,1,2,1.7,1,0,1,146,0,0,0.05212036895925013,0
2026-07-31,AST-00375,Substation,Brooklyn,power,28.0,4,61.6,-1.0300000000000018,0,0,1,0.0,0,0,0,22,0,0,0.06209593208251158,0
2026-07-31,AST-00374,Circuit Breaker House,Brooklyn,breaker,16.0,4,66.6,-1.6600000000000077,1,1,1,9.3,0,0,0,21,0,0,0.06770370288131075,0
2026-07-31,AST-00373,Circuit Breaker House,Brooklyn,breaker,3.0,2,87.1,-1.1799999999999944,0,0,0,0.0,0,0,0,232,0,0,0.05055204266663384,0
2026-07-31,AST-00283,Circuit Breaker House,Queens,breaker,13.0,4,70.7,1.5700000000000112,0,1,2,2.8,0,0,0,74,0,0,0.05570744216691498,0
2026-07-31,AST-00284,Circuit Breaker House,Brooklyn,breaker,32.0,2,42.8,-2.839999999999996,0,0,1,0.0,0,0,0,106,0,0,0.10345915993573686,1
2026-07-31,AST-00285,Feeder Cable,Brooklyn,cable,28.0,4,68.9,1.0800000000000065,0,1,1,1.0,0,0,0,114,0,0,0.05743951843039437,0
2026-07-31,AST-00286,Feeder Cable,Brooklyn,cable,34.0,2,62.2,0.0100000000000042,0,0,0,0.0,0,0,0,353,0,0,0.06089979937133145,0
2026-07-31,AST-00287,Substation,Bronx,power,37.0,3,59.6,-0.36,0,0,0,0.0,0,0,0,37,0,0,0.06729500792071794,0
2026-07-31,AST-00288,Circuit Breaker House,Queens,breaker,33.0,4,52.6,-1.9100000000000024,0,0,1,0.0,0,0,0,90,0,0,0.08782735761074167,1
2026-07-31,AST-00289,Feeder Cable,Brooklyn,cable,38.0,3,43.3,-1.9000000000000024,0,0,1,0.0,0,0,0,128,0,0,0.09883709732339299,1
2026-07-31,AST-00290,Substation,Queens,power,17.0,4,74.0,-2.349999999999986,0,0,0,0.0,0,0,0,81,0,0,0.05670582605725524,0
2026-07-31,AST-00291,Third Rail Segment,Brooklyn,third_rail,16.0,2,80.7,1.1100000000000017,0,0,2,0.0,0,0,0,126,0,0,0.05038720412804389,0
2026-07-31,AST-00292,Substation,Brooklyn,power,13.0,3,80.2,2.0899999999999967,0,0,0,0.0,0,0,0,51,0,0,0.050101451556191355,0
2026-07-31,AST-00293,Third Rail Segment,Brooklyn,third_rail,10.0,3,73.5,-0.8600000000000043,0,0,0,0.0,0,0,0,48,0,0,0.05041139292325641,0
2026-07-31,AST-00294,Substation,Brooklyn,power,30.0,3,68.1,2.7299999999999995,0,0,1,0.0,1,0,1,198,0,0,0.05682194216716758,0
2026-07-31,AST-00295,Third Rail Segment,Queens,third_rail,29.0,4,65.7,-1.8900000000000032,0,0,1,0.0,0,0,0,65,0,0,0.05689155416537825,0
2026-07-31,AST-00296,Third Rail Segment,Manhattan,third_rail,33.0,4,36.7,-2.0000000000000004,0,2,5,2.6,2,0,2,126,1,0,0.08375443983818918,1
2026-07-31,AST-00297,Third Rail Segment,Queens,third_rail,7.0,5,87.0,-2.190000000000003,0,0,0,0.0,0,0,0,84,0,0,0.049857062628628525,0
2026-07-31,AST-00298,Third Rail Segment,Brooklyn,third_rail,20.0,5,70.5,-1.9400000000000053,0,0,2,0.0,1,0,1,224,0,0,0.05725117381537942,0
2026-07-31,AST-00299,Third Rail Segment,Queens,third_rail,9.0,2,79.7,-2.5699999999999954,1,1,2,4.2,0,0,0,6,0,0,0.04894235066380747,0
2026-07-31,AST-00300,Feeder Cable,Queens,cable,36.0,3,53.5,-0.7799999999999984,0,0,0,0.0,0,0,0,229,0,0,0.08940144158613432,1
2026-07-31,AST-00301,Third Rail Segment,Queens,third_rail,11.0,2,82.6,0.580000000000002,0,0,0,0.0,0,0,0,244,0,0,0.04947931248176623,0
2026-07-31,AST-00302,Substation,Queens,power,6.0,2,77.3,-0.4200000000000012,0,0,0,0.0,0,0,0,330,0,0,0.05093336587565258,0
2026-07-31,AST-00303,Feeder Cable,Bronx,cable,23.0,3,51.2,-3.359999999999998,0,0,1,0.0,0,0,0,72,0,0,0.09422908941989674,1
2026-07-31,AST-00304,Feeder Cable,Brooklyn,cable,36.0,2,50.4,-3.23,0,0,2,0.0,0,0,0,121,0,0,0.07766434015375408,1
2026-07-31,AST-00305,Third Rail Segment,Queens,third_rail,37.0,2,41.8,-0.3200000000000058,0,2,4,12.7,1,0,1,90,1,0,0.08462292518278641,1
2026-07-31,AST-00306,Feeder Cable,Queens,cable,4.0,3,81.2,0.3800000000000043,0,2,2,9.8,0,0,0,71,1,0,0.049136385672436306,0
2026-07-31,AST-00307,Circuit Breaker House,Manhattan,breaker,14.0,2,62.3,-2.5000000000000004,0,0,1,0.0,0,0,0,101,0,0,0.05264379794941231,0
2026-07-31,AST-00308,Feeder Cable,Brooklyn,cable,7.0,4,87.2,-1.179999999999999,0,0,0,0.0,1,0,1,207,0,0,0.05356056873357259,0
2026-07-31,AST-00309,Circuit Breaker House,Brooklyn,breaker,13.0,2,81.3,-0.0699999999999998,0,0,0,0.0,1,0,1,390,0,0,0.049869736687466526,0
2026-07-31,AST-00282,Circuit Breaker House,Manhattan,breaker,15.0,5,79.4,-0.5499999999999927,0,0,2,0.0,0,0,0,53,0,0,0.05233539900280056,0
2026-07-31,AST-00281,Substation,Brooklyn,power,31.0,3,49.2,-2.6699999999999973,0,0,1,0.0,1,0,1,264,0,0,0.08307421785511444,1
2026-07-31,AST-00280,Third Rail Segment,Queens,third_rail,27.0,3,72.1,-1.0199999999999905,0,0,0,0.0,0,0,0,211,0,0,0.05584346761205514,0
2026-07-31,AST-00279,Third Rail Segment,Queens,third_rail,15.0,2,91.8,-1.87,0,0,2,0.0,0,0,0,80,0,0,0.04956779275233286,0
2026-07-31,AST-00250,Feeder Cable,Brooklyn,cable,17.0,3,68.3,-2.7499999999999964,0,0,0,0.0,0,0,0,193,0,0,0.05370795763224634,0
2026-07-31,AST-00252,Third Rail Segment,Manhattan,third_rail,23.0,1,73.4,1.95,0,0,0,0.0,0,0,0,68,0,0,0.05661651795991268,0
2026-07-31,AST-00253,Feeder Cable,Queens,cable,10.0,4,77.7,-3.290000000000004,0,0,0,0.0,0,0,0,55,0,0,0.05122523771012959,0
2026-07-31,AST-00254,Circuit Breaker House,Queens,breaker,21.0,3,57.0,0.1200000000000047,0,0,0,0.0,0,0,0,40,0,0,0.0709129081435092,0
2026-07-31,AST-00255,Circuit Breaker House,Queens,breaker,12.0,2,81.2,1.0199999999999942,0,0,0,0.0,0,0,0,201,0,0,0.048922126535521276,0
2026-07-31,AST-00256,Feeder Cable,Queens,cable,28.0,3,52.9,-0.4200000000000033,0,0,0,0.0,0,0,0,126,0,0,0.07390544927450718,1
2026-07-31,AST-00257,Third Rail Segment,Brooklyn,third_rail,32.0,3,51.0,-3.380000000000005,0,0,0,0.0,0,0,0,127,0,0,0.07892492769937087,1
2026-07-31,AST-00258,Substation,Brooklyn,power,27.0,3,66.3,-0.6499999999999978,0,0,1,0.0,1,0,0,127,0,0,0.054443609499916466,0
2026-07-31,AST-00259,Substation,Manhattan,power,1.0,4,88.9,-0.819999999999993,0,0,1,0.0,0,0,0,49,0,0,0.049842414783485715,0
2026-07-31,AST-00260,Feeder Cable,Manhattan,cable,40.0,2,40.9,0.3400000000000004,0,0,1,0.0,0,0,0,304,0,0,0.0791991366201079,1
2026-07-31,AST-00261,Substation,Brooklyn,power,1.0,4,85.4,-1.3099999999999974,0,1,1,1.1,0,0,0,147,0,0,0.05239053895212628,0
2026-07-31,AST-00262,Third Rail Segment,Manhattan,third_rail,40.0,2,50.1,-1.0400000000000016,1,2,3,10.5,1,0,0,81,1,1,0.12894561071255073,1
2026-07-31,AST-00263,Circuit Breaker House,Manhattan,breaker,2.0,3,74.1,-1.6800000000000004,0,1,1,3.1,0,0,0,28,0,0,0.05109249090228316,0
2026-07-31,AST-00310,Substation,Brooklyn,power,22.0,5,67.1,-1.310000000000005,0,0,2,0.0,1,0,1,190,0,1,0.055853427341348884,0
2026-07-31,AST-00264,Substation,Manhattan,power,21.0,5,67.1,-3.060000000000003,0,0,1,0.0,0,0,0,37,0,0,0.055198659684896366,0
2026-07-31,AST-00266,Substation,Queens,power,4.0,3,83.4,-0.6199999999999922,0,0,2,0.0,0,0,0,20,0,0,0.04876972971838098,0
2026-07-31,AST-00267,Circuit Breaker House,Bronx,breaker,28.0,2,55.0,-1.1799999999999973,0,0,1,0.0,0,0,0,188,0,0,0.06646514673468482,0
2026-07-31,AST-00268,Substation,Queens,power,30.0,3,54.9,-1.6699999999999942,0,0,1,0.0,0,0,0,205,0,0,0.06903253169750836,0
2026-07-31,AST-00269,Substation,Queens,power,5.0,3,88.3,-1.6400000000000017,0,0,1,0.0,1,0,1,284,0,0,0.05485649597204387,0
2026-07-31,AST-00270,Substation,Manhattan,power,40.0,3,35.9,0.1300000000000003,0,1,3,1.8,0,0,0,39,0,0,0.0913170210749845,1
2026-07-31,AST-00271,Substation,Queens,power,13.0,3,61.6,-1.580000000000003,0,0,1,0.0,0,0,0,141,0,0,0.057778950245075476,0
2026-07-31,AST-00272,Substation,Manhattan,power,13.0,3,67.1,-3.7599999999999953,0,0,1,0.0,0,0,0,162,0,0,0.05108815763424307,0
2026-07-31,AST-00273,Substation,Brooklyn,power,12.0,3,81.7,-1.8899999999999972,0,0,0,0.0,0,0,0,151,0,0,0.05147106566964118,0
2026-07-31,AST-00274,Feeder Cable,Brooklyn,cable,19.0,2,59.3,-2.890000000000006,0,0,1,0.0,0,0,0,341,0,0,0.05561763485340103,0
2026-07-31,AST-00275,Feeder Cable,Brooklyn,cable,8.0,3,85.5,-1.0899999999999996,0,0,2,0.0,0,0,0,53,0,0,0.048886155380234914,0
2026-07-31,AST-00276,Circuit Breaker House,Brooklyn,breaker,17.0,4,61.7,-2.189999999999995,1,1,1,2.3,0,0,0,4,0,0,0.061694817736511885,0
2026-07-31,AST-00277,Circuit Breaker House,Queens,breaker,9.0,2,77.0,1.0699999999999943,0,0,0,0.0,0,0,0,130,0,0,0.050646461907471685,0
2026-07-31,AST-00278,Feeder Cable,Bronx,cable,3.0,3,88.5,1.2200000000000075,0,0,0,0.0,0,0,0,249,0,0,0.052523147102335535,0
2026-07-31,AST-00265,Third Rail Segment,Queens,third_rail,5.0,4,79.2,-0.2099999999999993,0,0,0,0.0,0,0,0,46,0,0,0.05128961285621953,0
2026-07-31,AST-00499,Circuit Breaker House,Brooklyn,breaker,2.0,3,90.9,-0.5799999999999955,0,0,0,0.0,0,0,0,197,0,0,0.04991972195680514,0
2026-07-31,AST-00311,Feeder Cable,Brooklyn,cable,12.0,3,88.0,0.0500000000000043,0,0,1,0.0,0,0,0,102,0,0,0.05077434510383407,0
2026-07-31,AST-00313,Circuit Breaker House,Queens,breaker,21.0,2,55.4,-3.5499999999999883,1,1,3,3.5,0,0,0,17,0,0,0.07285561246788332,1
2026-07-31,AST-00346,Third Rail Segment,Bronx,third_rail,11.0,1,80.2,-1.530000000000003,0,0,0,0.0,0,0,0,300,0,0,0.04937105298455791,0
2026-07-31,AST-00347,Third Rail Segment,Bronx,third_rail,14.0,4,87.9,-1.3100000000000012,0,0,1,0.0,0,0,0,137,0,0,0.05228232174755368,0
2026-07-31,AST-00348,Circuit Breaker House,Brooklyn,breaker,31.0,3,44.3,-1.4000000000000017,0,0,0,0.0,0,0,0,130,0,0,0.08318031842936874,1
2026-07-31,AST-00349,Feeder Cable,Manhattan,cable,9.0,3,79.4,-1.2199999999999922,0,0,0,0.0,1,0,1,306,0,0,0.051549186338680185,0
2026-07-31,AST-00350,Substation,Queens,power,21.0,4,61.5,-0.8999999999999992,0,0,3,0.0,1,0,1,164,0,0,0.06040671382861724,0
2026-07-31,AST-00351,Feeder Cable,Brooklyn,cable,22.0,1,58.7,-0.7700000000000018,0,0,0,0.0,1,0,1,392,0,0,0.060062878724415285,0
2026-07-31,AST-00352,Substation,Brooklyn,power,31.0,1,48.8,-2.360000000000005,0,0,0,0.0,1,0,1,65,0,0,0.11765179608236183,1
2026-07-31,AST-00353,Feeder Cable,Bronx,cable,29.0,3,53.0,-1.950000000000001,0,0,0,0.0,0,0,0,141,0,0,0.10238261520464811,1
2026-07-31,AST-00354,Feeder Cable,Queens,cable,19.0,3,68.6,-0.13,0,0,2,0.0,0,0,0,92,0,0,0.054812595740301666,0
2026-07-31,AST-00355,Feeder Cable,Brooklyn,cable,13.0,3,73.3,-1.599999999999998,1,2,3,8.0,1,1,1,149,1,0,0.07710360224327995,1
2026-07-31,AST-00356,Feeder Cable,Brooklyn,cable,15.0,3,70.7,0.6900000000000005,0,0,0,0.0,0,0,0,132,0,0,0.05194137890554765,0
2026-07-31,AST-00357,Third Rail Segment,Manhattan,third_rail,17.0,4,66.5,-0.4900000000000016,0,0,2,0.0,1,0,1,91,0,0,0.05748945947873162,0
2026-07-31,AST-00358,Third Rail Segment,Manhattan,third_rail,9.0,4,85.7,-1.1999999999999924,0,0,0,0.0,0,0,0,169,0,0,0.05137128024148527,0
2026-07-31,AST-00359,Feeder Cable,Manhattan,cable,26.0,4,66.4,-0.1799999999999997,0,0,2,0.0,0,0,0,57,0,0,0.06078315049078015,0
2026-07-31,AST-00360,Feeder Cable,Queens,cable,9.0,3,90.7,0.0400000000000019,0,0,1,0.0,0,0,0,107,0,0,0.04995492440513101,0
2026-07-31,AST-00361,Third Rail Segment,Queens,third_rail,26.0,1,55.8,0.4400000000000017,0,1,1,1.0,0,0,0,32,0,0,0.08835796689271727,1
2026-07-31,AST-00362,Substation,Brooklyn,power,31.0,4,54.8,-1.5700000000000065,0,0,0,0.0,0,0,0,114,0,1,0.07979187385942356,1
2026-07-31,AST-00363,Substation,Brooklyn,power,39.0,4,54.3,-0.1100000000000043,0,0,0,0.0,1,0,1,192,0,0,0.06466398183294322,0
2026-07-31,AST-00364,Substation,Queens,power,5.0,4,76.1,-0.940000000000001,0,1,1,1.5,1,0,0,28,0,0,0.05242747289721693,0
2026-07-31,AST-00365,Feeder Cable,Queens,cable,31.0,2,51.1,-1.5399999999999978,0,1,1,1.5,0,0,0,67,0,0,0.11194746864913846,1
2026-07-31,AST-00366,Feeder Cable,Bronx,cable,4.0,4,77.7,-3.4599999999999875,0,0,1,0.0,0,0,0,59,0,0,0.05128990324501867,0
2026-07-31,AST-00367,Third Rail Segment,Brooklyn,third_rail,14.0,4,97.0,2.6100000000000017,1,1,1,0.6,1,0,1,28,0,0,0.05022380959527547,0
2026-07-31,AST-00368,Feeder Cable,Queens,cable,8.0,5,84.4,-2.290000000000002,0,0,1,0.0,0,0,0,100,0,0,0.050664174642036486,0
2026-07-31,AST-00369,Circuit Breaker House,Brooklyn,breaker,7.0,2,66.0,-2.409999999999991,0,0,0,0.0,0,0,0,10,0,1,0.04927876572141527,0
2026-07-31,AST-00370,Third Rail Segment,Brooklyn,third_rail,8.0,3,89.6,-2.1899999999999937,0,0,0,0.0,0,0,0,82,0,0,0.048967623733194576,0
2026-07-31,AST-00371,Third Rail Segment,Bronx,third_rail,2.0,4,78.3,-1.0199999999999885,0,0,0,0.0,0,0,0,72,0,0,0.051817242236478836,0
2026-07-31,AST-00372,Circuit Breaker House,Brooklyn,breaker,33.0,3,55.2,-2.0300000000000047,0,0,1,0.0,0,0,0,106,0,0,0.07559892058616015,1
2026-07-31,AST-00345,Third Rail Segment,Bronx,third_rail,24.0,3,56.6,-3.390000000000002,0,0,2,0.0,0,0,0,136,0,0,0.06700504755960002,0
2026-07-31,AST-00344,Feeder Cable,Manhattan,cable,30.0,3,50.8,-1.939999999999999,0,0,1,0.0,0,0,0,37,0,0,0.08555867298626892,1
2026-07-31,AST-00343,Third Rail Segment,Bronx,third_rail,22.0,3,76.9,-1.349999999999998,0,0,0,0.0,0,0,0,134,0,0,0.05348967526379704,0
2026-07-31,AST-00342,Third Rail Segment,Brooklyn,third_rail,16.0,4,74.8,-1.92,0,0,0,0.0,0,0,0,54,0,0,0.051542900836745315,0
2026-07-31,AST-00314,Circuit Breaker House,Manhattan,breaker,3.0,5,96.0,1.0400000000000065,0,0,0,0.0,0,0,0,147,0,0,0.05093146112767826,0
2026-07-31,AST-00315,Circuit Breaker House,Queens,breaker,10.0,4,78.5,0.4799999999999981,0,0,0,0.0,0,0,0,52,0,0,0.05111862564924619,0
2026-07-31,AST-00316,Circuit Breaker House,Brooklyn,breaker,1.0,3,87.4,-2.8199999999999896,0,0,1,0.0,0,0,0,82,0,0,0.0486707388210358,0
2026-07-31,AST-00317,Circuit Breaker House,Queens,breaker,4.0,2,91.3,-0.7800000000000118,0,0,2,0.0,0,0,0,169,0,0,0.04897792324863607,0
2026-07-31,AST-00318,Feeder Cable,Manhattan,cable,18.0,3,65.5,-1.9999999999999936,0,0,1,0.0,0,0,0,29,0,1,0.054781355145643515,0
2026-07-31,AST-00319,Circuit Breaker House,Brooklyn,breaker,35.0,2,44.7,-4.33,0,1,2,0.9,0,0,0,76,0,0,0.12993557596923086,1
2026-07-31,AST-00320,Third Rail Segment,Manhattan,third_rail,31.0,5,51.4,-0.6999999999999916,0,0,2,0.0,0,0,0,46,0,0,0.08300125981597194,1
2026-07-31,AST-00321,Third Rail Segment,Queens,third_rail,4.0,4,80.7,-0.9599999999999936,0,0,1,0.0,0,0,0,98,0,0,0.052791059953100676,0
2026-07-31,AST-00322,Feeder Cable,Brooklyn,cable,2.0,3,87.9,2.2500000000000093,0,0,0,0.0,0,0,0,207,0,0,0.04999482843222948,0
2026-07-31,AST-00323,Circuit Breaker House,Bronx,breaker,14.0,1,84.1,1.099999999999996,0,0,0,0.0,0,0,0,207,0,0,0.04871801443255505,0
2026-07-31,AST-00324,Feeder Cable,Brooklyn,cable,27.0,2,69.8,2.429999999999998,0,0,0,0.0,0,0,0,87,0,0,0.05650364583988276,0
2026-07-31,AST-00325,Third Rail Segment,Queens,third_rail,30.0,4,48.1,-2.570000000000001,0,0,2,0.0,1,0,1,205,0,0,0.07944613104500381,1
2026-07-31,AST-00326,Feeder Cable,Brooklyn,cable,33.0,4,57.7,1.1600000000000017,0,0,6,0.0,0,0,0,113,0,0,0.10056054877651319,1
2026-07-31,AST-00312,Feeder Cable,Brooklyn,cable,3.0,3,96.4,-1.0699999999999923,0,0,2,0.0,0,0,0,95,0,0,0.05202569721412927,0
2026-07-31,AST-00327,Third Rail Segment,Queens,third_rail,14.0,4,70.2,-4.22,1,1,1,0.6,0,0,0,47,0,0,0.05971519019806714,0
2026-07-31,AST-00329,Feeder Cable,Brooklyn,cable,2.0,4,85.2,2.2599999999999985,0,0,0,0.0,0,0,0,139,0,0,0.05186660549375718,0
2026-07-31,AST-00330,Circuit Breaker House,Manhattan,breaker,6.0,4,79.7,-0.4899999999999818,0,0,1,0.0,1,0,1,212,0,0,0.05396207725063183,0
2026-07-31,AST-00331,Feeder Cable,Manhattan,cable,3.0,2,91.5,0.620000000000004,0,0,0,0.0,0,0,0,196,0,0,0.0490419292178635,0
2026-07-31,AST-00332,Circuit Breaker House,Manhattan,breaker,35.0,3,53.1,0.5900000000000001,0,0,0,0.0,1,0,1,25,0,0,0.08423133645678287,1
2026-07-31,AST-00333,Feeder Cable,Bronx,cable,11.0,3,65.3,-3.219999999999992,0,1,3,3.0,0,0,0,119,0,0,0.056375837057605425,0
2026-07-31,AST-00334,Third Rail Segment,Brooklyn,third_rail,33.0,3,56.1,1.5200000000000016,0,2,3,4.6,0,0,0,153,1,0,0.14293499639779128,1
2026-07-31,AST-00335,Substation,Manhattan,power,23.0,1,72.5,-0.4999999999999883,0,0,1,0.0,0,0,0,136,0,0,0.05567421618611632,0
2026-07-31,AST-00336,Feeder Cable,Bronx,cable,22.0,3,71.0,-0.5199999999999947,0,0,0,0.0,0,0,0,137,0,0,0.05529541605661674,0
2026-07-31,AST-00337,Substation,Manhattan,power,19.0,3,81.3,-0.8999999999999975,0,0,1,0.0,0,0,0,142,0,0,0.052476866497319856,0
2026-07-31,AST-00338,Feeder Cable,Brooklyn,cable,33.0,3,55.8,0.4499999999999974,0,0,1,0.0,0,0,0,49,0,0,0.0889060599455516,1
2026-07-31,AST-00339,Substation,Queens,power,2.0,3,93.2,-0.6199999999999932,0,0,1,0.0,0,0,0,76,0,0,0.04908288053375405,0
2026-07-31,AST-00340,Third Rail Segment,Bronx,third_rail,4.0,3,77.8,-1.569999999999996,0,0,0,0.0,0,0,0,174,0,0,0.051816106406635545,0
2026-07-31,AST-00341,Substation,Queens,power,17.0,3,72.6,-0.5399999999999978,0,0,0,0.0,0,0,0,146,0,0,0.0543044761974977,0
2026-07-31,AST-00328,Feeder Cable,Brooklyn,cable,7.0,2,81.6,0.0599999999999958,0,0,0,0.0,0,0,0,91,0,0,0.04855190128677248,0
2026-07-31,AST-01000,Circuit Breaker House,Manhattan,breaker,27.0,1,63.5,-0.5000000000000001,0,0,1,0.0,1,0,0,253,0,0,0.05628768541752089,0
