precision,recall,threshold
0.07166666666666667,1.0,0.04714230039524218
0.07169056352117373,1.0,0.04718787167798468
0.07171447631754503,1.0,0.04740632214047567
0.07173840507173841,1.0,0.047516491580383326
0.07176234979973298,1.0,0.0476310458976851
0.07178631051752922,1.0,0.04767104460576595
0.07181028724114896,1.0,0.04771472931475253
0.07183427998663548,1.0,0.04775217051704266
0.07185828877005347,1.0,0.04775402056421355
0.07188231360748913,1.0,0.047807129586066165
0.07193041150886584,1.0,0.04781706068030691
0.07195448460508702,1.0,0.04788128528294661
0.07197857381988618,1.0,0.04788891655924767
0.07200267916945746,1.0,0.04793136542914264
0.07202680067001675,1.0,0.04794157353946768
0.07205093833780161,1.0,0.0479585420639615
0.0720750921890714,1.0,0.04797018203962093
0.0720992622401073,1.0,0.04797574164125203
0.07214765100671142,1.0,0.04799700381771096
0.07222035606315082,1.0,0.04803974268771114
0.07224462365591398,1.0,0.04809506524366053
0.07226890756302522,1.0,0.04809638984364398
0.07198116380760175,0.9953488372093023,0.04814099900357153
0.07200538358008075,0.9953488372093023,0.04814761259154889
0.07202961965668125,0.9953488372093023,0.048186011654264276
0.07205387205387205,0.9953488372093023,0.048196636952876695
0.07207814078814416,0.9953488372093023,0.0482159276107992
0.07210242587601078,0.9953488372093023,0.048233558734900636
0.07212672733400742,0.9953488372093023,0.04824400776094874
0.07215104517869184,0.9953488372093023,0.04824569268839082
0.07217537942664418,0.9953488372093023,0.048255231597999264
0.07219973009446694,0.9953488372093023,0.048264282974010725
0.07232173031429537,0.9953488372093023,0.04834067430137558
0.07234617985125084,0.9953488372093023,0.04834120827089459
0.07237064592492391,0.9953488372093023,0.04836128597160256
0.07239512855209743,0.9953488372093023,0.048369546940405225
0.07241962774957698,0.9953488372093023,0.04840160033689368
0.07246867592279038,0.9953488372093023,0.04842526984328339
0.07249322493224933,0.9953488372093023,0.04843261623080021
0.07251779057946459,0.9953488372093023,0.048468300658665045
0.07254237288135593,0.9953488372093023,0.04846845690981741
0.07256697185486606,0.9953488372093023,0.048471066663100484
0.07259158751696065,0.9953488372093023,0.0484713337715822
0.07261621988462844,0.9953488372093023,0.04847843681533403
0.0726408689748812,0.9953488372093023,0.04848652321235136
0.07266553480475382,0.9953488372093023,0.048486708296078436
0.07273963290278722,0.9953488372093023,0.04848764670987045
0.07276436586195172,0.9953488372093023,0.04850436673977669
0.0727891156462585,0.9953488372093023,0.048505638326384076
0.07281388227288194,0.9953488372093023,0.04852216612006616
0.0728634661218931,0.9953488372093023,0.04853383563669147
0.07288828337874659,0.9953488372093023,0.048539853328409745
0.07291311754684839,0.9953488372093023,0.04854101228615584
0.07296283668598705,0.9953488372093023,0.048549566544269854
0.07298772169167804,0.9953488372093023,0.04855190128677248
0.07301262367792562,0.9953488372093023,0.048585742576827566
0.07303754266211604,0.9953488372093023,0.048602126820029734
0.07306247866165927,0.9953488372093023,0.04861496891809428
0.07308743169398907,0.9953488372093023,0.04861713150514784
0.07311240177656303,0.9953488372093023,0.04862299686841035
0.07313738892686261,0.9953488372093023,0.048642173885284426
0.07316239316239316,0.9953488372093023,0.04865631830806501
0.073187414500684,0.9953488372093023,0.04866744923455212
0.0732375085557837,0.9953488372093023,0.0486707388210358
0.07326258130777132,0.9953488372093023,0.0486836876823454
0.07328767123287672,0.9953488372093023,0.04870480498498972
0.07333790267306374,0.9953488372093023,0.04871801443255505
0.07341337907375643,0.9953488372093023,0.04871949934411248
0.07343857240905971,0.9953488372093023,0.048725706876816426
0.07346378304153793,0.9953488372093023,0.048737595110661835
0.07348901098901099,0.9953488372093023,0.0487426625648008
0.07351425626932326,0.9953488372093023,0.0487675822844731
0.0731958762886598,0.9906976744186047,0.04876828066817151
0.07322103815744242,0.9906976744186047,0.04876972971838098
0.07349896480331262,0.9906976744186047,0.04877251442511972
0.07352433551950294,0.9906976744186047,0.04877429938363614
0.07357512953367876,0.9906976744186047,0.04877998756117544
0.07360055286800277,0.9906976744186047,0.04878506064396223
0.07362599377808503,0.9906976744186047,0.04879282237658542
0.07365145228215768,0.9906976744186047,0.04881086522916007
0.07367692839847803,0.9906976744186047,0.04881979358657315
0.07370242214532872,0.9906976744186047,0.04882074586974359
0.07372793354101766,0.9906976744186047,0.04882097831403944
0.07375346260387812,0.9906976744186047,0.04885098818487786
0.07377900935226879,0.9906976744186047,0.048853353706740474
0.07380457380457381,0.9906976744186047,0.04885739748039851
0.07383015597920277,0.9906976744186047,0.048864166080132845
0.07385575589459084,0.9906976744186047,0.048886155380234914
0.07406119610570236,0.9906976744186047,0.04888725505505948
0.07408695652173913,0.9906976744186047,0.04888885872856633
0.07413853115210581,0.9906976744186047,0.04890823738082375
0.07416434540389973,0.9906976744186047,0.04891869244137774
0.07421602787456447,0.9906976744186047,0.048921163771340814
0.07424189613105611,0.9906976744186047,0.048922126535521276
0.0743455497382199,0.9906976744186047,0.04893726126683645
0.07437150837988826,0.9906976744186047,0.04893989896936956
0.07439748515543136,0.9906976744186047,0.04894235066380747
0.07442348008385745,0.9906976744186047,0.04895282122788472
0.07444949318420133,0.9906976744186047,0.04896546276233484
0.07447552447552448,0.9906976744186047,0.048967623733194576
0.07450157397691501,0.9906976744186047,0.04897040168013448
0.07452764170748775,0.9906976744186047,0.0489772342050888
0.07455372768638432,0.9906976744186047,0.04897792324863607
0.07460595446584939,0.9906976744186047,0.048983012589593374
0.07463209530483532,0.9906976744186047,0.04898820635690397
0.07465825446898001,0.9906976744186047,0.048990162882299765
0.07468443197755961,0.9906976744186047,0.04903052589538979
0.07471062784987724,0.9906976744186047,0.0490419292178635
0.07476307476307477,0.9906976744186047,0.04904246141076193
0.07478932584269662,0.9906976744186047,0.04905564105527131
0.07481559536354057,0.9906976744186047,0.04905579794395116
0.07486818980667838,0.9906976744186047,0.049067764733359914
0.07497360084477296,0.9906976744186047,0.049076394741164535
0.075,0.9906976744186047,0.04908288053375405
0.07515878616796048,0.9906976744186047,0.04909161565445575
0.07483233321567243,0.986046511627907,0.04909668454672005
0.07488519957612151,0.986046511627907,0.049098259357710755
0.07491166077738516,0.986046511627907,0.04910062749974361
0.07493814068575469,0.986046511627907,0.049103204851351695
0.07499115670321896,0.986046511627907,0.04910434117486615
0.07501769285208776,0.986046511627907,0.04910955611942807
0.07504424778761062,0.986046511627907,0.049136385672436306
0.07507082152974505,0.986046511627907,0.04915261908149545
0.0750974140984768,0.986046511627907,0.049155526803772616
0.07476966690290573,0.9813953488372092,0.0491576729403844
0.07479617157036512,0.9813953488372092,0.04915816484663285
0.07482269503546099,0.9813953488372092,0.04919079966582787
0.07492897727272728,0.9813953488372092,0.04919221660084229
0.07495559502664298,0.9813953488372092,0.049198574280458936
0.0749822316986496,0.9813953488372092,0.04922036189532158
0.07500888730892286,0.9813953488372092,0.049242501104070496
0.07503556187766713,0.9813953488372092,0.04925690469234042
0.07508896797153025,0.9813953488372092,0.049268097234375835
0.07514245014245015,0.9813953488372092,0.04927876572141527
0.07481296758104738,0.9767441860465116,0.0492803693408187
0.07483962936564505,0.9767441860465116,0.049282632949058255
0.0748663101604278,0.9767441860465116,0.04928292324942578
0.07489300998573467,0.9767441860465116,0.04928764613512075
0.07491972886193364,0.9767441860465116,0.049292005850810845
0.0749732238486255,0.9767441860465116,0.049309970333444024
0.075,0.9767441860465116,0.049318978876174584
0.07502679528403002,0.9767441860465116,0.04932332469579035
0.07505360972122944,0.9767441860465116,0.04932461549440786
0.07508044333214157,0.9767441860465116,0.04933382902437869
0.07510729613733906,0.9767441860465116,0.04934288350779844
0.07513416815742398,0.9767441860465116,0.049345251725928255
0.07524184879971337,0.9767441860465116,0.04935643121993142
0.07526881720430108,0.9767441860465116,0.049357671124090154
0.07529580494801004,0.9767441860465116,0.049357711021073676
0.07532281205164992,0.9767441860465116,0.04935961872760633
0.07537688442211055,0.9767441860465116,0.04936105479460936
0.07543103448275862,0.9767441860465116,0.04936186036759409
0.07509881422924901,0.9720930232558139,0.04937105298455791
0.07515282272563827,0.9720930232558139,0.04937224382802215
0.07517985611510791,0.9720930232558139,0.04939199139206294
0.07520690896005758,0.9720930232558139,0.04939616541446218
0.07523398128149748,0.9720930232558139,0.049397510709433115
0.07526107310046813,0.9720930232558139,0.049399219826945305
0.07528818443804035,0.9720930232558139,0.04941381396942565
0.07531531531531531,0.9720930232558139,0.04941856884198833
0.07534246575342465,0.9720930232558139,0.04942831562813556
0.07542403464453266,0.9720930232558139,0.04943749420280335
0.07545126353790614,0.9720930232558139,0.04944474697675775
0.07547851209823041,0.9720930232558139,0.04945141977671445
0.0755057803468208,0.9720930232558139,0.0494518364381945
0.07553306830502349,0.9720930232558139,0.04945326711995043
0.07556037599421547,0.9720930232558139,0.04945731538241222
0.07528049221860297,0.9674418604651163,0.04947211793551768
0.07530774800868936,0.9674418604651163,0.04947617367194459
0.07533502354219486,0.9674418604651163,0.04947891890353266
0.07536231884057971,0.9674418604651163,0.04947931248176623
0.07538963392533526,0.9674418604651163,0.04949708948192068
0.07541696881798404,0.9674418604651163,0.0495007229743538
0.0754443235400798,0.9674418604651163,0.049502606857764565
0.07547169811320754,0.9674418604651163,0.04950445806789155
0.07549909255898367,0.9674418604651163,0.04950452582037121
0.07552650689905592,0.9674418604651163,0.04951168946800772
0.07555394115510353,0.9674418604651163,0.049533516585042695
0.07563636363636364,0.9674418604651163,0.049535680024453126
0.0756638777737359,0.9674418604651163,0.04953583960662754
0.07569141193595343,0.9674418604651163,0.049538493669711504
0.07571896614488532,0.9674418604651163,0.04953929473889508
0.07577413479052823,0.9674418604651163,0.04954246687815843
0.07580174927113703,0.9674418604651163,0.049545956078742334
0.07582938388625593,0.9674418604651163,0.04955125998391324
0.07585703865791393,0.9674418604651163,0.04955405591764332
0.0758847136081722,0.9674418604651163,0.04955920740586166
0.07591240875912408,0.9674418604651163,0.04955937334050364
0.07596785975164354,0.9674418604651163,0.04956348924563863
0.07599561563755937,0.9674418604651163,0.049566906769221604
0.07605118829981719,0.9674418604651163,0.049567104956065804
0.07607900512070227,0.9674418604651163,0.04956779275233286
0.0761068422978412,0.9674418604651163,0.04956882253495929
0.07616257781032588,0.9674418604651163,0.0495725488517085
0.0761904761904762,0.9674418604651163,0.049576417551562044
0.07621839501648955,0.9674418604651163,0.049584818415268
0.07624633431085044,0.9674418604651163,0.04959461085071765
0.07627429409607628,0.9674418604651163,0.04960405367962498
0.0763302752293578,0.9674418604651163,0.049609874397023336
0.0763863385971355,0.9674418604651163,0.049618747823029045
0.07644248438074237,0.9674418604651163,0.04964240509565222
0.07647058823529412,0.9674418604651163,0.04964311231680392
0.07649871276204487,0.9674418604651163,0.049653412878376844
0.07652685798381163,0.9674418604651163,0.04967296005637542
0.07655502392344497,0.9674418604651163,0.04967555651700788
0.07658321060382917,0.9674418604651163,0.049676750253016745
0.07661141804788213,0.9674418604651163,0.0496790225306473
0.07663964627855564,0.9674418604651163,0.04968176287167575
0.07669616519174041,0.9674418604651163,0.04968399628799309
0.0767244559203246,0.9674418604651163,0.04969814068757123
0.07675276752767528,0.9674418604651163,0.04970458939432001
0.07680945347119646,0.9674418604651163,0.04971572297068514
0.0768378278537126,0.9674418604651163,0.049718293714782806
0.07686622320768663,0.9674418604651163,0.049719181007300134
0.07692307692307693,0.9674418604651163,0.049721431522921904
0.076980014803849,0.9674418604651163,0.049731233174913014
0.07700851536467974,0.9674418604651163,0.049732395078229186
0.07703703703703704,0.9674418604651163,0.04973532054403311
0.0770941438102298,0.9674418604651163,0.049748241753219014
0.0771513353115727,0.9674418604651163,0.049749778698995495
0.07717996289424861,0.9674418604651163,0.049750808518773317
0.07723728184181211,0.9674418604651163,0.04975083538534656
0.07732342007434945,0.9674418604651163,0.04975405478630727
0.07740975065128396,0.9674418604651163,0.049762298740352505
0.0774385703648548,0.9674418604651163,0.04976239604053654
0.07746741154562384,0.9674418604651163,0.04976418649824482
0.07752515840477078,0.9674418604651163,0.04977088090589388
0.07755406413124534,0.9674418604651163,0.049774666959057925
0.07758299142111152,0.9674418604651163,0.049778997668901065
0.07761194029850746,0.9674418604651163,0.04978002435815915
0.07764091078760732,0.9674418604651163,0.04978318534078313
0.07766990291262135,0.9674418604651163,0.049787047988600994
0.07769891669779604,0.9674418604651163,0.04978767183210718
0.07772795216741404,0.9674418604651163,0.049801132454184154
0.07781518892630004,0.9674418604651163,0.04980787196519711
0.07784431137724551,0.9674418604651163,0.049808491874505055
0.07787345563459379,0.9674418604651163,0.049809800106523715
0.07790262172284644,0.9674418604651163,0.049810395253673326
0.07793180966654177,0.9674418604651163,0.04981173711961399
0.07796101949025487,0.9674418604651163,0.0498148124120315
0.07799025121859768,0.9674418604651163,0.049815224804090195
0.07801950487621906,0.9674418604651163,0.04981629448629412
0.07804878048780488,0.9674418604651163,0.04982225732477117
0.07807807807807808,0.9674418604651163,0.04982328261643506
0.07810739767179872,0.9674418604651163,0.04983927299966009
0.0777610818933133,0.9627906976744186,0.04983974736906676
0.0777903043968433,0.9627906976744186,0.0498416177679937
0.07787810383747178,0.9627906976744186,0.049842414783485715
0.07817220543806647,0.9627906976744186,0.049843202487825256
0.07820173781639592,0.9627906976744186,0.049847210711211024
0.0782312925170068,0.9627906976744186,0.049854255205609474
0.07834973504920514,0.9627906976744186,0.0498547120027374
0.07837940174176448,0.9627906976744186,0.049857062628628525
0.07846853677028051,0.9627906976744186,0.04986858280245004
0.07849829351535836,0.9627906976744186,0.04986936636611362
0.07855787476280834,0.9627906976744186,0.049869736687466526
0.07861754652487657,0.9627906976744186,0.049872748469127794
0.07864741641337386,0.9627906976744186,0.049873403524468896
0.07867730900798175,0.9627906976744186,0.04987544552666027
0.07870722433460076,0.9627906976744186,0.04987866309828236
0.07873716241917078,0.9627906976744186,0.04988054665352198
0.07876712328767123,0.9627906976744186,0.04988368973395896
0.07882711348057883,0.9627906976744186,0.049885439457841504
0.07885714285714286,0.9627906976744186,0.04988865926677917
0.07888719512195122,0.9627906976744186,0.04988870084344274
0.07891727030118185,0.9627906976744186,0.04989026876724808
0.07897748950782144,0.9627906976744186,0.04989155821372563
0.07903780068728522,0.9627906976744186,0.049891707897916984
0.07912844036697247,0.9627906976744186,0.04989899305348169
0.0791586998087954,0.9627906976744186,0.04990091370317715
0.07918898240244836,0.9627906976744186,0.049904150946724714
0.07924961715160796,0.9627906976744186,0.04990510141848936
0.07931034482758621,0.9627906976744186,0.049907611600566594
0.07934074357991568,0.9627906976744186,0.04990840116334098
0.07937116564417178,0.9627906976744186,0.04991327406433217
0.07940161104718067,0.9627906976744186,0.04991972195680514
0.07955418908531899,0.9627906976744186,0.049919764210747425
0.07961538461538462,0.9627906976744186,0.049923240786516436
0.07964601769911504,0.9627906976744186,0.04993408366220772
0.07967667436489607,0.9627906976744186,0.04993673723447799
0.0797073546399692,0.9627906976744186,0.04994675073513038
0.07973805855161788,0.9627906976744186,0.04995492440513101
0.07976878612716763,0.9627906976744186,0.04995601802574876
0.07944465869649055,0.958139534883721,0.0499611314615392
0.07947530864197531,0.958139534883721,0.04996367117868542
0.07950598224623698,0.958139534883721,0.049968769316966664
0.07956740054074933,0.958139534883721,0.04997859342469784
0.07959814528593509,0.958139534883721,0.04998190809123277
0.07962891379976807,0.958139534883721,0.04998807470214017
0.07965970610982212,0.958139534883721,0.04999442101070709
0.07969052224371373,0.958139534883721,0.04999482843222948
0.07990690457719161,0.958139534883721,0.04999904672009975
0.07993791230112533,0.958139534883721,0.05000577442399403
0.07996894409937888,0.958139534883721,0.05001195402014014
0.08,0.958139534883721,0.0500180751726079
0.08003108003108003,0.958139534883721,0.050020800961834054
0.08006218422075398,0.958139534883721,0.05002514691810542
0.07979758660957571,0.9534883720930233,0.05003056173731429
0.07982866043613707,0.9534883720930233,0.05003765227146666
0.0798908807482463,0.9534883720930233,0.05004593333899387
0.07992202729044834,0.9534883720930233,0.05005326273166531
0.07995319812792512,0.9534883720930233,0.05005715641633789
0.07998439328911432,0.9534883720930233,0.05005758040488092
0.08001561280249805,0.9534883720930233,0.0500609346863742
0.08004685669660289,0.9534883720930233,0.050061761297224595
0.07978099335158388,0.9488372093023256,0.05008104986595423
0.07981220657276995,0.9488372093023256,0.050085772741836135
0.07984344422700587,0.9488372093023256,0.050088004928384604
0.0799059929494712,0.9488372093023256,0.05010037951327969
0.07993730407523511,0.9488372093023256,0.050101451556191355
0.08,0.9488372093023256,0.05010266959769778
0.0800313848568066,0.9488372093023256,0.0501066952841578
0.0800942285041225,0.9488372093023256,0.05010813763556588
0.08012568735271014,0.9488372093023256,0.0501167130852151
0.08015717092337918,0.9488372093023256,0.05012380227864816
0.08018867924528301,0.9488372093023256,0.050125927261252784
0.08022021234762092,0.9488372093023256,0.05012768448981759
0.08025177025963807,0.9488372093023256,0.05012810237953592
0.08028335301062574,0.9488372093023256,0.050134059434913725
0.08031496062992126,0.9488372093023256,0.050136800218268336
0.08034659314690823,0.9488372093023256,0.05015351747381693
0.08050513022888714,0.9488372093023256,0.05015519088222452
0.08053691275167785,0.9488372093023256,0.05015893663581295
0.08056872037914692,0.9488372093023256,0.05015943375178372
0.08060055314105097,0.9488372093023256,0.05016478369697621
0.08063241106719368,0.9488372093023256,0.05016521282931038
0.08066429418742586,0.9488372093023256,0.05016810718515443
0.08069620253164557,0.9488372093023256,0.050169549218195775
0.08082408874801902,0.9488372093023256,0.050169874960013225
0.08085612366230678,0.9488372093023256,0.050178121716923485
0.08049167327517844,0.9441860465116279,0.05018330591365791
0.08052360174533915,0.9441860465116279,0.05018868099134432
0.08058753473600636,0.9441860465116279,0.050188796117769024
0.08061953931691819,0.9441860465116279,0.05019457528488882
0.08065156932856575,0.9441860465116279,0.050199465992850426
0.08068362480127186,0.9441860465116279,0.050200872897747974
0.08071570576540756,0.9441860465116279,0.050204250010917405
0.0807478122513922,0.9441860465116279,0.05021395839341044
0.0807799442896936,0.9441860465116279,0.050215357575610374
0.08081210191082802,0.9441860465116279,0.05021800983294112
0.08084428514536042,0.9441860465116279,0.050218784303837735
0.08087649402390439,0.9441860465116279,0.050219878076893175
0.08110267678785457,0.9441860465116279,0.05022380959527547
0.08113509192645883,0.9441860465116279,0.05023026171380617
0.08116753298680528,0.9441860465116279,0.050239017967988985
0.08083233293317327,0.9395348837209302,0.05024426182830405
0.08086469175340272,0.9395348837209302,0.05024647857143719
0.08089707649179015,0.9395348837209302,0.05024756564965547
0.08092948717948718,0.9395348837209302,0.05024878865001878
0.08096192384769539,0.9395348837209302,0.05025209042269621
0.08102687525070197,0.9395348837209302,0.05025318362520977
0.08105939004815409,0.9395348837209302,0.05025685097440124
0.08109193095142513,0.9395348837209302,0.05026970161932346
0.08112449799196787,0.9395348837209302,0.05027128038622003
0.08115709120128566,0.9395348837209302,0.05027158205794991
0.08118971061093247,0.9395348837209302,0.05027514141024788
0.08132045088566828,0.9395348837209302,0.050292784874485526
0.08135320177204994,0.9395348837209302,0.05029441717375387
0.08138597904915391,0.9395348837209302,0.05030301643751847
0.08141878274889158,0.9395348837209302,0.05030475997188012
0.0814516129032258,0.9395348837209302,0.05031385730610587
0.08148446954417103,0.9395348837209302,0.050317111550060495
0.08151735270379339,0.9395348837209302,0.05031849797828175
0.08155026241421073,0.9395348837209302,0.05032608392656476
0.0815831987075929,0.9395348837209302,0.05032656484509435
0.08164915117219078,0.9395348837209302,0.050329731511140986
0.08168216740800648,0.9395348837209302,0.05033333531731818
0.08178137651821862,0.9395348837209302,0.050337311660895744
0.08181449979748887,0.9395348837209302,0.050342395152677875
0.08184764991896272,0.9395348837209302,0.05036075618039214
0.08188082691528172,0.9395348837209302,0.05036605285236656
0.08191403081914031,0.9395348837209302,0.050367736177568234
0.081947261663286,0.9395348837209302,0.05037226351355075
0.08198051948051949,0.9395348837209302,0.05037252666934005
0.08201380430369468,0.9395348837209302,0.050372690274085544
0.0821806346623271,0.9395348837209302,0.05038084055899531
0.08224755700325732,0.9395348837209302,0.050382559830225514
0.08228105906313646,0.9395348837209302,0.05038720412804389
0.08231458842705787,0.9395348837209302,0.05040727410217645
0.0823481451284142,0.9395348837209302,0.05041091193178608
0.08238172920065252,0.9395348837209302,0.05041139292325641
0.08255006129955048,0.9395348837209302,0.05041706533927823
0.08258381030253475,0.9395348837209302,0.05042120894510167
0.08261758691206544,0.9395348837209302,0.05042515676347193
0.08268522308636922,0.9395348837209302,0.05043159152937309
0.08271908271908272,0.9395348837209302,0.05043362952338286
0.08275297009422368,0.9395348837209302,0.05043903424018367
0.08278688524590164,0.9395348837209302,0.05044159451685735
0.08285479901558655,0.9395348837209302,0.05045034528313203
0.08288879770209273,0.9395348837209302,0.05045365850704418
0.08292282430213464,0.9395348837209302,0.0504569365225799
0.08295687885010267,0.9395348837209302,0.05046627049236171
0.08299096138044372,0.9395348837209302,0.05046876694920328
0.08302507192766133,0.9395348837209302,0.050469788120500375
0.08305921052631579,0.9395348837209302,0.05047008486575344
0.08309337721102426,0.9395348837209302,0.05047208514698048
0.0831275720164609,0.9395348837209302,0.050477700153049615
0.0832646331409728,0.9395348837209302,0.05048351122565991
0.08329896907216496,0.9395348837209302,0.050496521977499605
0.08333333333333333,0.9395348837209302,0.050497929128808974
0.08336772595955427,0.9395348837209302,0.05050024453175536
0.08340214698596202,0.9395348837209302,0.05051142583588886
0.0834710743801653,0.9395348837209302,0.05051991492147785
0.08350558081852005,0.9395348837209302,0.050525213304880946
0.08357467935457179,0.9395348837209302,0.050525745065388344
0.0836092715231788,0.9395348837209302,0.05052736830063132
0.08364389233954451,0.9395348837209302,0.05053028398510746
0.08367854183927093,0.9395348837209302,0.0505310863310298
0.08374792703150911,0.9395348837209302,0.05053366403988897
0.08378266279552053,0.9395348837209302,0.05053732972612013
0.08381742738589211,0.9395348837209302,0.05053900384724085
0.08388704318936877,0.9395348837209302,0.05054039567539555
0.08392189447444952,0.9395348837209302,0.0505413047430438
0.08395677472984206,0.9395348837209302,0.05054687435394253
0.08406158967956721,0.9395348837209302,0.05055204266663384
0.08409658617818484,0.9395348837209302,0.0505625809464046
0.08413161182840483,0.9395348837209302,0.05056598079040723
0.08416666666666667,0.9395348837209302,0.05056721359871741
0.08420175072947061,0.9395348837209302,0.05057662141583248
0.08423686405337781,0.9395348837209302,0.05057747055154135
0.08427200667501043,0.9395348837209302,0.05058557743161725
0.08430717863105175,0.9395348837209302,0.05058920044831007
0.08395989974937343,0.9348837209302325,0.050590027530598186
0.08399498537400753,0.9348837209302325,0.050591356186268505
0.08403010033444816,0.9348837209302325,0.0505968357698191
0.08406524466750313,0.9348837209302325,0.05062102551043445
0.08410041841004184,0.9348837209302325,0.0506256912112552
0.08413562159899539,0.9348837209302325,0.050639355892881446
0.08417085427135679,0.9348837209302325,0.050641085606654236
0.08424140821458508,0.9348837209302325,0.050646461907471685
0.08431208053691275,0.9348837209302325,0.050646529080274144
0.08438287153652393,0.9348837209302325,0.05064670807068437
0.08441831163376733,0.9348837209302325,0.050653052915301464
0.08448928121059268,0.9348837209302325,0.05065306167345259
0.08452481076534903,0.9348837209302325,0.050656194149603324
0.08456037021455616,0.9348837209302325,0.05066083496032595
0.0845959595959596,0.9348837209302325,0.050662262138172515
0.08463157894736842,0.9348837209302325,0.050664174642036486
0.08466722830665543,0.9348837209302325,0.050671206681755954
0.08470290771175727,0.9348837209302325,0.05068131149506997
0.08473861720067453,0.9348837209302325,0.050682034345467836
0.08477435681147195,0.9348837209302325,0.05068705747767632
0.08481012658227848,0.9348837209302325,0.050689694285630214
0.08484592655128746,0.9348837209302325,0.05069759343010549
0.08488175675675676,0.9348837209302325,0.0507001234942024
0.08495350803043111,0.9348837209302325,0.050717957964011094
0.08498942917547568,0.9348837209302325,0.05071833203335399
0.0850253807106599,0.9348837209302325,0.05071906691880609
0.08506136267456622,0.9348837209302325,0.05072202776526884
0.0850973751058425,0.9348837209302325,0.050722621599952285
0.08513341804320203,0.9348837209302325,0.050743566922886674
0.08516949152542373,0.9348837209302325,0.05074713229359739
0.08520559559135227,0.9348837209302325,0.05074986436243502
0.08524173027989822,0.9348837209302325,0.05075532548692394
0.08527789563003818,0.9348837209302325,0.05075747159566745
0.08531409168081494,0.9348837209302325,0.05076645940535638
0.08538657604078165,0.9348837209302325,0.05077013681810909
0.08542286442838928,0.9348837209302325,0.05077324311670413
0.08545918367346939,0.9348837209302325,0.05077434510383407
0.0854955338153977,0.9348837209302325,0.05080036546760495
0.08553191489361703,0.9348837209302325,0.05081208557023348
0.08556832694763729,0.9348837209302325,0.05082058015230478
0.08560477001703577,0.9348837209302325,0.050825891507691394
0.08564124414145718,0.9348837209302325,0.05083115553266922
0.08567774936061381,0.9348837209302325,0.05083497166646355
0.08571428571428572,0.9348837209302325,0.05083759096391608
0.08575085324232082,0.9348837209302325,0.05084359610818899
0.08578745198463508,0.9348837209302325,0.050849870883331906
0.08582408198121264,0.9348837209302325,0.05085555322905167
0.08586074327210594,0.9348837209302325,0.05085758083502955
0.0858974358974359,0.9348837209302325,0.05086647415528056
0.08593415989739205,0.9348837209302325,0.050868779139748445
0.08597091531223268,0.9348837209302325,0.05087832770534972
0.08600770218228498,0.9348837209302325,0.050884474002712184
0.0860445205479452,0.9348837209302325,0.05089496994060862
0.08565310492505353,0.9302325581395349,0.050897325676595793
0.0856898029134533,0.9302325581395349,0.05089952991336222
0.08572653236176597,0.9302325581395349,0.05090123255684375
0.08576329331046312,0.9302325581395349,0.05090907926647242
0.0858000858000858,0.9302325581395349,0.05091043417065456
0.08583690987124463,0.9302325581395349,0.05091353849963548
0.08587376556462001,0.9302325581395349,0.050926411331114196
0.0859106529209622,0.9302325581395349,0.05092671534685439
0.08594757198109153,0.9302325581395349,0.05093146112767826
0.08616975441619991,0.9302325581395349,0.05093336587565258
0.08635578583765112,0.9302325581395349,0.05093640883979216
0.08639308855291576,0.9302325581395349,0.05094163344355396
0.08643042350907519,0.9302325581395349,0.05094830008071898
0.08646779074794639,0.9302325581395349,0.050951188336852644
0.08661758336942399,0.9302325581395349,0.05096384844479843
0.08665511265164645,0.9302325581395349,0.05096457813701132
0.08673026886383348,0.9302325581395349,0.0509661002251946
0.08680555555555555,0.9302325581395349,0.05097086843406318
0.08684324793747286,0.9302325581395349,0.05097184029524403
0.08688097306689835,0.9302325581395349,0.05097781791502794
0.0869187309865276,0.9302325581395349,0.050983025952255866
0.08695652173913043,0.9302325581395349,0.050989636852073604
0.08699434536755112,0.9302325581395349,0.0509918006495537
0.08703220191470844,0.9302325581395349,0.05100126429310027
0.087070091423596,0.9302325581395349,0.05100223459218002
0.08710801393728224,0.9302325581395349,0.051012394729358944
0.08714596949891068,0.9302325581395349,0.051013213160958235
0.08718395815170009,0.9302325581395349,0.05101777052494966
0.08726003490401396,0.9302325581395349,0.051021891013138164
0.08729812309035356,0.9302325581395349,0.05104384163053634
0.08733624454148471,0.9302325581395349,0.051048153357063954
0.08745080891998251,0.9302325581395349,0.05107384644854962
0.08728070175438596,0.9255813953488372,0.0510751786766432
0.08731899956121106,0.9255813953488372,0.051077567590022556
0.08735733099209833,0.9255813953488372,0.05108777068590368
0.08739569609134827,0.9255813953488372,0.05108815763424307
0.08743409490333919,0.9255813953488372,0.05109249090228316
0.08747252747252747,0.9255813953488372,0.05110119048541663
0.08751099384344767,0.9255813953488372,0.05110717934399511
0.08754949406071272,0.9255813953488372,0.05110796855065461
0.08762659621312198,0.9255813953488372,0.05110997080065017
0.08722466960352424,0.9209302325581395,0.05111814861849973
0.0873015873015873,0.9209302325581395,0.05111862564924619
0.08737864077669903,0.9209302325581395,0.05113140353767251
0.08741721854304636,0.9209302325581395,0.051131574190015266
0.08745583038869258,0.9209302325581395,0.05113628299129811
0.08749447635881573,0.9209302325581395,0.051146490613767776
0.08753315649867374,0.9209302325581395,0.05115941245601281
0.0875718708536046,0.9209302325581395,0.05117046988220887
0.08761061946902655,0.9209302325581395,0.051176818432284346
0.08764940239043825,0.9209302325581395,0.05118691293006279
0.08768821966341896,0.9209302325581395,0.051190070787761964
0.08772707133362871,0.9209302325581395,0.05119520934298692
0.08776595744680851,0.9209302325581395,0.05120807486804179
0.08780487804878048,0.9209302325581395,0.051211971996499094
0.0878438331854481,0.9209302325581395,0.05121377930493638
0.08788282290279627,0.9209302325581395,0.05121542480844565
0.08792184724689166,0.9209302325581395,0.0512239012815844
0.08751665926254998,0.9162790697674419,0.05122474736288216
0.0871498443752779,0.9116279069767442,0.05122523771012959
0.0873440285204991,0.9116279069767442,0.05123291487695112
0.08738296923762817,0.9116279069767442,0.05124768419350743
0.08701472556894244,0.9069767441860465,0.05125043879061774
0.08705357142857142,0.9069767441860465,0.051262092117204165
0.08709245198749442,0.9069767441860465,0.051264772907046084
0.0871313672922252,0.9069767441860465,0.051278828241119165
0.08717031738936075,0.9069767441860465,0.05128111162315491
0.0872093023255814,0.9069767441860465,0.05128838176943126
0.08680089485458613,0.9023255813953488,0.05128961285621953
0.08695652173913043,0.9023255813953488,0.05128990324501867
0.08699551569506726,0.9023255813953488,0.05130417631610368
0.0870345446388515,0.9023255813953488,0.051308242807436136
0.08707360861759425,0.9023255813953488,0.05131227002902581
0.08711270767849125,0.9023255813953488,0.051314794316724914
0.08715184186882301,0.9023255813953488,0.05131865659711927
0.08719101123595506,0.9023255813953488,0.051325607138085066
0.08723021582733813,0.9023255813953488,0.05132845740450394
0.08726945569050833,0.9023255813953488,0.05133286942016794
0.08730873087308731,0.9023255813953488,0.05134084600207777
0.08734804142278253,0.9023255813953488,0.05135482897398434
0.08738738738738738,0.9023255813953488,0.05136098696209959
0.08697611536728256,0.8976744186046511,0.051366210404661994
0.08701532912533815,0.8976744186046511,0.05137128024148527
0.08705457825890843,0.8976744186046511,0.05137255329610366
0.08709386281588448,0.8976744186046511,0.05138021989133798
0.08713318284424379,0.8976744186046511,0.05138793049780205
0.08717253839205058,0.8976744186046511,0.05139570591442876
0.08721192950745595,0.8976744186046511,0.05140236902564511
0.08729081863410222,0.8976744186046511,0.05140797019349869
0.08733031674208144,0.8976744186046511,0.05141912613700729
0.08736985061113627,0.8976744186046511,0.05142286849862329
0.08740942028985507,0.8976744186046511,0.051424667773937636
0.08744902582691437,0.8976744186046511,0.051439100948681676
0.08752834467120181,0.8976744186046511,0.05143915390964596
0.08756805807622504,0.8976744186046511,0.051449693965911994
0.0876078075351793,0.8976744186046511,0.05147106566964118
0.08764759309718438,0.8976744186046511,0.051471380860896115
0.08768741481144934,0.8976744186046511,0.05148031741236998
0.08772727272727272,0.8976744186046511,0.05148068514178258
0.08776716689404275,0.8976744186046511,0.051483033018699643
0.08780709736123748,0.8976744186046511,0.05148552837117025
0.08784706417842512,0.8976744186046511,0.0515008496739925
0.08788706739526411,0.8976744186046511,0.05151073999628095
0.08792710706150342,0.8976744186046511,0.05151447751133367
0.08800729594163247,0.8976744186046511,0.0515165953054322
0.08804744525547445,0.8976744186046511,0.051527983261127806
0.08808763121862163,0.8976744186046511,0.05153739763010596
0.08816811329374144,0.8976744186046511,0.051542900836745315
0.08824874256973023,0.8976744186046511,0.051549186338680185
0.08841044434264773,0.8976744186046511,0.051556058249935616
0.08845096241979836,0.8976744186046511,0.051561375101450375
0.08853211009174312,0.8976744186046511,0.05156412646335812
0.08861340679522497,0.8976744186046511,0.05156441320568093
0.08865411116214975,0.8976744186046511,0.0515703349213723
0.08827586206896551,0.8930232558139535,0.05158126474403088
0.0883571099861942,0.8930232558139535,0.05159650617639676
0.08839779005524862,0.8930232558139535,0.051598642084857864
0.08843850760018425,0.8930232558139535,0.05160298365262542
0.08847926267281106,0.8930232558139535,0.0516157423448685
0.08852005532503458,0.8930232558139535,0.05161682338337437
0.08856088560885608,0.8930232558139535,0.05163312886376734
0.08860175357637287,0.8930232558139535,0.05163667935374188
0.08868360277136259,0.8930232558139535,0.05163760419097851
0.08872458410351201,0.8930232558139535,0.051655776186661166
0.08876560332871013,0.8930232558139535,0.05167479411523974
0.08888888888888889,0.8930232558139535,0.05167826067846674
0.0889300602130616,0.8930232558139535,0.05168189191084452
0.08897126969416126,0.8930232558139535,0.05168962782180963
0.0890125173852573,0.8930232558139535,0.05169857590429684
0.08905380333951762,0.8930232558139535,0.05169975548496774
0.08909512761020881,0.8930232558139535,0.05170004827998174
0.08917789131444497,0.8930232558139535,0.05172922069095908
0.08926080892608089,0.8930232558139535,0.051739511502782595
0.0893854748603352,0.8930232558139535,0.05174520063815447
0.08942710759198882,0.8930232558139535,0.051748418445208624
0.08946877912395154,0.8930232558139535,0.05175013153157073
0.08904428904428904,0.8883720930232558,0.05175161792312495
0.08908582089552239,0.8883720930232558,0.0517626887671234
0.08912739150723285,0.8883720930232558,0.05176640823491633
0.08916900093370682,0.8883720930232558,0.05177078658043189
0.08921064922933208,0.8883720930232558,0.05177506447290719
0.08925233644859813,0.8883720930232558,0.05177798825692461
0.08886810102899906,0.8837209302325582,0.051778292447925735
0.08848314606741572,0.8790697674418605,0.05178889657487204
0.08813877168307548,0.8744186046511628,0.05179164947053098
0.08818011257035648,0.8744186046511628,0.05179498126664416
0.08826291079812207,0.8744186046511628,0.05179502878946562
0.08830436824800376,0.8744186046511628,0.05180278112030315
0.08834586466165413,0.8744186046511628,0.051816106406635545
0.08842897460018814,0.8744186046511628,0.051817242236478836
0.08847058823529412,0.8744186046511628,0.051835289352541884
0.08855393311351861,0.8744186046511628,0.05183997395435299
0.0885956644674835,0.8744186046511628,0.05184023708628023
0.08867924528301886,0.8744186046511628,0.051851456183273734
0.08872109485606418,0.8744186046511628,0.05185856149724031
0.08880491261218705,0.8744186046511628,0.05185893867574657
0.0888468809073724,0.8744186046511628,0.05186112578912098
0.08888888888888889,0.8744186046511628,0.05186660549375718
0.08914177335229967,0.8744186046511628,0.051873548609457594
0.08922638822971049,0.8744186046511628,0.0518786921340381
0.0892687559354226,0.8744186046511628,0.051880287983212876
0.08931116389548693,0.8744186046511628,0.05188659037989518
0.08935361216730038,0.8744186046511628,0.05189256143485499
0.089396100808369,0.8744186046511628,0.051916378076808906
0.08943862987630828,0.8744186046511628,0.05192954009156445
0.0894811994288434,0.8744186046511628,0.05194137890554765
0.08952380952380952,0.8744186046511628,0.05195213865948474
0.08956646021915197,0.8744186046511628,0.05195306472990893
0.08960915157292659,0.8744186046511628,0.05195324710009988
0.08965188364329996,0.8744186046511628,0.05197735054238939
0.08969465648854962,0.8744186046511628,0.0519784580409273
0.08973747016706445,0.8744186046511628,0.051984613392523346
0.08978032473734479,0.8744186046511628,0.05199729579668047
0.08982322025800286,0.8744186046511628,0.051997504818229824
0.08986615678776291,0.8744186046511628,0.052002734633895244
0.0899091343854615,0.8744186046511628,0.05201703373477885
0.09003831417624521,0.8744186046511628,0.05201881503530386
0.08960229995208434,0.8697674418604651,0.05202569721412927
0.08964525407478427,0.8697674418604651,0.052026123876277496
0.08968824940047962,0.8697674418604651,0.05203601255658666
0.08973128598848369,0.8697674418604651,0.05203757103198063
0.08977436389822371,0.8697674418604651,0.05205393847312136
0.08981748318924111,0.8697674418604651,0.05207509582768749
0.08999037536092397,0.8697674418604651,0.052092526765707386
0.09003370245546462,0.8697674418604651,0.05209745695716922
0.09007707129094412,0.8697674418604651,0.05210367570330288
0.09012048192771084,0.8697674418604651,0.05212036895925013
0.09016393442622951,0.8697674418604651,0.052120658552138516
0.09020742884708152,0.8697674418604651,0.05213394936206461
0.09025096525096525,0.8697674418604651,0.052137744555424755
0.09029454369869629,0.8697674418604651,0.05213867389436153
0.09046927914852443,0.8697674418604651,0.05214168928937506
0.09051306873184899,0.8697674418604651,0.05216504438089835
0.09055690072639225,0.8697674418604651,0.05217596556448875
0.09060077519379844,0.8697674418604651,0.05219646098538607
0.09064469219583131,0.8697674418604651,0.052210789420776296
0.0906886517943744,0.8697674418604651,0.05221373951120277
0.09073265405143134,0.8697674418604651,0.05222341641825646
0.09077669902912622,0.8697674418604651,0.05223020770108178
0.09082078678970373,0.8697674418604651,0.05223271463164595
0.09090909090909091,0.8697674418604651,0.05224185386740074
0.0909533073929961,0.8697674418604651,0.05224192789952401
0.09099756690997567,0.8697674418604651,0.05224645523384467
0.09104186952288218,0.8697674418604651,0.05225415994770359
0.0910862152946907,0.8697674418604651,0.05226223160186623
0.09113060428849902,0.8697674418604651,0.05228036283986975
0.09068746952705997,0.8651162790697674,0.052280805808341546
0.09073170731707317,0.8651162790697674,0.052281377787115245
0.0908203125,0.8651162790697674,0.05228232174755368
0.09090909090909091,0.8651162790697674,0.052302173836478415
0.09095354523227384,0.8651162790697674,0.0523115094566863
0.09099804305283757,0.8651162790697674,0.05232232828390681
0.09059745347698335,0.8604651162790697,0.05232968601493849
0.09064184223419892,0.8604651162790697,0.05232977841370058
0.09068627450980392,0.8604651162790697,0.05233073611130342
0.09073075036782736,0.8604651162790697,0.05233386625733184
0.09077526987242394,0.8604651162790697,0.05233539900280056
0.09090909090909091,0.8604651162790697,0.05235966653451733
0.09095378564405113,0.8604651162790697,0.05236107261537677
0.09099852434825381,0.8604651162790697,0.05237450113422722
0.09104330708661418,0.8604651162790697,0.05238914106661406
0.09108813392417528,0.8604651162790697,0.05239053895212628
0.09117792015771316,0.8604651162790697,0.052394066130579356
0.09122287968441814,0.8604651162790697,0.0523952946286281
0.09126788357178096,0.8604651162790697,0.052397787503243
0.09131293188548864,0.8604651162790697,0.05239892786387774
0.09135802469135802,0.8604651162790697,0.05241711228258313
0.09140316205533597,0.8604651162790697,0.05242747289721693
0.09144834404349975,0.8604651162790697,0.05243165113977013
0.09149357072205737,0.8604651162790697,0.05243213165088919
0.09153884215734785,0.8604651162790697,0.05244034532482512
0.09158415841584158,0.8604651162790697,0.052459275998817174
0.09162951956414066,0.8604651162790697,0.052476866497319856
0.09167492566897918,0.8604651162790697,0.052483489878372924
0.0917203767972236,0.8604651162790697,0.05250179465730906
0.09176587301587301,0.8604651162790697,0.05250246627428226
0.09181141439205956,0.8604651162790697,0.052503060186766114
0.09185700099304867,0.8604651162790697,0.05252105643963305
0.09190263288623944,0.8604651162790697,0.052523147102335535
0.091948310139165,0.8604651162790697,0.052523506788848616
0.0919940328194928,0.8604651162790697,0.05252409675605437
0.09203980099502487,0.8604651162790697,0.05253104661229481
0.09208561473369836,0.8604651162790697,0.052540839816452155
0.09217737917289487,0.8604651162790697,0.05255326717395223
0.09222333000997009,0.8604651162790697,0.05259519644041915
0.09226932668329177,0.8604651162790697,0.052606820218286734
0.09231536926147704,0.8604651162790697,0.052612875318788034
0.09236145781328008,0.8604651162790697,0.05261933407772075
0.0919080919080919,0.8558139534883721,0.052634861463690036
0.09195402298850575,0.8558139534883721,0.05264335451275971
0.092,0.8558139534883721,0.05264379794941231
0.09204602301150576,0.8558139534883721,0.052652419456890275
0.0920920920920921,0.8558139534883721,0.05265267833482122
0.09213820731096645,0.8558139534883721,0.05265674932039977
0.09223057644110276,0.8558139534883721,0.05266894899857518
0.09232313095835425,0.8558139534883721,0.05267422722956936
0.09236947791164658,0.8558139534883721,0.05267875998512414
0.09241587142139629,0.8558139534883721,0.05268616927720812
0.09246231155778895,0.8558139534883721,0.052699261621231036
0.0925553319919517,0.8558139534883721,0.05270798143306421
0.0926019124308002,0.8558139534883721,0.0527097487596574
0.09264853977844914,0.8558139534883721,0.05271760331229102
0.09269521410579346,0.8558139534883721,0.05274158328283943
0.09278870398386284,0.8558139534883721,0.05274268484501632
0.09283551967709384,0.8558139534883721,0.052750138735953106
0.09288238263503282,0.8558139534883721,0.052752018556710537
0.09292929292929293,0.8558139534883721,0.05275627733733146
0.09297625063163213,0.8558139534883721,0.05277480966633904
0.09302325581395349,0.8558139534883721,0.05278458345961382
0.09307030854830552,0.8558139534883721,0.0527849814058116
0.0931174089068826,0.8558139534883721,0.052791059953100676
0.09321175278622088,0.8558139534883721,0.05280639304304173
0.0932589964521034,0.8558139534883721,0.052807734789036526
0.09330628803245436,0.8558139534883721,0.05281781991674995
0.09340101522842639,0.8558139534883721,0.05283071386075285
0.09344845099035043,0.8558139534883721,0.052834860581479126
0.09349593495934959,0.8558139534883721,0.05284330988827371
0.09354346720894764,0.8558139534883721,0.052864831771937744
0.0935910478128179,0.8558139534883721,0.05286651544251751
0.09368635437881874,0.8558139534883721,0.052872207712846335
0.09373408048904738,0.8558139534883721,0.05288871385407172
0.09378185524974515,0.8558139534883721,0.052890129450515466
0.09387755102040816,0.8558139534883721,0.052890529152530764
0.09392547217968351,0.8558139534883721,0.05289148938095725
0.09397344228804903,0.8558139534883721,0.05289245974747945
0.09402146142054164,0.8558139534883721,0.052893132768706254
0.09355828220858896,0.8511627906976744,0.05290741468477877
0.09360613810741689,0.8511627906976744,0.052907849641335304
0.09365404298874104,0.8511627906976744,0.05291235851779504
0.09370199692780339,0.8511627906976744,0.052913311437411
0.09375,0.8511627906976744,0.05291673134107073
0.0937980522808816,0.8511627906976744,0.052929609466098065
0.09384615384615384,0.8511627906976744,0.052933885333325964
0.09389430477167779,0.8511627906976744,0.05293496886086317
0.09399075500770417,0.8511627906976744,0.052936473656656276
0.09403905447070915,0.8511627906976744,0.052940087056120744
0.0941358024691358,0.8511627906976744,0.05294276694238168
0.0941842511580031,0.8511627906976744,0.05296653530850508
0.09428129829984544,0.8511627906976744,0.052967516168295446
0.09437854564208355,0.8511627906976744,0.05296890651440386
0.09395973154362416,0.8465116279069768,0.05297555626669251
0.09400826446280992,0.8465116279069768,0.0529894038678898
0.09405684754521963,0.8465116279069768,0.052991759364041886
0.09410548086866598,0.8465116279069768,0.052993174265064905
0.0941541645111226,0.8465116279069768,0.05299351622812288
0.09420289855072464,0.8465116279069768,0.05299762783152962
0.09425168306576903,0.8465116279069768,0.053009247883257976
0.09430051813471503,0.8465116279069768,0.053017906178607896
0.09402597402597403,0.8418604651162791,0.053033097322072356
0.09412376495059803,0.8418604651162791,0.053049357687558266
0.09422175950026028,0.8418604651162791,0.05307886973598444
0.09427083333333333,0.8418604651162791,0.0530818610358992
0.09431995831162064,0.8418604651162791,0.0530939305347204
0.09436913451511991,0.8418604651162791,0.053102881039055645
0.09441836202399582,0.8418604651162791,0.05310406826505206
0.09451697127937336,0.8418604651162791,0.053114647254979185
0.09456635318704285,0.8418604651162791,0.053131729857962995
0.09461578672242552,0.8418604651162791,0.05313788954898389
0.0946652719665272,0.8418604651162791,0.053140292452507745
0.09471480900052329,0.8418604651162791,0.05314810430121738
0.09476439790575916,0.8418604651162791,0.053154656870005576
0.09481403876375065,0.8418604651162791,0.05316755522838034
0.09486373165618449,0.8418604651162791,0.053171712581217126
0.09491347666491871,0.8418604651162791,0.05318122084057372
0.09496327387198321,0.8418604651162791,0.053182445750953
0.09501312335958005,0.8418604651162791,0.05318265830242884
0.09516298633017876,0.8418604651162791,0.05318375431441007
0.09521304576538664,0.8418604651162791,0.05319771842288058
0.09526315789473684,0.8418604651162791,0.05321148384580475
0.09531332280147446,0.8418604651162791,0.05322438514575543
0.09536354056902002,0.8418604651162791,0.0532444580238267
0.09541381128096996,0.8418604651162791,0.05325710174266225
0.09551451187335093,0.8418604651162791,0.05328683098266697
0.0955649419218585,0.8418604651162791,0.05329455970036292
0.09561542525092445,0.8418604651162791,0.05329636215137168
0.09571655208884189,0.8418604651162791,0.05330890218814117
0.09576719576719576,0.8418604651162791,0.05330938049785528
0.09581789306511382,0.8418604651162791,0.05331196072698767
0.09533898305084745,0.8372093023255814,0.05331313160525026
0.09538950715421304,0.8372093023255814,0.053317477515150535
0.09544008483563096,0.8372093023255814,0.05332545613160861
0.09549071618037135,0.8372093023255814,0.05332568855908344
0.09554140127388536,0.8372093023255814,0.053326680335279784
0.09559214020180563,0.8372093023255814,0.053368230841577345
0.09564293304994687,0.8372093023255814,0.05337484796034395
0.09569377990430622,0.8372093023255814,0.05338398135312848
0.09574468085106383,0.8372093023255814,0.05338928619755837
0.09579563597658329,0.8372093023255814,0.053411524111366626
0.09584664536741214,0.8372093023255814,0.05342014019518684
0.09594882729211088,0.8372093023255814,0.053429411370582686
0.096,0.8372093023255814,0.05343850878268907
0.096051227321238,0.8372093023255814,0.053446910672027205
0.09610250934329952,0.8372093023255814,0.053447198885834386
0.09620523784072689,0.8372093023255814,0.05346588318547415
0.0962566844919786,0.8372093023255814,0.05347368085501106
0.09630818619582665,0.8372093023255814,0.05348029245329696
0.09635974304068523,0.8372093023255814,0.05348967526379704
0.09641135511515801,0.8372093023255814,0.053490120356265554
0.09646302250803858,0.8372093023255814,0.053541139618949976
0.09651474530831099,0.8372093023255814,0.053549082791185504
0.09656652360515021,0.8372093023255814,0.05356056873357259
0.0966183574879227,0.8372093023255814,0.0535711415333423
0.0966702470461869,0.8372093023255814,0.053581159522989544
0.09672219236969372,0.8372093023255814,0.053582713500240076
0.09682625067240452,0.8372093023255814,0.05358935364212212
0.0968783638320775,0.8372093023255814,0.05359118004210601
0.09693053311793215,0.8372093023255814,0.05359353115147069
0.09698275862068965,0.8372093023255814,0.053608378842105404
0.09703504043126684,0.8372093023255814,0.053608719168438956
0.0970873786407767,0.8372093023255814,0.053618856649569585
0.09713977334052887,0.8372093023255814,0.0536247739277517
0.09719222462203024,0.8372093023255814,0.053625748264852405
0.09670448406266882,0.8325581395348837,0.053627596286468585
0.09680908599242834,0.8325581395348837,0.05364712929982798
0.09686147186147186,0.8325581395348837,0.05365464010044497
0.0969139144558744,0.8325581395348837,0.05366154833784452
0.09696641386782232,0.8325581395348837,0.053677957789331786
0.0970189701897019,0.8325581395348837,0.05368147673357561
0.09707158351409978,0.8325581395348837,0.05368756830452835
0.09712425393380358,0.8325581395348837,0.05370795763224634
0.09733550842849374,0.8325581395348837,0.053718244792237864
0.09738846572361262,0.8325581395348837,0.05372471397204018
0.09744148067501361,0.8325581395348837,0.053733992376651114
0.09749455337690632,0.8325581395348837,0.05373907550074898
0.09754768392370572,0.8325581395348837,0.05375728999855279
0.09760087241003272,0.8325581395348837,0.05377061330963719
0.09765411893071467,0.8325581395348837,0.053771664807406895
0.09770742358078603,0.8325581395348837,0.0537748455938365
0.09781420765027322,0.8325581395348837,0.05380111736030246
0.09786768726079825,0.8325581395348837,0.053815967615369095
0.09797482211275314,0.8325581395348837,0.053837539563983905
0.09808219178082192,0.8325581395348837,0.05384013679031223
0.0981359649122807,0.8325581395348837,0.0538401692774876
0.0981897970378497,0.8325581395348837,0.05384432957117364
0.0982436882546652,0.8325581395348837,0.053845589869672764
0.09829763866007687,0.8325581395348837,0.0538479179276772
0.09835164835164835,0.8325581395348837,0.053849632829926886
0.09845984598459846,0.8325581395348837,0.05387160807219932
0.09851403412217942,0.8325581395348837,0.05387498422143773
0.098568281938326,0.8325581395348837,0.05389080667966077
0.09862258953168045,0.8325581395348837,0.05389242404902693
0.09867695700110253,0.8325581395348837,0.053892588542443116
0.09873138444567016,0.8325581395348837,0.0538976080953969
0.09878587196467992,0.8325581395348837,0.05389937711066119
0.09884041965764771,0.8325581395348837,0.053910391558312516
0.09889502762430939,0.8325581395348837,0.053913427362878644
0.09894969596462133,0.8325581395348837,0.05391793907021127
0.09900442477876106,0.8325581395348837,0.0539499250413811
0.09905921416712783,0.8325581395348837,0.05395127096764635
0.0991140642303433,0.8325581395348837,0.053953973499502914
0.09916897506925208,0.8325581395348837,0.053957856054034345
0.0992239467849224,0.8325581395348837,0.05396113177403314
0.0992789794786467,0.8325581395348837,0.05396207725063183
0.09933407325194228,0.8325581395348837,0.05396329491455339
0.09938922820655191,0.8325581395348837,0.053968516341492086
0.09944444444444445,0.8325581395348837,0.053969998124798475
0.09949972206781545,0.8325581395348837,0.05397877623508009
0.09955506117908787,0.8325581395348837,0.053979215768358214
0.09961046188091263,0.8325581395348837,0.05399900717451966
0.09966592427616927,0.8325581395348837,0.05400792054272475
0.09916434540389972,0.827906976744186,0.05400816807355834
0.09921962095875139,0.827906976744186,0.05401294148926694
0.09927495817066369,0.827906976744186,0.05401554418417098
0.09933035714285714,0.827906976744186,0.05402750032832793
0.0993858179787828,0.827906976744186,0.054039956064622155
0.09949692565679151,0.827906976744186,0.05404348990176611
0.09955257270693513,0.827906976744186,0.05404532240230562
0.09960828203693341,0.827906976744186,0.05406732537813552
0.09966405375139978,0.827906976744186,0.0541066693164326
0.09977578475336323,0.827906976744186,0.05413741911976321
0.09983174425126191,0.827906976744186,0.05413801398134104
0.09988776655443322,0.827906976744186,0.05414806844702133
0.09994385176866928,0.827906976744186,0.05414846330476393
0.1,0.827906976744186,0.05415103131237944
0.10005621135469364,0.827906976744186,0.054171924991111904
0.10011248593925759,0.827906976744186,0.05417868847051367
0.10016882386043895,0.827906976744186,0.05418204172215403
0.10022522522522523,0.827906976744186,0.054182148393534246
0.10028169014084506,0.827906976744186,0.05418381541394388
0.10033821871476889,0.827906976744186,0.05418809356158754
0.09983079526226735,0.8232558139534883,0.05418991595832565
0.09932279909706546,0.8186046511627907,0.0541934615828085
0.09943502824858758,0.8186046511627907,0.05420778044718681
0.0994912379875636,0.8186046511627907,0.0542112782043588
0.09954751131221719,0.8186046511627907,0.05424564947530448
0.09960384833050367,0.8186046511627907,0.05424843142286739
0.09971671388101983,0.8186046511627907,0.0542706357791803
0.09977324263038549,0.8186046511627907,0.054277880307893565
0.09982983550765741,0.8186046511627907,0.054302553274349935
0.09988649262202043,0.8186046511627907,0.0543044761974977
0.1,0.8186046511627907,0.05430516678701834
0.10005685048322911,0.8186046511627907,0.054307310167892954
0.10011376564277588,0.8186046511627907,0.05430788851448363
0.10017074558907228,0.8186046511627907,0.054308840018158534
0.10022779043280182,0.8186046511627907,0.05431271108968804
0.09971509971509972,0.813953488372093,0.05432262088616761
0.09977194982896237,0.813953488372093,0.05433378068331577
0.09982886480319453,0.813953488372093,0.054338130668073664
0.09988584474885845,0.813953488372093,0.05434266853928746
0.09994288977727013,0.813953488372093,0.05434315300813282
0.1,0.813953488372093,0.05435477429743401
0.1001717229536348,0.813953488372093,0.05435720181997192
0.1002290950744559,0.813953488372093,0.054364393018289825
0.10028653295128939,0.813953488372093,0.05437389017188884
0.1003440366972477,0.813953488372093,0.05438005305588418
0.10040160642570281,0.813953488372093,0.05439249710319312
0.10045924225028703,0.813953488372093,0.0543953192284227
0.10051694428489374,0.813953488372093,0.05439682040646959
0.10057471264367816,0.813953488372093,0.05440056324942117
0.10063254744105808,0.813953488372093,0.05440493475634864
0.10069044879171461,0.813953488372093,0.05441008611787703
0.1001727115716753,0.8093023255813954,0.05441609170198142
0.10023041474654378,0.8093023255813954,0.054416496752389965
0.10028818443804034,0.8093023255813954,0.054416852177689344
0.09976931949250288,0.8046511627906977,0.05442105974557849
0.0998268897864974,0.8046511627906977,0.0544216034402566
0.09988452655889145,0.8046511627906977,0.054429854030218966
0.0999422299248989,0.8046511627906977,0.05443314918415062
0.1,0.8046511627906977,0.054443609499916466
0.10005783689994216,0.8046511627906977,0.054447655624140015
0.10011574074074074,0.8046511627906977,0.05445095937516212
0.10017371163867979,0.8046511627906977,0.054483593812847696
0.10023174971031286,0.8046511627906977,0.054512180916386474
0.10028985507246377,0.8046511627906977,0.05453239605778794
0.10034802784222738,0.8046511627906977,0.05453452834764542
0.10058139534883721,0.8046511627906977,0.05454628709896309
0.10063990692262943,0.8046511627906977,0.05454917549106339
0.10069848661233993,0.8046511627906977,0.054551054341486244
0.10075713453698311,0.8046511627906977,0.05455565907557207
0.10081585081585082,0.8046511627906977,0.05455701952228536
0.10087463556851312,0.8046511627906977,0.05456151165663048
0.10099241097489783,0.8046511627906977,0.0545655144282293
0.10105140186915888,0.8046511627906977,0.05457603375287619
0.10116959064327485,0.8046511627906977,0.054580853924758255
0.10122878876535986,0.8046511627906977,0.054581312248578935
0.101288056206089,0.8046511627906977,0.054586326016629355
0.10140679953106682,0.8046511627906977,0.05462736796082901
0.10146627565982405,0.8046511627906977,0.05462831302818067
0.10152582159624413,0.8046511627906977,0.05465126389066349
0.10158543746330007,0.8046511627906977,0.05465589254678713
0.10105757931844889,0.8,0.0546841424414052
0.1011169900058789,0.8,0.054694771373514264
0.1011764705882353,0.8,0.054703298635664456
0.10123602118893467,0.8,0.054709314502710486
0.10141509433962265,0.8,0.05471642868111791
0.10147492625368731,0.8,0.05473306200496582
0.10153482880755609,0.8,0.054738698781557
0.10159480212640283,0.8,0.05475031631415427
0.1016548463356974,0.8,0.05475687586310627
0.1017149615612064,0.8,0.054762246343687766
0.10183540556542332,0.8,0.05476442964240715
0.1018957345971564,0.8,0.05476885552337769
0.1019561351511559,0.8,0.054781355145643515
0.10142348754448399,0.7953488372093023,0.05479865396225307
0.10148367952522255,0.7953488372093023,0.054812595740301666
0.10154394299287411,0.7953488372093023,0.05482795953032829
0.10160427807486631,0.7953488372093023,0.0548298090513492
0.10166468489892984,0.7953488372093023,0.05485649597204387
0.10172516359309934,0.7953488372093023,0.05487020975742795
0.10178571428571428,0.7953488372093023,0.054917646238068815
0.10184633710541989,0.7953488372093023,0.054921068510819133
0.10190703218116806,0.7953488372093023,0.05493078417227623
0.10196779964221825,0.7953488372093023,0.05493652826668956
0.10202863961813842,0.7953488372093023,0.054942670537911006
0.10215053763440861,0.7953488372093023,0.054955880608174155
0.1022115959354453,0.7953488372093023,0.05497531057298272
0.10227272727272728,0.7953488372093023,0.05497606295606916
0.10239520958083832,0.7953488372093023,0.054988654988695936
0.1024565608148592,0.7953488372093023,0.055000058288512545
0.10251798561151079,0.7953488372093023,0.05500727994612136
0.10257948410317937,0.7953488372093023,0.05501454045321675
0.10264105642256903,0.7953488372093023,0.05501691023998422
0.10270270270270271,0.7953488372093023,0.05502198106263824
0.10276442307692307,0.7953488372093023,0.055023808055915606
0.10282621767889356,0.7953488372093023,0.05502719924015083
0.10288808664259928,0.7953488372093023,0.05504295875665502
0.10295003010234799,0.7953488372093023,0.05504906090445262
0.10301204819277109,0.7953488372093023,0.05506956955495468
0.10307414104882459,0.7953488372093023,0.0550705779535521
0.10313630880579011,0.7953488372093023,0.05508461716232089
0.1031985515992758,0.7953488372093023,0.055089685171722726
0.10326086956521739,0.7953488372093023,0.055117165801047745
0.10332326283987915,0.7953488372093023,0.05511960760775944
0.1033857315598549,0.7953488372093023,0.055119942285379496
0.10351089588377724,0.7953488372093023,0.0551346532232724
0.10357359176256814,0.7953488372093023,0.05514700529087601
0.10363636363636364,0.7953488372093023,0.05515555284555087
0.10369921164342026,0.7953488372093023,0.05516292942561414
0.10376213592233009,0.7953488372093023,0.055177197203230104
0.10382513661202186,0.7953488372093023,0.05518367052030859
0.10395136778115502,0.7953488372093023,0.05519441660723003
0.10401459854014598,0.7953488372093023,0.055198659684896366
0.10414129110840438,0.7953488372093023,0.05520226228225752
0.10420475319926874,0.7953488372093023,0.05521982179650545
0.10426829268292682,0.7953488372093023,0.05522399149674524
0.10433190970103721,0.7953488372093023,0.055230759401320884
0.1043956043956044,0.7953488372093023,0.05523379474271073
0.10452322738386308,0.7953488372093023,0.05523780686385562
0.10465116279069768,0.7953488372093023,0.055261055615973144
0.10471524800979792,0.7953488372093023,0.05527051859116701
0.10477941176470588,0.7953488372093023,0.0552760065210097
0.1049079754601227,0.7953488372093023,0.05527770262849766
0.10510141364474493,0.7953488372093023,0.05529311239324695
0.10523076923076922,0.7953488372093023,0.05529541605661674
0.10536044362292052,0.7953488372093023,0.05529876699166877
0.10542540073982737,0.7953488372093023,0.055304601240894986
0.10549043800123381,0.7953488372093023,0.055311066621363585
0.10555555555555556,0.7953488372093023,0.055320208330168534
0.10562075355157505,0.7953488372093023,0.05532097728905503
0.10568603213844252,0.7953488372093023,0.055321165764979544
0.10575139146567718,0.7953488372093023,0.05533211551350823
0.10594795539033457,0.7953488372093023,0.05533381033798612
0.1060136391816491,0.7953488372093023,0.055338747678173116
0.10607940446650124,0.7953488372093023,0.05533936912363139
0.10559006211180125,0.7906976744186046,0.05535302047393238
0.10565568676196395,0.7906976744186046,0.05535909378759439
0.10572139303482588,0.7906976744186046,0.0553607894095672
0.10578718108276292,0.7906976744186046,0.055364408078846926
0.10585305105853052,0.7906976744186046,0.05537593535533298
0.1059190031152648,0.7906976744186046,0.0553788341402051
0.1059850374064838,0.7906976744186046,0.05539066007665574
0.10605115408608859,0.7906976744186046,0.055410799464009
0.10611735330836454,0.7906976744186046,0.0554144995861727
0.1061836352279825,0.7906976744186046,0.055418473671257504
0.10625,0.7906976744186046,0.05542145462098471
0.10638297872340426,0.7906976744186046,0.05542373814708847
0.10644959298685035,0.7906976744186046,0.055425913056382586
0.10651629072681704,0.7906976744186046,0.05545335398636241
0.10658307210031348,0.7906976744186046,0.055456806658605404
0.10664993726474278,0.7906976744186046,0.05545701769011763
0.10608913998744507,0.786046511627907,0.055461844996314034
0.10615577889447236,0.786046511627907,0.05547418097888996
0.10622250157133878,0.786046511627907,0.05547563241055045
0.10628930817610063,0.786046511627907,0.05547671828040538
0.10635619886721208,0.786046511627907,0.0554858939072811
0.10642317380352645,0.786046511627907,0.055489232890949626
0.10649023314429741,0.786046511627907,0.055492900133570215
0.10662460567823344,0.786046511627907,0.055502482785652896
0.10669191919191919,0.786046511627907,0.05550836224537811
0.10619469026548672,0.7813953488372093,0.055509870786694705
0.1062618595825427,0.7813953488372093,0.05551191292290639
0.10632911392405063,0.7813953488372093,0.05551811116519499
0.10639645345155162,0.7813953488372093,0.055522845164130405
0.1065989847715736,0.7813953488372093,0.05552607200054924
0.10673443456162643,0.7813953488372093,0.055540922837743194
0.10680228862047043,0.7813953488372093,0.05554372921493294
0.10687022900763359,0.7813953488372093,0.055545761050359826
0.10693825588796944,0.7813953488372093,0.05554704710664877
0.1070063694267516,0.7813953488372093,0.055567894218412704
0.10714285714285714,0.7813953488372093,0.05558098503416694
0.10721123165283983,0.7813953488372093,0.05558162515273329
0.10727969348659004,0.7813953488372093,0.05561302650108187
0.10741687979539642,0.7813953488372093,0.05561763485340103
0.10748560460652591,0.7813953488372093,0.05564176683768082
0.10755441741357234,0.7813953488372093,0.0556430666660917
0.1076923076923077,0.7813953488372093,0.05565349184846299
0.1077613855035279,0.7813953488372093,0.05567421618611632
0.10789980732177264,0.7813953488372093,0.05567516033853155
0.10796915167095116,0.7813953488372093,0.055703093807624386
0.10803858520900321,0.7813953488372093,0.05570594378798633
0.10810810810810811,0.7813953488372093,0.05570744216691498
0.1081777205408886,0.7813953488372093,0.055741225886604295
0.10831721470019343,0.7813953488372093,0.055744001241563916
0.10774193548387097,0.7767441860465116,0.055748543341037606
0.1078114912846998,0.7767441860465116,0.05575200230394755
0.1078811369509044,0.7767441860465116,0.05576234270825127
0.10795087265675501,0.7767441860465116,0.055771760680771755
0.10802069857697283,0.7767441860465116,0.05577909199637232
0.1080906148867314,0.7767441860465116,0.05578082960240407
0.10816062176165803,0.7767441860465116,0.05578744186437327
0.10823071937783539,0.7767441860465116,0.055797152942098485
0.10830090791180286,0.7767441860465116,0.05582943195780251
0.10837118754055808,0.7767441860465116,0.0558311681766403
0.10844155844155844,0.7767441860465116,0.05584116471889464
0.10851202079272254,0.7767441860465116,0.05584192674716439
0.10858257477243173,0.7767441860465116,0.05584300187860696
0.10800260247234873,0.772093023255814,0.05584346761205514
0.10814332247557003,0.772093023255814,0.055853427341348884
0.1075619295958279,0.7674418604651163,0.055862544605467954
0.10763209393346379,0.7674418604651163,0.0558678215207543
0.1077023498694517,0.7674418604651163,0.05587381705677147
0.1077726975832789,0.7674418604651163,0.055890417025264746
0.10784313725490197,0.7674418604651163,0.05589348687679609
0.1079136690647482,0.7674418604651163,0.055916124176529976
0.10798429319371727,0.7674418604651163,0.05591623591913869
0.10805500982318271,0.7674418604651163,0.05593352831169605
0.10819672131147541,0.7674418604651163,0.05593947488209962
0.10826771653543307,0.7674418604651163,0.0559447637779682
0.10833880499015101,0.7674418604651163,0.055947499379603464
0.10840998685939553,0.7674418604651163,0.055954042413401045
0.10848126232741617,0.7674418604651163,0.05595791994148282
0.10876730388925511,0.7674418604651163,0.05595794412270834
0.10883905013192612,0.7674418604651163,0.05597740412998742
0.10891089108910891,0.7674418604651163,0.05598163064209411
0.10898282694848084,0.7674418604651163,0.055983440033123326
0.10905485789821547,0.7674418604651163,0.05598766121407993
0.10912698412698413,0.7674418604651163,0.056002323960822976
0.10919920582395765,0.7674418604651163,0.05603306570042698
0.10860927152317881,0.7627906976744186,0.05603913160557954
0.10868124585818423,0.7627906976744186,0.05605104219067171
0.10875331564986737,0.7627906976744186,0.05605365694394293
0.10882548108825481,0.7627906976744186,0.0560656023826814
0.10889774236387782,0.7627906976744186,0.056069970372872084
0.10897009966777409,0.7627906976744186,0.056074009882333485
0.10904255319148937,0.7627906976744186,0.05608502032243541
0.10911510312707917,0.7627906976744186,0.05609072035539498
0.10926049300466356,0.7627906976744186,0.0561019653352905
0.1094062708472315,0.7627906976744186,0.05612132222700649
0.10947930574098798,0.7627906976744186,0.05613149363175248
0.10962566844919786,0.7627906976744186,0.05615040845371442
0.10977242302543508,0.7627906976744186,0.056171453345585806
0.10991957104557641,0.7627906976744186,0.056191921272983426
0.10999329309188464,0.7627906976744186,0.05620319589003197
0.11006711409395974,0.7627906976744186,0.056223280581872086
0.11014103425117529,0.7627906976744186,0.056230840018943885
0.11021505376344086,0.7627906976744186,0.056233558720796134
0.11028917283120376,0.7627906976744186,0.05623629604987396
0.10969044414535666,0.7581395348837209,0.05624216566466067
0.1091644204851752,0.7534883720930232,0.056243930323923
0.10923803101820634,0.7534883720930232,0.05624598752692319
0.10931174089068826,0.7534883720930232,0.05624810006815008
0.10938555030384875,0.7534883720930232,0.05628768541752089
0.10945945945945947,0.7534883720930232,0.05628889345917376
0.10953346855983773,0.7534883720930232,0.056306533063000194
0.10960757780784844,0.7534883720930232,0.056318344985923335
0.10968178740690589,0.7534883720930232,0.05632436628227166
0.10975609756097561,0.7534883720930232,0.05632442787324046
0.10922659430122117,0.7488372093023256,0.05632638460334306
0.10930074677528853,0.7488372093023256,0.05633567307367438
0.109375,0.7488372093023256,0.05635424642999127
0.10944935418082936,0.7488372093023256,0.056358227823089774
0.10952380952380952,0.7488372093023256,0.056363397627894926
0.10959836623553437,0.7488372093023256,0.056375837057605425
0.10967302452316076,0.7488372093023256,0.05637939345928479
0.10982264665757162,0.7488372093023256,0.05638404410711015
0.1098976109215017,0.7488372093023256,0.05639115576366608
0.11004784688995216,0.7488372093023256,0.05639151361166799
0.11012311901504789,0.7488372093023256,0.05639880607999767
0.11019849418206708,0.7488372093023256,0.056400175464635514
0.11027397260273973,0.7488372093023256,0.056409243745528685
0.11034955448937629,0.7488372093023256,0.05642257082699485
0.11042524005486969,0.7488372093023256,0.05643981834428841
0.11050102951269733,0.7488372093023256,0.05645752378290306
0.11057692307692307,0.7488372093023256,0.05646611200034355
0.11065292096219931,0.7488372093023256,0.05646865206829634
0.11072902338376892,0.7488372093023256,0.05647320692729853
0.11080523055746731,0.7488372093023256,0.056488287409177655
0.11088154269972451,0.7488372093023256,0.05650364583988276
0.11095796002756719,0.7488372093023256,0.056513157818106
0.11103448275862068,0.7488372093023256,0.056518628230821655
0.1111111111111111,0.7488372093023256,0.05653641941306626
0.11126468555632343,0.7488372093023256,0.05654014801862959
0.11134163208852006,0.7488372093023256,0.056561146799120325
0.11141868512110727,0.7488372093023256,0.05656239934035729
0.11149584487534626,0.7488372093023256,0.05656696889409859
0.11157311157311157,0.7488372093023256,0.056571683338524796
0.11165048543689321,0.7488372093023256,0.056578020347223416
0.11172796668979876,0.7488372093023256,0.056581982786070725
0.11180555555555556,0.7488372093023256,0.056594609321083386
0.11188325225851285,0.7488372093023256,0.05660749881504696
0.11196105702364395,0.7488372093023256,0.05660774585329329
0.11203897007654837,0.7488372093023256,0.05661651795991268
0.11211699164345404,0.7488372093023256,0.056637864249286504
0.11227336122733612,0.7488372093023256,0.05663910174627607
0.11165387299371947,0.7441860465116279,0.056645940833831086
0.11180992313067785,0.7441860465116279,0.056653134290073535
0.11188811188811189,0.7441860465116279,0.0566795855617741
0.11204481792717087,0.7441860465116279,0.05668110684127957
0.11150070126227209,0.7395348837209302,0.05668184768116605
0.11157894736842106,0.7395348837209302,0.05669229926290788
0.11165730337078651,0.7395348837209302,0.056702082510388066
0.11173576950105411,0.7395348837209302,0.05670582605725524
0.11181434599156118,0.7395348837209302,0.056714377727386196
0.11189303307529909,0.7395348837209302,0.05672231184829044
0.1119718309859155,0.7395348837209302,0.05673967252030562
0.11212976022566996,0.7395348837209302,0.05674111230896968
0.1122088920254058,0.7395348837209302,0.0567684999064225
0.11228813559322035,0.7395348837209302,0.056795052286713096
0.11236749116607773,0.7395348837209302,0.05681030605699279
0.11252653927813164,0.7395348837209302,0.056818277706600605
0.11260623229461757,0.7395348837209302,0.0568183877068329
0.11268603827072998,0.7395348837209302,0.05682194216716758
0.11284599006387509,0.7395348837209302,0.056826248905088333
0.11221590909090909,0.7348837209302326,0.056835912750985006
0.11245551601423487,0.7348837209302326,0.05685325458532364
0.11253561253561253,0.7348837209302326,0.05687034089981579
0.11261582323592302,0.7348837209302326,0.05688622582618219
0.11269614835948645,0.7348837209302326,0.05688869737037205
0.11277658815132048,0.7348837209302326,0.05689155416537825
0.11285714285714285,0.7348837209302326,0.05689606499599375
0.11293781272337383,0.7348837209302326,0.056905608183791305
0.11301859799713877,0.7348837209302326,0.05691722835864428
0.11238367931281316,0.7302325581395349,0.056926814318801436
0.11246418338108882,0.7302325581395349,0.056928432032108886
0.11182795698924732,0.7255813953488373,0.056962749537322194
0.11190817790530846,0.7255813953488373,0.05696445718581156
0.11127063890882986,0.7209302325581395,0.05696604359416555
0.11135057471264367,0.7209302325581395,0.05697097931660617
0.11143062544931703,0.7209302325581395,0.057018493287985854
0.11151079136690648,0.7209302325581395,0.057024601949964906
0.11159107271418287,0.7209302325581395,0.057051349183822965
0.11167146974063401,0.7209302325581395,0.0570584601368225
0.11175198269646719,0.7209302325581395,0.057061037754733875
0.11183261183261184,0.7209302325581395,0.05707283865644997
0.11191335740072202,0.7209302325581395,0.05707685438775422
0.1119942196531792,0.7209302325581395,0.05708664310282411
0.11207519884309472,0.7209302325581395,0.057087244509856104
0.11223750905141203,0.7209302325581395,0.0570927276752839
0.11231884057971014,0.7209302325581395,0.057094152100902795
0.11240029006526468,0.7209302325581395,0.05714332210322695
0.11248185776487664,0.7209302325581395,0.05714580388166358
0.11256354393609296,0.7209302325581395,0.05716325836906975
0.11264534883720931,0.7209302325581395,0.05717903451123498
0.11272727272727273,0.7209302325581395,0.05718470771728853
0.11280931586608442,0.7209302325581395,0.057190408871844796
0.11216314639475601,0.7162790697674418,0.05723442005270151
0.11224489795918367,0.7162790697674418,0.05725117381537942
0.11232676878191102,0.7162790697674418,0.05725575977375911
0.11240875912408758,0.7162790697674418,0.05725823075494992
0.11249086924762601,0.7162790697674418,0.057258666722165674
0.11257309941520467,0.7162790697674418,0.05726434075613573
0.11265544989027067,0.7162790697674418,0.05727051780846588
0.11273792093704246,0.7162790697674418,0.05727472225694538
0.11282051282051282,0.7162790697674418,0.057279622505320725
0.11290322580645161,0.7162790697674418,0.05729504481740711
0.11298606016140866,0.7162790697674418,0.057309924848962086
0.1130690161527166,0.7162790697674418,0.057311211592378515
0.11315209404849376,0.7162790697674418,0.05733114856833068
0.11356932153392331,0.7162790697674418,0.057353227389950454
0.11365313653136531,0.7162790697674418,0.05738060126538609
0.1137370753323486,0.7162790697674418,0.05739340738239558
0.11382113821138211,0.7162790697674418,0.05740912860885963
0.11390532544378698,0.7162790697674418,0.057410778899608696
0.11398963730569948,0.7162790697674418,0.05743951843039437
0.11407407407407408,0.7162790697674418,0.05746169194362278
0.11415863602668644,0.7162790697674418,0.05747788177515669
0.1142433234421365,0.7162790697674418,0.057479882943996655
0.11432813659985153,0.7162790697674418,0.05748945947873162
0.11441307578008915,0.7162790697674418,0.057497488876881074
0.11449814126394052,0.7162790697674418,0.05751009385913284
0.11458333333333333,0.7162790697674418,0.057511858950338134
0.114668652271035,0.7162790697674418,0.05753607738020516
0.11475409836065574,0.7162790697674418,0.057554867972721455
0.11492537313432835,0.7162790697674418,0.057560519283542146
0.11501120238984316,0.7162790697674418,0.05756261599234538
0.11509715994020926,0.7162790697674418,0.05757185890226596
0.11518324607329843,0.7162790697674418,0.05757218733074671
0.11526946107784432,0.7162790697674418,0.05757860599402568
0.11535580524344569,0.7162790697674418,0.05757949331566974
0.11544227886056972,0.7162790697674418,0.05758501278812387
0.11552888222055514,0.7162790697674418,0.05759260054405124
0.11561561561561562,0.7162790697674418,0.05759309615150462
0.11570247933884298,0.7162790697674418,0.057631005889176114
0.11578947368421053,0.7162790697674418,0.057658931393318937
0.11587659894657637,0.7162790697674418,0.057665287287196235
0.11596385542168675,0.7162790697674418,0.05769739330784411
0.11605124340617935,0.7162790697674418,0.05769910727503277
0.11613876319758673,0.7162790697674418,0.05771194222074237
0.11622641509433962,0.7162790697674418,0.05771549667897522
0.1163141993957704,0.7162790697674418,0.057724746767837384
0.1164021164021164,0.7162790697674418,0.057739840984506914
0.1165783497350492,0.7162790697674418,0.057759431594815974
0.11666666666666667,0.7162790697674418,0.057763745160667374
0.11684370257966616,0.7162790697674418,0.05777519737455526
0.11693242217160213,0.7162790697674418,0.057778950245075476
0.11702127659574468,0.7162790697674418,0.057788693093474224
0.1171993911719939,0.7162790697674418,0.05779394843639045
0.1172886519421173,0.7162790697674418,0.057798420568365594
0.1173780487804878,0.7162790697674418,0.057830300497907466
0.11746758199847444,0.7162790697674418,0.057879874318864113
0.11755725190839694,0.7162790697674418,0.05790103593723722
0.11764705882352941,0.7162790697674418,0.05793018939823538
0.11773700305810397,0.7162790697674418,0.05794619067836139
0.11782708492731446,0.7162790697674418,0.057946781381362576
0.11791730474732007,0.7162790697674418,0.05797368502070387
0.11800766283524904,0.7162790697674418,0.05798437489601461
0.11809815950920245,0.7162790697674418,0.05800519142073144
0.11818879508825787,0.7162790697674418,0.058026714044553535
0.11827956989247312,0.7162790697674418,0.058065304807304735
0.11837048424289008,0.7162790697674418,0.05811093601616237
0.11778290993071594,0.7116279069767442,0.05812378155225244
0.11787365177195686,0.7116279069767442,0.05813192261212455
0.11805555555555555,0.7116279069767442,0.0581633125207566
0.11814671814671815,0.7116279069767442,0.05816857291446765
0.11823802163833076,0.7116279069767442,0.058203772398496494
0.11832946635730858,0.7116279069767442,0.05821541785329447
0.11842105263157894,0.7116279069767442,0.05824154547457552
0.1186046511627907,0.7116279069767442,0.05829306702928167
0.1186966640806827,0.7116279069767442,0.05831253594401423
0.1187888198757764,0.7116279069767442,0.058319468764576866
0.11888111888111888,0.7116279069767442,0.058330583063224785
0.11897356143079316,0.7116279069767442,0.05833665161554824
0.11906614785992217,0.7116279069767442,0.05834644742964739
0.11838006230529595,0.7069767441860465,0.05834905604759109
0.11847233047544817,0.7069767441860465,0.058359604257641556
0.11856474258970359,0.7069767441860465,0.058417516725966935
0.11865729898516784,0.7069767441860465,0.058424405920564616
0.11875,0.7069767441860465,0.0584260053168439
0.11884284597341674,0.7069767441860465,0.0584286879769527
0.1189358372456964,0.7069767441860465,0.058445690802255396
0.11902897415818324,0.7069767441860465,0.05845573346679966
0.11912225705329153,0.7069767441860465,0.05848576073573654
0.1192156862745098,0.7069767441860465,0.058516020564753524
0.11930926216640503,0.7069767441860465,0.058516114552401716
0.11940298507462686,0.7069767441860465,0.058546761929811494
0.11949685534591195,0.7069767441860465,0.058547881543800466
0.11959087332808813,0.7069767441860465,0.05857124538470506
0.11968503937007874,0.7069767441860465,0.05857869465104921
0.11977935382190702,0.7069767441860465,0.058595337815282915
0.11996842936069456,0.7069767441860465,0.0586075130075363
0.12006319115323855,0.7069767441860465,0.05866098312601519
0.12015810276679842,0.7069767441860465,0.05871377505709719
0.12025316455696203,0.7069767441860465,0.0587320719473592
0.12034837688044339,0.7069767441860465,0.05878285333824565
0.12053925455987312,0.7069767441860465,0.05880505797269739
0.12063492063492064,0.7069767441860465,0.05883090007934588
0.12082670906200318,0.7069767441860465,0.05884736143451276
0.12012728719172633,0.7023255813953488,0.058874044043282274
0.12022292993630573,0.7023255813953488,0.05888462721858966
0.12031872509960159,0.7023255813953488,0.058885590075886535
0.12041467304625199,0.7023255813953488,0.058908702324312584
0.12060702875399361,0.7023255813953488,0.058975633150547435
0.12070343725019984,0.7023255813953488,0.05898782939143951
0.1208,0.7023255813953488,0.0590361335995937
0.12089671737389912,0.7023255813953488,0.05904102241921065
0.12099358974358974,0.7023255813953488,0.05906627725628138
0.1210906174819567,0.7023255813953488,0.059093741938198364
0.12118780096308186,0.7023255813953488,0.05912517540877512
0.121285140562249,0.7023255813953488,0.059201763570979136
0.12057877813504823,0.6976744186046512,0.059206453203476624
0.12067578439259855,0.6976744186046512,0.05923778497164819
0.12077294685990338,0.6976744186046512,0.05929400192807305
0.12087026591458501,0.6976744186046512,0.05929440997661215
0.12096774193548387,0.6976744186046512,0.059311158314824336
0.12106537530266344,0.6976744186046512,0.05934445408489229
0.12116316639741519,0.6976744186046512,0.059357418041847784
0.12126111560226355,0.6976744186046512,0.05940739629007596
0.12135922330097088,0.6976744186046512,0.059413580935966145
0.1214574898785425,0.6976744186046512,0.05943500735626607
0.12155591572123177,0.6976744186046512,0.05945149355141414
0.12165450121654502,0.6976744186046512,0.05946289428380927
0.12175324675324675,0.6976744186046512,0.059483050065382057
0.12185215272136475,0.6976744186046512,0.059493890634723524
0.12195121951219512,0.6976744186046512,0.05953730677063469
0.12205044751830757,0.6976744186046512,0.05953782890308507
0.12214983713355049,0.6976744186046512,0.05955448591462343
0.12224938875305623,0.6976744186046512,0.05956237332255778
0.12153344208809136,0.6930232558139535,0.059670783262355885
0.12163265306122449,0.6930232558139535,0.05970935966256578
0.12173202614379085,0.6930232558139535,0.059710289779894475
0.12183156173344235,0.6930232558139535,0.059711124800603366
0.12193126022913257,0.6930232558139535,0.05971519019806714
0.12203112203112203,0.6930232558139535,0.05973265396114783
0.1221311475409836,0.6930232558139535,0.05985452050778468
0.12223133716160788,0.6930232558139535,0.05989646516202643
0.12233169129720854,0.6930232558139535,0.06005027057733702
0.12243221035332785,0.6930232558139535,0.060062878724415285
0.12263374485596708,0.6930232558139535,0.06010790785332397
0.12273476112026359,0.6930232558139535,0.060141450722334476
0.12283594394064304,0.6930232558139535,0.060185249256731244
0.12293729372937294,0.6930232558139535,0.06023384437496834
0.12303881090008258,0.6930232558139535,0.06029903876125406
0.1231404958677686,0.6930232558139535,0.0603933592731695
0.12324234904880066,0.6930232558139535,0.06039995209748023
0.12334437086092716,0.6930232558139535,0.06040005720066269
0.12344656172328086,0.6930232558139535,0.06040416726287186
0.12354892205638475,0.6930232558139535,0.06040671382861724
0.12365145228215768,0.6930232558139535,0.060422999299980434
0.12375415282392027,0.6930232558139535,0.06051353884232358
0.12385702410640066,0.6930232558139535,0.060538308562366396
0.12396006655574043,0.6930232558139535,0.06073650982135384
0.12406328059950042,0.6930232558139535,0.060740208073500127
0.12416666666666666,0.6930232558139535,0.06078315049078015
0.12427022518765637,0.6930232558139535,0.06081591653754957
0.12437395659432388,0.6930232558139535,0.06082308995169089
0.12447786131996658,0.6930232558139535,0.060828939653324324
0.1245819397993311,0.6930232558139535,0.06083208138461886
0.12468619246861924,0.6930232558139535,0.06083242572458479
0.12479061976549413,0.6930232558139535,0.060851001291915556
0.12489522212908634,0.6930232558139535,0.06086223092816012
0.125,0.6930232558139535,0.060869862829298696
0.12510495382031905,0.6930232558139535,0.06087185444892196
0.12521008403361344,0.6930232558139535,0.0608736929592574
0.12531539108494533,0.6930232558139535,0.06087830697824317
0.12542087542087543,0.6930232558139535,0.06089979937133145
0.12563237774030353,0.6930232558139535,0.06095741795469842
0.1257383966244726,0.6930232558139535,0.06099805068810604
0.1258445945945946,0.6930232558139535,0.06100813874879622
0.12595097210481826,0.6930232558139535,0.0610447717384264
0.1260575296108291,0.6930232558139535,0.06107492478130237
0.12616426756985605,0.6930232558139535,0.061087130371334765
0.12627118644067797,0.6930232558139535,0.061100262165475074
0.1263782866836302,0.6930232558139535,0.06119407383323291
0.1264855687606112,0.6930232558139535,0.061197481612515835
0.1265930331350892,0.6930232558139535,0.061293679251254625
0.12680851063829787,0.6930232558139535,0.0613116942998109
0.12691652470187392,0.6930232558139535,0.06142533886498614
0.12617220801364024,0.6883720930232559,0.061462342715840675
0.12627986348122866,0.6883720930232559,0.06146437511718658
0.1263877028181042,0.6883720930232559,0.06147449051441154
0.1264957264957265,0.6883720930232559,0.06149252111020145
0.12660393498716851,0.6883720930232559,0.06149823266084362
0.1267123287671233,0.6883720930232559,0.061501909634705004
0.1268209083119109,0.6883720930232559,0.06158607915177927
0.1269296740994854,0.6883720930232559,0.06163921184590214
0.12714776632302405,0.6883720930232559,0.061694817736511885
0.12725709372312985,0.6883720930232559,0.06171707369458915
0.12736660929432014,0.6883720930232559,0.06173577435627136
0.12747631352282515,0.6883720930232559,0.06174606173208647
0.12758620689655173,0.6883720930232559,0.06188817804569666
0.1276962899050906,0.6883720930232559,0.061900449402901625
0.12780656303972365,0.6883720930232559,0.061905927752147226
0.12791702679343128,0.6883720930232559,0.06193888265096636
0.12802768166089964,0.6883720930232559,0.0620235851660247
0.12813852813852813,0.6883720930232559,0.06203290327233332
0.12824956672443674,0.6883720930232559,0.062035765641480035
0.12836079791847355,0.6883720930232559,0.062070511237766406
0.1284722222222222,0.6883720930232559,0.06208050834993428
0.12858384013900956,0.6883720930232559,0.06209593208251158
0.12869565217391304,0.6883720930232559,0.06211493089661486
0.1288076588337685,0.6883720930232559,0.062136694546355696
0.1289198606271777,0.6883720930232559,0.06215634732863906
0.12903225806451613,0.6883720930232559,0.06225117822385678
0.12914485165794065,0.6883720930232559,0.06226217005147144
0.12925764192139738,0.6883720930232559,0.06230152167518568
0.12937062937062938,0.6883720930232559,0.0623199187404433
0.1294838145231846,0.6883720930232559,0.06232171385700985
0.12971078001752848,0.6883720930232559,0.062325947568277515
0.12982456140350876,0.6883720930232559,0.06247021468725014
0.1299385425812116,0.6883720930232559,0.06251084118748299
0.12917398945518455,0.6837209302325581,0.06252447830445113
0.12928759894459102,0.6837209302325581,0.062620338556747
0.12940140845070422,0.6837209302325581,0.06264567484009648
0.12951541850220263,0.6837209302325581,0.06266739504605064
0.12962962962962962,0.6837209302325581,0.06268595172171304
0.1297440423654016,0.6837209302325581,0.06272740960604536
0.12985865724381626,0.6837209302325581,0.06277601755910935
0.129973474801061,0.6837209302325581,0.06278094421189569
0.13008849557522123,0.6837209302325581,0.06282543416943359
0.13020372010628875,0.6837209302325581,0.0628304898965785
0.13031914893617022,0.6837209302325581,0.06284479878624989
0.129547471162378,0.6790697674418604,0.06287000223615453
0.12966252220248667,0.6790697674418604,0.06288895337971517
0.12977777777777777,0.6790697674418604,0.06300650622158628
0.1298932384341637,0.6790697674418604,0.06302622594684312
0.13000890471950133,0.6790697674418604,0.06303542099014861
0.13012477718360071,0.6790697674418604,0.06304763485553726
0.1302408563782337,0.6790697674418604,0.06305935241725652
0.13035714285714287,0.6790697674418604,0.06306489088392213
0.13047363717605004,0.6790697674418604,0.0630668892468534
0.12981199641897942,0.6744186046511628,0.0630722397739007
0.12992831541218638,0.6744186046511628,0.06312559776533674
0.13004484304932734,0.6744186046511628,0.06312848467222754
0.13016157989228008,0.6744186046511628,0.06313167281116734
0.1303956834532374,0.6744186046511628,0.06315940457361159
0.13051305130513052,0.6744186046511628,0.06318489146300933
0.13063063063063063,0.6744186046511628,0.06319720359132927
0.12984670874661858,0.6697674418604651,0.06319941721617586
0.1299638989169675,0.6697674418604651,0.06320500033290755
0.13008130081300814,0.6697674418604651,0.06321636274307048
0.1301989150090416,0.6697674418604651,0.06322820251651601
0.13031674208144797,0.6697674418604651,0.06325117962425542
0.13043478260869565,0.6697674418604651,0.06325513603471968
0.13055303717135086,0.6697674418604651,0.06335112123980072
0.1306715063520871,0.6697674418604651,0.06342881886803396
0.1307901907356948,0.6697674418604651,0.06347385777593487
0.13090909090909092,0.6697674418604651,0.0634943860434264
0.13102820746132848,0.6697674418604651,0.06353570291136437
0.13114754098360656,0.6697674418604651,0.06357670820289059
0.13126709206927986,0.6697674418604651,0.0636124976145475
0.13138686131386862,0.6697674418604651,0.0636394614743988
0.13150684931506848,0.6697674418604651,0.06374879541165324
0.1316270566727605,0.6697674418604651,0.06374928942490292
0.13174748398902103,0.6697674418604651,0.06384946756198004
0.13186813186813187,0.6697674418604651,0.06386272407989306
0.13198900091659027,0.6697674418604651,0.06392165342738156
0.13211009174311927,0.6697674418604651,0.06393254919581813
0.13131313131313133,0.6651162790697674,0.06394949119453115
0.13143382352941177,0.6651162790697674,0.06395590835818146
0.13155473781048757,0.6651162790697674,0.06411410493011144
0.13075506445672191,0.6604651162790698,0.0641182308502202
0.13087557603686636,0.6604651162790698,0.0641253606847875
0.13099630996309963,0.6604651162790698,0.064271100607811
0.13111726685133887,0.6604651162790698,0.06427547567074705
0.13123844731977818,0.6604651162790698,0.06433079030195335
0.13135985198889916,0.6604651162790698,0.06434110726086666
0.13148148148148148,0.6604651162790698,0.06439752722295594
0.13160333642261354,0.6604651162790698,0.06441620655764797
0.13172541743970315,0.6604651162790698,0.06445043980399245
0.13184772516248838,0.6604651162790698,0.06448760852165308
0.13197026022304834,0.6604651162790698,0.06450723439290236
0.13209302325581396,0.6604651162790698,0.06455708570700325
0.13221601489757914,0.6604651162790698,0.06457669727837449
0.13233923578751164,0.6604651162790698,0.0645869487635394
0.13258636788048553,0.6604651162790698,0.06459507241730357
0.13283442469597756,0.6604651162790698,0.06466398183294322
0.13295880149812733,0.6604651162790698,0.06467364618780508
0.1330834114339269,0.6604651162790698,0.06467416344407853
0.13320825515947468,0.6604651162790698,0.0647023682861943
0.13333333333333333,0.6604651162790698,0.06471316687169747
0.13345864661654136,0.6604651162790698,0.06476409873627154
0.13358419567262464,0.6604651162790698,0.06486434558395573
0.13383600377002827,0.6604651162790698,0.06488314715045061
0.1339622641509434,0.6604651162790698,0.06496080395293635
0.13408876298394712,0.6604651162790698,0.06499023292791137
0.1342155009451796,0.6604651162790698,0.0650728206114787
0.13434247871333965,0.6604651162790698,0.06509942313927079
0.13446969696969696,0.6604651162790698,0.06510892300763359
0.1347248576850095,0.6604651162790698,0.06511255438868935
0.13485280151946819,0.6604651162790698,0.06512402549908641
0.13498098859315588,0.6604651162790698,0.06513401849760418
0.1351094196003806,0.6604651162790698,0.06514870577499898
0.13523809523809524,0.6604651162790698,0.06514972815868088
0.13536701620591038,0.6604651162790698,0.06518153171553907
0.13549618320610687,0.6604651162790698,0.06518715394163385
0.1356255969436485,0.6604651162790698,0.06519164487590329
0.13588516746411483,0.6604651162790698,0.06522098231473646
0.1360153256704981,0.6604651162790698,0.06526715413009196
0.1361457334611697,0.6604651162790698,0.06527997437663914
0.1362763915547025,0.6604651162790698,0.06528326172150357
0.13640730067243034,0.6604651162790698,0.0652844691467297
0.13653846153846153,0.6604651162790698,0.06528597317909388
0.136669874879692,0.6604651162790698,0.06529998852199659
0.13680154142581888,0.6604651162790698,0.06532805230304262
0.1369334619093539,0.6604651162790698,0.06542738386813741
0.13719806763285025,0.6604651162790698,0.06548590963264556
0.13733075435203096,0.6604651162790698,0.06553019421832806
0.13746369796708616,0.6604651162790698,0.06558795080657187
0.1375968992248062,0.6604651162790698,0.06560987105086954
0.1367604267701261,0.6558139534883721,0.06569251950853444
0.13689320388349516,0.6558139534883721,0.06571541905884004
0.13702623906705538,0.6558139534883721,0.065762939885926
0.13715953307392997,0.6558139534883721,0.0657970072608402
0.13729308666017526,0.6558139534883721,0.0658083460401497
0.1364522417153996,0.6511627906976745,0.06582538675591267
0.13560975609756099,0.6465116279069767,0.06588250953448148
0.1357421875,0.6465116279069767,0.06589131116436082
0.13587487781036167,0.6465116279069767,0.06597895897956964
0.1360078277886497,0.6465116279069767,0.06601166502792395
0.13614103819784526,0.6465116279069767,0.06607650198180949
0.13627450980392156,0.6465116279069767,0.06610022313524863
0.13654223968565815,0.6465116279069767,0.06615523277614731
0.13667649950835792,0.6465116279069767,0.06617359154141611
0.13681102362204725,0.6465116279069767,0.0662114496182943
0.13694581280788176,0.6465116279069767,0.06631866372372072
0.13708086785009863,0.6465116279069767,0.06632089553905016
0.1362290227048371,0.641860465116279,0.06633438667499697
0.13636363636363635,0.641860465116279,0.06641047464462785
0.13649851632047477,0.641860465116279,0.06641985500306073
0.13663366336633664,0.641860465116279,0.06645646271351362
0.13676907829534193,0.641860465116279,0.06646514673468482
0.13690476190476192,0.641860465116279,0.06647382974051559
0.13704071499503476,0.641860465116279,0.06653518023912969
0.13717693836978131,0.641860465116279,0.06663313477803173
0.1373134328358209,0.641860465116279,0.0666386792871024
0.13745019920318724,0.641860465116279,0.0666633437947632
0.13758723828514458,0.641860465116279,0.06675728060506582
0.1377245508982036,0.641860465116279,0.06676869730414568
0.13786213786213786,0.641860465116279,0.06676896379594394
0.138,0.641860465116279,0.06677054515094316
0.13813813813813813,0.641860465116279,0.06690339964229783
0.13827655310621242,0.641860465116279,0.06700504755960002
0.13841524573721165,0.641860465116279,0.06707920686626229
0.13855421686746988,0.641860465116279,0.0671032657341069
0.13883299798792756,0.641860465116279,0.06713577717895995
0.13897280966767372,0.641860465116279,0.06713597167524196
0.13911290322580644,0.641860465116279,0.06718743144832032
0.13925327951564076,0.641860465116279,0.06721650245204838
0.1393939393939394,0.641860465116279,0.06723152559288632
0.13953488372093023,0.641860465116279,0.06723791871060245
0.1396761133603239,0.641860465116279,0.06725276933509085
0.1398176291793313,0.641860465116279,0.06727010075499067
0.13995943204868155,0.641860465116279,0.06729500792071794
0.1401015228426396,0.641860465116279,0.06733511452116535
0.1402439024390244,0.641860465116279,0.06739596970631037
0.14038657171922686,0.641860465116279,0.06749319674597128
0.1395112016293279,0.6372093023255814,0.067543555121072
0.1396534148827727,0.6372093023255814,0.06759914920029382
0.13979591836734695,0.6372093023255814,0.06763211528538811
0.13993871297242083,0.6372093023255814,0.06766187461020252
0.14008179959100203,0.6372093023255814,0.06770370288131075
0.14022517911975435,0.6372093023255814,0.06774558312059928
0.13934426229508196,0.6325581395348837,0.06777669333490247
0.13948717948717948,0.6325581395348837,0.06785012214269692
0.13963039014373715,0.6325581395348837,0.06788860711103543
0.1397738951695786,0.6325581395348837,0.06791051999898315
0.13991769547325103,0.6325581395348837,0.06800350081883877
0.1400617919670443,0.6325581395348837,0.0680187708437618
0.1402061855670103,0.6325581395348837,0.06813594316840954
0.14035087719298245,0.6325581395348837,0.06821145230387594
0.14049586776859505,0.6325581395348837,0.06825487064633659
0.140641158221303,0.6325581395348837,0.06831770585980627
0.14078674948240166,0.6325581395348837,0.06838984047903585
0.14093264248704662,0.6325581395348837,0.06839931198983093
0.14107883817427386,0.6325581395348837,0.06846441092601552
0.14137214137214138,0.6325581395348837,0.06856704170578617
0.14151925078043703,0.6325581395348837,0.06857542068963171
0.14166666666666666,0.6325581395348837,0.0685940498422329
0.14181438998957246,0.6325581395348837,0.06869481540337155
0.1419624217118998,0.6325581395348837,0.06870346489848041
0.14211076280041798,0.6325581395348837,0.06873351113758322
0.1412133891213389,0.627906976744186,0.06873436044937463
0.14136125654450263,0.627906976744186,0.06878260056578188
0.14150943396226415,0.627906976744186,0.06882014588282971
0.1416579223504722,0.627906976744186,0.06882386445114891
0.14195583596214512,0.627906976744186,0.06882529863071202
0.14210526315789473,0.627906976744186,0.0688325534336021
0.1422550052687039,0.627906976744186,0.06884563116890752
0.14255543822597677,0.627906976744186,0.06887011832874344
0.1427061310782241,0.627906976744186,0.06887277035607599
0.14285714285714285,0.627906976744186,0.06894358140396303
0.1430084745762712,0.627906976744186,0.06897838906819749
0.14316012725344646,0.627906976744186,0.06903253169750836
0.14331210191082802,0.627906976744186,0.06908693731445952
0.1434643995749203,0.627906976744186,0.0691057979446362
0.14361702127659576,0.627906976744186,0.06916434285040002
0.14376996805111822,0.627906976744186,0.06929058618706095
0.1439232409381663,0.627906976744186,0.06931890653919447
0.144076840981857,0.627906976744186,0.06932183757904466
0.14423076923076922,0.627906976744186,0.06937110016776925
0.1443850267379679,0.627906976744186,0.06942698854944866
0.14453961456102785,0.627906976744186,0.06945928433042345
0.14469453376205788,0.627906976744186,0.06961168415675496
0.14484978540772533,0.627906976744186,0.06965820778057673
0.14500537056928034,0.627906976744186,0.06966548834006701
0.14516129032258066,0.627906976744186,0.06972817173274626
0.1442411194833154,0.6232558139534884,0.06975157285580441
0.14439655172413793,0.6232558139534884,0.0697770288921644
0.14455231930960086,0.6232558139534884,0.06980204799755717
0.1447084233261339,0.6232558139534884,0.06980557740958383
0.14486486486486486,0.6232558139534884,0.06995709182943237
0.14502164502164502,0.6232558139534884,0.06999926848062112
0.14517876489707476,0.6232558139534884,0.07007774290044949
0.14533622559652928,0.6232558139534884,0.07018387543080933
0.1454940282301846,0.6232558139534884,0.0702157258515132
0.14565217391304347,0.6232558139534884,0.0704025343005179
0.14472252448313383,0.6186046511627907,0.07044638111622221
0.144880174291939,0.6186046511627907,0.07053486118628431
0.1450381679389313,0.6186046511627907,0.07056303884492181
0.14519650655021835,0.6186046511627907,0.07068797570294043
0.1453551912568306,0.6186046511627907,0.07074156380256004
0.14551422319474835,0.6186046511627907,0.07075508614098006
0.14457831325301204,0.6139534883720931,0.07076548074433335
0.14473684210526316,0.6139534883720931,0.07086884047018241
0.14489571899012074,0.6139534883720931,0.07088321623137998
0.14395604395604394,0.6093023255813953,0.0709129081435092
0.14411441144114412,0.6093023255813953,0.07092966063578057
0.14427312775330398,0.6093023255813953,0.07096234564363205
0.1444321940463065,0.6093023255813953,0.07098599476178517
0.1445916114790287,0.6093023255813953,0.07103249477149387
0.14475138121546963,0.6093023255813953,0.07111751481802021
0.14491150442477876,0.6093023255813953,0.07114149294007276
0.1450719822812846,0.6093023255813953,0.07122620780921668
0.14523281596452328,0.6093023255813953,0.07127001346904903
0.1453940066592675,0.6093023255813953,0.07131250810939205
0.14444444444444443,0.6046511627906976,0.071314312541588
0.1446051167964405,0.6046511627906976,0.07132782229906665
0.1447661469933185,0.6046511627906976,0.0713329141787309
0.14492753623188406,0.6046511627906976,0.0714168090330516
0.14508928571428573,0.6046511627906976,0.07142076388110329
0.1452513966480447,0.6046511627906976,0.07149562614828857
0.14541387024608501,0.6046511627906976,0.07150180105521338
0.14573991031390135,0.6046511627906976,0.07159869141837108
0.14590347923681257,0.6046511627906976,0.07168259355557285
0.14510686164229472,0.6,0.07171209918687911
0.14527027027027026,0.6,0.0717425258695078
0.14430665163472378,0.5953488372093023,0.07181872012585033
0.14446952595936793,0.5953488372093023,0.07189329773561001
0.14463276836158193,0.5953488372093023,0.07199082605994245
0.14479638009049775,0.5953488372093023,0.07202012130092957
0.1438278595696489,0.5906976744186047,0.07203484224932262
0.14399092970521543,0.5906976744186047,0.0721693122267637
0.14301929625425652,0.586046511627907,0.07216970392936747
0.1431818181818182,0.586046511627907,0.07218895500481101
0.14334470989761092,0.586046511627907,0.07219276544663626
0.14350797266514806,0.586046511627907,0.07220507966956576
0.14253135689851767,0.5813953488372093,0.07222026057400709
0.14269406392694065,0.5813953488372093,0.0722367737617099
0.14285714285714285,0.5813953488372093,0.0722591808083652
0.14302059496567507,0.5813953488372093,0.07229223979120997
0.143184421534937,0.5813953488372093,0.07234175394600423
0.14220183486238533,0.5767441860465117,0.07235527008092132
0.1423650975889782,0.5767441860465117,0.07243042345791872
0.1425287356321839,0.5767441860465117,0.07246269758989447
0.142692750287687,0.5767441860465117,0.07257388754215142
0.14285714285714285,0.5767441860465117,0.07262139775418992
0.14318706697459585,0.5767441860465117,0.07278312176983914
0.14335260115606938,0.5767441860465117,0.07285561246788332
0.14351851851851852,0.5767441860465117,0.07296947800627039
0.14385150812064965,0.5767441860465117,0.0729798838574786
0.1440185830429733,0.5767441860465117,0.0731208917618987
0.14418604651162792,0.5767441860465117,0.0731285739742104
0.14435389988358557,0.5767441860465117,0.07312893197125046
0.1445221445221445,0.5767441860465117,0.07312955523301577
0.14469078179696615,0.5767441860465117,0.07326405442230748
0.14485981308411214,0.5767441860465117,0.07327552733599757
0.14385964912280702,0.5720930232558139,0.07339719317478291
0.14402810304449648,0.5720930232558139,0.07347255081966299
0.14419695193434937,0.5720930232558139,0.07354141528491774
0.1443661971830986,0.5720930232558139,0.07357188286884453
0.1445358401880141,0.5720930232558139,0.0735773248616525
0.14470588235294118,0.5720930232558139,0.07358914418780758
0.14487632508833923,0.5720930232558139,0.07363678902470176
0.14504716981132076,0.5720930232558139,0.07370501792316873
0.14521841794569068,0.5720930232558139,0.07374469897678626
0.1453900709219858,0.5720930232558139,0.07376072243409165
0.1455621301775148,0.5720930232558139,0.0738666550837357
0.14454976303317535,0.5674418604651162,0.07390544927450718
0.14472123368920523,0.5674418604651162,0.07392344017640282
0.14489311163895488,0.5674418604651162,0.0739316380997088
0.1450653983353151,0.5674418604651162,0.07397046366980783
0.14523809523809525,0.5674418604651162,0.07402604160718577
0.14541120381406436,0.5674418604651162,0.07414110200720057
0.14558472553699284,0.5674418604651162,0.07421569840249934
0.14575866188769415,0.5674418604651162,0.07422912364755915
0.145933014354067,0.5674418604651162,0.07428894894684085
0.14610778443113773,0.5674418604651162,0.07435108179902382
0.145083932853717,0.5627906976744186,0.07436290464237891
0.1452581032412965,0.5627906976744186,0.0744129524502989
0.14543269230769232,0.5627906976744186,0.07445581473999571
0.14560770156438027,0.5627906976744186,0.07446895068179023
0.14578313253012049,0.5627906976744186,0.07453503775425692
0.14475271411338964,0.5581395348837209,0.07459265252595117
0.14492753623188406,0.5581395348837209,0.07460528738509718
0.14510278113663846,0.5581395348837209,0.07477896999748335
0.14527845036319612,0.5581395348837209,0.07479401107984343
0.14545454545454545,0.5581395348837209,0.07487249745271467
0.14563106796116504,0.5581395348837209,0.07488464302534346
0.145985401459854,0.5581395348837209,0.07491900602644097
0.146163215590743,0.5581395348837209,0.07492071649262431
0.14634146341463414,0.5581395348837209,0.07503714714646768
0.14652014652014653,0.5581395348837209,0.0750554531306944
0.1466992665036675,0.5581395348837209,0.07513820270778514
0.14687882496940025,0.5581395348837209,0.07517880719864892
0.14705882352941177,0.5581395348837209,0.07519211806978678
0.147239263803681,0.5581395348837209,0.07538099594301591
0.14619164619164618,0.5534883720930233,0.07538176985051513
0.14637146371463713,0.5534883720930233,0.0754833482220435
0.14655172413793102,0.5534883720930233,0.0755969359143567
0.1467324290998767,0.5534883720930233,0.07559892058616015
0.14709517923362175,0.5534883720930233,0.07560049280210002
0.14727722772277227,0.5534883720930233,0.07561256439866448
0.14745972738537794,0.5534883720930233,0.07562181282797036
0.14764267990074442,0.5534883720930233,0.07565931637819422
0.14782608695652175,0.5534883720930233,0.07571782247128676
0.1480099502487562,0.5534883720930233,0.0758287654170329
0.14694894146948942,0.5488372093023256,0.07584798761957186
0.14713216957605985,0.5488372093023256,0.07586473021479254
0.14606741573033707,0.5441860465116279,0.07587944306836929
0.14625,0.5441860465116279,0.07588049177139618
0.14661654135338345,0.5441860465116279,0.07596327885087469
0.14698492462311558,0.5441860465116279,0.07598979723524645
0.1471698113207547,0.5441860465116279,0.07604742047590499
0.1473551637279597,0.5441860465116279,0.07604843403053078
0.14772727272727273,0.5441860465116279,0.07621592914217938
0.14791403286978508,0.5441860465116279,0.07625585020080826
0.14810126582278482,0.5441860465116279,0.07628293279510882
0.14702154626108999,0.5395348837209303,0.07632473882032054
0.14720812182741116,0.5395348837209303,0.07635756375370044
0.1473951715374841,0.5395348837209303,0.0763624090472034
0.1475826972010178,0.5395348837209303,0.07637704028322392
0.14777070063694267,0.5395348837209303,0.07638346650297709
0.14795918367346939,0.5395348837209303,0.07653606097571301
0.14814814814814814,0.5395348837209303,0.07659675825735375
0.1483375959079284,0.5395348837209303,0.07663937051100107
0.14852752880921896,0.5395348837209303,0.07665044006154964
0.14871794871794872,0.5395348837209303,0.076658958854032
0.14890885750962773,0.5395348837209303,0.07672406612815005
0.14910025706940874,0.5395348837209303,0.0768287961140044
0.1492921492921493,0.5395348837209303,0.07683702577456446
0.14948453608247422,0.5395348837209303,0.07687060623552296
0.14967741935483872,0.5395348837209303,0.07688542730313354
0.14987080103359174,0.5395348837209303,0.0768994704106522
0.1500646830530401,0.5395348837209303,0.0769334849045387
0.15025906735751296,0.5395348837209303,0.07705865289719482
0.1504539559014267,0.5395348837209303,0.07710360224327995
0.15064935064935064,0.5395348837209303,0.0772298506095246
0.1508452535760728,0.5395348837209303,0.07730084471574782
0.14973958333333334,0.5348837209302325,0.0773198704623323
0.14993481095176012,0.5348837209302325,0.07737276601879833
0.15013054830287206,0.5348837209302325,0.07745759620693554
0.1503267973856209,0.5348837209302325,0.07764369663500484
0.1505235602094241,0.5348837209302325,0.0776509635990223
0.15072083879423329,0.5348837209302325,0.07765344550484093
0.14960629921259844,0.5302325581395348,0.07766434015375408
0.1498028909329829,0.5302325581395348,0.07771150529954308
0.15,0.5302325581395348,0.07772004376820625
0.15019762845849802,0.5302325581395348,0.07776358891510488
0.15059445178335534,0.5302325581395348,0.07777121717770165
0.15079365079365079,0.5302325581395348,0.07777806547241621
0.1509933774834437,0.5302325581395348,0.07778440809090882
0.15119363395225463,0.5302325581395348,0.07782256433996658
0.15139442231075698,0.5302325581395348,0.07786116143504826
0.15159574468085107,0.5302325581395348,0.07789919612975928
0.151797603195739,0.5302325581395348,0.07794932969646656
0.152,0.5302325581395348,0.07797755375848146
0.15220293724966621,0.5302325581395348,0.07802325651014189
0.15240641711229946,0.5302325581395348,0.07802822896305363
0.15261044176706828,0.5302325581395348,0.07804031225676653
0.15281501340482573,0.5302325581395348,0.078043647502379
0.15302013422818792,0.5302325581395348,0.07805451377803967
0.1532258064516129,0.5302325581395348,0.07810485980550463
0.15343203230148048,0.5302325581395348,0.07813770507298501
0.15363881401617252,0.5302325581395348,0.07814878168791403
0.15384615384615385,0.5302325581395348,0.07817599714541801
0.15405405405405406,0.5302325581395348,0.07827721283546521
0.15426251691474965,0.5302325581395348,0.07832626133327325
0.15447154471544716,0.5302325581395348,0.078367065220274
0.15332428765264586,0.5255813953488372,0.07838219195769437
0.15353260869565216,0.5255813953488372,0.07838607281635608
0.1539509536784741,0.5255813953488372,0.07846408889973074
0.15416098226466576,0.5255813953488372,0.07851576982323445
0.15437158469945356,0.5255813953488372,0.07858249730201376
0.1545827633378933,0.5255813953488372,0.07858331447727612
0.1547945205479452,0.5255813953488372,0.07872073439886122
0.1550068587105624,0.5255813953488372,0.0788884780383135
0.15384615384615385,0.5209302325581395,0.07892492769937087
0.15405777166437415,0.5209302325581395,0.078960673049903
0.15426997245179064,0.5209302325581395,0.0789690573606976
0.15448275862068966,0.5209302325581395,0.07905749211939574
0.15469613259668508,0.5209302325581395,0.07908852677257942
0.15491009681881052,0.5209302325581395,0.07910854241462617
0.15512465373961218,0.5209302325581395,0.07913632445560387
0.1553398058252427,0.5209302325581395,0.07913734697164203
0.15555555555555556,0.5209302325581395,0.07914454545422982
0.15577190542420027,0.5209302325581395,0.0791991366201079
0.15620641562064155,0.5209302325581395,0.07922163587123947
0.1564245810055866,0.5209302325581395,0.07924730706566481
0.15664335664335666,0.5209302325581395,0.07925198397399881
0.1568627450980392,0.5209302325581395,0.07929848223397383
0.1570827489481066,0.5209302325581395,0.079339696511569
0.15730337078651685,0.5209302325581395,0.07934230255397268
0.15752461322081576,0.5209302325581395,0.07937504607048597
0.15774647887323945,0.5209302325581395,0.07938361290696735
0.15796897038081806,0.5209302325581395,0.0794090810389485
0.15677966101694915,0.5162790697674419,0.07942393230121371
0.157001414427157,0.5162790697674419,0.07944113774507507
0.15722379603399433,0.5162790697674419,0.07944613104500381
0.15767045454545456,0.5162790697674419,0.07949418192305935
0.15789473684210525,0.5162790697674419,0.07958488329439724
0.1581196581196581,0.5162790697674419,0.07958776682494277
0.15834522111269614,0.5162790697674419,0.07966112446520295
0.15857142857142856,0.5162790697674419,0.07967527650819668
0.15879828326180256,0.5162790697674419,0.07975600087691781
0.15902578796561603,0.5162790697674419,0.07975715662412883
0.15925394548063126,0.5162790697674419,0.07977132784818836
0.15948275862068967,0.5162790697674419,0.07979112801801597
0.15971223021582734,0.5162790697674419,0.07979187385942356
0.1585014409221902,0.5116279069767442,0.07983768424861604
0.15728715728715728,0.5069767441860465,0.07984138947056588
0.157514450867052,0.5069767441860465,0.07986403451518172
0.1577424023154848,0.5069767441860465,0.08003918706931351
0.15797101449275364,0.5069767441860465,0.08006673377203004
0.15820029027576196,0.5069767441860465,0.0801013791568207
0.15843023255813954,0.5069767441860465,0.08010324748300324
0.1572052401746725,0.5023255813953489,0.08012905956435118
0.15743440233236153,0.5023255813953489,0.08016528435677975
0.15766423357664233,0.5023255813953489,0.08021552367692077
0.15789473684210525,0.5023255813953489,0.08021915566239392
0.1581259150805271,0.5023255813953489,0.0802293440528462
0.15835777126099707,0.5023255813953489,0.0802467079978301
0.15859030837004406,0.5023255813953489,0.08027943055747792
0.1588235294117647,0.5023255813953489,0.08031811384176149
0.15905743740795286,0.5023255813953489,0.08033050902702732
0.15952732644017725,0.5023255813953489,0.08035479937803103
0.15976331360946747,0.5023255813953489,0.08041303132104474
0.16,0.5023255813953489,0.08047257312041174
0.16023738872403562,0.5023255813953489,0.08055108065742306
0.16047548291233285,0.5023255813953489,0.08056910119694058
0.16071428571428573,0.5023255813953489,0.08060262836433364
0.16095380029806258,0.5023255813953489,0.08075520173721991
0.16119402985074627,0.5023255813953489,0.08083110823467597
0.15994020926756353,0.49767441860465117,0.08084164120983889
0.1601796407185629,0.49767441860465117,0.08085619233735267
0.16041979010494753,0.49767441860465117,0.08093737994733557
0.16066066066066065,0.49767441860465117,0.08097422763579105
0.16090225563909774,0.49767441860465117,0.0809893226963472
0.16114457831325302,0.49767441860465117,0.08102051659419691
0.16138763197586728,0.49767441860465117,0.08114550832583077
0.16012084592145015,0.4930232558139535,0.08114613111374894
0.16036308623298035,0.4930232558139535,0.08116569668217176
0.1606060606060606,0.4930232558139535,0.08118322307310767
0.16084977238239756,0.4930232558139535,0.08124162097512426
0.1613394216133942,0.4930232558139535,0.08132040747668115
0.16158536585365854,0.4930232558139535,0.08140466647888592
0.1618320610687023,0.4930232558139535,0.0814772489805283
0.1620795107033639,0.4930232558139535,0.08147908913972077
0.16232771822358347,0.4930232558139535,0.08149116263982399
0.16257668711656442,0.4930232558139535,0.08149239673650041
0.16282642089093702,0.4930232558139535,0.08151397292747359
0.16307692307692306,0.4930232558139535,0.08152262230834129
0.1633281972265023,0.4930232558139535,0.08155434476196505
0.16358024691358025,0.4930232558139535,0.0815900390706708
0.16228748068006182,0.4883720930232558,0.0816429075005085
0.16253869969040247,0.4883720930232558,0.08168183474124012
0.16279069767441862,0.4883720930232558,0.08188169496612405
0.16304347826086957,0.4883720930232558,0.08190707226861076
0.16329704510108864,0.4883720930232558,0.08194858531393621
0.16355140186915887,0.4883720930232558,0.08195417483187509
0.16380655226209048,0.4883720930232558,0.08196189033947146
0.1640625,0.4883720930232558,0.08200337745025194
0.162754303599374,0.48372093023255813,0.08203686803838323
0.16300940438871472,0.48372093023255813,0.0820672249238149
0.16326530612244897,0.48372093023255813,0.0820826231509522
0.16352201257861634,0.48372093023255813,0.08215782127357904
0.16377952755905512,0.48372093023255813,0.08222837077312357
0.1640378548895899,0.48372093023255813,0.08226637037520435
0.16429699842022116,0.48372093023255813,0.08230479092034405
0.16455696202531644,0.48372093023255813,0.08232925766109439
0.16323296354992076,0.4790697674418605,0.08233187380011119
0.1634920634920635,0.4790697674418605,0.08236547960784733
0.16375198728139906,0.4790697674418605,0.08248340890523641
0.1624203821656051,0.4744186046511628,0.08258012278845667
0.16267942583732056,0.4744186046511628,0.08258039339754375
0.16293929712460065,0.4744186046511628,0.08266762575969487
0.1632,0.4744186046511628,0.08271614566466182
0.16346153846153846,0.4744186046511628,0.08275049145138795
0.1637239165329053,0.4744186046511628,0.08280006598150104
0.1639871382636656,0.4744186046511628,0.08282281046836798
0.16264090177133655,0.4697674418604651,0.08285387994250602
0.16129032258064516,0.46511627906976744,0.0828767255110966
0.15993537964458804,0.4604651162790698,0.08288178595177648
0.16019417475728157,0.4604651162790698,0.08295237218355164
0.15883306320907617,0.4558139534883721,0.08298543890452244
0.1590909090909091,0.4558139534883721,0.08300125981597194
0.15934959349593497,0.4558139534883721,0.08301544724012194
0.15960912052117263,0.4558139534883721,0.08302431018402454
0.1598694942903752,0.4558139534883721,0.08304470504701615
0.16013071895424835,0.4558139534883721,0.08307421785511444
0.16039279869067102,0.4558139534883721,0.08308514185115957
0.16065573770491803,0.4558139534883721,0.08310936015349125
0.16091954022988506,0.4558139534883721,0.08313028710416123
0.1611842105263158,0.4558139534883721,0.08318031842936874
0.1614497528830313,0.4558139534883721,0.08319154191061323
0.1617161716171617,0.4558139534883721,0.08322451826084455
0.16198347107438016,0.4558139534883721,0.08328156232698868
0.16225165562913907,0.4558139534883721,0.08328439330604276
0.1625207296849088,0.4558139534883721,0.083298611030001
0.16279069767441862,0.4558139534883721,0.08336980699105519
0.16306156405990016,0.4558139534883721,0.0834475657359682
0.16333333333333333,0.4558139534883721,0.08344761327398721
0.1636060100166945,0.4558139534883721,0.08347838978009754
0.16387959866220736,0.4558139534883721,0.08360190296904305
0.16415410385259632,0.4558139534883721,0.08360686040269806
0.1644295302013423,0.4558139534883721,0.08362878277684045
0.16470588235294117,0.4558139534883721,0.08364156161797517
0.16498316498316498,0.4558139534883721,0.08367426371360595
0.16526138279932545,0.4558139534883721,0.08368730885924475
0.16554054054054054,0.4558139534883721,0.08370900005082399
0.16412859560067683,0.4511627906976744,0.08375443983818918
0.16440677966101694,0.4511627906976744,0.08375968902872778
0.16468590831918506,0.4511627906976744,0.08378282293633182
0.1649659863945578,0.4511627906976744,0.08380283244307374
0.16524701873935263,0.4511627906976744,0.0838567887790166
0.16552901023890784,0.4511627906976744,0.08390469853691469
0.1658119658119658,0.4511627906976744,0.08396912688567762
0.1660958904109589,0.4511627906976744,0.08411809204933116
0.16638078902229847,0.4511627906976744,0.08412682495135448
0.16666666666666666,0.4511627906976744,0.0841391040550968
0.16695352839931152,0.4511627906976744,0.084157945000003
0.16724137931034483,0.4511627906976744,0.08418012245687055
0.16753022452504318,0.4511627906976744,0.08420524111608328
0.16782006920415224,0.4511627906976744,0.08422292693484647
0.1681109185441941,0.4511627906976744,0.08423133645678287
0.1684027777777778,0.4511627906976744,0.08429564006116386
0.16869565217391305,0.4511627906976744,0.08430603804813425
0.16898954703832753,0.4511627906976744,0.08431806036673466
0.16928446771378708,0.4511627906976744,0.0843610610410413
0.16958041958041958,0.4511627906976744,0.08437042211429681
0.16987740805604204,0.4511627906976744,0.08437435842217238
0.17017543859649123,0.4511627906976744,0.0844613054708506
0.1704745166959578,0.4511627906976744,0.08450203517890613
0.16901408450704225,0.44651162790697674,0.08453509683923027
0.1693121693121693,0.44651162790697674,0.0845674778530357
0.1696113074204947,0.44651162790697674,0.08462292518278641
0.16991150442477876,0.44651162790697674,0.0846416034755809
0.1702127659574468,0.44651162790697674,0.08477670726626714
0.1705150976909414,0.44651162790697674,0.08499584076519646
0.16903914590747332,0.4418604651162791,0.08502544523881436
0.16934046345811052,0.4418604651162791,0.08503942559633346
0.16964285714285715,0.4418604651162791,0.08504591521464526
0.16994633273703041,0.4418604651162791,0.08506581940982572
0.16845878136200718,0.4372093023255814,0.08509988800703264
0.1687612208258528,0.4372093023255814,0.08514213637359701
0.16906474820143885,0.4372093023255814,0.08514525851928514
0.16967509025270758,0.4372093023255814,0.08515912490800799
0.16998191681735986,0.4372093023255814,0.0852030418103001
0.17028985507246377,0.4372093023255814,0.0852747052674043
0.1705989110707804,0.4372093023255814,0.0852874080291522
0.1690909090909091,0.4325581395348837,0.08534715174528267
0.16939890710382513,0.4325581395348837,0.0853588953649792
0.16970802919708028,0.4325581395348837,0.08537025139099555
0.170018281535649,0.4325581395348837,0.08545721751955723
0.17032967032967034,0.4325581395348837,0.08547535486246392
0.1706422018348624,0.4325581395348837,0.08552092983322647
0.17095588235294118,0.4325581395348837,0.08552558700214717
0.1712707182320442,0.4325581395348837,0.08555867298626892
0.17158671586715868,0.4325581395348837,0.08559361445025707
0.17190388170055454,0.4325581395348837,0.08563784020541979
0.17222222222222222,0.4325581395348837,0.0856682917739005
0.1725417439703154,0.4325581395348837,0.08583974805465362
0.17286245353159851,0.4325581395348837,0.08584256861538088
0.17318435754189945,0.4325581395348837,0.08589824761126112
0.17350746268656717,0.4325581395348837,0.08596486878667066
0.17196261682242991,0.42790697674418604,0.08598654542305861
0.17228464419475656,0.42790697674418604,0.08600966630087077
0.1726078799249531,0.42790697674418604,0.08608635797467004
0.17293233082706766,0.42790697674418604,0.08612728077470913
0.17325800376647835,0.42790697674418604,0.08613534646542323
0.17358490566037735,0.42790697674418604,0.08615609006109484
0.17391304347826086,0.42790697674418604,0.08617191695129223
0.17424242424242425,0.42790697674418604,0.08624775168065847
0.174573055028463,0.42790697674418604,0.08626005189272962
0.17490494296577946,0.42790697674418604,0.08629485598543066
0.17523809523809525,0.42790697674418604,0.08634179675904857
0.17557251908396945,0.42790697674418604,0.08636025743245314
0.17590822179732313,0.42790697674418604,0.08644570813969157
0.1743295019157088,0.4232558139534884,0.08647254077064394
0.1746641074856046,0.4232558139534884,0.0865897274135072
0.175,0.4232558139534884,0.08661558174962922
0.17533718689788053,0.4232558139534884,0.08667419777686933
0.17567567567567569,0.4232558139534884,0.08678919784848313
0.1760154738878143,0.4232558139534884,0.08679710604484425
0.17635658914728683,0.4232558139534884,0.08681624593343792
0.1766990291262136,0.4232558139534884,0.08681818425064691
0.17704280155642024,0.4232558139534884,0.0869980038876466
0.17738791423001948,0.4232558139534884,0.08705764781278466
0.177734375,0.4232558139534884,0.08710244470556726
0.1780821917808219,0.4232558139534884,0.08712560133354477
0.17647058823529413,0.4186046511627907,0.08726413490309336
0.17681728880157171,0.4186046511627907,0.08736999758737302
0.17519685039370078,0.413953488372093,0.08739655125869503
0.1755424063116371,0.413953488372093,0.08750163229296697
0.17588932806324112,0.413953488372093,0.0875411658479634
0.17623762376237623,0.413953488372093,0.08757684561803888
0.1765873015873016,0.413953488372093,0.08760541921554131
0.1749502982107356,0.40930232558139534,0.08767646398105845
0.1752988047808765,0.40930232558139534,0.08770546866350383
0.17564870259481039,0.40930232558139534,0.08782735761074167
0.176,0.40930232558139534,0.08794486002787623
0.17635270541082165,0.40930232558139534,0.08811201593994127
0.17670682730923695,0.40930232558139534,0.08811482383415581
0.17706237424547283,0.40930232558139534,0.08812707810380221
0.1774193548387097,0.40930232558139534,0.08817520989611696
0.17777777777777778,0.40930232558139534,0.08817548593969671
0.17611336032388664,0.4046511627906977,0.0883523469677822
0.17647058823529413,0.4046511627906977,0.08835505292158151
0.17682926829268292,0.4046511627906977,0.08835796689271727
0.17718940936863545,0.4046511627906977,0.08839877525821117
0.17755102040816326,0.4046511627906977,0.08841885188658542
0.17791411042944785,0.4046511627906977,0.08841977306950452
0.1762295081967213,0.4,0.08848080931940414
0.17659137577002054,0.4,0.08861431033538221
0.17695473251028807,0.4,0.08870005582422717
0.177319587628866,0.4,0.08870024297158367
0.17768595041322313,0.4,0.0887178903604272
0.17805383022774326,0.4,0.08874631257887504
0.17842323651452283,0.4,0.08882850153515766
0.1787941787941788,0.4,0.08887504539573668
0.17916666666666667,0.4,0.0888828625909656
0.17745302713987474,0.3953488372093023,0.0889060599455516
0.17819706498951782,0.3953488372093023,0.08891467139257217
0.17857142857142858,0.3953488372093023,0.08894429201027938
0.17894736842105263,0.3953488372093023,0.08901765101444857
0.17932489451476794,0.3953488372093023,0.08902823794929413
0.17970401691331925,0.3953488372093023,0.08914030499640653
0.18008474576271186,0.3953488372093023,0.08922029420550431
0.18046709129511676,0.3953488372093023,0.08926636396426162
0.18085106382978725,0.3953488372093023,0.08928402370608313
0.1812366737739872,0.3953488372093023,0.08939205127011543
0.18162393162393162,0.3953488372093023,0.08939455978797349
0.18201284796573874,0.3953488372093023,0.08940144158613432
0.1827956989247312,0.3953488372093023,0.08943418864876133
0.18318965517241378,0.3953488372093023,0.08943835118188687
0.18142548596112312,0.39069767441860465,0.0894747776015811
0.18181818181818182,0.39069767441860465,0.08955286481228335
0.1822125813449024,0.39069767441860465,0.0897830970197962
0.1826086956521739,0.39069767441860465,0.08984397395489639
0.1830065359477124,0.39069767441860465,0.0899018272231275
0.1812227074235808,0.386046511627907,0.08992851067074949
0.18161925601750548,0.386046511627907,0.08996098197901337
0.18201754385964913,0.386046511627907,0.09016149526588785
0.1824175824175824,0.386046511627907,0.09021253043594661
0.1828193832599119,0.386046511627907,0.09022975826439886
0.18322295805739514,0.386046511627907,0.09026587907270806
0.1836283185840708,0.386046511627907,0.09030338802993434
0.18403547671840353,0.386046511627907,0.09040514224116017
0.18444444444444444,0.386046511627907,0.09043821079198915
0.18485523385300667,0.386046511627907,0.09044371337016358
0.18526785714285715,0.386046511627907,0.09065206989321191
0.18568232662192394,0.386046511627907,0.09074354904538388
0.18385650224215247,0.3813953488372093,0.09075676236489774
0.1842696629213483,0.3813953488372093,0.09081135151833591
0.18468468468468469,0.3813953488372093,0.0908136864932751
0.18510158013544017,0.3813953488372093,0.09083710981221493
0.18552036199095023,0.3813953488372093,0.09101525521848956
0.18594104308390022,0.3813953488372093,0.09115687115310939
0.18636363636363637,0.3813953488372093,0.09125047514253522
0.1867881548974943,0.3813953488372093,0.09130540437471572
0.1872146118721461,0.3813953488372093,0.0913170210749845
0.18764302059496568,0.3813953488372093,0.09137644193543812
0.18807339449541285,0.3813953488372093,0.09152282840691606
0.18850574712643678,0.3813953488372093,0.09153741876585034
0.18663594470046083,0.3767441860465116,0.09166022502381377
0.18706697459584296,0.3767441860465116,0.09173907607164314
0.18518518518518517,0.37209302325581395,0.09179833639693095
0.18561484918793503,0.37209302325581395,0.09181472090288302
0.18604651162790697,0.37209302325581395,0.09183903290948325
0.1864801864801865,0.37209302325581395,0.0919302086062844
0.18691588785046728,0.37209302325581395,0.09193795893565351
0.1873536299765808,0.37209302325581395,0.0920116023063004
0.18779342723004694,0.37209302325581395,0.09201647310372245
0.18823529411764706,0.37209302325581395,0.09213008890262067
0.18867924528301888,0.37209302325581395,0.09215298866248109
0.18912529550827423,0.37209302325581395,0.09216288854481045
0.1895734597156398,0.37209302325581395,0.09219456750573717
0.19002375296912113,0.37209302325581395,0.09221989640300594
0.19047619047619047,0.37209302325581395,0.09223379696971327
0.1909307875894988,0.37209302325581395,0.09223740356265143
0.19138755980861244,0.37209302325581395,0.09223904089627535
0.19184652278177458,0.37209302325581395,0.092293789860911
0.18990384615384615,0.3674418604651163,0.09231666855294524
0.19036144578313252,0.3674418604651163,0.09238904875760648
0.19082125603864733,0.3674418604651163,0.09239098651550359
0.19128329297820823,0.3674418604651163,0.09253933256285574
0.19174757281553398,0.3674418604651163,0.09254538714161861
0.1922141119221411,0.3674418604651163,0.09259920876999123
0.1926829268292683,0.3674418604651163,0.09269398128570457
0.19315403422982885,0.3674418604651163,0.09271134542458528
0.19117647058823528,0.3627906976744186,0.09275639830152424
0.19164619164619165,0.3627906976744186,0.09275687539980301
0.1921182266009852,0.3627906976744186,0.09278510186442515
0.19012345679012346,0.3581395348837209,0.09286393789750418
0.18811881188118812,0.35348837209302325,0.09291998200389083
0.18610421836228289,0.3488372093023256,0.09301749368611144
0.18407960199004975,0.34418604651162793,0.09304847295911042
0.18453865336658354,0.34418604651162793,0.0930778713266299
0.185,0.34418604651162793,0.09308897405440109
0.18546365914786966,0.34418604651162793,0.09316000658176454
0.18592964824120603,0.34418604651162793,0.09319488554203893
0.18639798488664988,0.34418604651162793,0.09326515513033322
0.18434343434343434,0.3395348837209302,0.09345581337098545
0.1848101265822785,0.3395348837209302,0.09349605951520476
0.18527918781725888,0.3395348837209302,0.09355417925553647
0.18575063613231552,0.3395348837209302,0.0935972103394795
0.18622448979591838,0.3395348837209302,0.0936524206913735
0.1867007672634271,0.3395348837209302,0.09365980207268332
0.18461538461538463,0.33488372093023255,0.09371010580640478
0.18508997429305912,0.33488372093023255,0.09371474302311754
0.18556701030927836,0.33488372093023255,0.09375250125613381
0.18604651162790697,0.33488372093023255,0.09377370968250062
0.18652849740932642,0.33488372093023255,0.0939483453110234
0.18701298701298702,0.33488372093023255,0.09400762166131595
0.1875,0.33488372093023255,0.09414697572781679
0.18798955613577023,0.33488372093023255,0.09422908941989674
0.18848167539267016,0.33488372093023255,0.09426640066582202
0.1889763779527559,0.33488372093023255,0.09434662551249137
0.18947368421052632,0.33488372093023255,0.09436384940730361
0.18997361477572558,0.33488372093023255,0.0944046599183532
0.19047619047619047,0.33488372093023255,0.09442252180573962
0.1909814323607427,0.33488372093023255,0.09444822101220421
0.19148936170212766,0.33488372093023255,0.09445017065709019
0.192,0.33488372093023255,0.09445671412889523
0.1925133689839572,0.33488372093023255,0.09453192516088789
0.19302949061662197,0.33488372093023255,0.0945522878779942
0.19086021505376344,0.3302325581395349,0.09457283755109655
0.19137466307277629,0.3302325581395349,0.09459684465504302
0.1918918918918919,0.3302325581395349,0.09467412108209149
0.19241192411924118,0.3302325581395349,0.09494248934490132
0.19293478260869565,0.3302325581395349,0.09505160361201531
0.19346049046321526,0.3302325581395349,0.09520709682182826
0.19398907103825136,0.3302325581395349,0.09523271086855375
0.19452054794520549,0.3302325581395349,0.09524146829266257
0.19505494505494506,0.3302325581395349,0.09524420679724187
0.19559228650137742,0.3302325581395349,0.0953333088998698
0.19613259668508287,0.3302325581395349,0.09537249706121875
0.19667590027700832,0.3302325581395349,0.09539341981331081
0.19722222222222222,0.3302325581395349,0.0955162442178348
0.1977715877437326,0.3302325581395349,0.09557816574227015
0.19832402234636873,0.3302325581395349,0.0957981956524127
0.19887955182072828,0.3302325581395349,0.09583457160044973
0.199438202247191,0.3302325581395349,0.09583905593049348
0.2,0.3302325581395349,0.09585336435405115
0.20056497175141244,0.3302325581395349,0.09595926787600297
0.20113314447592068,0.3302325581395349,0.0959599948300756
0.20170454545454544,0.3302325581395349,0.0959699067138285
0.2022792022792023,0.3302325581395349,0.09598184254712
0.20285714285714285,0.3302325581395349,0.09599939697937607
0.2034383954154728,0.3302325581395349,0.09614606067026962
0.20402298850574713,0.3302325581395349,0.0961833410984344
0.20461095100864554,0.3302325581395349,0.09625629153919449
0.20520231213872833,0.3302325581395349,0.09629089108149673
0.20579710144927535,0.3302325581395349,0.09636934049089943
0.2063953488372093,0.3302325581395349,0.09637592983826133
0.20408163265306123,0.32558139534883723,0.0964193995938115
0.2046783625730994,0.32558139534883723,0.09642576894561443
0.20527859237536658,0.32558139534883723,0.0965432995515279
0.20294117647058824,0.3209302325581395,0.09655389407529816
0.20353982300884957,0.3209302325581395,0.09656270536502123
0.20414201183431951,0.3209302325581395,0.09670389210835417
0.20474777448071216,0.3209302325581395,0.09679609251962895
0.20238095238095238,0.31627906976744186,0.09690566899867034
0.20298507462686566,0.31627906976744186,0.09713168458549894
0.20359281437125748,0.31627906976744186,0.09714645696612763
0.2042042042042042,0.31627906976744186,0.09727592453828884
0.20481927710843373,0.31627906976744186,0.09729397844532958
0.2054380664652568,0.31627906976744186,0.09738724439282825
0.20606060606060606,0.31627906976744186,0.09739813629070804
0.2066869300911854,0.31627906976744186,0.09740980167523687
0.2073170731707317,0.31627906976744186,0.09744198785361763
0.20795107033639143,0.31627906976744186,0.09761211377912185
0.2085889570552147,0.31627906976744186,0.09776910999966494
0.20923076923076922,0.31627906976744186,0.09777673166591551
0.20679012345679013,0.3116279069767442,0.09789919523842022
0.2043343653250774,0.30697674418604654,0.09805889586046963
0.20496894409937888,0.30697674418604654,0.09811816333524259
0.205607476635514,0.30697674418604654,0.09817488150896664
0.203125,0.3023255813953488,0.09822544973891194
0.20376175548589343,0.3023255813953488,0.09823327526250686
0.20125786163522014,0.29767441860465116,0.09827403980815332
0.20189274447949526,0.29767441860465116,0.09827424323589322
0.20253164556962025,0.29767441860465116,0.09833705164112808
0.20317460317460317,0.29767441860465116,0.09835248881951045
0.20447284345047922,0.29767441860465116,0.09847945757210788
0.20512820512820512,0.29767441860465116,0.0985830419009537
0.2057877813504823,0.29767441860465116,0.09858694772730846
0.2064516129032258,0.29767441860465116,0.09859755584910185
0.20711974110032363,0.29767441860465116,0.09860627574542423
0.2077922077922078,0.29767441860465116,0.0987053321498154
0.20846905537459284,0.29767441860465116,0.09875152284086312
0.20915032679738563,0.29767441860465116,0.09883709732339299
0.2098360655737705,0.29767441860465116,0.09900539282171116
0.21052631578947367,0.29767441860465116,0.09901325125128743
0.21122112211221122,0.29767441860465116,0.09905930968812113
0.20860927152317882,0.2930232558139535,0.09913398207238536
0.2059800664451827,0.28837209302325584,0.0992428221714163
0.20666666666666667,0.28837209302325584,0.09928297148914286
0.2040133779264214,0.2837209302325581,0.09937456378733925
0.20469798657718122,0.2837209302325581,0.09951327850363974
0.2053872053872054,0.2837209302325581,0.09966727883064225
0.20608108108108109,0.2837209302325581,0.09970603289528189
0.20677966101694914,0.2837209302325581,0.09983576076244748
0.20748299319727892,0.2837209302325581,0.09986207137430402
0.20477815699658702,0.27906976744186046,0.09992893885582783
0.2054794520547945,0.27906976744186046,0.0999583166244958
0.2027491408934708,0.2744186046511628,0.1001512916121244
0.20344827586206896,0.2744186046511628,0.1005501942493037
0.2041522491349481,0.2744186046511628,0.10056054877651319
0.2048611111111111,0.2744186046511628,0.10073831383096181
0.20557491289198607,0.2744186046511628,0.10079868954320566
0.2062937062937063,0.2744186046511628,0.10080232952036333
0.20701754385964913,0.2744186046511628,0.10092662170755294
0.20774647887323944,0.2744186046511628,0.10100711653023091
0.20848056537102475,0.2744186046511628,0.10105829067849566
0.20921985815602837,0.2744186046511628,0.10123548567247632
0.21071428571428572,0.2744186046511628,0.10126958321502694
0.2114695340501792,0.2744186046511628,0.10127531272665859
0.20863309352517986,0.26976744186046514,0.10135406567111457
0.20938628158844766,0.26976744186046514,0.10147500738965158
0.21014492753623187,0.26976744186046514,0.10152452023518187
0.2109090909090909,0.26976744186046514,0.10160625473003562
0.2116788321167883,0.26976744186046514,0.10161813643245379
0.21245421245421245,0.26976744186046514,0.10180099141300357
0.21323529411764705,0.26976744186046514,0.10181918815043223
0.2140221402214022,0.26976744186046514,0.1019544242893418
0.21481481481481482,0.26976744186046514,0.10200665611201373
0.21189591078066913,0.2651162790697674,0.10206879321110623
0.2126865671641791,0.2651162790697674,0.10227040915115194
0.21348314606741572,0.2651162790697674,0.10238261520464811
0.21428571428571427,0.2651162790697674,0.10239792629416243
0.21509433962264152,0.2651162790697674,0.10268245779228737
0.21212121212121213,0.26046511627906976,0.10271017242215662
0.21292775665399238,0.26046511627906976,0.1027167566476401
0.21374045801526717,0.26046511627906976,0.10272886805125381
0.210727969348659,0.2558139534883721,0.10282840151977268
0.21153846153846154,0.2558139534883721,0.10295313531780807
0.21235521235521235,0.2558139534883721,0.10298069411835709
0.2131782945736434,0.2558139534883721,0.10306700579293417
0.2140077821011673,0.2558139534883721,0.10345915993573686
0.21484375,0.2558139534883721,0.10347740353508574
0.21568627450980393,0.2558139534883721,0.10358493610333881
0.21653543307086615,0.2558139534883721,0.10362090143577529
0.21739130434782608,0.2558139534883721,0.10387205971428767
0.21825396825396826,0.2558139534883721,0.10392158400099212
0.21912350597609562,0.2558139534883721,0.10431340862472556
0.22,0.2558139534883721,0.10461482146786942
0.22088353413654618,0.2558139534883721,0.10470901039076218
0.2217741935483871,0.2558139534883721,0.10473976326500554
0.22267206477732793,0.2558139534883721,0.10479819404394017
0.22357723577235772,0.2558139534883721,0.10486318811399056
0.22448979591836735,0.2558139534883721,0.10522493112185051
0.22540983606557377,0.2558139534883721,0.10523851442830966
0.2222222222222222,0.25116279069767444,0.10525759180286687
0.2231404958677686,0.25116279069767444,0.10528164123640454
0.21991701244813278,0.24651162790697675,0.1055902968990212
0.22083333333333333,0.24651162790697675,0.10567994534171916
0.2217573221757322,0.24651162790697675,0.10568690248286766
0.22268907563025211,0.24651162790697675,0.10584863056292868
0.22362869198312235,0.24651162790697675,0.10592574627519799
0.2245762711864407,0.24651162790697675,0.10597970475434447
0.225531914893617,0.24651162790697675,0.10602419147737285
0.2264957264957265,0.24651162790697675,0.10613360525451812
0.22746781115879827,0.24651162790697675,0.1061536206567881
0.22844827586206898,0.24651162790697675,0.10638786505325572
0.22943722943722944,0.24651162790697675,0.10641026668000753
0.23043478260869565,0.24651162790697675,0.10657263852271354
0.2314410480349345,0.24651162790697675,0.10660879258382906
0.2324561403508772,0.24651162790697675,0.10665000815248615
0.23348017621145375,0.24651162790697675,0.10671020771178377
0.2345132743362832,0.24651162790697675,0.10714345206569519
0.23555555555555555,0.24651162790697675,0.10715548645899253
0.23660714285714285,0.24651162790697675,0.10720571201247803
0.23766816143497757,0.24651162790697675,0.10759976072119103
0.23873873873873874,0.24651162790697675,0.10766723965979759
0.2398190045248869,0.24651162790697675,0.10776369535592009
0.2409090909090909,0.24651162790697675,0.1079066053992537
0.2420091324200913,0.24651162790697675,0.10792361843587849
0.24311926605504589,0.24651162790697675,0.10800898784756002
0.23963133640552994,0.24186046511627907,0.10801336130281322
0.24074074074074073,0.24186046511627907,0.10850533463249708
0.24186046511627907,0.24186046511627907,0.10865764019760275
0.24299065420560748,0.24186046511627907,0.10882219418067086
0.24413145539906103,0.24186046511627907,0.10883182117059916
0.24528301886792453,0.24186046511627907,0.1090106528046557
0.24644549763033174,0.24186046511627907,0.10919512835372795
0.24761904761904763,0.24186046511627907,0.10920480281680192
0.24880382775119617,0.24186046511627907,0.10924654683387089
0.25,0.24186046511627907,0.10935700210507128
0.25120772946859904,0.24186046511627907,0.10939220831717447
0.24757281553398058,0.2372093023255814,0.1094931492630156
0.24878048780487805,0.2372093023255814,0.10964138119052627
0.24509803921568626,0.23255813953488372,0.1099943870167354
0.24630541871921183,0.23255813953488372,0.1101321178465729
0.24257425742574257,0.22790697674418606,0.11013902753209724
0.23880597014925373,0.22325581395348837,0.11018423904166043
0.24,0.22325581395348837,0.11050428583924114
0.24120603015075376,0.22325581395348837,0.11058420842904039
0.24242424242424243,0.22325581395348837,0.1107068764997294
0.23857868020304568,0.2186046511627907,0.11091059468328271
0.23979591836734693,0.2186046511627907,0.11132469874113667
0.24102564102564103,0.2186046511627907,0.11165696416203207
0.23711340206185566,0.21395348837209302,0.11179248967428593
0.23834196891191708,0.21395348837209302,0.11194746864913846
0.23958333333333334,0.21395348837209302,0.11196726180847243
0.2356020942408377,0.20930232558139536,0.11201515635687143
0.23684210526315788,0.20930232558139536,0.11234754917594716
0.23809523809523808,0.20930232558139536,0.11263053901324378
0.2393617021276596,0.20930232558139536,0.11266812398384375
0.24064171122994651,0.20930232558139536,0.11289988368403973
0.24193548387096775,0.20930232558139536,0.113054591927155
0.24324324324324326,0.20930232558139536,0.11310752495930132
0.24456521739130435,0.20930232558139536,0.11355816645184724
0.2459016393442623,0.20930232558139536,0.11369923535848807
0.24725274725274726,0.20930232558139536,0.11379244562350226
0.2430939226519337,0.20465116279069767,0.1141880934060454
0.24444444444444444,0.20465116279069767,0.11437806903948401
0.24581005586592178,0.20465116279069767,0.11440523244651814
0.24719101123595505,0.20465116279069767,0.11519361554512987
0.24858757062146894,0.20465116279069767,0.11533717784661444
0.25,0.20465116279069767,0.11562917978155414
0.25142857142857145,0.20465116279069767,0.11573953028219731
0.25287356321839083,0.20465116279069767,0.11575632023666732
0.2543352601156069,0.20465116279069767,0.11594801676590163
0.2558139534883721,0.20465116279069767,0.11626773790772946
0.2573099415204678,0.20465116279069767,0.11635110285225019
0.25882352941176473,0.20465116279069767,0.11651784039728688
0.25595238095238093,0.2,0.11697221744767006
0.25748502994011974,0.2,0.11716021321200368
0.25903614457831325,0.2,0.11748652803001701
0.2545454545454545,0.19534883720930232,0.11765179608236183
0.25609756097560976,0.19534883720930232,0.11827367317355092
0.25766871165644173,0.19534883720930232,0.11867194442786669
0.25308641975308643,0.19069767441860466,0.1188878969501697
0.2546583850931677,0.19069767441860466,0.11891600099425668
0.25625,0.19069767441860466,0.11931851967467917
0.2578616352201258,0.19069767441860466,0.11973254701685464
0.25949367088607594,0.19069767441860466,0.11981309365482476
0.25477707006369427,0.18604651162790697,0.11985877836348846
0.25,0.1813953488372093,0.1202796883662413
0.25161290322580643,0.1813953488372093,0.12048725704239568
0.2532467532467532,0.1813953488372093,0.12068545669285309
0.2549019607843137,0.1813953488372093,0.12084866695340087
0.2565789473684211,0.1813953488372093,0.12128746658234438
0.2582781456953642,0.1813953488372093,0.12129449661004116
0.25333333333333335,0.17674418604651163,0.12133783241981926
0.2550335570469799,0.17674418604651163,0.121898827286959
0.25675675675675674,0.17674418604651163,0.12216158923667929
0.2585034013605442,0.17674418604651163,0.12234226727429252
0.2602739726027397,0.17674418604651163,0.12235435340560591
0.2620689655172414,0.17674418604651163,0.12268904345416634
0.2638888888888889,0.17674418604651163,0.12313547864277025
0.26573426573426573,0.17674418604651163,0.12346710762201642
0.2676056338028169,0.17674418604651163,0.12368995260248929
0.2695035460992908,0.17674418604651163,0.12378438751759357
0.2714285714285714,0.17674418604651163,0.12402686086958405
0.2733812949640288,0.17674418604651163,0.1242965583866948
0.2753623188405797,0.17674418604651163,0.12436757220312612
0.2773722627737226,0.17674418604651163,0.12439759418710965
0.27941176470588236,0.17674418604651163,0.12526223866364125
0.2814814814814815,0.17674418604651163,0.12563599186602326
0.2835820895522388,0.17674418604651163,0.12593108147666862
0.2857142857142857,0.17674418604651163,0.12612099323745138
0.2900763358778626,0.17674418604651163,0.12634093736046584
0.2923076923076923,0.17674418604651163,0.1263778170745183
0.2868217054263566,0.17209302325581396,0.12652001553497563
0.2890625,0.17209302325581396,0.1266904659947077
0.29133858267716534,0.17209302325581396,0.12683909640992716
0.29365079365079366,0.17209302325581396,0.12699284120895107
0.296,0.17209302325581396,0.1270247737821246
0.29838709677419356,0.17209302325581396,0.12713579943168293
0.3008130081300813,0.17209302325581396,0.1271480985666347
0.30327868852459017,0.17209302325581396,0.1274905626183593
0.30578512396694213,0.17209302325581396,0.12755344255897672
0.30833333333333335,0.17209302325581396,0.12782927439067102
0.31092436974789917,0.17209302325581396,0.1284027446415945
0.3135593220338983,0.17209302325581396,0.12894561071255073
0.3076923076923077,0.16744186046511628,0.12909345797474323
0.3017241379310345,0.16279069767441862,0.12912302665771547
0.30434782608695654,0.16279069767441862,0.12931223444115766
0.30701754385964913,0.16279069767441862,0.12991427655973214
0.3008849557522124,0.15813953488372093,0.12993557596923086
0.30357142857142855,0.15813953488372093,0.13031476164416045
0.3063063063063063,0.15813953488372093,0.1304803114248311
0.3090909090909091,0.15813953488372093,0.1306330762904998
0.3119266055045872,0.15813953488372093,0.13065843303543445
0.3148148148148148,0.15813953488372093,0.13068500757137388
0.3177570093457944,0.15813953488372093,0.13141999599883866
0.3113207547169811,0.15348837209302327,0.13147577913399947
0.3142857142857143,0.15348837209302327,0.13212515679776138
0.3173076923076923,0.15348837209302327,0.13219172572419338
0.32038834951456313,0.15348837209302327,0.13237804309751466
0.3235294117647059,0.15348837209302327,0.1327527540480756
0.32673267326732675,0.15348837209302327,0.13350454531372966
0.32,0.14883720930232558,0.13374152906233977
0.32323232323232326,0.14883720930232558,0.13416020952304253
0.32653061224489793,0.14883720930232558,0.13508430350141956
0.31958762886597936,0.14418604651162792,0.13508694005373614
0.3229166666666667,0.14418604651162792,0.1352481430234978
0.3157894736842105,0.13953488372093023,0.13532264374380115
0.3191489361702128,0.13953488372093023,0.13574071491445083
0.3225806451612903,0.13953488372093023,0.13618682176344088
0.32608695652173914,0.13953488372093023,0.13823488221203278
0.32967032967032966,0.13953488372093023,0.13913164424472693
0.32222222222222224,0.13488372093023257,0.13920695273862052
0.3258426966292135,0.13488372093023257,0.13922652480099607
0.3181818181818182,0.13023255813953488,0.14047738949195387
0.3103448275862069,0.12558139534883722,0.1405879335822196
0.313953488372093,0.12558139534883722,0.14085155945142194
0.30952380952380953,0.12093023255813953,0.14092381790368144
0.3132530120481928,0.12093023255813953,0.14241075509735385
0.3170731707317073,0.12093023255813953,0.14293499639779128
0.32098765432098764,0.12093023255813953,0.14345399777240644
0.3125,0.11627906976744186,0.14360362739578683
0.31645569620253167,0.11627906976744186,0.14439082399431916
0.3076923076923077,0.11162790697674418,0.14448274736630706
0.3116883116883117,0.11162790697674418,0.1475786712990295
0.3157894736842105,0.11162790697674418,0.14758148052942546
0.32,0.11162790697674418,0.14813670096556922
0.32432432432432434,0.11162790697674418,0.14856006714160108
0.3287671232876712,0.11162790697674418,0.14864940793377127
0.3194444444444444,0.10697674418604651,0.14872149976242646
0.323943661971831,0.10697674418604651,0.1488532163812313
0.32857142857142857,0.10697674418604651,0.14888095218293684
0.3333333333333333,0.10697674418604651,0.1493233192729358
0.3235294117647059,0.10232558139534884,0.15022334477249924
0.3283582089552239,0.10232558139534884,0.1516496391790201
0.3333333333333333,0.10232558139534884,0.15183745641316204
0.3384615384615385,0.10232558139534884,0.15201141336803153
0.34375,0.10232558139534884,0.15201521423289055
0.3492063492063492,0.10232558139534884,0.1525016413196781
0.3548387096774194,0.10232558139534884,0.15251096624213129
0.3442622950819672,0.09767441860465116,0.1542136453923319
0.35,0.09767441860465116,0.15423629609772016
0.3389830508474576,0.09302325581395349,0.155060492057755
0.3275862068965517,0.08837209302325581,0.15552733177396186
0.3333333333333333,0.08837209302325581,0.15582818673147053
0.3392857142857143,0.08837209302325581,0.1589795225302248
0.34545454545454546,0.08837209302325581,0.1590988175321327
0.3333333333333333,0.08372093023255814,0.1596849930385177
0.33962264150943394,0.08372093023255814,0.1598803592240101
0.34615384615384615,0.08372093023255814,0.16137330548337184
0.35294117647058826,0.08372093023255814,0.16244298807169102
0.36,0.08372093023255814,0.162948657084786
0.3469387755102041,0.07906976744186046,0.16399571871520224
0.3541666666666667,0.07906976744186046,0.1643384938086949
0.3617021276595745,0.07906976744186046,0.16444362746675337
0.34782608695652173,0.07441860465116279,0.16550271459999566
0.3333333333333333,0.06976744186046512,0.16759739971329166
0.3409090909090909,0.06976744186046512,0.1676707556808846
0.3488372093023256,0.06976744186046512,0.1676879036636251
0.3333333333333333,0.06511627906976744,0.16771496981287173
0.34146341463414637,0.06511627906976744,0.16839575710567148
0.325,0.06046511627906977,0.16902354162584823
0.3333333333333333,0.06046511627906977,0.1694496561904675
0.3157894736842105,0.05581395348837209,0.16963920898928883
0.32432432432432434,0.05581395348837209,0.17014964802424165
0.3333333333333333,0.05581395348837209,0.17240781469536315
0.3142857142857143,0.05116279069767442,0.17418515630095696
0.29411764705882354,0.046511627906976744,0.17436812443427674
0.30303030303030304,0.046511627906976744,0.17439364087588366
0.28125,0.04186046511627907,0.17548383995004216
0.25806451612903225,0.037209302325581395,0.17601739915998563
0.23333333333333334,0.03255813953488372,0.17750174085580567
0.2413793103448276,0.03255813953488372,0.1775971740714646
0.21428571428571427,0.027906976744186046,0.17862010710847173
0.2222222222222222,0.027906976744186046,0.1805995227441373
0.19230769230769232,0.023255813953488372,0.18146958549884165
0.2,0.023255813953488372,0.1838043317228258
0.20833333333333334,0.023255813953488372,0.18881266756666149
0.22727272727272727,0.023255813953488372,0.19063431451188576
0.23809523809523808,0.023255813953488372,0.19079722460176157
0.25,0.023255813953488372,0.19390353924210144
0.2631578947368421,0.023255813953488372,0.19543203658024214
0.2777777777777778,0.023255813953488372,0.19657559393695112
0.23529411764705882,0.018604651162790697,0.2001383689197492
0.25,0.018604651162790697,0.2002235562302712
0.26666666666666666,0.018604651162790697,0.20231267559836633
0.2857142857142857,0.018604651162790697,0.20429805577318472
0.3076923076923077,0.018604651162790697,0.21443202762268262
0.25,0.013953488372093023,0.2255408275896099
0.2727272727272727,0.013953488372093023,0.22692432494925674
0.3,0.013953488372093023,0.2269650862623998
0.3333333333333333,0.013953488372093023,0.2272420904927854
0.375,0.013953488372093023,0.2324523241996391
0.2857142857142857,0.009302325581395349,0.23335882442688854
0.3333333333333333,0.009302325581395349,0.23799383612824546
0.2,0.004651162790697674,0.24951173327192275
0.0,0.0,0.2516214770230951
0.0,0.0,0.2589840452371173
0.0,0.0,0.2660186994645131
0.0,0.0,0.2682300192169641
