asset_id,inspection_date,condition_score,condition_band
AST-00001,2024-01-01,47.4,Poor
AST-00001,2024-03-31,54.3,Poor
AST-00001,2024-06-29,48.9,Poor
AST-00001,2024-09-27,39.9,Critical
AST-00001,2024-12-26,43.4,Critical
AST-00001,2025-03-26,46.2,Poor
AST-00001,2025-06-24,44.8,Critical
AST-00001,2025-09-22,46.4,Poor
AST-00001,2025-12-21,42.1,Critical
AST-00001,2026-03-21,39.4,Critical
AST-00001,2026-06-19,38.5,Critical
AST-00002,2024-01-01,88.4,Good
AST-00002,2024-03-31,88.8,Good
AST-00002,2024-06-29,84.5,Good
AST-00002,2024-09-27,85.1,Good
AST-00002,2024-12-26,87.7,Good
AST-00002,2025-03-26,85.9,Good
AST-00002,2025-06-24,84.7,Good
AST-00002,2025-09-22,87.4,Good
AST-00002,2025-12-21,81.8,Good
AST-00002,2026-03-21,85.8,Good
AST-00002,2026-06-19,87.5,Good
AST-00003,2024-01-01,80.5,Good
AST-00003,2024-03-31,79.8,Good
AST-00003,2024-06-29,76.3,Good
AST-00003,2024-09-27,78.2,Good
AST-00003,2024-12-26,76.8,Good
AST-00003,2025-03-26,81.9,Good
AST-00003,2025-06-24,77.4,Good
AST-00003,2025-09-22,77.0,Good
AST-00003,2025-12-21,81.1,Good
AST-00003,2026-03-21,76.9,Good
AST-00003,2026-06-19,78.6,Good
AST-00004,2024-01-01,68.6,Fair
AST-00004,2024-03-31,69.8,Fair
AST-00004,2024-06-29,66.7,Fair
AST-00004,2024-09-27,70.2,Fair
AST-00004,2024-12-26,65.5,Fair
AST-00004,2025-03-26,58.8,Poor
AST-00004,2025-06-24,60.6,Fair
AST-00004,2025-09-22,56.7,Poor
AST-00004,2025-12-21,61.4,Fair
AST-00004,2026-03-21,60.9,Fair
AST-00004,2026-06-19,57.9,Poor
AST-00005,2024-01-01,56.6,Poor
AST-00005,2024-03-31,53.5,Poor
AST-00005,2024-06-29,56.2,Poor
AST-00005,2024-09-27,53.1,Poor
AST-00005,2024-12-26,57.4,Poor
AST-00005,2025-03-26,52.0,Poor
AST-00005,2025-06-24,53.8,Poor
AST-00005,2025-09-22,49.7,Poor
AST-00005,2025-12-21,53.9,Poor
AST-00005,2026-03-21,46.0,Poor
AST-00005,2026-06-19,47.2,Poor
AST-00006,2024-01-01,89.6,Good
AST-00006,2024-03-31,92.6,Good
AST-00006,2024-06-29,81.8,Good
AST-00006,2024-09-27,81.7,Good
AST-00006,2024-12-26,86.9,Good
AST-00006,2025-03-26,89.9,Good
AST-00006,2025-06-24,86.9,Good
AST-00006,2025-09-22,85.9,Good
AST-00006,2025-12-21,79.4,Good
AST-00006,2026-03-21,83.2,Good
AST-00006,2026-06-19,83.4,Good
AST-00007,2024-01-01,76.9,Good
AST-00007,2024-03-31,76.0,Good
AST-00007,2024-06-29,76.3,Good
AST-00007,2024-09-27,64.6,Fair
AST-00007,2024-12-26,64.8,Fair
AST-00007,2025-03-26,66.4,Fair
AST-00007,2025-06-24,69.4,Fair
AST-00007,2025-09-22,66.7,Fair
AST-00007,2025-12-21,62.4,Fair
AST-00007,2026-03-21,71.0,Fair
AST-00007,2026-06-19,63.7,Fair
AST-00008,2024-01-01,100.0,Good
AST-00008,2024-03-31,100.0,Good
AST-00008,2024-06-29,100.0,Good
AST-00008,2024-09-27,97.9,Good
AST-00008,2024-12-26,98.1,Good
AST-00008,2025-03-26,92.7,Good
AST-00008,2025-06-24,96.0,Good
AST-00008,2025-09-22,91.4,Good
AST-00008,2025-12-21,93.4,Good
AST-00008,2026-03-21,96.8,Good
AST-00008,2026-06-19,94.8,Good
AST-00009,2024-01-01,70.9,Fair
AST-00009,2024-03-31,67.8,Fair
AST-00009,2024-06-29,70.0,Fair
AST-00009,2024-09-27,62.1,Fair
AST-00009,2024-12-26,68.6,Fair
AST-00009,2025-03-26,61.9,Fair
AST-00009,2025-06-24,61.7,Fair
AST-00009,2025-09-22,61.1,Fair
AST-00009,2025-12-21,67.3,Fair
AST-00009,2026-03-21,58.0,Poor
AST-00009,2026-06-19,61.3,Fair
AST-00010,2024-01-01,71.6,Fair
AST-00010,2024-03-31,69.7,Fair
AST-00010,2024-06-29,65.9,Fair
AST-00010,2024-09-27,63.9,Fair
AST-00010,2024-12-26,63.0,Fair
AST-00010,2025-03-26,69.6,Fair
AST-00010,2025-06-24,62.5,Fair
AST-00010,2025-09-22,60.3,Fair
AST-00010,2025-12-21,66.6,Fair
AST-00010,2026-03-21,64.6,Fair
AST-00010,2026-06-19,61.6,Fair
AST-00011,2024-01-01,72.0,Fair
AST-00011,2024-03-31,63.4,Fair
AST-00011,2024-06-29,68.4,Fair
AST-00011,2024-09-27,69.0,Fair
AST-00011,2024-12-26,64.6,Fair
AST-00011,2025-03-26,63.2,Fair
AST-00011,2025-06-24,72.1,Fair
AST-00011,2025-09-22,58.3,Poor
AST-00011,2025-12-21,63.5,Fair
AST-00011,2026-03-21,58.5,Poor
AST-00011,2026-06-19,60.4,Fair
AST-00012,2024-01-01,74.5,Fair
AST-00012,2024-03-31,81.1,Good
AST-00012,2024-06-29,74.8,Fair
AST-00012,2024-09-27,80.2,Good
AST-00012,2024-12-26,77.7,Good
AST-00012,2025-03-26,68.9,Fair
AST-00012,2025-06-24,67.2,Fair
AST-00012,2025-09-22,64.9,Fair
AST-00012,2025-12-21,64.6,Fair
AST-00012,2026-03-21,70.6,Fair
AST-00012,2026-06-19,70.6,Fair
AST-00013,2024-01-01,92.2,Good
AST-00013,2024-03-31,97.1,Good
AST-00013,2024-06-29,92.7,Good
AST-00013,2024-09-27,91.3,Good
AST-00013,2024-12-26,91.0,Good
AST-00013,2025-03-26,93.5,Good
AST-00013,2025-06-24,83.6,Good
AST-00013,2025-09-22,88.3,Good
AST-00013,2025-12-21,86.9,Good
AST-00013,2026-03-21,90.9,Good
AST-00013,2026-06-19,90.1,Good
AST-00014,2024-01-01,64.8,Fair
AST-00014,2024-03-31,62.9,Fair
AST-00014,2024-06-29,61.3,Fair
AST-00014,2024-09-27,56.8,Poor
AST-00014,2024-12-26,59.7,Poor
AST-00014,2025-03-26,57.0,Poor
AST-00014,2025-06-24,55.8,Poor
AST-00014,2025-09-22,49.5,Poor
AST-00014,2025-12-21,59.8,Poor
AST-00014,2026-03-21,52.4,Poor
AST-00014,2026-06-19,54.8,Poor
AST-00015,2024-01-01,70.0,Fair
AST-00015,2024-03-31,65.9,Fair
AST-00015,2024-06-29,60.5,Fair
AST-00015,2024-09-27,69.6,Fair
AST-00015,2024-12-26,63.9,Fair
AST-00015,2025-03-26,56.9,Poor
AST-00015,2025-06-24,57.3,Poor
AST-00015,2025-09-22,61.5,Fair
AST-00015,2025-12-21,60.0,Poor
AST-00015,2026-03-21,57.7,Poor
AST-00015,2026-06-19,51.6,Poor
AST-00016,2024-01-01,85.0,Good
AST-00016,2024-03-31,87.8,Good
AST-00016,2024-06-29,90.9,Good
AST-00016,2024-09-27,84.8,Good
AST-00016,2024-12-26,83.3,Good
AST-00016,2025-03-26,82.8,Good
AST-00016,2025-06-24,84.9,Good
AST-00016,2025-09-22,76.8,Good
AST-00016,2025-12-21,81.1,Good
AST-00016,2026-03-21,81.7,Good
AST-00016,2026-06-19,83.0,Good
AST-00017,2024-01-01,66.0,Fair
AST-00017,2024-03-31,64.7,Fair
AST-00017,2024-06-29,63.2,Fair
AST-00017,2024-09-27,64.4,Fair
AST-00017,2024-12-26,65.2,Fair
AST-00017,2025-03-26,64.0,Fair
AST-00017,2025-06-24,65.4,Fair
AST-00017,2025-09-22,60.0,Fair
AST-00017,2025-12-21,62.7,Fair
AST-00017,2026-03-21,55.0,Poor
AST-00017,2026-06-19,58.2,Poor
AST-00018,2024-01-01,71.7,Fair
AST-00018,2024-03-31,62.7,Fair
AST-00018,2024-06-29,66.6,Fair
AST-00018,2024-09-27,60.8,Fair
AST-00018,2024-12-26,61.9,Fair
AST-00018,2025-03-26,55.0,Poor
AST-00018,2025-06-24,64.5,Fair
AST-00018,2025-09-22,62.3,Fair
AST-00018,2025-12-21,53.5,Poor
AST-00018,2026-03-21,51.1,Poor
AST-00018,2026-06-19,47.7,Poor
AST-00019,2024-01-01,72.8,Fair
AST-00019,2024-03-31,71.5,Fair
AST-00019,2024-06-29,71.4,Fair
AST-00019,2024-09-27,69.7,Fair
AST-00019,2024-12-26,63.8,Fair
AST-00019,2025-03-26,69.3,Fair
AST-00019,2025-06-24,69.6,Fair
AST-00019,2025-09-22,62.2,Fair
AST-00019,2025-12-21,60.0,Poor
AST-00019,2026-03-21,59.9,Poor
AST-00019,2026-06-19,58.1,Poor
AST-00020,2024-01-01,79.2,Good
AST-00020,2024-03-31,78.4,Good
AST-00020,2024-06-29,76.5,Good
AST-00020,2024-09-27,72.5,Fair
AST-00020,2024-12-26,72.7,Fair
AST-00020,2025-03-26,75.0,Fair
AST-00020,2025-06-24,72.7,Fair
AST-00020,2025-09-22,70.4,Fair
AST-00020,2025-12-21,69.9,Fair
AST-00020,2026-03-21,71.6,Fair
AST-00020,2026-06-19,65.7,Fair
AST-00021,2024-01-01,94.5,Good
AST-00021,2024-03-31,95.9,Good
AST-00021,2024-06-29,100.0,Good
AST-00021,2024-09-27,92.6,Good
AST-00021,2024-12-26,98.4,Good
AST-00021,2025-03-26,89.8,Good
AST-00021,2025-06-24,92.7,Good
AST-00021,2025-09-22,93.9,Good
AST-00021,2025-12-21,89.6,Good
AST-00021,2026-03-21,87.8,Good
AST-00021,2026-06-19,90.4,Good
AST-00022,2024-01-01,59.5,Poor
AST-00022,2024-03-31,65.1,Fair
AST-00022,2024-06-29,58.2,Poor
AST-00022,2024-09-27,60.3,Fair
AST-00022,2024-12-26,55.4,Poor
AST-00022,2025-03-26,55.5,Poor
AST-00022,2025-06-24,54.1,Poor
AST-00022,2025-09-22,56.4,Poor
AST-00022,2025-12-21,53.7,Poor
AST-00022,2026-03-21,46.6,Poor
AST-00022,2026-06-19,44.2,Critical
AST-00023,2024-01-01,66.7,Fair
AST-00023,2024-03-31,66.8,Fair
AST-00023,2024-06-29,72.0,Fair
AST-00023,2024-09-27,68.1,Fair
AST-00023,2024-12-26,70.2,Fair
AST-00023,2025-03-26,62.9,Fair
AST-00023,2025-06-24,63.6,Fair
AST-00023,2025-09-22,62.1,Fair
AST-00023,2025-12-21,57.4,Poor
AST-00023,2026-03-21,65.5,Fair
AST-00023,2026-06-19,56.9,Poor
AST-00024,2024-01-01,68.0,Fair
AST-00024,2024-03-31,71.7,Fair
AST-00024,2024-06-29,72.8,Fair
AST-00024,2024-09-27,70.6,Fair
AST-00024,2024-12-26,68.3,Fair
AST-00024,2025-03-26,70.2,Fair
AST-00024,2025-06-24,61.8,Fair
AST-00024,2025-09-22,56.9,Poor
AST-00024,2025-12-21,62.9,Fair
AST-00024,2026-03-21,58.5,Poor
AST-00024,2026-06-19,60.3,Fair
AST-00025,2024-01-01,100.0,Good
AST-00025,2024-03-31,97.9,Good
AST-00025,2024-06-29,94.1,Good
AST-00025,2024-09-27,89.7,Good
AST-00025,2024-12-26,93.7,Good
AST-00025,2025-03-26,92.2,Good
AST-00025,2025-06-24,89.9,Good
AST-00025,2025-09-22,86.6,Good
AST-00025,2025-12-21,81.3,Good
AST-00025,2026-03-21,83.8,Good
AST-00025,2026-06-19,85.6,Good
AST-00026,2024-01-01,75.1,Good
AST-00026,2024-03-31,79.1,Good
AST-00026,2024-06-29,83.3,Good
AST-00026,2024-09-27,78.5,Good
AST-00026,2024-12-26,77.9,Good
AST-00026,2025-03-26,76.1,Good
AST-00026,2025-06-24,77.6,Good
AST-00026,2025-09-22,85.0,Good
AST-00026,2025-12-21,72.0,Fair
AST-00026,2026-03-21,71.7,Fair
AST-00026,2026-06-19,74.7,Fair
AST-00027,2024-01-01,68.9,Fair
AST-00027,2024-03-31,69.0,Fair
AST-00027,2024-06-29,68.0,Fair
AST-00027,2024-09-27,70.7,Fair
AST-00027,2024-12-26,63.5,Fair
AST-00027,2025-03-26,67.4,Fair
AST-00027,2025-06-24,65.4,Fair
AST-00027,2025-09-22,67.3,Fair
AST-00027,2025-12-21,69.7,Fair
AST-00027,2026-03-21,69.2,Fair
AST-00027,2026-06-19,67.5,Fair
AST-00028,2024-01-01,62.9,Fair
AST-00028,2024-03-31,58.9,Poor
AST-00028,2024-06-29,58.5,Poor
AST-00028,2024-09-27,55.0,Poor
AST-00028,2024-12-26,56.9,Poor
AST-00028,2025-03-26,54.1,Poor
AST-00028,2025-06-24,48.5,Poor
AST-00028,2025-09-22,52.9,Poor
AST-00028,2025-12-21,59.0,Poor
AST-00028,2026-03-21,45.2,Poor
AST-00028,2026-06-19,49.4,Poor
AST-00029,2024-01-01,78.4,Good
AST-00029,2024-03-31,89.0,Good
AST-00029,2024-06-29,89.5,Good
AST-00029,2024-09-27,86.4,Good
AST-00029,2024-12-26,87.2,Good
AST-00029,2025-03-26,81.3,Good
AST-00029,2025-06-24,79.1,Good
AST-00029,2025-09-22,76.4,Good
AST-00029,2025-12-21,80.2,Good
AST-00029,2026-03-21,82.9,Good
AST-00029,2026-06-19,80.9,Good
AST-00030,2024-01-01,83.1,Good
AST-00030,2024-03-31,88.7,Good
AST-00030,2024-06-29,78.2,Good
AST-00030,2024-09-27,79.0,Good
AST-00030,2024-12-26,84.1,Good
AST-00030,2025-03-26,74.0,Fair
AST-00030,2025-06-24,75.3,Good
AST-00030,2025-09-22,78.4,Good
AST-00030,2025-12-21,80.1,Good
AST-00030,2026-03-21,79.4,Good
AST-00030,2026-06-19,80.6,Good
AST-00031,2024-01-01,81.0,Good
AST-00031,2024-03-31,75.5,Good
AST-00031,2024-06-29,76.6,Good
AST-00031,2024-09-27,75.7,Good
AST-00031,2024-12-26,79.2,Good
AST-00031,2025-03-26,78.2,Good
AST-00031,2025-06-24,73.7,Fair
AST-00031,2025-09-22,69.0,Fair
AST-00031,2025-12-21,74.4,Fair
AST-00031,2026-03-21,68.2,Fair
AST-00031,2026-06-19,68.9,Fair
AST-00032,2024-01-01,86.4,Good
AST-00032,2024-03-31,85.7,Good
AST-00032,2024-06-29,81.4,Good
AST-00032,2024-09-27,83.0,Good
AST-00032,2024-12-26,83.1,Good
AST-00032,2025-03-26,86.8,Good
AST-00032,2025-06-24,82.6,Good
AST-00032,2025-09-22,76.7,Good
AST-00032,2025-12-21,76.7,Good
AST-00032,2026-03-21,78.3,Good
AST-00032,2026-06-19,79.0,Good
AST-00033,2024-01-01,99.9,Good
AST-00033,2024-03-31,99.2,Good
AST-00033,2024-06-29,100.0,Good
AST-00033,2024-09-27,98.8,Good
AST-00033,2024-12-26,91.8,Good
AST-00033,2025-03-26,100.0,Good
AST-00033,2025-06-24,96.4,Good
AST-00033,2025-09-22,95.6,Good
AST-00033,2025-12-21,97.9,Good
AST-00033,2026-03-21,96.7,Good
AST-00033,2026-06-19,98.6,Good
AST-00034,2024-01-01,62.8,Fair
AST-00034,2024-03-31,63.8,Fair
AST-00034,2024-06-29,58.2,Poor
AST-00034,2024-09-27,52.2,Poor
AST-00034,2024-12-26,60.3,Fair
AST-00034,2025-03-26,54.8,Poor
AST-00034,2025-06-24,52.2,Poor
AST-00034,2025-09-22,57.0,Poor
AST-00034,2025-12-21,56.1,Poor
AST-00034,2026-03-21,56.4,Poor
AST-00034,2026-06-19,57.5,Poor
AST-00035,2024-01-01,60.9,Fair
AST-00035,2024-03-31,55.3,Poor
AST-00035,2024-06-29,62.2,Fair
AST-00035,2024-09-27,60.7,Fair
AST-00035,2024-12-26,54.2,Poor
AST-00035,2025-03-26,63.0,Fair
AST-00035,2025-06-24,53.1,Poor
AST-00035,2025-09-22,58.2,Poor
AST-00035,2025-12-21,56.2,Poor
AST-00035,2026-03-21,49.6,Poor
AST-00035,2026-06-19,50.4,Poor
AST-00036,2024-01-01,78.4,Good
AST-00036,2024-03-31,79.3,Good
AST-00036,2024-06-29,73.1,Fair
AST-00036,2024-09-27,72.8,Fair
AST-00036,2024-12-26,70.2,Fair
AST-00036,2025-03-26,78.2,Good
AST-00036,2025-06-24,76.4,Good
AST-00036,2025-09-22,72.6,Fair
AST-00036,2025-12-21,68.3,Fair
AST-00036,2026-03-21,71.5,Fair
AST-00036,2026-06-19,71.5,Fair
AST-00037,2024-01-01,73.1,Fair
AST-00037,2024-03-31,64.8,Fair
AST-00037,2024-06-29,72.4,Fair
AST-00037,2024-09-27,68.4,Fair
AST-00037,2024-12-26,71.8,Fair
AST-00037,2025-03-26,69.7,Fair
AST-00037,2025-06-24,63.7,Fair
AST-00037,2025-09-22,66.4,Fair
AST-00037,2025-12-21,64.1,Fair
AST-00037,2026-03-21,65.6,Fair
AST-00037,2026-06-19,61.5,Fair
AST-00038,2024-01-01,80.8,Good
AST-00038,2024-03-31,79.9,Good
AST-00038,2024-06-29,74.6,Fair
AST-00038,2024-09-27,81.2,Good
AST-00038,2024-12-26,84.9,Good
AST-00038,2025-03-26,76.5,Good
AST-00038,2025-06-24,78.4,Good
AST-00038,2025-09-22,74.7,Fair
AST-00038,2025-12-21,67.0,Fair
AST-00038,2026-03-21,71.0,Fair
AST-00038,2026-06-19,78.6,Good
AST-00039,2024-01-01,57.4,Poor
AST-00039,2024-03-31,49.5,Poor
AST-00039,2024-06-29,46.1,Poor
AST-00039,2024-09-27,50.8,Poor
AST-00039,2024-12-26,44.4,Critical
AST-00039,2025-03-26,47.7,Poor
AST-00039,2025-06-24,46.1,Poor
AST-00039,2025-09-22,42.8,Critical
AST-00039,2025-12-21,46.7,Poor
AST-00039,2026-03-21,43.8,Critical
AST-00039,2026-06-19,49.1,Poor
AST-00040,2024-01-01,91.6,Good
AST-00040,2024-03-31,87.3,Good
AST-00040,2024-06-29,82.0,Good
AST-00040,2024-09-27,82.2,Good
AST-00040,2024-12-26,88.1,Good
AST-00040,2025-03-26,86.5,Good
AST-00040,2025-06-24,79.3,Good
AST-00040,2025-09-22,82.4,Good
AST-00040,2025-12-21,78.9,Good
AST-00040,2026-03-21,76.8,Good
AST-00040,2026-06-19,74.2,Fair
AST-00041,2024-01-01,89.6,Good
AST-00041,2024-03-31,89.1,Good
AST-00041,2024-06-29,87.2,Good
AST-00041,2024-09-27,83.5,Good
AST-00041,2024-12-26,87.8,Good
AST-00041,2025-03-26,84.2,Good
AST-00041,2025-06-24,87.5,Good
AST-00041,2025-09-22,85.2,Good
AST-00041,2025-12-21,82.1,Good
AST-00041,2026-03-21,85.8,Good
AST-00041,2026-06-19,79.6,Good
AST-00042,2024-01-01,58.0,Poor
AST-00042,2024-03-31,60.0,Fair
AST-00042,2024-06-29,61.8,Fair
AST-00042,2024-09-27,58.3,Poor
AST-00042,2024-12-26,58.9,Poor
AST-00042,2025-03-26,58.9,Poor
AST-00042,2025-06-24,56.5,Poor
AST-00042,2025-09-22,58.0,Poor
AST-00042,2025-12-21,57.4,Poor
AST-00042,2026-03-21,50.7,Poor
AST-00042,2026-06-19,60.1,Fair
AST-00043,2024-01-01,77.4,Good
AST-00043,2024-03-31,72.1,Fair
AST-00043,2024-06-29,74.0,Fair
AST-00043,2024-09-27,70.1,Fair
AST-00043,2024-12-26,71.2,Fair
AST-00043,2025-03-26,70.9,Fair
AST-00043,2025-06-24,65.3,Fair
AST-00043,2025-09-22,67.2,Fair
AST-00043,2025-12-21,69.2,Fair
AST-00043,2026-03-21,67.3,Fair
AST-00043,2026-06-19,67.7,Fair
AST-00044,2024-01-01,73.8,Fair
AST-00044,2024-03-31,70.5,Fair
AST-00044,2024-06-29,65.1,Fair
AST-00044,2024-09-27,69.7,Fair
AST-00044,2024-12-26,70.3,Fair
AST-00044,2025-03-26,69.7,Fair
AST-00044,2025-06-24,64.5,Fair
AST-00044,2025-09-22,68.5,Fair
AST-00044,2025-12-21,63.8,Fair
AST-00044,2026-03-21,67.5,Fair
AST-00044,2026-06-19,71.1,Fair
AST-00045,2024-01-01,91.7,Good
AST-00045,2024-03-31,92.5,Good
AST-00045,2024-06-29,93.1,Good
AST-00045,2024-09-27,96.1,Good
AST-00045,2024-12-26,100.0,Good
AST-00045,2025-03-26,91.5,Good
AST-00045,2025-06-24,89.2,Good
AST-00045,2025-09-22,87.4,Good
AST-00045,2025-12-21,80.8,Good
AST-00045,2026-03-21,85.9,Good
AST-00045,2026-06-19,85.4,Good
AST-00046,2024-01-01,65.0,Fair
AST-00046,2024-03-31,53.2,Poor
AST-00046,2024-06-29,59.3,Poor
AST-00046,2024-09-27,59.9,Poor
AST-00046,2024-12-26,54.6,Poor
AST-00046,2025-03-26,62.3,Fair
AST-00046,2025-06-24,58.3,Poor
AST-00046,2025-09-22,59.3,Poor
AST-00046,2025-12-21,56.4,Poor
AST-00046,2026-03-21,55.3,Poor
AST-00046,2026-06-19,50.7,Poor
AST-00047,2024-01-01,91.1,Good
AST-00047,2024-03-31,91.3,Good
AST-00047,2024-06-29,88.9,Good
AST-00047,2024-09-27,83.3,Good
AST-00047,2024-12-26,82.9,Good
AST-00047,2025-03-26,79.9,Good
AST-00047,2025-06-24,82.4,Good
AST-00047,2025-09-22,86.8,Good
AST-00047,2025-12-21,83.4,Good
AST-00047,2026-03-21,78.0,Good
AST-00047,2026-06-19,74.5,Fair
AST-00048,2024-01-01,78.0,Good
AST-00048,2024-03-31,77.4,Good
AST-00048,2024-06-29,73.9,Fair
AST-00048,2024-09-27,72.2,Fair
AST-00048,2024-12-26,70.3,Fair
AST-00048,2025-03-26,70.0,Fair
AST-00048,2025-06-24,66.3,Fair
AST-00048,2025-09-22,69.0,Fair
AST-00048,2025-12-21,68.3,Fair
AST-00048,2026-03-21,66.5,Fair
AST-00048,2026-06-19,64.7,Fair
AST-00049,2024-01-01,75.0,Fair
AST-00049,2024-03-31,69.1,Fair
AST-00049,2024-06-29,69.4,Fair
AST-00049,2024-09-27,74.5,Fair
AST-00049,2024-12-26,63.3,Fair
AST-00049,2025-03-26,60.7,Fair
AST-00049,2025-06-24,68.4,Fair
AST-00049,2025-09-22,65.3,Fair
AST-00049,2025-12-21,71.7,Fair
AST-00049,2026-03-21,67.9,Fair
AST-00049,2026-06-19,66.5,Fair
AST-00050,2024-01-01,69.5,Fair
AST-00050,2024-03-31,63.0,Fair
AST-00050,2024-06-29,66.2,Fair
AST-00050,2024-09-27,72.2,Fair
AST-00050,2024-12-26,60.9,Fair
AST-00050,2025-03-26,64.5,Fair
AST-00050,2025-06-24,60.7,Fair
AST-00050,2025-09-22,65.7,Fair
AST-00050,2025-12-21,66.3,Fair
AST-00050,2026-03-21,59.7,Poor
AST-00050,2026-06-19,62.3,Fair
AST-00051,2024-01-01,92.2,Good
AST-00051,2024-03-31,87.3,Good
AST-00051,2024-06-29,82.9,Good
AST-00051,2024-09-27,87.1,Good
AST-00051,2024-12-26,91.3,Good
AST-00051,2025-03-26,79.6,Good
AST-00051,2025-06-24,82.0,Good
AST-00051,2025-09-22,81.8,Good
AST-00051,2025-12-21,83.7,Good
AST-00051,2026-03-21,82.3,Good
AST-00051,2026-06-19,82.6,Good
AST-00052,2024-01-01,100.0,Good
AST-00052,2024-03-31,96.0,Good
AST-00052,2024-06-29,92.6,Good
AST-00052,2024-09-27,94.8,Good
AST-00052,2024-12-26,98.7,Good
AST-00052,2025-03-26,92.3,Good
AST-00052,2025-06-24,94.3,Good
AST-00052,2025-09-22,91.7,Good
AST-00052,2025-12-21,89.8,Good
AST-00052,2026-03-21,88.3,Good
AST-00052,2026-06-19,91.8,Good
AST-00053,2024-01-01,82.6,Good
AST-00053,2024-03-31,82.6,Good
AST-00053,2024-06-29,76.7,Good
AST-00053,2024-09-27,80.5,Good
AST-00053,2024-12-26,79.6,Good
AST-00053,2025-03-26,79.6,Good
AST-00053,2025-06-24,76.3,Good
AST-00053,2025-09-22,72.8,Fair
AST-00053,2025-12-21,77.2,Good
AST-00053,2026-03-21,76.8,Good
AST-00053,2026-06-19,71.7,Fair
AST-00054,2024-01-01,62.6,Fair
AST-00054,2024-03-31,59.7,Poor
AST-00054,2024-06-29,60.1,Fair
AST-00054,2024-09-27,60.6,Fair
AST-00054,2024-12-26,57.9,Poor
AST-00054,2025-03-26,55.8,Poor
AST-00054,2025-06-24,64.9,Fair
AST-00054,2025-09-22,57.6,Poor
AST-00054,2025-12-21,58.3,Poor
AST-00054,2026-03-21,61.4,Fair
AST-00054,2026-06-19,60.3,Fair
AST-00055,2024-01-01,64.2,Fair
AST-00055,2024-03-31,65.4,Fair
AST-00055,2024-06-29,76.4,Good
AST-00055,2024-09-27,66.6,Fair
AST-00055,2024-12-26,68.7,Fair
AST-00055,2025-03-26,66.6,Fair
AST-00055,2025-06-24,64.5,Fair
AST-00055,2025-09-22,65.1,Fair
AST-00055,2025-12-21,65.5,Fair
AST-00055,2026-03-21,65.4,Fair
AST-00055,2026-06-19,55.3,Poor
AST-00056,2024-01-01,76.8,Good
AST-00056,2024-03-31,74.6,Fair
AST-00056,2024-06-29,69.8,Fair
AST-00056,2024-09-27,71.7,Fair
AST-00056,2024-12-26,66.1,Fair
AST-00056,2025-03-26,78.0,Good
AST-00056,2025-06-24,69.2,Fair
AST-00056,2025-09-22,67.9,Fair
AST-00056,2025-12-21,70.7,Fair
AST-00056,2026-03-21,66.2,Fair
AST-00056,2026-06-19,67.9,Fair
AST-00057,2024-01-01,64.3,Fair
AST-00057,2024-03-31,64.3,Fair
AST-00057,2024-06-29,62.6,Fair
AST-00057,2024-09-27,65.8,Fair
AST-00057,2024-12-26,60.2,Fair
AST-00057,2025-03-26,52.9,Poor
AST-00057,2025-06-24,60.6,Fair
AST-00057,2025-09-22,62.7,Fair
AST-00057,2025-12-21,56.3,Poor
AST-00057,2026-03-21,54.3,Poor
AST-00057,2026-06-19,54.9,Poor
AST-00058,2024-01-01,67.8,Fair
AST-00058,2024-03-31,71.1,Fair
AST-00058,2024-06-29,71.0,Fair
AST-00058,2024-09-27,74.8,Fair
AST-00058,2024-12-26,70.0,Fair
AST-00058,2025-03-26,72.9,Fair
AST-00058,2025-06-24,65.1,Fair
AST-00058,2025-09-22,76.8,Good
AST-00058,2025-12-21,64.7,Fair
AST-00058,2026-03-21,63.2,Fair
AST-00058,2026-06-19,70.0,Fair
AST-00059,2024-01-01,81.7,Good
AST-00059,2024-03-31,85.0,Good
AST-00059,2024-06-29,92.2,Good
AST-00059,2024-09-27,79.9,Good
AST-00059,2024-12-26,74.0,Fair
AST-00059,2025-03-26,79.3,Good
AST-00059,2025-06-24,75.7,Good
AST-00059,2025-09-22,73.6,Fair
AST-00059,2025-12-21,77.2,Good
AST-00059,2026-03-21,77.6,Good
AST-00059,2026-06-19,74.4,Fair
AST-00060,2024-01-01,69.5,Fair
AST-00060,2024-03-31,62.1,Fair
AST-00060,2024-06-29,64.2,Fair
AST-00060,2024-09-27,67.4,Fair
AST-00060,2024-12-26,59.9,Poor
AST-00060,2025-03-26,63.9,Fair
AST-00060,2025-06-24,58.1,Poor
AST-00060,2025-09-22,63.0,Fair
AST-00060,2025-12-21,55.8,Poor
AST-00060,2026-03-21,60.2,Fair
AST-00060,2026-06-19,59.0,Poor
AST-00061,2024-01-01,57.0,Poor
AST-00061,2024-03-31,55.0,Poor
AST-00061,2024-06-29,50.2,Poor
AST-00061,2024-09-27,48.5,Poor
AST-00061,2024-12-26,58.7,Poor
AST-00061,2025-03-26,47.6,Poor
AST-00061,2025-06-24,42.7,Critical
AST-00061,2025-09-22,48.8,Poor
AST-00061,2025-12-21,44.8,Critical
AST-00061,2026-03-21,45.5,Poor
AST-00061,2026-06-19,43.8,Critical
AST-00062,2024-01-01,81.8,Good
AST-00062,2024-03-31,78.3,Good
AST-00062,2024-06-29,84.2,Good
AST-00062,2024-09-27,87.6,Good
AST-00062,2024-12-26,81.7,Good
AST-00062,2025-03-26,83.0,Good
AST-00062,2025-06-24,84.0,Good
AST-00062,2025-09-22,78.9,Good
AST-00062,2025-12-21,77.5,Good
AST-00062,2026-03-21,77.5,Good
AST-00062,2026-06-19,81.6,Good
AST-00063,2024-01-01,93.0,Good
AST-00063,2024-03-31,91.6,Good
AST-00063,2024-06-29,86.1,Good
AST-00063,2024-09-27,95.9,Good
AST-00063,2024-12-26,89.3,Good
AST-00063,2025-03-26,87.7,Good
AST-00063,2025-06-24,90.2,Good
AST-00063,2025-09-22,89.6,Good
AST-00063,2025-12-21,86.5,Good
AST-00063,2026-03-21,88.5,Good
AST-00063,2026-06-19,92.2,Good
AST-00064,2024-01-01,55.7,Poor
AST-00064,2024-03-31,52.7,Poor
AST-00064,2024-06-29,49.6,Poor
AST-00064,2024-09-27,49.2,Poor
AST-00064,2024-12-26,49.7,Poor
AST-00064,2025-03-26,49.9,Poor
AST-00064,2025-06-24,47.5,Poor
AST-00064,2025-09-22,50.3,Poor
AST-00064,2025-12-21,50.4,Poor
AST-00064,2026-03-21,47.1,Poor
AST-00064,2026-06-19,44.5,Critical
AST-00065,2024-01-01,88.5,Good
AST-00065,2024-03-31,87.1,Good
AST-00065,2024-06-29,82.8,Good
AST-00065,2024-09-27,83.3,Good
AST-00065,2024-12-26,82.8,Good
AST-00065,2025-03-26,83.9,Good
AST-00065,2025-06-24,82.6,Good
AST-00065,2025-09-22,79.5,Good
AST-00065,2025-12-21,77.7,Good
AST-00065,2026-03-21,75.9,Good
AST-00065,2026-06-19,79.4,Good
AST-00066,2024-01-01,86.3,Good
AST-00066,2024-03-31,79.7,Good
AST-00066,2024-06-29,81.0,Good
AST-00066,2024-09-27,81.1,Good
AST-00066,2024-12-26,76.2,Good
AST-00066,2025-03-26,69.3,Fair
AST-00066,2025-06-24,72.2,Fair
AST-00066,2025-09-22,76.7,Good
AST-00066,2025-12-21,71.7,Fair
AST-00066,2026-03-21,75.0,Good
AST-00066,2026-06-19,67.5,Fair
AST-00067,2024-01-01,66.7,Fair
AST-00067,2024-03-31,61.4,Fair
AST-00067,2024-06-29,60.6,Fair
AST-00067,2024-09-27,64.2,Fair
AST-00067,2024-12-26,63.1,Fair
AST-00067,2025-03-26,55.5,Poor
AST-00067,2025-06-24,61.5,Fair
AST-00067,2025-09-22,58.4,Poor
AST-00067,2025-12-21,59.4,Poor
AST-00067,2026-03-21,58.7,Poor
AST-00067,2026-06-19,56.0,Poor
AST-00068,2024-01-01,58.2,Poor
AST-00068,2024-03-31,52.1,Poor
AST-00068,2024-06-29,55.3,Poor
AST-00068,2024-09-27,43.7,Critical
AST-00068,2024-12-26,49.1,Poor
AST-00068,2025-03-26,46.2,Poor
AST-00068,2025-06-24,47.1,Poor
AST-00068,2025-09-22,50.3,Poor
AST-00068,2025-12-21,48.9,Poor
AST-00068,2026-03-21,46.4,Poor
AST-00068,2026-06-19,42.1,Critical
AST-00069,2024-01-01,85.3,Good
AST-00069,2024-03-31,91.3,Good
AST-00069,2024-06-29,89.7,Good
AST-00069,2024-09-27,86.1,Good
AST-00069,2024-12-26,84.8,Good
AST-00069,2025-03-26,90.8,Good
AST-00069,2025-06-24,87.7,Good
AST-00069,2025-09-22,81.2,Good
AST-00069,2025-12-21,84.2,Good
AST-00069,2026-03-21,81.8,Good
AST-00069,2026-06-19,78.6,Good
AST-00070,2024-01-01,74.3,Fair
AST-00070,2024-03-31,76.1,Good
AST-00070,2024-06-29,74.2,Fair
AST-00070,2024-09-27,67.8,Fair
AST-00070,2024-12-26,72.9,Fair
AST-00070,2025-03-26,77.7,Good
AST-00070,2025-06-24,67.3,Fair
AST-00070,2025-09-22,72.2,Fair
AST-00070,2025-12-21,72.2,Fair
AST-00070,2026-03-21,66.8,Fair
AST-00070,2026-06-19,69.9,Fair
AST-00071,2024-01-01,100.0,Good
AST-00071,2024-03-31,99.7,Good
AST-00071,2024-06-29,98.4,Good
AST-00071,2024-09-27,97.4,Good
AST-00071,2024-12-26,100.0,Good
AST-00071,2025-03-26,97.9,Good
AST-00071,2025-06-24,97.8,Good
AST-00071,2025-09-22,93.4,Good
AST-00071,2025-12-21,93.5,Good
AST-00071,2026-03-21,97.4,Good
AST-00071,2026-06-19,100.0,Good
AST-00072,2024-01-01,78.1,Good
AST-00072,2024-03-31,75.6,Good
AST-00072,2024-06-29,69.5,Fair
AST-00072,2024-09-27,73.1,Fair
AST-00072,2024-12-26,68.4,Fair
AST-00072,2025-03-26,73.7,Fair
AST-00072,2025-06-24,67.0,Fair
AST-00072,2025-09-22,60.6,Fair
AST-00072,2025-12-21,75.3,Good
AST-00072,2026-03-21,67.2,Fair
AST-00072,2026-06-19,64.3,Fair
AST-00073,2024-01-01,83.9,Good
AST-00073,2024-03-31,75.3,Good
AST-00073,2024-06-29,78.3,Good
AST-00073,2024-09-27,75.0,Fair
AST-00073,2024-12-26,73.6,Fair
AST-00073,2025-03-26,72.8,Fair
AST-00073,2025-06-24,76.5,Good
AST-00073,2025-09-22,73.3,Fair
AST-00073,2025-12-21,71.2,Fair
AST-00073,2026-03-21,67.9,Fair
AST-00073,2026-06-19,67.1,Fair
AST-00074,2024-01-01,83.3,Good
AST-00074,2024-03-31,84.7,Good
AST-00074,2024-06-29,84.4,Good
AST-00074,2024-09-27,81.2,Good
AST-00074,2024-12-26,79.3,Good
AST-00074,2025-03-26,81.0,Good
AST-00074,2025-06-24,80.1,Good
AST-00074,2025-09-22,74.5,Fair
AST-00074,2025-12-21,73.6,Fair
AST-00074,2026-03-21,75.5,Good
AST-00074,2026-06-19,76.4,Good
AST-00075,2024-01-01,69.7,Fair
AST-00075,2024-03-31,67.6,Fair
AST-00075,2024-06-29,65.7,Fair
AST-00075,2024-09-27,59.8,Poor
AST-00075,2024-12-26,59.4,Poor
AST-00075,2025-03-26,61.8,Fair
AST-00075,2025-06-24,59.0,Poor
AST-00075,2025-09-22,60.5,Fair
AST-00075,2025-12-21,59.2,Poor
AST-00075,2026-03-21,59.8,Poor
AST-00075,2026-06-19,52.7,Poor
AST-00076,2024-01-01,88.5,Good
AST-00076,2024-03-31,81.4,Good
AST-00076,2024-06-29,84.5,Good
AST-00076,2024-09-27,87.9,Good
AST-00076,2024-12-26,80.4,Good
AST-00076,2025-03-26,81.9,Good
AST-00076,2025-06-24,77.6,Good
AST-00076,2025-09-22,81.1,Good
AST-00076,2025-12-21,86.0,Good
AST-00076,2026-03-21,73.9,Fair
AST-00076,2026-06-19,75.8,Good
AST-00077,2024-01-01,74.2,Fair
AST-00077,2024-03-31,74.5,Fair
AST-00077,2024-06-29,71.0,Fair
AST-00077,2024-09-27,71.2,Fair
AST-00077,2024-12-26,64.3,Fair
AST-00077,2025-03-26,66.4,Fair
AST-00077,2025-06-24,63.7,Fair
AST-00077,2025-09-22,60.2,Fair
AST-00077,2025-12-21,61.6,Fair
AST-00077,2026-03-21,58.2,Poor
AST-00077,2026-06-19,56.0,Poor
AST-00078,2024-01-01,68.5,Fair
AST-00078,2024-03-31,73.1,Fair
AST-00078,2024-06-29,61.4,Fair
AST-00078,2024-09-27,60.7,Fair
AST-00078,2024-12-26,64.3,Fair
AST-00078,2025-03-26,57.2,Poor
AST-00078,2025-06-24,58.7,Poor
AST-00078,2025-09-22,61.8,Fair
AST-00078,2025-12-21,57.0,Poor
AST-00078,2026-03-21,57.8,Poor
AST-00078,2026-06-19,62.2,Fair
AST-00079,2024-01-01,93.7,Good
AST-00079,2024-03-31,86.0,Good
AST-00079,2024-06-29,87.6,Good
AST-00079,2024-09-27,94.3,Good
AST-00079,2024-12-26,87.2,Good
AST-00079,2025-03-26,82.1,Good
AST-00079,2025-06-24,87.1,Good
AST-00079,2025-09-22,86.2,Good
AST-00079,2025-12-21,89.5,Good
AST-00079,2026-03-21,83.8,Good
AST-00079,2026-06-19,84.1,Good
AST-00080,2024-01-01,100.0,Good
AST-00080,2024-03-31,91.5,Good
AST-00080,2024-06-29,95.5,Good
AST-00080,2024-09-27,94.3,Good
AST-00080,2024-12-26,94.0,Good
AST-00080,2025-03-26,92.9,Good
AST-00080,2025-06-24,91.3,Good
AST-00080,2025-09-22,95.0,Good
AST-00080,2025-12-21,89.6,Good
AST-00080,2026-03-21,94.8,Good
AST-00080,2026-06-19,86.4,Good
AST-00081,2024-01-01,62.3,Fair
AST-00081,2024-03-31,56.2,Poor
AST-00081,2024-06-29,57.7,Poor
AST-00081,2024-09-27,68.2,Fair
AST-00081,2024-12-26,57.1,Poor
AST-00081,2025-03-26,60.7,Fair
AST-00081,2025-06-24,61.8,Fair
AST-00081,2025-09-22,60.1,Fair
AST-00081,2025-12-21,62.6,Fair
AST-00081,2026-03-21,65.0,Fair
AST-00081,2026-06-19,55.7,Poor
AST-00082,2024-01-01,97.3,Good
AST-00082,2024-03-31,100.0,Good
AST-00082,2024-06-29,94.3,Good
AST-00082,2024-09-27,90.1,Good
AST-00082,2024-12-26,95.8,Good
AST-00082,2025-03-26,91.6,Good
AST-00082,2025-06-24,91.4,Good
AST-00082,2025-09-22,90.0,Good
AST-00082,2025-12-21,90.4,Good
AST-00082,2026-03-21,91.2,Good
AST-00082,2026-06-19,86.3,Good
AST-00083,2024-01-01,92.7,Good
AST-00083,2024-03-31,73.9,Fair
AST-00083,2024-06-29,84.5,Good
AST-00083,2024-09-27,77.8,Good
AST-00083,2024-12-26,75.1,Good
AST-00083,2025-03-26,75.4,Good
AST-00083,2025-06-24,78.1,Good
AST-00083,2025-09-22,72.3,Fair
AST-00083,2025-12-21,71.8,Fair
AST-00083,2026-03-21,70.1,Fair
AST-00083,2026-06-19,66.7,Fair
AST-00084,2024-01-01,78.1,Good
AST-00084,2024-03-31,75.6,Good
AST-00084,2024-06-29,73.0,Fair
AST-00084,2024-09-27,74.7,Fair
AST-00084,2024-12-26,73.3,Fair
AST-00084,2025-03-26,70.2,Fair
AST-00084,2025-06-24,67.4,Fair
AST-00084,2025-09-22,67.1,Fair
AST-00084,2025-12-21,67.9,Fair
AST-00084,2026-03-21,69.0,Fair
AST-00084,2026-06-19,64.0,Fair
AST-00085,2024-01-01,95.2,Good
AST-00085,2024-03-31,93.6,Good
AST-00085,2024-06-29,85.3,Good
AST-00085,2024-09-27,84.7,Good
AST-00085,2024-12-26,92.3,Good
AST-00085,2025-03-26,85.3,Good
AST-00085,2025-06-24,82.3,Good
AST-00085,2025-09-22,88.9,Good
AST-00085,2025-12-21,78.2,Good
AST-00085,2026-03-21,85.6,Good
AST-00085,2026-06-19,82.5,Good
AST-00086,2024-01-01,66.4,Fair
AST-00086,2024-03-31,61.5,Fair
AST-00086,2024-06-29,66.2,Fair
AST-00086,2024-09-27,60.3,Fair
AST-00086,2024-12-26,63.7,Fair
AST-00086,2025-03-26,61.6,Fair
AST-00086,2025-06-24,60.8,Fair
AST-00086,2025-09-22,56.1,Poor
AST-00086,2025-12-21,53.9,Poor
AST-00086,2026-03-21,56.6,Poor
AST-00086,2026-06-19,58.4,Poor
AST-00087,2024-01-01,62.0,Fair
AST-00087,2024-03-31,57.5,Poor
AST-00087,2024-06-29,62.8,Fair
AST-00087,2024-09-27,60.8,Fair
AST-00087,2024-12-26,59.7,Poor
AST-00087,2025-03-26,58.3,Poor
AST-00087,2025-06-24,53.4,Poor
AST-00087,2025-09-22,54.4,Poor
AST-00087,2025-12-21,55.3,Poor
AST-00087,2026-03-21,57.4,Poor
AST-00087,2026-06-19,54.7,Poor
AST-00088,2024-01-01,83.7,Good
AST-00088,2024-03-31,88.9,Good
AST-00088,2024-06-29,81.8,Good
AST-00088,2024-09-27,77.2,Good
AST-00088,2024-12-26,79.3,Good
AST-00088,2025-03-26,68.8,Fair
AST-00088,2025-06-24,76.2,Good
AST-00088,2025-09-22,74.6,Fair
AST-00088,2025-12-21,69.0,Fair
AST-00088,2026-03-21,67.9,Fair
AST-00088,2026-06-19,74.3,Fair
AST-00089,2024-01-01,71.9,Fair
AST-00089,2024-03-31,70.0,Fair
AST-00089,2024-06-29,72.6,Fair
AST-00089,2024-09-27,70.5,Fair
AST-00089,2024-12-26,70.9,Fair
AST-00089,2025-03-26,65.4,Fair
AST-00089,2025-06-24,66.6,Fair
AST-00089,2025-09-22,71.9,Fair
AST-00089,2025-12-21,65.3,Fair
AST-00089,2026-03-21,61.8,Fair
AST-00089,2026-06-19,64.4,Fair
AST-00090,2024-01-01,100.0,Good
AST-00090,2024-03-31,100.0,Good
AST-00090,2024-06-29,98.2,Good
AST-00090,2024-09-27,99.1,Good
AST-00090,2024-12-26,100.0,Good
AST-00090,2025-03-26,98.5,Good
AST-00090,2025-06-24,95.4,Good
AST-00090,2025-09-22,100.0,Good
AST-00090,2025-12-21,88.5,Good
AST-00090,2026-03-21,95.0,Good
AST-00090,2026-06-19,95.1,Good
AST-00091,2024-01-01,42.7,Critical
AST-00091,2024-03-31,46.8,Poor
AST-00091,2024-06-29,43.0,Critical
AST-00091,2024-09-27,40.2,Critical
AST-00091,2024-12-26,40.0,Critical
AST-00091,2025-03-26,45.8,Poor
AST-00091,2025-06-24,40.3,Critical
AST-00091,2025-09-22,30.2,Critical
AST-00091,2025-12-21,37.2,Critical
AST-00091,2026-03-21,34.8,Critical
AST-00091,2026-06-19,31.4,Critical
AST-00092,2024-01-01,82.6,Good
AST-00092,2024-03-31,79.4,Good
AST-00092,2024-06-29,83.2,Good
AST-00092,2024-09-27,79.4,Good
AST-00092,2024-12-26,79.7,Good
AST-00092,2025-03-26,76.7,Good
AST-00092,2025-06-24,84.4,Good
AST-00092,2025-09-22,70.9,Fair
AST-00092,2025-12-21,77.2,Good
AST-00092,2026-03-21,67.6,Fair
AST-00092,2026-06-19,77.9,Good
AST-00093,2024-01-01,55.3,Poor
AST-00093,2024-03-31,59.2,Poor
AST-00093,2024-06-29,54.4,Poor
AST-00093,2024-09-27,62.0,Fair
AST-00093,2024-12-26,59.9,Poor
AST-00093,2025-03-26,51.0,Poor
AST-00093,2025-06-24,56.7,Poor
AST-00093,2025-09-22,53.4,Poor
AST-00093,2025-12-21,51.3,Poor
AST-00093,2026-03-21,46.3,Poor
AST-00093,2026-06-19,47.3,Poor
AST-00094,2024-01-01,77.4,Good
AST-00094,2024-03-31,79.5,Good
AST-00094,2024-06-29,71.7,Fair
AST-00094,2024-09-27,74.7,Fair
AST-00094,2024-12-26,68.6,Fair
AST-00094,2025-03-26,75.2,Good
AST-00094,2025-06-24,73.3,Fair
AST-00094,2025-09-22,72.1,Fair
AST-00094,2025-12-21,71.3,Fair
AST-00094,2026-03-21,67.6,Fair
AST-00094,2026-06-19,70.5,Fair
AST-00095,2024-01-01,95.8,Good
AST-00095,2024-03-31,92.5,Good
AST-00095,2024-06-29,91.4,Good
AST-00095,2024-09-27,96.2,Good
AST-00095,2024-12-26,90.3,Good
AST-00095,2025-03-26,93.4,Good
AST-00095,2025-06-24,88.5,Good
AST-00095,2025-09-22,88.0,Good
AST-00095,2025-12-21,91.6,Good
AST-00095,2026-03-21,95.1,Good
AST-00095,2026-06-19,88.8,Good
AST-00096,2024-01-01,60.5,Fair
AST-00096,2024-03-31,61.4,Fair
AST-00096,2024-06-29,54.9,Poor
AST-00096,2024-09-27,56.8,Poor
AST-00096,2024-12-26,53.1,Poor
AST-00096,2025-03-26,48.5,Poor
AST-00096,2025-06-24,57.4,Poor
AST-00096,2025-09-22,49.3,Poor
AST-00096,2025-12-21,46.7,Poor
AST-00096,2026-03-21,46.2,Poor
AST-00096,2026-06-19,42.9,Critical
AST-00097,2024-01-01,40.6,Critical
AST-00097,2024-03-31,31.4,Critical
AST-00097,2024-06-29,40.3,Critical
AST-00097,2024-09-27,32.8,Critical
AST-00097,2024-12-26,30.8,Critical
AST-00097,2025-03-26,40.3,Critical
AST-00097,2025-06-24,37.1,Critical
AST-00097,2025-09-22,29.6,Critical
AST-00097,2025-12-21,36.6,Critical
AST-00097,2026-03-21,33.2,Critical
AST-00097,2026-06-19,30.2,Critical
AST-00098,2024-01-01,65.1,Fair
AST-00098,2024-03-31,61.7,Fair
AST-00098,2024-06-29,62.8,Fair
AST-00098,2024-09-27,71.0,Fair
AST-00098,2024-12-26,62.6,Fair
AST-00098,2025-03-26,59.9,Poor
AST-00098,2025-06-24,63.3,Fair
AST-00098,2025-09-22,61.8,Fair
AST-00098,2025-12-21,56.9,Poor
AST-00098,2026-03-21,58.4,Poor
AST-00098,2026-06-19,55.2,Poor
AST-00099,2024-01-01,80.4,Good
AST-00099,2024-03-31,75.0,Fair
AST-00099,2024-06-29,68.8,Fair
AST-00099,2024-09-27,70.9,Fair
AST-00099,2024-12-26,74.7,Fair
AST-00099,2025-03-26,69.6,Fair
AST-00099,2025-06-24,67.6,Fair
AST-00099,2025-09-22,67.4,Fair
AST-00099,2025-12-21,61.8,Fair
AST-00099,2026-03-21,65.8,Fair
AST-00099,2026-06-19,58.8,Poor
AST-00100,2024-01-01,100.0,Good
AST-00100,2024-03-31,100.0,Good
AST-00100,2024-06-29,96.1,Good
AST-00100,2024-09-27,97.3,Good
AST-00100,2024-12-26,92.0,Good
AST-00100,2025-03-26,94.3,Good
AST-00100,2025-06-24,88.5,Good
AST-00100,2025-09-22,82.3,Good
AST-00100,2025-12-21,89.9,Good
AST-00100,2026-03-21,90.4,Good
AST-00100,2026-06-19,86.0,Good
AST-00101,2024-01-01,57.7,Poor
AST-00101,2024-03-31,58.9,Poor
AST-00101,2024-06-29,60.0,Fair
AST-00101,2024-09-27,62.7,Fair
AST-00101,2024-12-26,60.0,Fair
AST-00101,2025-03-26,58.4,Poor
AST-00101,2025-06-24,52.8,Poor
AST-00101,2025-09-22,52.7,Poor
AST-00101,2025-12-21,45.7,Poor
AST-00101,2026-03-21,52.7,Poor
AST-00101,2026-06-19,53.2,Poor
AST-00102,2024-01-01,75.0,Good
AST-00102,2024-03-31,58.2,Poor
AST-00102,2024-06-29,65.4,Fair
AST-00102,2024-09-27,60.4,Fair
AST-00102,2024-12-26,63.3,Fair
AST-00102,2025-03-26,60.0,Poor
AST-00102,2025-06-24,68.5,Fair
AST-00102,2025-09-22,64.1,Fair
AST-00102,2025-12-21,58.9,Poor
AST-00102,2026-03-21,57.3,Poor
AST-00102,2026-06-19,47.8,Poor
AST-00103,2024-01-01,100.0,Good
AST-00103,2024-03-31,97.2,Good
AST-00103,2024-06-29,99.5,Good
AST-00103,2024-09-27,93.3,Good
AST-00103,2024-12-26,90.7,Good
AST-00103,2025-03-26,96.6,Good
AST-00103,2025-06-24,89.2,Good
AST-00103,2025-09-22,90.8,Good
AST-00103,2025-12-21,90.6,Good
AST-00103,2026-03-21,93.7,Good
AST-00103,2026-06-19,86.0,Good
AST-00104,2024-01-01,100.0,Good
AST-00104,2024-03-31,100.0,Good
AST-00104,2024-06-29,100.0,Good
AST-00104,2024-09-27,95.0,Good
AST-00104,2024-12-26,97.9,Good
AST-00104,2025-03-26,100.0,Good
AST-00104,2025-06-24,91.3,Good
AST-00104,2025-09-22,97.5,Good
AST-00104,2025-12-21,83.7,Good
AST-00104,2026-03-21,94.0,Good
AST-00104,2026-06-19,91.8,Good
AST-00105,2024-01-01,69.4,Fair
AST-00105,2024-03-31,67.4,Fair
AST-00105,2024-06-29,65.1,Fair
AST-00105,2024-09-27,67.3,Fair
AST-00105,2024-12-26,61.1,Fair
AST-00105,2025-03-26,58.4,Poor
AST-00105,2025-06-24,55.2,Poor
AST-00105,2025-09-22,60.0,Poor
AST-00105,2025-12-21,65.6,Fair
AST-00105,2026-03-21,59.5,Poor
AST-00105,2026-06-19,56.7,Poor
AST-00106,2024-01-01,72.8,Fair
AST-00106,2024-03-31,82.5,Good
AST-00106,2024-06-29,83.2,Good
AST-00106,2024-09-27,76.0,Good
AST-00106,2024-12-26,73.6,Fair
AST-00106,2025-03-26,71.7,Fair
AST-00106,2025-06-24,70.9,Fair
AST-00106,2025-09-22,76.5,Good
AST-00106,2025-12-21,78.1,Good
AST-00106,2026-03-21,75.6,Good
AST-00106,2026-06-19,79.1,Good
AST-00107,2024-01-01,65.7,Fair
AST-00107,2024-03-31,64.1,Fair
AST-00107,2024-06-29,63.5,Fair
AST-00107,2024-09-27,63.7,Fair
AST-00107,2024-12-26,70.7,Fair
AST-00107,2025-03-26,64.8,Fair
AST-00107,2025-06-24,64.9,Fair
AST-00107,2025-09-22,66.8,Fair
AST-00107,2025-12-21,58.5,Poor
AST-00107,2026-03-21,68.1,Fair
AST-00107,2026-06-19,56.7,Poor
AST-00108,2024-01-01,98.8,Good
AST-00108,2024-03-31,99.9,Good
AST-00108,2024-06-29,94.5,Good
AST-00108,2024-09-27,94.5,Good
AST-00108,2024-12-26,90.1,Good
AST-00108,2025-03-26,88.7,Good
AST-00108,2025-06-24,89.7,Good
AST-00108,2025-09-22,86.8,Good
AST-00108,2025-12-21,86.3,Good
AST-00108,2026-03-21,86.4,Good
AST-00108,2026-06-19,86.4,Good
AST-00109,2024-01-01,74.1,Fair
AST-00109,2024-03-31,68.4,Fair
AST-00109,2024-06-29,70.3,Fair
AST-00109,2024-09-27,67.0,Fair
AST-00109,2024-12-26,68.9,Fair
AST-00109,2025-03-26,68.8,Fair
AST-00109,2025-06-24,66.8,Fair
AST-00109,2025-09-22,64.3,Fair
AST-00109,2025-12-21,63.8,Fair
AST-00109,2026-03-21,58.9,Poor
AST-00109,2026-06-19,64.9,Fair
AST-00110,2024-01-01,93.3,Good
AST-00110,2024-03-31,86.2,Good
AST-00110,2024-06-29,87.2,Good
AST-00110,2024-09-27,88.3,Good
AST-00110,2024-12-26,87.3,Good
AST-00110,2025-03-26,85.1,Good
AST-00110,2025-06-24,80.4,Good
AST-00110,2025-09-22,86.7,Good
AST-00110,2025-12-21,84.0,Good
AST-00110,2026-03-21,80.5,Good
AST-00110,2026-06-19,79.3,Good
AST-00111,2024-01-01,96.7,Good
AST-00111,2024-03-31,94.0,Good
AST-00111,2024-06-29,98.9,Good
AST-00111,2024-09-27,100.0,Good
AST-00111,2024-12-26,100.0,Good
AST-00111,2025-03-26,97.3,Good
AST-00111,2025-06-24,99.0,Good
AST-00111,2025-09-22,95.2,Good
AST-00111,2025-12-21,89.6,Good
AST-00111,2026-03-21,87.2,Good
AST-00111,2026-06-19,96.6,Good
AST-00112,2024-01-01,69.9,Fair
AST-00112,2024-03-31,75.4,Good
AST-00112,2024-06-29,71.8,Fair
AST-00112,2024-09-27,72.9,Fair
AST-00112,2024-12-26,70.6,Fair
AST-00112,2025-03-26,75.4,Good
AST-00112,2025-06-24,70.0,Fair
AST-00112,2025-09-22,67.9,Fair
AST-00112,2025-12-21,71.1,Fair
AST-00112,2026-03-21,71.2,Fair
AST-00112,2026-06-19,67.9,Fair
AST-00113,2024-01-01,66.0,Fair
AST-00113,2024-03-31,60.4,Fair
AST-00113,2024-06-29,67.5,Fair
AST-00113,2024-09-27,63.5,Fair
AST-00113,2024-12-26,63.1,Fair
AST-00113,2025-03-26,65.0,Fair
AST-00113,2025-06-24,64.1,Fair
AST-00113,2025-09-22,68.1,Fair
AST-00113,2025-12-21,60.8,Fair
AST-00113,2026-03-21,56.4,Poor
AST-00113,2026-06-19,62.3,Fair
AST-00114,2024-01-01,64.0,Fair
AST-00114,2024-03-31,58.3,Poor
AST-00114,2024-06-29,50.7,Poor
AST-00114,2024-09-27,52.3,Poor
AST-00114,2024-12-26,55.7,Poor
AST-00114,2025-03-26,60.3,Fair
AST-00114,2025-06-24,55.3,Poor
AST-00114,2025-09-22,54.6,Poor
AST-00114,2025-12-21,51.3,Poor
AST-00114,2026-03-21,42.3,Critical
AST-00114,2026-06-19,48.9,Poor
AST-00115,2024-01-01,63.9,Fair
AST-00115,2024-03-31,57.5,Poor
AST-00115,2024-06-29,63.8,Fair
AST-00115,2024-09-27,62.1,Fair
AST-00115,2024-12-26,58.7,Poor
AST-00115,2025-03-26,58.4,Poor
AST-00115,2025-06-24,60.0,Fair
AST-00115,2025-09-22,49.9,Poor
AST-00115,2025-12-21,53.7,Poor
AST-00115,2026-03-21,48.7,Poor
AST-00115,2026-06-19,53.3,Poor
AST-00116,2024-01-01,86.0,Good
AST-00116,2024-03-31,92.5,Good
AST-00116,2024-06-29,88.9,Good
AST-00116,2024-09-27,86.8,Good
AST-00116,2024-12-26,90.3,Good
AST-00116,2025-03-26,90.4,Good
AST-00116,2025-06-24,88.5,Good
AST-00116,2025-09-22,84.1,Good
AST-00116,2025-12-21,89.5,Good
AST-00116,2026-03-21,80.8,Good
AST-00116,2026-06-19,83.4,Good
AST-00117,2024-01-01,48.8,Poor
AST-00117,2024-03-31,43.6,Critical
AST-00117,2024-06-29,48.0,Poor
AST-00117,2024-09-27,43.9,Critical
AST-00117,2024-12-26,45.7,Poor
AST-00117,2025-03-26,47.3,Poor
AST-00117,2025-06-24,45.1,Poor
AST-00117,2025-09-22,43.7,Critical
AST-00117,2025-12-21,44.7,Critical
AST-00117,2026-03-21,35.6,Critical
AST-00117,2026-06-19,34.5,Critical
AST-00118,2024-01-01,71.7,Fair
AST-00118,2024-03-31,69.6,Fair
AST-00118,2024-06-29,63.3,Fair
AST-00118,2024-09-27,61.8,Fair
AST-00118,2024-12-26,63.6,Fair
AST-00118,2025-03-26,67.2,Fair
AST-00118,2025-06-24,57.8,Poor
AST-00118,2025-09-22,57.4,Poor
AST-00118,2025-12-21,56.4,Poor
AST-00118,2026-03-21,51.0,Poor
AST-00118,2026-06-19,60.9,Fair
AST-00119,2024-01-01,86.3,Good
AST-00119,2024-03-31,79.9,Good
AST-00119,2024-06-29,83.2,Good
AST-00119,2024-09-27,83.0,Good
AST-00119,2024-12-26,80.4,Good
AST-00119,2025-03-26,75.2,Good
AST-00119,2025-06-24,83.5,Good
AST-00119,2025-09-22,77.5,Good
AST-00119,2025-12-21,80.6,Good
AST-00119,2026-03-21,72.0,Fair
AST-00119,2026-06-19,68.9,Fair
AST-00120,2024-01-01,79.5,Good
AST-00120,2024-03-31,69.6,Fair
AST-00120,2024-06-29,74.1,Fair
AST-00120,2024-09-27,69.1,Fair
AST-00120,2024-12-26,72.1,Fair
AST-00120,2025-03-26,65.0,Fair
AST-00120,2025-06-24,69.7,Fair
AST-00120,2025-09-22,74.2,Fair
AST-00120,2025-12-21,65.1,Fair
AST-00120,2026-03-21,68.4,Fair
AST-00120,2026-06-19,67.3,Fair
AST-00121,2024-01-01,56.0,Poor
AST-00121,2024-03-31,58.8,Poor
AST-00121,2024-06-29,54.7,Poor
AST-00121,2024-09-27,53.0,Poor
AST-00121,2024-12-26,55.7,Poor
AST-00121,2025-03-26,53.2,Poor
AST-00121,2025-06-24,53.3,Poor
AST-00121,2025-09-22,49.1,Poor
AST-00121,2025-12-21,50.9,Poor
AST-00121,2026-03-21,51.5,Poor
AST-00121,2026-06-19,47.7,Poor
AST-00122,2024-01-01,64.1,Fair
AST-00122,2024-03-31,54.5,Poor
AST-00122,2024-06-29,61.6,Fair
AST-00122,2024-09-27,51.3,Poor
AST-00122,2024-12-26,56.3,Poor
AST-00122,2025-03-26,58.3,Poor
AST-00122,2025-06-24,55.6,Poor
AST-00122,2025-09-22,51.5,Poor
AST-00122,2025-12-21,56.6,Poor
AST-00122,2026-03-21,57.7,Poor
AST-00122,2026-06-19,51.9,Poor
AST-00123,2024-01-01,74.1,Fair
AST-00123,2024-03-31,76.0,Good
AST-00123,2024-06-29,67.5,Fair
AST-00123,2024-09-27,65.9,Fair
AST-00123,2024-12-26,73.3,Fair
AST-00123,2025-03-26,71.3,Fair
AST-00123,2025-06-24,67.4,Fair
AST-00123,2025-09-22,58.7,Poor
AST-00123,2025-12-21,70.7,Fair
AST-00123,2026-03-21,62.2,Fair
AST-00123,2026-06-19,63.2,Fair
AST-00124,2024-01-01,73.4,Fair
AST-00124,2024-03-31,71.3,Fair
AST-00124,2024-06-29,66.6,Fair
AST-00124,2024-09-27,66.2,Fair
AST-00124,2024-12-26,66.1,Fair
AST-00124,2025-03-26,65.0,Fair
AST-00124,2025-06-24,62.1,Fair
AST-00124,2025-09-22,64.4,Fair
AST-00124,2025-12-21,66.9,Fair
AST-00124,2026-03-21,62.0,Fair
AST-00124,2026-06-19,61.9,Fair
AST-00125,2024-01-01,74.4,Fair
AST-00125,2024-03-31,59.5,Poor
AST-00125,2024-06-29,67.5,Fair
AST-00125,2024-09-27,68.6,Fair
AST-00125,2024-12-26,65.2,Fair
AST-00125,2025-03-26,57.0,Poor
AST-00125,2025-06-24,60.2,Fair
AST-00125,2025-09-22,62.2,Fair
AST-00125,2025-12-21,59.1,Poor
AST-00125,2026-03-21,61.3,Fair
AST-00125,2026-06-19,57.5,Poor
AST-00126,2024-01-01,90.6,Good
AST-00126,2024-03-31,90.8,Good
AST-00126,2024-06-29,88.4,Good
AST-00126,2024-09-27,91.1,Good
AST-00126,2024-12-26,93.1,Good
AST-00126,2025-03-26,88.7,Good
AST-00126,2025-06-24,90.2,Good
AST-00126,2025-09-22,86.3,Good
AST-00126,2025-12-21,87.4,Good
AST-00126,2026-03-21,86.6,Good
AST-00126,2026-06-19,79.8,Good
AST-00127,2024-01-01,88.8,Good
AST-00127,2024-03-31,88.5,Good
AST-00127,2024-06-29,80.2,Good
AST-00127,2024-09-27,79.2,Good
AST-00127,2024-12-26,78.6,Good
AST-00127,2025-03-26,74.0,Fair
AST-00127,2025-06-24,73.8,Fair
AST-00127,2025-09-22,74.3,Fair
AST-00127,2025-12-21,69.4,Fair
AST-00127,2026-03-21,70.3,Fair
AST-00127,2026-06-19,74.9,Fair
AST-00128,2024-01-01,79.0,Good
AST-00128,2024-03-31,76.9,Good
AST-00128,2024-06-29,77.4,Good
AST-00128,2024-09-27,82.5,Good
AST-00128,2024-12-26,78.7,Good
AST-00128,2025-03-26,69.7,Fair
AST-00128,2025-06-24,75.6,Good
AST-00128,2025-09-22,74.6,Fair
AST-00128,2025-12-21,67.6,Fair
AST-00128,2026-03-21,75.2,Good
AST-00128,2026-06-19,70.5,Fair
AST-00129,2024-01-01,95.0,Good
AST-00129,2024-03-31,97.3,Good
AST-00129,2024-06-29,92.6,Good
AST-00129,2024-09-27,97.7,Good
AST-00129,2024-12-26,93.1,Good
AST-00129,2025-03-26,91.4,Good
AST-00129,2025-06-24,90.2,Good
AST-00129,2025-09-22,92.5,Good
AST-00129,2025-12-21,91.9,Good
AST-00129,2026-03-21,87.1,Good
AST-00129,2026-06-19,81.9,Good
AST-00130,2024-01-01,86.9,Good
AST-00130,2024-03-31,86.5,Good
AST-00130,2024-06-29,87.0,Good
AST-00130,2024-09-27,84.1,Good
AST-00130,2024-12-26,84.5,Good
AST-00130,2025-03-26,85.5,Good
AST-00130,2025-06-24,78.7,Good
AST-00130,2025-09-22,78.3,Good
AST-00130,2025-12-21,76.6,Good
AST-00130,2026-03-21,74.9,Fair
AST-00130,2026-06-19,76.6,Good
AST-00131,2024-01-01,61.7,Fair
AST-00131,2024-03-31,64.3,Fair
AST-00131,2024-06-29,59.5,Poor
AST-00131,2024-09-27,56.0,Poor
AST-00131,2024-12-26,50.5,Poor
AST-00131,2025-03-26,57.3,Poor
AST-00131,2025-06-24,51.1,Poor
AST-00131,2025-09-22,51.0,Poor
AST-00131,2025-12-21,57.8,Poor
AST-00131,2026-03-21,46.9,Poor
AST-00131,2026-06-19,48.6,Poor
AST-00132,2024-01-01,68.2,Fair
AST-00132,2024-03-31,71.3,Fair
AST-00132,2024-06-29,69.0,Fair
AST-00132,2024-09-27,69.4,Fair
AST-00132,2024-12-26,61.0,Fair
AST-00132,2025-03-26,65.4,Fair
AST-00132,2025-06-24,63.5,Fair
AST-00132,2025-09-22,63.2,Fair
AST-00132,2025-12-21,55.2,Poor
AST-00132,2026-03-21,60.1,Fair
AST-00132,2026-06-19,59.4,Poor
AST-00133,2024-01-01,81.7,Good
AST-00133,2024-03-31,81.6,Good
AST-00133,2024-06-29,74.0,Fair
AST-00133,2024-09-27,71.5,Fair
AST-00133,2024-12-26,81.8,Good
AST-00133,2025-03-26,72.7,Fair
AST-00133,2025-06-24,78.5,Good
AST-00133,2025-09-22,78.3,Good
AST-00133,2025-12-21,75.4,Good
AST-00133,2026-03-21,75.7,Good
AST-00133,2026-06-19,70.0,Fair
AST-00134,2024-01-01,87.0,Good
AST-00134,2024-03-31,88.7,Good
AST-00134,2024-06-29,83.8,Good
AST-00134,2024-09-27,82.7,Good
AST-00134,2024-12-26,83.2,Good
AST-00134,2025-03-26,78.0,Good
AST-00134,2025-06-24,85.6,Good
AST-00134,2025-09-22,82.8,Good
AST-00134,2025-12-21,87.5,Good
AST-00134,2026-03-21,83.4,Good
AST-00134,2026-06-19,87.2,Good
AST-00135,2024-01-01,71.3,Fair
AST-00135,2024-03-31,69.3,Fair
AST-00135,2024-06-29,71.2,Fair
AST-00135,2024-09-27,62.2,Fair
AST-00135,2024-12-26,69.6,Fair
AST-00135,2025-03-26,65.5,Fair
AST-00135,2025-06-24,61.5,Fair
AST-00135,2025-09-22,60.9,Fair
AST-00135,2025-12-21,67.0,Fair
AST-00135,2026-03-21,64.7,Fair
AST-00135,2026-06-19,61.9,Fair
AST-00136,2024-01-01,54.8,Poor
AST-00136,2024-03-31,61.1,Fair
AST-00136,2024-06-29,62.4,Fair
AST-00136,2024-09-27,56.4,Poor
AST-00136,2024-12-26,57.3,Poor
AST-00136,2025-03-26,55.3,Poor
AST-00136,2025-06-24,61.4,Fair
AST-00136,2025-09-22,57.3,Poor
AST-00136,2025-12-21,55.1,Poor
AST-00136,2026-03-21,52.0,Poor
AST-00136,2026-06-19,61.2,Fair
AST-00137,2024-01-01,81.2,Good
AST-00137,2024-03-31,85.9,Good
AST-00137,2024-06-29,85.9,Good
AST-00137,2024-09-27,81.3,Good
AST-00137,2024-12-26,83.9,Good
AST-00137,2025-03-26,81.5,Good
AST-00137,2025-06-24,78.2,Good
AST-00137,2025-09-22,78.2,Good
AST-00137,2025-12-21,80.1,Good
AST-00137,2026-03-21,84.1,Good
AST-00137,2026-06-19,78.7,Good
AST-00138,2024-01-01,100.0,Good
AST-00138,2024-03-31,100.0,Good
AST-00138,2024-06-29,100.0,Good
AST-00138,2024-09-27,92.1,Good
AST-00138,2024-12-26,100.0,Good
AST-00138,2025-03-26,96.8,Good
AST-00138,2025-06-24,91.3,Good
AST-00138,2025-09-22,92.4,Good
AST-00138,2025-12-21,94.2,Good
AST-00138,2026-03-21,86.0,Good
AST-00138,2026-06-19,86.4,Good
AST-00139,2024-01-01,59.5,Poor
AST-00139,2024-03-31,56.1,Poor
AST-00139,2024-06-29,58.9,Poor
AST-00139,2024-09-27,58.8,Poor
AST-00139,2024-12-26,55.0,Poor
AST-00139,2025-03-26,58.0,Poor
AST-00139,2025-06-24,58.0,Poor
AST-00139,2025-09-22,56.0,Poor
AST-00139,2025-12-21,58.6,Poor
AST-00139,2026-03-21,52.1,Poor
AST-00139,2026-06-19,57.1,Poor
AST-00140,2024-01-01,76.4,Good
AST-00140,2024-03-31,94.5,Good
AST-00140,2024-06-29,86.6,Good
AST-00140,2024-09-27,84.4,Good
AST-00140,2024-12-26,87.6,Good
AST-00140,2025-03-26,84.5,Good
AST-00140,2025-06-24,83.8,Good
AST-00140,2025-09-22,83.9,Good
AST-00140,2025-12-21,85.5,Good
AST-00140,2026-03-21,79.2,Good
AST-00140,2026-06-19,84.8,Good
AST-00141,2024-01-01,61.3,Fair
AST-00141,2024-03-31,63.8,Fair
AST-00141,2024-06-29,58.2,Poor
AST-00141,2024-09-27,56.4,Poor
AST-00141,2024-12-26,58.8,Poor
AST-00141,2025-03-26,54.8,Poor
AST-00141,2025-06-24,55.4,Poor
AST-00141,2025-09-22,59.1,Poor
AST-00141,2025-12-21,58.0,Poor
AST-00141,2026-03-21,52.8,Poor
AST-00141,2026-06-19,53.0,Poor
AST-00142,2024-01-01,69.8,Fair
AST-00142,2024-03-31,64.8,Fair
AST-00142,2024-06-29,60.7,Fair
AST-00142,2024-09-27,62.0,Fair
AST-00142,2024-12-26,67.8,Fair
AST-00142,2025-03-26,68.8,Fair
AST-00142,2025-06-24,63.4,Fair
AST-00142,2025-09-22,56.8,Poor
AST-00142,2025-12-21,61.2,Fair
AST-00142,2026-03-21,60.3,Fair
AST-00142,2026-06-19,59.4,Poor
AST-00143,2024-01-01,60.2,Fair
AST-00143,2024-03-31,57.6,Poor
AST-00143,2024-06-29,57.9,Poor
AST-00143,2024-09-27,51.1,Poor
AST-00143,2024-12-26,52.0,Poor
AST-00143,2025-03-26,52.7,Poor
AST-00143,2025-06-24,54.9,Poor
AST-00143,2025-09-22,51.7,Poor
AST-00143,2025-12-21,53.8,Poor
AST-00143,2026-03-21,54.4,Poor
AST-00143,2026-06-19,51.9,Poor
AST-00144,2024-01-01,78.9,Good
AST-00144,2024-03-31,71.6,Fair
AST-00144,2024-06-29,74.1,Fair
AST-00144,2024-09-27,68.6,Fair
AST-00144,2024-12-26,70.9,Fair
AST-00144,2025-03-26,73.2,Fair
AST-00144,2025-06-24,75.2,Good
AST-00144,2025-09-22,70.2,Fair
AST-00144,2025-12-21,73.2,Fair
AST-00144,2026-03-21,74.3,Fair
AST-00144,2026-06-19,67.9,Fair
AST-00145,2024-01-01,95.3,Good
AST-00145,2024-03-31,94.6,Good
AST-00145,2024-06-29,87.6,Good
AST-00145,2024-09-27,89.4,Good
AST-00145,2024-12-26,79.4,Good
AST-00145,2025-03-26,77.6,Good
AST-00145,2025-06-24,78.6,Good
AST-00145,2025-09-22,82.2,Good
AST-00145,2025-12-21,82.1,Good
AST-00145,2026-03-21,72.5,Fair
AST-00145,2026-06-19,76.2,Good
AST-00146,2024-01-01,72.5,Fair
AST-00146,2024-03-31,67.8,Fair
AST-00146,2024-06-29,69.9,Fair
AST-00146,2024-09-27,73.3,Fair
AST-00146,2024-12-26,68.9,Fair
AST-00146,2025-03-26,71.2,Fair
AST-00146,2025-06-24,69.6,Fair
AST-00146,2025-09-22,67.8,Fair
AST-00146,2025-12-21,64.5,Fair
AST-00146,2026-03-21,64.9,Fair
AST-00146,2026-06-19,59.4,Poor
AST-00147,2024-01-01,88.1,Good
AST-00147,2024-03-31,88.6,Good
AST-00147,2024-06-29,77.1,Good
AST-00147,2024-09-27,76.0,Good
AST-00147,2024-12-26,78.3,Good
AST-00147,2025-03-26,72.7,Fair
AST-00147,2025-06-24,77.5,Good
AST-00147,2025-09-22,70.1,Fair
AST-00147,2025-12-21,80.6,Good
AST-00147,2026-03-21,78.0,Good
AST-00147,2026-06-19,72.5,Fair
AST-00148,2024-01-01,53.3,Poor
AST-00148,2024-03-31,58.3,Poor
AST-00148,2024-06-29,52.4,Poor
AST-00148,2024-09-27,50.1,Poor
AST-00148,2024-12-26,46.1,Poor
AST-00148,2025-03-26,49.1,Poor
AST-00148,2025-06-24,56.5,Poor
AST-00148,2025-09-22,55.7,Poor
AST-00148,2025-12-21,52.2,Poor
AST-00148,2026-03-21,49.6,Poor
AST-00148,2026-06-19,44.2,Critical
AST-00149,2024-01-01,64.7,Fair
AST-00149,2024-03-31,63.8,Fair
AST-00149,2024-06-29,63.6,Fair
AST-00149,2024-09-27,59.9,Poor
AST-00149,2024-12-26,64.1,Fair
AST-00149,2025-03-26,58.2,Poor
AST-00149,2025-06-24,57.4,Poor
AST-00149,2025-09-22,60.1,Fair
AST-00149,2025-12-21,58.3,Poor
AST-00149,2026-03-21,59.3,Poor
AST-00149,2026-06-19,51.8,Poor
AST-00150,2024-01-01,53.3,Poor
AST-00150,2024-03-31,44.3,Critical
AST-00150,2024-06-29,48.5,Poor
AST-00150,2024-09-27,45.3,Poor
AST-00150,2024-12-26,47.8,Poor
AST-00150,2025-03-26,52.2,Poor
AST-00150,2025-06-24,39.8,Critical
AST-00150,2025-09-22,51.2,Poor
AST-00150,2025-12-21,50.4,Poor
AST-00150,2026-03-21,44.3,Critical
AST-00150,2026-06-19,42.4,Critical
AST-00151,2024-01-01,73.1,Fair
AST-00151,2024-03-31,64.9,Fair
AST-00151,2024-06-29,74.6,Fair
AST-00151,2024-09-27,75.2,Good
AST-00151,2024-12-26,65.4,Fair
AST-00151,2025-03-26,65.1,Fair
AST-00151,2025-06-24,68.0,Fair
AST-00151,2025-09-22,62.2,Fair
AST-00151,2025-12-21,61.6,Fair
AST-00151,2026-03-21,65.4,Fair
AST-00151,2026-06-19,61.7,Fair
AST-00152,2024-01-01,93.0,Good
AST-00152,2024-03-31,94.4,Good
AST-00152,2024-06-29,85.4,Good
AST-00152,2024-09-27,87.8,Good
AST-00152,2024-12-26,81.9,Good
AST-00152,2025-03-26,87.9,Good
AST-00152,2025-06-24,82.9,Good
AST-00152,2025-09-22,82.8,Good
AST-00152,2025-12-21,85.6,Good
AST-00152,2026-03-21,74.7,Fair
AST-00152,2026-06-19,79.6,Good
AST-00153,2024-01-01,51.8,Poor
AST-00153,2024-03-31,56.6,Poor
AST-00153,2024-06-29,48.2,Poor
AST-00153,2024-09-27,52.3,Poor
AST-00153,2024-12-26,51.8,Poor
AST-00153,2025-03-26,56.8,Poor
AST-00153,2025-06-24,53.6,Poor
AST-00153,2025-09-22,47.7,Poor
AST-00153,2025-12-21,48.9,Poor
AST-00153,2026-03-21,54.2,Poor
AST-00153,2026-06-19,49.0,Poor
AST-00154,2024-01-01,72.6,Fair
AST-00154,2024-03-31,69.9,Fair
AST-00154,2024-06-29,74.0,Fair
AST-00154,2024-09-27,74.2,Fair
AST-00154,2024-12-26,77.5,Good
AST-00154,2025-03-26,67.5,Fair
AST-00154,2025-06-24,67.1,Fair
AST-00154,2025-09-22,69.3,Fair
AST-00154,2025-12-21,67.1,Fair
AST-00154,2026-03-21,62.7,Fair
AST-00154,2026-06-19,70.5,Fair
AST-00155,2024-01-01,57.3,Poor
AST-00155,2024-03-31,47.8,Poor
AST-00155,2024-06-29,50.0,Poor
AST-00155,2024-09-27,54.3,Poor
AST-00155,2024-12-26,42.2,Critical
AST-00155,2025-03-26,48.8,Poor
AST-00155,2025-06-24,47.9,Poor
AST-00155,2025-09-22,44.2,Critical
AST-00155,2025-12-21,46.3,Poor
AST-00155,2026-03-21,45.6,Poor
AST-00155,2026-06-19,38.3,Critical
AST-00156,2024-01-01,75.6,Good
AST-00156,2024-03-31,70.6,Fair
AST-00156,2024-06-29,75.4,Good
AST-00156,2024-09-27,64.9,Fair
AST-00156,2024-12-26,67.0,Fair
AST-00156,2025-03-26,65.2,Fair
AST-00156,2025-06-24,64.9,Fair
AST-00156,2025-09-22,73.3,Fair
AST-00156,2025-12-21,63.7,Fair
AST-00156,2026-03-21,64.2,Fair
AST-00156,2026-06-19,62.9,Fair
AST-00157,2024-01-01,77.5,Good
AST-00157,2024-03-31,76.1,Good
AST-00157,2024-06-29,79.5,Good
AST-00157,2024-09-27,73.8,Fair
AST-00157,2024-12-26,76.6,Good
AST-00157,2025-03-26,76.6,Good
AST-00157,2025-06-24,72.7,Fair
AST-00157,2025-09-22,73.5,Fair
AST-00157,2025-12-21,69.0,Fair
AST-00157,2026-03-21,70.2,Fair
AST-00157,2026-06-19,64.3,Fair
AST-00158,2024-01-01,73.6,Fair
AST-00158,2024-03-31,76.3,Good
AST-00158,2024-06-29,79.0,Good
AST-00158,2024-09-27,74.9,Fair
AST-00158,2024-12-26,73.6,Fair
AST-00158,2025-03-26,73.5,Fair
AST-00158,2025-06-24,67.2,Fair
AST-00158,2025-09-22,67.8,Fair
AST-00158,2025-12-21,66.3,Fair
AST-00158,2026-03-21,60.8,Fair
AST-00158,2026-06-19,60.9,Fair
AST-00159,2024-01-01,57.9,Poor
AST-00159,2024-03-31,59.3,Poor
AST-00159,2024-06-29,55.2,Poor
AST-00159,2024-09-27,49.1,Poor
AST-00159,2024-12-26,54.8,Poor
AST-00159,2025-03-26,48.6,Poor
AST-00159,2025-06-24,44.5,Critical
AST-00159,2025-09-22,49.8,Poor
AST-00159,2025-12-21,48.7,Poor
AST-00159,2026-03-21,51.1,Poor
AST-00159,2026-06-19,42.5,Critical
AST-00160,2024-01-01,99.8,Good
AST-00160,2024-03-31,93.8,Good
AST-00160,2024-06-29,95.2,Good
AST-00160,2024-09-27,97.8,Good
AST-00160,2024-12-26,92.7,Good
AST-00160,2025-03-26,93.2,Good
AST-00160,2025-06-24,93.4,Good
AST-00160,2025-09-22,92.2,Good
AST-00160,2025-12-21,85.2,Good
AST-00160,2026-03-21,91.3,Good
AST-00160,2026-06-19,84.6,Good
AST-00161,2024-01-01,55.2,Poor
AST-00161,2024-03-31,56.2,Poor
AST-00161,2024-06-29,61.0,Fair
AST-00161,2024-09-27,51.5,Poor
AST-00161,2024-12-26,55.2,Poor
AST-00161,2025-03-26,50.1,Poor
AST-00161,2025-06-24,57.3,Poor
AST-00161,2025-09-22,43.8,Critical
AST-00161,2025-12-21,42.7,Critical
AST-00161,2026-03-21,41.0,Critical
AST-00161,2026-06-19,44.0,Critical
AST-00162,2024-01-01,85.0,Good
AST-00162,2024-03-31,77.7,Good
AST-00162,2024-06-29,74.0,Fair
AST-00162,2024-09-27,77.7,Good
AST-00162,2024-12-26,81.8,Good
AST-00162,2025-03-26,70.2,Fair
AST-00162,2025-06-24,72.1,Fair
AST-00162,2025-09-22,77.0,Good
AST-00162,2025-12-21,71.6,Fair
AST-00162,2026-03-21,71.1,Fair
AST-00162,2026-06-19,64.9,Fair
AST-00163,2024-01-01,92.2,Good
AST-00163,2024-03-31,90.8,Good
AST-00163,2024-06-29,91.1,Good
AST-00163,2024-09-27,89.7,Good
AST-00163,2024-12-26,85.1,Good
AST-00163,2025-03-26,86.1,Good
AST-00163,2025-06-24,78.4,Good
AST-00163,2025-09-22,79.6,Good
AST-00163,2025-12-21,82.0,Good
AST-00163,2026-03-21,72.1,Fair
AST-00163,2026-06-19,72.6,Fair
AST-00164,2024-01-01,56.6,Poor
AST-00164,2024-03-31,59.9,Poor
AST-00164,2024-06-29,58.7,Poor
AST-00164,2024-09-27,52.9,Poor
AST-00164,2024-12-26,56.2,Poor
AST-00164,2025-03-26,59.1,Poor
AST-00164,2025-06-24,58.4,Poor
AST-00164,2025-09-22,47.5,Poor
AST-00164,2025-12-21,51.1,Poor
AST-00164,2026-03-21,55.0,Poor
AST-00164,2026-06-19,54.9,Poor
AST-00165,2024-01-01,50.0,Poor
AST-00165,2024-03-31,49.6,Poor
AST-00165,2024-06-29,52.7,Poor
AST-00165,2024-09-27,54.8,Poor
AST-00165,2024-12-26,47.3,Poor
AST-00165,2025-03-26,43.3,Critical
AST-00165,2025-06-24,46.3,Poor
AST-00165,2025-09-22,49.5,Poor
AST-00165,2025-12-21,38.4,Critical
AST-00165,2026-03-21,42.4,Critical
AST-00165,2026-06-19,46.4,Poor
AST-00166,2024-01-01,53.7,Poor
AST-00166,2024-03-31,54.1,Poor
AST-00166,2024-06-29,54.5,Poor
AST-00166,2024-09-27,52.4,Poor
AST-00166,2024-12-26,50.2,Poor
AST-00166,2025-03-26,47.7,Poor
AST-00166,2025-06-24,52.1,Poor
AST-00166,2025-09-22,51.4,Poor
AST-00166,2025-12-21,50.0,Poor
AST-00166,2026-03-21,48.4,Poor
AST-00166,2026-06-19,47.0,Poor
AST-00167,2024-01-01,92.0,Good
AST-00167,2024-03-31,93.7,Good
AST-00167,2024-06-29,99.6,Good
AST-00167,2024-09-27,88.0,Good
AST-00167,2024-12-26,88.6,Good
AST-00167,2025-03-26,90.5,Good
AST-00167,2025-06-24,88.3,Good
AST-00167,2025-09-22,93.5,Good
AST-00167,2025-12-21,87.4,Good
AST-00167,2026-03-21,86.0,Good
AST-00167,2026-06-19,84.2,Good
AST-00168,2024-01-01,70.4,Fair
AST-00168,2024-03-31,68.6,Fair
AST-00168,2024-06-29,67.9,Fair
AST-00168,2024-09-27,67.0,Fair
AST-00168,2024-12-26,66.0,Fair
AST-00168,2025-03-26,66.5,Fair
AST-00168,2025-06-24,62.4,Fair
AST-00168,2025-09-22,67.4,Fair
AST-00168,2025-12-21,58.7,Poor
AST-00168,2026-03-21,63.3,Fair
AST-00168,2026-06-19,60.4,Fair
AST-00169,2024-01-01,50.7,Poor
AST-00169,2024-03-31,48.6,Poor
AST-00169,2024-06-29,48.4,Poor
AST-00169,2024-09-27,49.2,Poor
AST-00169,2024-12-26,54.0,Poor
AST-00169,2025-03-26,52.0,Poor
AST-00169,2025-06-24,43.5,Critical
AST-00169,2025-09-22,49.4,Poor
AST-00169,2025-12-21,44.6,Critical
AST-00169,2026-03-21,45.6,Poor
AST-00169,2026-06-19,48.7,Poor
AST-00170,2024-01-01,52.7,Poor
AST-00170,2024-03-31,54.6,Poor
AST-00170,2024-06-29,55.3,Poor
AST-00170,2024-09-27,50.9,Poor
AST-00170,2024-12-26,48.2,Poor
AST-00170,2025-03-26,51.8,Poor
AST-00170,2025-06-24,50.1,Poor
AST-00170,2025-09-22,46.5,Poor
AST-00170,2025-12-21,54.4,Poor
AST-00170,2026-03-21,55.6,Poor
AST-00170,2026-06-19,51.4,Poor
AST-00171,2024-01-01,95.5,Good
AST-00171,2024-03-31,100.0,Good
AST-00171,2024-06-29,97.5,Good
AST-00171,2024-09-27,94.7,Good
AST-00171,2024-12-26,92.8,Good
AST-00171,2025-03-26,97.2,Good
AST-00171,2025-06-24,98.4,Good
AST-00171,2025-09-22,93.0,Good
AST-00171,2025-12-21,98.5,Good
AST-00171,2026-03-21,87.3,Good
AST-00171,2026-06-19,86.8,Good
AST-00172,2024-01-01,58.4,Poor
AST-00172,2024-03-31,62.4,Fair
AST-00172,2024-06-29,56.5,Poor
AST-00172,2024-09-27,54.6,Poor
AST-00172,2024-12-26,56.9,Poor
AST-00172,2025-03-26,56.6,Poor
AST-00172,2025-06-24,51.1,Poor
AST-00172,2025-09-22,50.1,Poor
AST-00172,2025-12-21,51.3,Poor
AST-00172,2026-03-21,54.1,Poor
AST-00172,2026-06-19,48.1,Poor
AST-00173,2024-01-01,55.7,Poor
AST-00173,2024-03-31,54.6,Poor
AST-00173,2024-06-29,56.5,Poor
AST-00173,2024-09-27,51.7,Poor
AST-00173,2024-12-26,53.9,Poor
AST-00173,2025-03-26,50.2,Poor
AST-00173,2025-06-24,48.0,Poor
AST-00173,2025-09-22,50.0,Poor
AST-00173,2025-12-21,56.7,Poor
AST-00173,2026-03-21,45.1,Poor
AST-00173,2026-06-19,48.5,Poor
AST-00174,2024-01-01,64.6,Fair
AST-00174,2024-03-31,63.9,Fair
AST-00174,2024-06-29,65.6,Fair
AST-00174,2024-09-27,60.8,Fair
AST-00174,2024-12-26,59.1,Poor
AST-00174,2025-03-26,58.9,Poor
AST-00174,2025-06-24,56.4,Poor
AST-00174,2025-09-22,57.3,Poor
AST-00174,2025-12-21,55.1,Poor
AST-00174,2026-03-21,51.8,Poor
AST-00174,2026-06-19,54.2,Poor
AST-00175,2024-01-01,100.0,Good
AST-00175,2024-03-31,94.5,Good
AST-00175,2024-06-29,94.2,Good
AST-00175,2024-09-27,93.2,Good
AST-00175,2024-12-26,88.6,Good
AST-00175,2025-03-26,94.7,Good
AST-00175,2025-06-24,89.6,Good
AST-00175,2025-09-22,90.5,Good
AST-00175,2025-12-21,85.9,Good
AST-00175,2026-03-21,84.8,Good
AST-00175,2026-06-19,84.0,Good
AST-00176,2024-01-01,72.6,Fair
AST-00176,2024-03-31,79.9,Good
AST-00176,2024-06-29,72.7,Fair
AST-00176,2024-09-27,70.9,Fair
AST-00176,2024-12-26,69.2,Fair
AST-00176,2025-03-26,70.3,Fair
AST-00176,2025-06-24,68.8,Fair
AST-00176,2025-09-22,73.3,Fair
AST-00176,2025-12-21,71.4,Fair
AST-00176,2026-03-21,70.9,Fair
AST-00176,2026-06-19,71.1,Fair
AST-00177,2024-01-01,86.2,Good
AST-00177,2024-03-31,89.8,Good
AST-00177,2024-06-29,93.9,Good
AST-00177,2024-09-27,88.9,Good
AST-00177,2024-12-26,85.9,Good
AST-00177,2025-03-26,87.9,Good
AST-00177,2025-06-24,86.7,Good
AST-00177,2025-09-22,90.5,Good
AST-00177,2025-12-21,88.6,Good
AST-00177,2026-03-21,86.5,Good
AST-00177,2026-06-19,84.2,Good
AST-00178,2024-01-01,78.6,Good
AST-00178,2024-03-31,75.0,Good
AST-00178,2024-06-29,74.0,Fair
AST-00178,2024-09-27,74.2,Fair
AST-00178,2024-12-26,71.6,Fair
AST-00178,2025-03-26,76.0,Good
AST-00178,2025-06-24,75.7,Good
AST-00178,2025-09-22,69.2,Fair
AST-00178,2025-12-21,75.4,Good
AST-00178,2026-03-21,73.2,Fair
AST-00178,2026-06-19,72.0,Fair
AST-00179,2024-01-01,75.6,Good
AST-00179,2024-03-31,72.2,Fair
AST-00179,2024-06-29,73.1,Fair
AST-00179,2024-09-27,67.9,Fair
AST-00179,2024-12-26,71.5,Fair
AST-00179,2025-03-26,70.3,Fair
AST-00179,2025-06-24,66.2,Fair
AST-00179,2025-09-22,67.8,Fair
AST-00179,2025-12-21,63.5,Fair
AST-00179,2026-03-21,66.8,Fair
AST-00179,2026-06-19,65.9,Fair
AST-00180,2024-01-01,78.7,Good
AST-00180,2024-03-31,75.7,Good
AST-00180,2024-06-29,71.6,Fair
AST-00180,2024-09-27,65.7,Fair
AST-00180,2024-12-26,75.7,Good
AST-00180,2025-03-26,72.0,Fair
AST-00180,2025-06-24,65.9,Fair
AST-00180,2025-09-22,64.8,Fair
AST-00180,2025-12-21,60.9,Fair
AST-00180,2026-03-21,60.4,Fair
AST-00180,2026-06-19,58.3,Poor
AST-00181,2024-01-01,68.6,Fair
AST-00181,2024-03-31,64.5,Fair
AST-00181,2024-06-29,72.2,Fair
AST-00181,2024-09-27,71.4,Fair
AST-00181,2024-12-26,72.5,Fair
AST-00181,2025-03-26,66.1,Fair
AST-00181,2025-06-24,61.4,Fair
AST-00181,2025-09-22,67.6,Fair
AST-00181,2025-12-21,67.6,Fair
AST-00181,2026-03-21,57.6,Poor
AST-00181,2026-06-19,55.6,Poor
AST-00182,2024-01-01,83.1,Good
AST-00182,2024-03-31,86.1,Good
AST-00182,2024-06-29,81.9,Good
AST-00182,2024-09-27,89.9,Good
AST-00182,2024-12-26,82.8,Good
AST-00182,2025-03-26,81.6,Good
AST-00182,2025-06-24,87.5,Good
AST-00182,2025-09-22,79.4,Good
AST-00182,2025-12-21,83.9,Good
AST-00182,2026-03-21,78.9,Good
AST-00182,2026-06-19,79.0,Good
AST-00183,2024-01-01,57.7,Poor
AST-00183,2024-03-31,61.1,Fair
AST-00183,2024-06-29,64.4,Fair
AST-00183,2024-09-27,62.8,Fair
AST-00183,2024-12-26,59.7,Poor
AST-00183,2025-03-26,60.8,Fair
AST-00183,2025-06-24,61.4,Fair
AST-00183,2025-09-22,54.2,Poor
AST-00183,2025-12-21,60.2,Fair
AST-00183,2026-03-21,51.2,Poor
AST-00183,2026-06-19,46.4,Poor
AST-00184,2024-01-01,61.7,Fair
AST-00184,2024-03-31,61.3,Fair
AST-00184,2024-06-29,61.5,Fair
AST-00184,2024-09-27,62.3,Fair
AST-00184,2024-12-26,60.9,Fair
AST-00184,2025-03-26,53.3,Poor
AST-00184,2025-06-24,58.4,Poor
AST-00184,2025-09-22,53.1,Poor
AST-00184,2025-12-21,58.3,Poor
AST-00184,2026-03-21,57.1,Poor
AST-00184,2026-06-19,59.6,Poor
AST-00185,2024-01-01,75.8,Good
AST-00185,2024-03-31,86.1,Good
AST-00185,2024-06-29,81.4,Good
AST-00185,2024-09-27,74.8,Fair
AST-00185,2024-12-26,78.8,Good
AST-00185,2025-03-26,80.6,Good
AST-00185,2025-06-24,82.1,Good
AST-00185,2025-09-22,80.0,Good
AST-00185,2025-12-21,77.0,Good
AST-00185,2026-03-21,83.7,Good
AST-00185,2026-06-19,76.4,Good
AST-00186,2024-01-01,79.5,Good
AST-00186,2024-03-31,82.4,Good
AST-00186,2024-06-29,87.0,Good
AST-00186,2024-09-27,83.5,Good
AST-00186,2024-12-26,81.4,Good
AST-00186,2025-03-26,78.9,Good
AST-00186,2025-06-24,81.0,Good
AST-00186,2025-09-22,78.7,Good
AST-00186,2025-12-21,74.8,Fair
AST-00186,2026-03-21,75.7,Good
AST-00186,2026-06-19,77.2,Good
AST-00187,2024-01-01,100.0,Good
AST-00187,2024-03-31,99.1,Good
AST-00187,2024-06-29,98.1,Good
AST-00187,2024-09-27,96.5,Good
AST-00187,2024-12-26,93.9,Good
AST-00187,2025-03-26,97.2,Good
AST-00187,2025-06-24,91.4,Good
AST-00187,2025-09-22,89.7,Good
AST-00187,2025-12-21,91.7,Good
AST-00187,2026-03-21,95.9,Good
AST-00187,2026-06-19,88.7,Good
AST-00188,2024-01-01,81.8,Good
AST-00188,2024-03-31,87.7,Good
AST-00188,2024-06-29,84.1,Good
AST-00188,2024-09-27,84.5,Good
AST-00188,2024-12-26,81.0,Good
AST-00188,2025-03-26,87.4,Good
AST-00188,2025-06-24,82.1,Good
AST-00188,2025-09-22,83.8,Good
AST-00188,2025-12-21,79.4,Good
AST-00188,2026-03-21,76.6,Good
AST-00188,2026-06-19,77.8,Good
AST-00189,2024-01-01,79.7,Good
AST-00189,2024-03-31,80.8,Good
AST-00189,2024-06-29,74.3,Fair
AST-00189,2024-09-27,74.6,Fair
AST-00189,2024-12-26,82.6,Good
AST-00189,2025-03-26,76.3,Good
AST-00189,2025-06-24,74.9,Fair
AST-00189,2025-09-22,71.2,Fair
AST-00189,2025-12-21,80.7,Good
AST-00189,2026-03-21,77.3,Good
AST-00189,2026-06-19,74.7,Fair
AST-00190,2024-01-01,89.6,Good
AST-00190,2024-03-31,96.2,Good
AST-00190,2024-06-29,88.6,Good
AST-00190,2024-09-27,82.4,Good
AST-00190,2024-12-26,85.3,Good
AST-00190,2025-03-26,87.9,Good
AST-00190,2025-06-24,86.5,Good
AST-00190,2025-09-22,77.5,Good
AST-00190,2025-12-21,84.9,Good
AST-00190,2026-03-21,82.2,Good
AST-00190,2026-06-19,80.4,Good
AST-00191,2024-01-01,74.6,Fair
AST-00191,2024-03-31,74.3,Fair
AST-00191,2024-06-29,71.2,Fair
AST-00191,2024-09-27,70.7,Fair
AST-00191,2024-12-26,75.0,Good
AST-00191,2025-03-26,71.3,Fair
AST-00191,2025-06-24,72.4,Fair
AST-00191,2025-09-22,69.8,Fair
AST-00191,2025-12-21,61.5,Fair
AST-00191,2026-03-21,72.1,Fair
AST-00191,2026-06-19,67.3,Fair
AST-00192,2024-01-01,66.1,Fair
AST-00192,2024-03-31,67.7,Fair
AST-00192,2024-06-29,62.5,Fair
AST-00192,2024-09-27,63.9,Fair
AST-00192,2024-12-26,62.4,Fair
AST-00192,2025-03-26,63.8,Fair
AST-00192,2025-06-24,56.6,Poor
AST-00192,2025-09-22,57.8,Poor
AST-00192,2025-12-21,62.9,Fair
AST-00192,2026-03-21,69.3,Fair
AST-00192,2026-06-19,52.1,Poor
AST-00193,2024-01-01,87.1,Good
AST-00193,2024-03-31,100.0,Good
AST-00193,2024-06-29,91.1,Good
AST-00193,2024-09-27,90.0,Good
AST-00193,2024-12-26,91.1,Good
AST-00193,2025-03-26,91.4,Good
AST-00193,2025-06-24,83.8,Good
AST-00193,2025-09-22,80.6,Good
AST-00193,2025-12-21,79.3,Good
AST-00193,2026-03-21,80.1,Good
AST-00193,2026-06-19,78.3,Good
AST-00194,2024-01-01,82.4,Good
AST-00194,2024-03-31,82.0,Good
AST-00194,2024-06-29,83.2,Good
AST-00194,2024-09-27,81.3,Good
AST-00194,2024-12-26,76.0,Good
AST-00194,2025-03-26,80.2,Good
AST-00194,2025-06-24,73.8,Fair
AST-00194,2025-09-22,79.6,Good
AST-00194,2025-12-21,80.4,Good
AST-00194,2026-03-21,83.0,Good
AST-00194,2026-06-19,77.2,Good
AST-00195,2024-01-01,73.7,Fair
AST-00195,2024-03-31,70.4,Fair
AST-00195,2024-06-29,69.2,Fair
AST-00195,2024-09-27,67.6,Fair
AST-00195,2024-12-26,61.4,Fair
AST-00195,2025-03-26,60.2,Fair
AST-00195,2025-06-24,56.2,Poor
AST-00195,2025-09-22,57.8,Poor
AST-00195,2025-12-21,60.7,Fair
AST-00195,2026-03-21,65.5,Fair
AST-00195,2026-06-19,58.5,Poor
AST-00196,2024-01-01,59.6,Poor
AST-00196,2024-03-31,57.1,Poor
AST-00196,2024-06-29,59.3,Poor
AST-00196,2024-09-27,53.6,Poor
AST-00196,2024-12-26,51.0,Poor
AST-00196,2025-03-26,50.0,Poor
AST-00196,2025-06-24,46.2,Poor
AST-00196,2025-09-22,47.5,Poor
AST-00196,2025-12-21,48.1,Poor
AST-00196,2026-03-21,46.3,Poor
AST-00196,2026-06-19,44.1,Critical
AST-00197,2024-01-01,86.6,Good
AST-00197,2024-03-31,87.0,Good
AST-00197,2024-06-29,87.7,Good
AST-00197,2024-09-27,83.9,Good
AST-00197,2024-12-26,81.4,Good
AST-00197,2025-03-26,84.3,Good
AST-00197,2025-06-24,86.1,Good
AST-00197,2025-09-22,82.4,Good
AST-00197,2025-12-21,85.1,Good
AST-00197,2026-03-21,79.5,Good
AST-00197,2026-06-19,82.5,Good
AST-00198,2024-01-01,58.8,Poor
AST-00198,2024-03-31,51.5,Poor
AST-00198,2024-06-29,50.9,Poor
AST-00198,2024-09-27,52.3,Poor
AST-00198,2024-12-26,46.4,Poor
AST-00198,2025-03-26,45.6,Poor
AST-00198,2025-06-24,54.1,Poor
AST-00198,2025-09-22,49.8,Poor
AST-00198,2025-12-21,53.6,Poor
AST-00198,2026-03-21,45.7,Poor
AST-00198,2026-06-19,43.6,Critical
AST-00199,2024-01-01,75.4,Good
AST-00199,2024-03-31,74.7,Fair
AST-00199,2024-06-29,68.3,Fair
AST-00199,2024-09-27,72.7,Fair
AST-00199,2024-12-26,73.5,Fair
AST-00199,2025-03-26,72.8,Fair
AST-00199,2025-06-24,69.6,Fair
AST-00199,2025-09-22,68.7,Fair
AST-00199,2025-12-21,65.2,Fair
AST-00199,2026-03-21,70.2,Fair
AST-00199,2026-06-19,69.9,Fair
AST-00200,2024-01-01,92.5,Good
AST-00200,2024-03-31,94.9,Good
AST-00200,2024-06-29,89.8,Good
AST-00200,2024-09-27,90.0,Good
AST-00200,2024-12-26,95.8,Good
AST-00200,2025-03-26,86.3,Good
AST-00200,2025-06-24,86.8,Good
AST-00200,2025-09-22,87.7,Good
AST-00200,2025-12-21,82.3,Good
AST-00200,2026-03-21,86.3,Good
AST-00200,2026-06-19,77.4,Good
AST-00201,2024-01-01,74.5,Fair
AST-00201,2024-03-31,76.8,Good
AST-00201,2024-06-29,77.5,Good
AST-00201,2024-09-27,77.6,Good
AST-00201,2024-12-26,73.0,Fair
AST-00201,2025-03-26,71.8,Fair
AST-00201,2025-06-24,73.4,Fair
AST-00201,2025-09-22,69.8,Fair
AST-00201,2025-12-21,72.3,Fair
AST-00201,2026-03-21,64.5,Fair
AST-00201,2026-06-19,61.6,Fair
AST-00202,2024-01-01,92.1,Good
AST-00202,2024-03-31,95.5,Good
AST-00202,2024-06-29,89.1,Good
AST-00202,2024-09-27,90.4,Good
AST-00202,2024-12-26,90.8,Good
AST-00202,2025-03-26,86.8,Good
AST-00202,2025-06-24,84.3,Good
AST-00202,2025-09-22,83.3,Good
AST-00202,2025-12-21,87.3,Good
AST-00202,2026-03-21,83.9,Good
AST-00202,2026-06-19,85.4,Good
AST-00203,2024-01-01,93.3,Good
AST-00203,2024-03-31,94.9,Good
AST-00203,2024-06-29,92.7,Good
AST-00203,2024-09-27,94.0,Good
AST-00203,2024-12-26,95.8,Good
AST-00203,2025-03-26,86.5,Good
AST-00203,2025-06-24,84.4,Good
AST-00203,2025-09-22,89.9,Good
AST-00203,2025-12-21,87.2,Good
AST-00203,2026-03-21,91.7,Good
AST-00203,2026-06-19,79.3,Good
AST-00204,2024-01-01,69.4,Fair
AST-00204,2024-03-31,77.2,Good
AST-00204,2024-06-29,73.1,Fair
AST-00204,2024-09-27,73.5,Fair
AST-00204,2024-12-26,70.2,Fair
AST-00204,2025-03-26,70.4,Fair
AST-00204,2025-06-24,73.0,Fair
AST-00204,2025-09-22,72.7,Fair
AST-00204,2025-12-21,71.5,Fair
AST-00204,2026-03-21,74.4,Fair
AST-00204,2026-06-19,68.6,Fair
AST-00205,2024-01-01,75.9,Good
AST-00205,2024-03-31,75.6,Good
AST-00205,2024-06-29,71.3,Fair
AST-00205,2024-09-27,66.3,Fair
AST-00205,2024-12-26,73.5,Fair
AST-00205,2025-03-26,75.6,Good
AST-00205,2025-06-24,76.4,Good
AST-00205,2025-09-22,67.5,Fair
AST-00205,2025-12-21,63.0,Fair
AST-00205,2026-03-21,66.1,Fair
AST-00205,2026-06-19,67.4,Fair
AST-00206,2024-01-01,63.8,Fair
AST-00206,2024-03-31,64.1,Fair
AST-00206,2024-06-29,59.3,Poor
AST-00206,2024-09-27,64.2,Fair
AST-00206,2024-12-26,59.4,Poor
AST-00206,2025-03-26,54.8,Poor
AST-00206,2025-06-24,59.7,Poor
AST-00206,2025-09-22,56.8,Poor
AST-00206,2025-12-21,58.4,Poor
AST-00206,2026-03-21,53.0,Poor
AST-00206,2026-06-19,54.1,Poor
AST-00207,2024-01-01,90.5,Good
AST-00207,2024-03-31,87.3,Good
AST-00207,2024-06-29,85.4,Good
AST-00207,2024-09-27,87.9,Good
AST-00207,2024-12-26,85.0,Good
AST-00207,2025-03-26,83.8,Good
AST-00207,2025-06-24,86.4,Good
AST-00207,2025-09-22,78.9,Good
AST-00207,2025-12-21,84.7,Good
AST-00207,2026-03-21,80.1,Good
AST-00207,2026-06-19,89.1,Good
AST-00208,2024-01-01,62.7,Fair
AST-00208,2024-03-31,60.8,Fair
AST-00208,2024-06-29,57.0,Poor
AST-00208,2024-09-27,53.0,Poor
AST-00208,2024-12-26,54.2,Poor
AST-00208,2025-03-26,54.6,Poor
AST-00208,2025-06-24,55.6,Poor
AST-00208,2025-09-22,52.0,Poor
AST-00208,2025-12-21,49.2,Poor
AST-00208,2026-03-21,47.7,Poor
AST-00208,2026-06-19,48.2,Poor
AST-00209,2024-01-01,85.2,Good
AST-00209,2024-03-31,86.5,Good
AST-00209,2024-06-29,90.5,Good
AST-00209,2024-09-27,84.2,Good
AST-00209,2024-12-26,86.4,Good
AST-00209,2025-03-26,81.2,Good
AST-00209,2025-06-24,88.7,Good
AST-00209,2025-09-22,80.1,Good
AST-00209,2025-12-21,79.7,Good
AST-00209,2026-03-21,77.5,Good
AST-00209,2026-06-19,74.5,Fair
AST-00210,2024-01-01,94.6,Good
AST-00210,2024-03-31,83.2,Good
AST-00210,2024-06-29,92.2,Good
AST-00210,2024-09-27,84.7,Good
AST-00210,2024-12-26,85.1,Good
AST-00210,2025-03-26,89.1,Good
AST-00210,2025-06-24,84.2,Good
AST-00210,2025-09-22,77.4,Good
AST-00210,2025-12-21,82.3,Good
AST-00210,2026-03-21,83.0,Good
AST-00210,2026-06-19,77.3,Good
AST-00211,2024-01-01,70.1,Fair
AST-00211,2024-03-31,69.4,Fair
AST-00211,2024-06-29,67.1,Fair
AST-00211,2024-09-27,66.8,Fair
AST-00211,2024-12-26,72.4,Fair
AST-00211,2025-03-26,66.0,Fair
AST-00211,2025-06-24,73.1,Fair
AST-00211,2025-09-22,66.7,Fair
AST-00211,2025-12-21,67.3,Fair
AST-00211,2026-03-21,61.8,Fair
AST-00211,2026-06-19,60.3,Fair
AST-00212,2024-01-01,70.8,Fair
AST-00212,2024-03-31,72.5,Fair
AST-00212,2024-06-29,77.7,Good
AST-00212,2024-09-27,75.0,Fair
AST-00212,2024-12-26,77.2,Good
AST-00212,2025-03-26,73.0,Fair
AST-00212,2025-06-24,69.7,Fair
AST-00212,2025-09-22,73.5,Fair
AST-00212,2025-12-21,73.0,Fair
AST-00212,2026-03-21,70.7,Fair
AST-00212,2026-06-19,71.0,Fair
AST-00213,2024-01-01,71.0,Fair
AST-00213,2024-03-31,74.6,Fair
AST-00213,2024-06-29,61.3,Fair
AST-00213,2024-09-27,65.5,Fair
AST-00213,2024-12-26,57.7,Poor
AST-00213,2025-03-26,65.0,Fair
AST-00213,2025-06-24,67.7,Fair
AST-00213,2025-09-22,59.0,Poor
AST-00213,2025-12-21,60.7,Fair
AST-00213,2026-03-21,59.1,Poor
AST-00213,2026-06-19,54.1,Poor
AST-00214,2024-01-01,96.1,Good
AST-00214,2024-03-31,94.1,Good
AST-00214,2024-06-29,93.4,Good
AST-00214,2024-09-27,88.6,Good
AST-00214,2024-12-26,93.5,Good
AST-00214,2025-03-26,90.6,Good
AST-00214,2025-06-24,91.7,Good
AST-00214,2025-09-22,92.0,Good
AST-00214,2025-12-21,88.3,Good
AST-00214,2026-03-21,80.1,Good
AST-00214,2026-06-19,85.0,Good
AST-00215,2024-01-01,96.8,Good
AST-00215,2024-03-31,97.7,Good
AST-00215,2024-06-29,93.2,Good
AST-00215,2024-09-27,90.3,Good
AST-00215,2024-12-26,83.5,Good
AST-00215,2025-03-26,92.1,Good
AST-00215,2025-06-24,88.7,Good
AST-00215,2025-09-22,81.3,Good
AST-00215,2025-12-21,82.0,Good
AST-00215,2026-03-21,81.8,Good
AST-00215,2026-06-19,85.9,Good
AST-00216,2024-01-01,80.7,Good
AST-00216,2024-03-31,84.1,Good
AST-00216,2024-06-29,84.2,Good
AST-00216,2024-09-27,83.9,Good
AST-00216,2024-12-26,82.6,Good
AST-00216,2025-03-26,80.0,Good
AST-00216,2025-06-24,83.9,Good
AST-00216,2025-09-22,77.8,Good
AST-00216,2025-12-21,79.3,Good
AST-00216,2026-03-21,76.2,Good
AST-00216,2026-06-19,83.2,Good
AST-00217,2024-01-01,85.1,Good
AST-00217,2024-03-31,91.9,Good
AST-00217,2024-06-29,90.3,Good
AST-00217,2024-09-27,88.4,Good
AST-00217,2024-12-26,85.2,Good
AST-00217,2025-03-26,84.5,Good
AST-00217,2025-06-24,80.7,Good
AST-00217,2025-09-22,74.7,Fair
AST-00217,2025-12-21,83.1,Good
AST-00217,2026-03-21,82.7,Good
AST-00217,2026-06-19,79.2,Good
AST-00218,2024-01-01,56.7,Poor
AST-00218,2024-03-31,50.2,Poor
AST-00218,2024-06-29,59.3,Poor
AST-00218,2024-09-27,52.0,Poor
AST-00218,2024-12-26,54.6,Poor
AST-00218,2025-03-26,51.3,Poor
AST-00218,2025-06-24,50.0,Poor
AST-00218,2025-09-22,55.8,Poor
AST-00218,2025-12-21,49.5,Poor
AST-00218,2026-03-21,50.9,Poor
AST-00218,2026-06-19,51.1,Poor
AST-00219,2024-01-01,69.3,Fair
AST-00219,2024-03-31,71.5,Fair
AST-00219,2024-06-29,73.0,Fair
AST-00219,2024-09-27,70.9,Fair
AST-00219,2024-12-26,69.7,Fair
AST-00219,2025-03-26,67.5,Fair
AST-00219,2025-06-24,69.3,Fair
AST-00219,2025-09-22,68.7,Fair
AST-00219,2025-12-21,70.7,Fair
AST-00219,2026-03-21,73.1,Fair
AST-00219,2026-06-19,73.3,Fair
AST-00220,2024-01-01,100.0,Good
AST-00220,2024-03-31,98.2,Good
AST-00220,2024-06-29,92.2,Good
AST-00220,2024-09-27,96.0,Good
AST-00220,2024-12-26,96.0,Good
AST-00220,2025-03-26,92.0,Good
AST-00220,2025-06-24,86.2,Good
AST-00220,2025-09-22,91.0,Good
AST-00220,2025-12-21,87.4,Good
AST-00220,2026-03-21,77.5,Good
AST-00220,2026-06-19,86.7,Good
AST-00221,2024-01-01,66.7,Fair
AST-00221,2024-03-31,65.0,Fair
AST-00221,2024-06-29,64.6,Fair
AST-00221,2024-09-27,63.7,Fair
AST-00221,2024-12-26,62.9,Fair
AST-00221,2025-03-26,69.0,Fair
AST-00221,2025-06-24,56.5,Poor
AST-00221,2025-09-22,62.2,Fair
AST-00221,2025-12-21,61.8,Fair
AST-00221,2026-03-21,60.8,Fair
AST-00221,2026-06-19,62.1,Fair
AST-00222,2024-01-01,92.5,Good
AST-00222,2024-03-31,86.6,Good
AST-00222,2024-06-29,85.2,Good
AST-00222,2024-09-27,86.3,Good
AST-00222,2024-12-26,83.9,Good
AST-00222,2025-03-26,86.8,Good
AST-00222,2025-06-24,80.6,Good
AST-00222,2025-09-22,80.5,Good
AST-00222,2025-12-21,80.2,Good
AST-00222,2026-03-21,79.1,Good
AST-00222,2026-06-19,80.1,Good
AST-00223,2024-01-01,95.3,Good
AST-00223,2024-03-31,98.2,Good
AST-00223,2024-06-29,94.3,Good
AST-00223,2024-09-27,100.0,Good
AST-00223,2024-12-26,93.8,Good
AST-00223,2025-03-26,98.2,Good
AST-00223,2025-06-24,94.5,Good
AST-00223,2025-09-22,96.7,Good
AST-00223,2025-12-21,92.8,Good
AST-00223,2026-03-21,94.8,Good
AST-00223,2026-06-19,93.4,Good
AST-00224,2024-01-01,74.4,Fair
AST-00224,2024-03-31,74.2,Fair
AST-00224,2024-06-29,73.0,Fair
AST-00224,2024-09-27,76.6,Good
AST-00224,2024-12-26,76.7,Good
AST-00224,2025-03-26,71.7,Fair
AST-00224,2025-06-24,69.3,Fair
AST-00224,2025-09-22,65.0,Fair
AST-00224,2025-12-21,63.3,Fair
AST-00224,2026-03-21,65.2,Fair
AST-00224,2026-06-19,68.0,Fair
AST-00225,2024-01-01,64.2,Fair
AST-00225,2024-03-31,72.8,Fair
AST-00225,2024-06-29,71.8,Fair
AST-00225,2024-09-27,70.3,Fair
AST-00225,2024-12-26,67.0,Fair
AST-00225,2025-03-26,66.4,Fair
AST-00225,2025-06-24,65.2,Fair
AST-00225,2025-09-22,57.2,Poor
AST-00225,2025-12-21,67.0,Fair
AST-00225,2026-03-21,71.2,Fair
AST-00225,2026-06-19,66.4,Fair
AST-00226,2024-01-01,69.3,Fair
AST-00226,2024-03-31,71.8,Fair
AST-00226,2024-06-29,76.4,Good
AST-00226,2024-09-27,67.2,Fair
AST-00226,2024-12-26,67.8,Fair
AST-00226,2025-03-26,71.3,Fair
AST-00226,2025-06-24,71.9,Fair
AST-00226,2025-09-22,69.6,Fair
AST-00226,2025-12-21,64.1,Fair
AST-00226,2026-03-21,66.4,Fair
AST-00226,2026-06-19,65.4,Fair
AST-00227,2024-01-01,42.1,Critical
AST-00227,2024-03-31,39.5,Critical
AST-00227,2024-06-29,42.1,Critical
AST-00227,2024-09-27,39.6,Critical
AST-00227,2024-12-26,39.2,Critical
AST-00227,2025-03-26,35.0,Critical
AST-00227,2025-06-24,38.9,Critical
AST-00227,2025-09-22,37.4,Critical
AST-00227,2025-12-21,32.4,Critical
AST-00227,2026-03-21,33.2,Critical
AST-00227,2026-06-19,31.5,Critical
AST-00228,2024-01-01,59.0,Poor
AST-00228,2024-03-31,54.8,Poor
AST-00228,2024-06-29,55.6,Poor
AST-00228,2024-09-27,55.2,Poor
AST-00228,2024-12-26,54.5,Poor
AST-00228,2025-03-26,51.9,Poor
AST-00228,2025-06-24,41.2,Critical
AST-00228,2025-09-22,48.8,Poor
AST-00228,2025-12-21,48.9,Poor
AST-00228,2026-03-21,44.2,Critical
AST-00228,2026-06-19,49.4,Poor
AST-00229,2024-01-01,94.5,Good
AST-00229,2024-03-31,92.8,Good
AST-00229,2024-06-29,100.0,Good
AST-00229,2024-09-27,90.6,Good
AST-00229,2024-12-26,92.5,Good
AST-00229,2025-03-26,96.6,Good
AST-00229,2025-06-24,91.1,Good
AST-00229,2025-09-22,84.0,Good
AST-00229,2025-12-21,80.2,Good
AST-00229,2026-03-21,78.7,Good
AST-00229,2026-06-19,84.7,Good
AST-00230,2024-01-01,42.1,Critical
AST-00230,2024-03-31,38.8,Critical
AST-00230,2024-06-29,40.4,Critical
AST-00230,2024-09-27,38.7,Critical
AST-00230,2024-12-26,38.5,Critical
AST-00230,2025-03-26,43.0,Critical
AST-00230,2025-06-24,35.8,Critical
AST-00230,2025-09-22,33.9,Critical
AST-00230,2025-12-21,37.9,Critical
AST-00230,2026-03-21,43.2,Critical
AST-00230,2026-06-19,33.3,Critical
AST-00231,2024-01-01,60.5,Fair
AST-00231,2024-03-31,59.0,Poor
AST-00231,2024-06-29,61.3,Fair
AST-00231,2024-09-27,58.9,Poor
AST-00231,2024-12-26,59.8,Poor
AST-00231,2025-03-26,55.3,Poor
AST-00231,2025-06-24,57.0,Poor
AST-00231,2025-09-22,51.3,Poor
AST-00231,2025-12-21,49.3,Poor
AST-00231,2026-03-21,54.4,Poor
AST-00231,2026-06-19,55.8,Poor
AST-00232,2024-01-01,86.8,Good
AST-00232,2024-03-31,92.1,Good
AST-00232,2024-06-29,85.8,Good
AST-00232,2024-09-27,83.6,Good
AST-00232,2024-12-26,85.7,Good
AST-00232,2025-03-26,83.2,Good
AST-00232,2025-06-24,77.8,Good
AST-00232,2025-09-22,76.0,Good
AST-00232,2025-12-21,88.9,Good
AST-00232,2026-03-21,80.8,Good
AST-00232,2026-06-19,74.7,Fair
AST-00233,2024-01-01,58.3,Poor
AST-00233,2024-03-31,56.3,Poor
AST-00233,2024-06-29,61.0,Fair
AST-00233,2024-09-27,55.2,Poor
AST-00233,2024-12-26,55.2,Poor
AST-00233,2025-03-26,59.9,Poor
AST-00233,2025-06-24,48.5,Poor
AST-00233,2025-09-22,56.8,Poor
AST-00233,2025-12-21,46.9,Poor
AST-00233,2026-03-21,55.2,Poor
AST-00233,2026-06-19,45.1,Poor
AST-00234,2024-01-01,89.4,Good
AST-00234,2024-03-31,89.2,Good
AST-00234,2024-06-29,89.7,Good
AST-00234,2024-09-27,88.0,Good
AST-00234,2024-12-26,85.6,Good
AST-00234,2025-03-26,79.0,Good
AST-00234,2025-06-24,89.8,Good
AST-00234,2025-09-22,82.9,Good
AST-00234,2025-12-21,83.3,Good
AST-00234,2026-03-21,78.6,Good
AST-00234,2026-06-19,83.9,Good
AST-00235,2024-01-01,77.9,Good
AST-00235,2024-03-31,80.8,Good
AST-00235,2024-06-29,77.6,Good
AST-00235,2024-09-27,81.6,Good
AST-00235,2024-12-26,79.0,Good
AST-00235,2025-03-26,80.7,Good
AST-00235,2025-06-24,77.7,Good
AST-00235,2025-09-22,73.9,Fair
AST-00235,2025-12-21,82.3,Good
AST-00235,2026-03-21,75.9,Good
AST-00235,2026-06-19,76.8,Good
AST-00236,2024-01-01,69.7,Fair
AST-00236,2024-03-31,65.8,Fair
AST-00236,2024-06-29,71.5,Fair
AST-00236,2024-09-27,65.7,Fair
AST-00236,2024-12-26,69.4,Fair
AST-00236,2025-03-26,67.0,Fair
AST-00236,2025-06-24,66.9,Fair
AST-00236,2025-09-22,62.7,Fair
AST-00236,2025-12-21,57.2,Poor
AST-00236,2026-03-21,64.6,Fair
AST-00236,2026-06-19,62.3,Fair
AST-00237,2024-01-01,88.5,Good
AST-00237,2024-03-31,90.4,Good
AST-00237,2024-06-29,97.2,Good
AST-00237,2024-09-27,92.8,Good
AST-00237,2024-12-26,92.0,Good
AST-00237,2025-03-26,90.9,Good
AST-00237,2025-06-24,88.9,Good
AST-00237,2025-09-22,88.0,Good
AST-00237,2025-12-21,88.8,Good
AST-00237,2026-03-21,84.0,Good
AST-00237,2026-06-19,89.1,Good
AST-00238,2024-01-01,88.4,Good
AST-00238,2024-03-31,87.0,Good
AST-00238,2024-06-29,83.7,Good
AST-00238,2024-09-27,88.9,Good
AST-00238,2024-12-26,87.4,Good
AST-00238,2025-03-26,86.0,Good
AST-00238,2025-06-24,82.7,Good
AST-00238,2025-09-22,79.4,Good
AST-00238,2025-12-21,77.8,Good
AST-00238,2026-03-21,80.7,Good
AST-00238,2026-06-19,81.5,Good
AST-00239,2024-01-01,79.1,Good
AST-00239,2024-03-31,75.1,Good
AST-00239,2024-06-29,80.5,Good
AST-00239,2024-09-27,79.6,Good
AST-00239,2024-12-26,78.5,Good
AST-00239,2025-03-26,72.9,Fair
AST-00239,2025-06-24,77.1,Good
AST-00239,2025-09-22,80.7,Good
AST-00239,2025-12-21,75.2,Good
AST-00239,2026-03-21,75.1,Good
AST-00239,2026-06-19,74.9,Fair
AST-00240,2024-01-01,52.8,Poor
AST-00240,2024-03-31,48.7,Poor
AST-00240,2024-06-29,48.7,Poor
AST-00240,2024-09-27,50.1,Poor
AST-00240,2024-12-26,53.4,Poor
AST-00240,2025-03-26,53.1,Poor
AST-00240,2025-06-24,47.5,Poor
AST-00240,2025-09-22,43.1,Critical
AST-00240,2025-12-21,42.4,Critical
AST-00240,2026-03-21,45.1,Poor
AST-00240,2026-06-19,39.7,Critical
AST-00241,2024-01-01,97.2,Good
AST-00241,2024-03-31,97.2,Good
AST-00241,2024-06-29,95.4,Good
AST-00241,2024-09-27,91.6,Good
AST-00241,2024-12-26,90.8,Good
AST-00241,2025-03-26,95.5,Good
AST-00241,2025-06-24,93.4,Good
AST-00241,2025-09-22,89.5,Good
AST-00241,2025-12-21,88.9,Good
AST-00241,2026-03-21,86.4,Good
AST-00241,2026-06-19,85.3,Good
AST-00242,2024-01-01,55.5,Poor
AST-00242,2024-03-31,56.0,Poor
AST-00242,2024-06-29,60.2,Fair
AST-00242,2024-09-27,51.3,Poor
AST-00242,2024-12-26,59.0,Poor
AST-00242,2025-03-26,62.5,Fair
AST-00242,2025-06-24,54.6,Poor
AST-00242,2025-09-22,52.0,Poor
AST-00242,2025-12-21,53.0,Poor
AST-00242,2026-03-21,44.2,Critical
AST-00242,2026-06-19,51.5,Poor
AST-00243,2024-01-01,82.0,Good
AST-00243,2024-03-31,82.9,Good
AST-00243,2024-06-29,79.8,Good
AST-00243,2024-09-27,77.8,Good
AST-00243,2024-12-26,73.5,Fair
AST-00243,2025-03-26,76.1,Good
AST-00243,2025-06-24,76.6,Good
AST-00243,2025-09-22,72.4,Fair
AST-00243,2025-12-21,71.5,Fair
AST-00243,2026-03-21,73.4,Fair
AST-00243,2026-06-19,66.5,Fair
AST-00244,2024-01-01,99.0,Good
AST-00244,2024-03-31,100.0,Good
AST-00244,2024-06-29,95.5,Good
AST-00244,2024-09-27,100.0,Good
AST-00244,2024-12-26,91.8,Good
AST-00244,2025-03-26,88.8,Good
AST-00244,2025-06-24,96.2,Good
AST-00244,2025-09-22,94.7,Good
AST-00244,2025-12-21,98.9,Good
AST-00244,2026-03-21,86.0,Good
AST-00244,2026-06-19,90.3,Good
AST-00245,2024-01-01,67.3,Fair
AST-00245,2024-03-31,72.3,Fair
AST-00245,2024-06-29,68.8,Fair
AST-00245,2024-09-27,62.5,Fair
AST-00245,2024-12-26,68.8,Fair
AST-00245,2025-03-26,59.6,Poor
AST-00245,2025-06-24,62.2,Fair
AST-00245,2025-09-22,59.2,Poor
AST-00245,2025-12-21,56.4,Poor
AST-00245,2026-03-21,56.0,Poor
AST-00245,2026-06-19,55.0,Poor
AST-00246,2024-01-01,56.6,Poor
AST-00246,2024-03-31,57.4,Poor
AST-00246,2024-06-29,63.0,Fair
AST-00246,2024-09-27,55.3,Poor
AST-00246,2024-12-26,57.2,Poor
AST-00246,2025-03-26,59.3,Poor
AST-00246,2025-06-24,54.2,Poor
AST-00246,2025-09-22,57.3,Poor
AST-00246,2025-12-21,56.8,Poor
AST-00246,2026-03-21,52.3,Poor
AST-00246,2026-06-19,56.0,Poor
AST-00247,2024-01-01,78.6,Good
AST-00247,2024-03-31,76.9,Good
AST-00247,2024-06-29,77.6,Good
AST-00247,2024-09-27,73.4,Fair
AST-00247,2024-12-26,77.1,Good
AST-00247,2025-03-26,79.7,Good
AST-00247,2025-06-24,71.8,Fair
AST-00247,2025-09-22,74.8,Fair
AST-00247,2025-12-21,72.9,Fair
AST-00247,2026-03-21,66.9,Fair
AST-00247,2026-06-19,76.4,Good
AST-00248,2024-01-01,67.8,Fair
AST-00248,2024-03-31,77.6,Good
AST-00248,2024-06-29,63.8,Fair
AST-00248,2024-09-27,69.5,Fair
AST-00248,2024-12-26,73.0,Fair
AST-00248,2025-03-26,69.6,Fair
AST-00248,2025-06-24,67.5,Fair
AST-00248,2025-09-22,69.5,Fair
AST-00248,2025-12-21,68.4,Fair
AST-00248,2026-03-21,61.3,Fair
AST-00248,2026-06-19,55.6,Poor
AST-00249,2024-01-01,95.5,Good
AST-00249,2024-03-31,93.2,Good
AST-00249,2024-06-29,92.8,Good
AST-00249,2024-09-27,95.1,Good
AST-00249,2024-12-26,97.6,Good
AST-00249,2025-03-26,94.8,Good
AST-00249,2025-06-24,87.7,Good
AST-00249,2025-09-22,91.8,Good
AST-00249,2025-12-21,92.2,Good
AST-00249,2026-03-21,90.3,Good
AST-00249,2026-06-19,86.4,Good
AST-00250,2024-01-01,82.6,Good
AST-00250,2024-03-31,77.1,Good
AST-00250,2024-06-29,76.9,Good
AST-00250,2024-09-27,78.9,Good
AST-00250,2024-12-26,79.7,Good
AST-00250,2025-03-26,74.7,Fair
AST-00250,2025-06-24,76.6,Good
AST-00250,2025-09-22,75.2,Good
AST-00250,2025-12-21,76.8,Good
AST-00250,2026-03-21,70.0,Fair
AST-00250,2026-06-19,68.3,Fair
AST-00251,2024-01-01,72.9,Fair
AST-00251,2024-03-31,74.3,Fair
AST-00251,2024-06-29,73.1,Fair
AST-00251,2024-09-27,68.6,Fair
AST-00251,2024-12-26,75.1,Good
AST-00251,2025-03-26,65.4,Fair
AST-00251,2025-06-24,65.2,Fair
AST-00251,2025-09-22,65.4,Fair
AST-00251,2025-12-21,70.5,Fair
AST-00251,2026-03-21,63.6,Fair
AST-00251,2026-06-19,65.5,Fair
AST-00252,2024-01-01,73.0,Fair
AST-00252,2024-03-31,77.9,Good
AST-00252,2024-06-29,73.0,Fair
AST-00252,2024-09-27,80.1,Good
AST-00252,2024-12-26,78.9,Good
AST-00252,2025-03-26,80.7,Good
AST-00252,2025-06-24,73.4,Fair
AST-00252,2025-09-22,70.2,Fair
AST-00252,2025-12-21,68.2,Fair
AST-00252,2026-03-21,78.1,Good
AST-00252,2026-06-19,73.4,Fair
AST-00253,2024-01-01,84.7,Good
AST-00253,2024-03-31,85.8,Good
AST-00253,2024-06-29,87.3,Good
AST-00253,2024-09-27,83.8,Good
AST-00253,2024-12-26,88.9,Good
AST-00253,2025-03-26,87.9,Good
AST-00253,2025-06-24,76.9,Good
AST-00253,2025-09-22,86.5,Good
AST-00253,2025-12-21,83.1,Good
AST-00253,2026-03-21,76.6,Good
AST-00253,2026-06-19,77.7,Good
AST-00254,2024-01-01,63.1,Fair
AST-00254,2024-03-31,66.8,Fair
AST-00254,2024-06-29,63.1,Fair
AST-00254,2024-09-27,63.2,Fair
AST-00254,2024-12-26,62.8,Fair
AST-00254,2025-03-26,60.9,Fair
AST-00254,2025-06-24,64.5,Fair
AST-00254,2025-09-22,55.6,Poor
AST-00254,2025-12-21,63.1,Fair
AST-00254,2026-03-21,60.1,Fair
AST-00254,2026-06-19,57.0,Poor
AST-00255,2024-01-01,80.8,Good
AST-00255,2024-03-31,75.5,Good
AST-00255,2024-06-29,88.2,Good
AST-00255,2024-09-27,78.1,Good
AST-00255,2024-12-26,84.4,Good
AST-00255,2025-03-26,78.6,Good
AST-00255,2025-06-24,82.2,Good
AST-00255,2025-09-22,75.7,Good
AST-00255,2025-12-21,81.5,Good
AST-00255,2026-03-21,75.2,Good
AST-00255,2026-06-19,81.2,Good
AST-00256,2024-01-01,69.4,Fair
AST-00256,2024-03-31,56.9,Poor
AST-00256,2024-06-29,62.0,Fair
AST-00256,2024-09-27,73.1,Fair
AST-00256,2024-12-26,65.7,Fair
AST-00256,2025-03-26,66.7,Fair
AST-00256,2025-06-24,58.7,Poor
AST-00256,2025-09-22,54.9,Poor
AST-00256,2025-12-21,53.5,Poor
AST-00256,2026-03-21,55.3,Poor
AST-00256,2026-06-19,52.9,Poor
AST-00257,2024-01-01,64.4,Fair
AST-00257,2024-03-31,59.0,Poor
AST-00257,2024-06-29,63.8,Fair
AST-00257,2024-09-27,56.4,Poor
AST-00257,2024-12-26,57.4,Poor
AST-00257,2025-03-26,61.3,Fair
AST-00257,2025-06-24,63.3,Fair
AST-00257,2025-09-22,62.4,Fair
AST-00257,2025-12-21,58.2,Poor
AST-00257,2026-03-21,58.6,Poor
AST-00257,2026-06-19,51.0,Poor
AST-00258,2024-01-01,72.9,Fair
AST-00258,2024-03-31,71.2,Fair
AST-00258,2024-06-29,67.9,Fair
AST-00258,2024-09-27,71.4,Fair
AST-00258,2024-12-26,68.7,Fair
AST-00258,2025-03-26,67.2,Fair
AST-00258,2025-06-24,65.9,Fair
AST-00258,2025-09-22,65.6,Fair
AST-00258,2025-12-21,66.2,Fair
AST-00258,2026-03-21,57.6,Poor
AST-00258,2026-06-19,66.3,Fair
AST-00259,2024-01-01,100.0,Good
AST-00259,2024-03-31,94.8,Good
AST-00259,2024-06-29,94.2,Good
AST-00259,2024-09-27,96.8,Good
AST-00259,2024-12-26,100.0,Good
AST-00259,2025-03-26,94.7,Good
AST-00259,2025-06-24,92.3,Good
AST-00259,2025-09-22,90.2,Good
AST-00259,2025-12-21,100.0,Good
AST-00259,2026-03-21,95.7,Good
AST-00259,2026-06-19,88.9,Good
AST-00260,2024-01-01,53.7,Poor
AST-00260,2024-03-31,46.3,Poor
AST-00260,2024-06-29,39.2,Critical
AST-00260,2024-09-27,40.1,Critical
AST-00260,2024-12-26,42.3,Critical
AST-00260,2025-03-26,35.7,Critical
AST-00260,2025-06-24,35.8,Critical
AST-00260,2025-09-22,38.7,Critical
AST-00260,2025-12-21,39.5,Critical
AST-00260,2026-03-21,36.3,Critical
AST-00260,2026-06-19,40.9,Critical
AST-00261,2024-01-01,98.2,Good
AST-00261,2024-03-31,98.1,Good
AST-00261,2024-06-29,97.4,Good
AST-00261,2024-09-27,93.5,Good
AST-00261,2024-12-26,97.1,Good
AST-00261,2025-03-26,93.8,Good
AST-00261,2025-06-24,97.2,Good
AST-00261,2025-09-22,88.1,Good
AST-00261,2025-12-21,90.3,Good
AST-00261,2026-03-21,85.3,Good
AST-00261,2026-06-19,85.4,Good
AST-00262,2024-01-01,61.5,Fair
AST-00262,2024-03-31,58.9,Poor
AST-00262,2024-06-29,63.9,Fair
AST-00262,2024-09-27,63.8,Fair
AST-00262,2024-12-26,55.9,Poor
AST-00262,2025-03-26,56.7,Poor
AST-00262,2025-06-24,56.3,Poor
AST-00262,2025-09-22,55.3,Poor
AST-00262,2025-12-21,52.7,Poor
AST-00262,2026-03-21,57.9,Poor
AST-00262,2026-06-19,50.1,Poor
AST-00263,2024-01-01,87.5,Good
AST-00263,2024-03-31,82.6,Good
AST-00263,2024-06-29,85.0,Good
AST-00263,2024-09-27,86.2,Good
AST-00263,2024-12-26,81.7,Good
AST-00263,2025-03-26,85.5,Good
AST-00263,2025-06-24,79.8,Good
AST-00263,2025-09-22,80.5,Good
AST-00263,2025-12-21,79.4,Good
AST-00263,2026-03-21,81.8,Good
AST-00263,2026-06-19,74.1,Fair
AST-00264,2024-01-01,74.4,Fair
AST-00264,2024-03-31,73.6,Fair
AST-00264,2024-06-29,73.5,Fair
AST-00264,2024-09-27,72.9,Fair
AST-00264,2024-12-26,70.8,Fair
AST-00264,2025-03-26,73.1,Fair
AST-00264,2025-06-24,76.4,Good
AST-00264,2025-09-22,74.2,Fair
AST-00264,2025-12-21,78.8,Good
AST-00264,2026-03-21,69.5,Fair
AST-00264,2026-06-19,67.1,Fair
AST-00265,2024-01-01,87.1,Good
AST-00265,2024-03-31,86.7,Good
AST-00265,2024-06-29,86.7,Good
AST-00265,2024-09-27,86.2,Good
AST-00265,2024-12-26,82.3,Good
AST-00265,2025-03-26,90.8,Good
AST-00265,2025-06-24,86.2,Good
AST-00265,2025-09-22,79.8,Good
AST-00265,2025-12-21,76.2,Good
AST-00265,2026-03-21,75.9,Good
AST-00265,2026-06-19,79.2,Good
AST-00266,2024-01-01,93.7,Good
AST-00266,2024-03-31,88.2,Good
AST-00266,2024-06-29,88.3,Good
AST-00266,2024-09-27,86.1,Good
AST-00266,2024-12-26,90.2,Good
AST-00266,2025-03-26,92.7,Good
AST-00266,2025-06-24,90.6,Good
AST-00266,2025-09-22,83.7,Good
AST-00266,2025-12-21,85.3,Good
AST-00266,2026-03-21,80.0,Good
AST-00266,2026-06-19,83.4,Good
AST-00267,2024-01-01,63.4,Fair
AST-00267,2024-03-31,53.8,Poor
AST-00267,2024-06-29,59.2,Poor
AST-00267,2024-09-27,58.0,Poor
AST-00267,2024-12-26,56.7,Poor
AST-00267,2025-03-26,56.1,Poor
AST-00267,2025-06-24,65.8,Fair
AST-00267,2025-09-22,58.5,Poor
AST-00267,2025-12-21,55.8,Poor
AST-00267,2026-03-21,54.5,Poor
AST-00267,2026-06-19,55.0,Poor
AST-00268,2024-01-01,61.4,Fair
AST-00268,2024-03-31,63.7,Fair
AST-00268,2024-06-29,58.9,Poor
AST-00268,2024-09-27,60.9,Fair
AST-00268,2024-12-26,64.1,Fair
AST-00268,2025-03-26,64.0,Fair
AST-00268,2025-06-24,54.0,Poor
AST-00268,2025-09-22,62.3,Fair
AST-00268,2025-12-21,57.3,Poor
AST-00268,2026-03-21,62.8,Fair
AST-00268,2026-06-19,54.9,Poor
AST-00269,2024-01-01,98.8,Good
AST-00269,2024-03-31,99.5,Good
AST-00269,2024-06-29,100.0,Good
AST-00269,2024-09-27,100.0,Good
AST-00269,2024-12-26,94.1,Good
AST-00269,2025-03-26,93.3,Good
AST-00269,2025-06-24,98.7,Good
AST-00269,2025-09-22,92.3,Good
AST-00269,2025-12-21,99.3,Good
AST-00269,2026-03-21,94.9,Good
AST-00269,2026-06-19,88.3,Good
AST-00270,2024-01-01,48.0,Poor
AST-00270,2024-03-31,45.0,Poor
AST-00270,2024-06-29,42.6,Critical
AST-00270,2024-09-27,40.7,Critical
AST-00270,2024-12-26,43.5,Critical
AST-00270,2025-03-26,37.2,Critical
AST-00270,2025-06-24,36.5,Critical
AST-00270,2025-09-22,35.9,Critical
AST-00270,2025-12-21,35.3,Critical
AST-00270,2026-03-21,36.6,Critical
AST-00270,2026-06-19,35.9,Critical
AST-00271,2024-01-01,79.3,Good
AST-00271,2024-03-31,82.4,Good
AST-00271,2024-06-29,76.3,Good
AST-00271,2024-09-27,71.1,Fair
AST-00271,2024-12-26,71.8,Fair
AST-00271,2025-03-26,69.6,Fair
AST-00271,2025-06-24,64.1,Fair
AST-00271,2025-09-22,67.9,Fair
AST-00271,2025-12-21,61.5,Fair
AST-00271,2026-03-21,64.6,Fair
AST-00271,2026-06-19,61.6,Fair
AST-00272,2024-01-01,70.8,Fair
AST-00272,2024-03-31,77.8,Good
AST-00272,2024-06-29,76.4,Good
AST-00272,2024-09-27,77.6,Good
AST-00272,2024-12-26,70.8,Fair
AST-00272,2025-03-26,72.4,Fair
AST-00272,2025-06-24,73.9,Fair
AST-00272,2025-09-22,78.9,Good
AST-00272,2025-12-21,71.1,Fair
AST-00272,2026-03-21,68.9,Fair
AST-00272,2026-06-19,67.1,Fair
AST-00273,2024-01-01,100.0,Good
AST-00273,2024-03-31,100.0,Good
AST-00273,2024-06-29,95.2,Good
AST-00273,2024-09-27,96.0,Good
AST-00273,2024-12-26,99.0,Good
AST-00273,2025-03-26,94.6,Good
AST-00273,2025-06-24,89.2,Good
AST-00273,2025-09-22,89.5,Good
AST-00273,2025-12-21,90.1,Good
AST-00273,2026-03-21,94.6,Good
AST-00273,2026-06-19,81.7,Good
AST-00274,2024-01-01,76.5,Good
AST-00274,2024-03-31,73.7,Fair
AST-00274,2024-06-29,78.7,Good
AST-00274,2024-09-27,73.3,Fair
AST-00274,2024-12-26,69.1,Fair
AST-00274,2025-03-26,67.9,Fair
AST-00274,2025-06-24,66.3,Fair
AST-00274,2025-09-22,66.7,Fair
AST-00274,2025-12-21,66.1,Fair
AST-00274,2026-03-21,59.4,Poor
AST-00274,2026-06-19,59.3,Poor
AST-00275,2024-01-01,91.7,Good
AST-00275,2024-03-31,90.4,Good
AST-00275,2024-06-29,87.7,Good
AST-00275,2024-09-27,81.8,Good
AST-00275,2024-12-26,84.6,Good
AST-00275,2025-03-26,85.5,Good
AST-00275,2025-06-24,84.5,Good
AST-00275,2025-09-22,88.8,Good
AST-00275,2025-12-21,82.9,Good
AST-00275,2026-03-21,81.9,Good
AST-00275,2026-06-19,85.5,Good
AST-00276,2024-01-01,80.1,Good
AST-00276,2024-03-31,72.3,Fair
AST-00276,2024-06-29,78.8,Good
AST-00276,2024-09-27,77.1,Good
AST-00276,2024-12-26,71.0,Fair
AST-00276,2025-03-26,67.9,Fair
AST-00276,2025-06-24,73.2,Fair
AST-00276,2025-09-22,69.0,Fair
AST-00276,2025-12-21,66.4,Fair
AST-00276,2026-03-21,66.4,Fair
AST-00276,2026-06-19,61.7,Fair
AST-00277,2024-01-01,83.7,Good
AST-00277,2024-03-31,85.0,Good
AST-00277,2024-06-29,82.7,Good
AST-00277,2024-09-27,82.6,Good
AST-00277,2024-12-26,79.7,Good
AST-00277,2025-03-26,81.6,Good
AST-00277,2025-06-24,83.1,Good
AST-00277,2025-09-22,74.9,Fair
AST-00277,2025-12-21,74.4,Fair
AST-00277,2026-03-21,78.8,Good
AST-00277,2026-06-19,77.0,Good
AST-00278,2024-01-01,91.8,Good
AST-00278,2024-03-31,97.0,Good
AST-00278,2024-06-29,94.3,Good
AST-00278,2024-09-27,90.7,Good
AST-00278,2024-12-26,95.9,Good
AST-00278,2025-03-26,87.7,Good
AST-00278,2025-06-24,83.5,Good
AST-00278,2025-09-22,84.9,Good
AST-00278,2025-12-21,86.6,Good
AST-00278,2026-03-21,88.0,Good
AST-00278,2026-06-19,88.5,Good
AST-00279,2024-01-01,97.8,Good
AST-00279,2024-03-31,100.0,Good
AST-00279,2024-06-29,100.0,Good
AST-00279,2024-09-27,95.5,Good
AST-00279,2024-12-26,100.0,Good
AST-00279,2025-03-26,100.0,Good
AST-00279,2025-06-24,95.5,Good
AST-00279,2025-09-22,98.0,Good
AST-00279,2025-12-21,93.7,Good
AST-00279,2026-03-21,93.6,Good
AST-00279,2026-06-19,91.8,Good
AST-00280,2024-01-01,79.8,Good
AST-00280,2024-03-31,73.5,Fair
AST-00280,2024-06-29,78.8,Good
AST-00280,2024-09-27,76.7,Good
AST-00280,2024-12-26,78.5,Good
AST-00280,2025-03-26,78.5,Good
AST-00280,2025-06-24,75.0,Fair
AST-00280,2025-09-22,74.3,Fair
AST-00280,2025-12-21,70.6,Fair
AST-00280,2026-03-21,67.0,Fair
AST-00280,2026-06-19,72.1,Fair
AST-00281,2024-01-01,61.8,Fair
AST-00281,2024-03-31,60.1,Fair
AST-00281,2024-06-29,56.1,Poor
AST-00281,2024-09-27,53.2,Poor
AST-00281,2024-12-26,55.4,Poor
AST-00281,2025-03-26,56.8,Poor
AST-00281,2025-06-24,53.5,Poor
AST-00281,2025-09-22,56.1,Poor
AST-00281,2025-12-21,54.5,Poor
AST-00281,2026-03-21,48.5,Poor
AST-00281,2026-06-19,49.2,Poor
AST-00282,2024-01-01,86.5,Good
AST-00282,2024-03-31,92.4,Good
AST-00282,2024-06-29,86.1,Good
AST-00282,2024-09-27,87.1,Good
AST-00282,2024-12-26,80.3,Good
AST-00282,2025-03-26,77.7,Good
AST-00282,2025-06-24,79.4,Good
AST-00282,2025-09-22,80.2,Good
AST-00282,2025-12-21,78.9,Good
AST-00282,2026-03-21,75.8,Good
AST-00282,2026-06-19,79.4,Good
AST-00283,2024-01-01,80.9,Good
AST-00283,2024-03-31,76.0,Good
AST-00283,2024-06-29,85.3,Good
AST-00283,2024-09-27,78.8,Good
AST-00283,2024-12-26,74.7,Fair
AST-00283,2025-03-26,75.0,Fair
AST-00283,2025-06-24,73.8,Fair
AST-00283,2025-09-22,66.4,Fair
AST-00283,2025-12-21,69.6,Fair
AST-00283,2026-03-21,72.4,Fair
AST-00283,2026-06-19,70.7,Fair
AST-00284,2024-01-01,52.9,Poor
AST-00284,2024-03-31,50.5,Poor
AST-00284,2024-06-29,55.5,Poor
AST-00284,2024-09-27,46.3,Poor
AST-00284,2024-12-26,45.0,Poor
AST-00284,2025-03-26,43.8,Critical
AST-00284,2025-06-24,42.0,Critical
AST-00284,2025-09-22,52.1,Poor
AST-00284,2025-12-21,40.3,Critical
AST-00284,2026-03-21,39.8,Critical
AST-00284,2026-06-19,42.8,Critical
AST-00285,2024-01-01,73.3,Fair
AST-00285,2024-03-31,80.4,Good
AST-00285,2024-06-29,74.8,Fair
AST-00285,2024-09-27,71.5,Fair
AST-00285,2024-12-26,73.5,Fair
AST-00285,2025-03-26,71.9,Fair
AST-00285,2025-06-24,72.8,Fair
AST-00285,2025-09-22,67.7,Fair
AST-00285,2025-12-21,67.7,Fair
AST-00285,2026-03-21,74.9,Fair
AST-00285,2026-06-19,68.9,Fair
AST-00286,2024-01-01,67.1,Fair
AST-00286,2024-03-31,67.3,Fair
AST-00286,2024-06-29,69.3,Fair
AST-00286,2024-09-27,64.4,Fair
AST-00286,2024-12-26,68.6,Fair
AST-00286,2025-03-26,66.4,Fair
AST-00286,2025-06-24,59.3,Poor
AST-00286,2025-09-22,61.5,Fair
AST-00286,2025-12-21,63.3,Fair
AST-00286,2026-03-21,61.3,Fair
AST-00286,2026-06-19,62.2,Fair
AST-00287,2024-01-01,61.1,Fair
AST-00287,2024-03-31,61.7,Fair
AST-00287,2024-06-29,66.5,Fair
AST-00287,2024-09-27,61.1,Fair
AST-00287,2024-12-26,58.5,Poor
AST-00287,2025-03-26,59.1,Poor
AST-00287,2025-06-24,60.5,Fair
AST-00287,2025-09-22,60.2,Fair
AST-00287,2025-12-21,58.8,Poor
AST-00287,2026-03-21,57.0,Poor
AST-00287,2026-06-19,59.6,Poor
AST-00288,2024-01-01,60.5,Fair
AST-00288,2024-03-31,53.7,Poor
AST-00288,2024-06-29,65.4,Fair
AST-00288,2024-09-27,60.4,Fair
AST-00288,2024-12-26,56.3,Poor
AST-00288,2025-03-26,56.7,Poor
AST-00288,2025-06-24,55.7,Poor
AST-00288,2025-09-22,58.4,Poor
AST-00288,2025-12-21,53.1,Poor
AST-00288,2026-03-21,51.4,Poor
AST-00288,2026-06-19,52.6,Poor
AST-00289,2024-01-01,50.2,Poor
AST-00289,2024-03-31,43.1,Critical
AST-00289,2024-06-29,52.7,Poor
AST-00289,2024-09-27,54.5,Poor
AST-00289,2024-12-26,44.2,Critical
AST-00289,2025-03-26,46.3,Poor
AST-00289,2025-06-24,45.9,Poor
AST-00289,2025-09-22,48.6,Poor
AST-00289,2025-12-21,49.4,Poor
AST-00289,2026-03-21,46.3,Poor
AST-00289,2026-06-19,43.3,Critical
AST-00290,2024-01-01,86.5,Good
AST-00290,2024-03-31,87.2,Good
AST-00290,2024-06-29,84.7,Good
AST-00290,2024-09-27,80.1,Good
AST-00290,2024-12-26,74.9,Fair
AST-00290,2025-03-26,85.2,Good
AST-00290,2025-06-24,70.8,Fair
AST-00290,2025-09-22,82.1,Good
AST-00290,2025-12-21,75.1,Good
AST-00290,2026-03-21,75.9,Good
AST-00290,2026-06-19,74.0,Fair
AST-00291,2024-01-01,85.4,Good
AST-00291,2024-03-31,85.5,Good
AST-00291,2024-06-29,80.9,Good
AST-00291,2024-09-27,84.1,Good
AST-00291,2024-12-26,76.4,Good
AST-00291,2025-03-26,85.0,Good
AST-00291,2025-06-24,75.2,Good
AST-00291,2025-09-22,78.0,Good
AST-00291,2025-12-21,81.9,Good
AST-00291,2026-03-21,84.9,Good
AST-00291,2026-06-19,80.7,Good
AST-00292,2024-01-01,75.2,Good
AST-00292,2024-03-31,82.8,Good
AST-00292,2024-06-29,79.6,Good
AST-00292,2024-09-27,81.3,Good
AST-00292,2024-12-26,86.7,Good
AST-00292,2025-03-26,81.7,Good
AST-00292,2025-06-24,79.1,Good
AST-00292,2025-09-22,74.4,Fair
AST-00292,2025-12-21,74.8,Fair
AST-00292,2026-03-21,78.3,Good
AST-00292,2026-06-19,80.2,Good
AST-00293,2024-01-01,77.6,Good
AST-00293,2024-03-31,73.8,Fair
AST-00293,2024-06-29,79.1,Good
AST-00293,2024-09-27,72.6,Fair
AST-00293,2024-12-26,75.0,Fair
AST-00293,2025-03-26,79.5,Good
AST-00293,2025-06-24,71.7,Fair
AST-00293,2025-09-22,73.5,Fair
AST-00293,2025-12-21,75.2,Good
AST-00293,2026-03-21,66.6,Fair
AST-00293,2026-06-19,73.5,Fair
AST-00294,2024-01-01,66.9,Fair
AST-00294,2024-03-31,60.0,Poor
AST-00294,2024-06-29,66.3,Fair
AST-00294,2024-09-27,59.4,Poor
AST-00294,2024-12-26,69.6,Fair
AST-00294,2025-03-26,64.7,Fair
AST-00294,2025-06-24,59.8,Poor
AST-00294,2025-09-22,56.9,Poor
AST-00294,2025-12-21,69.2,Fair
AST-00294,2026-03-21,62.9,Fair
AST-00294,2026-06-19,68.1,Fair
AST-00295,2024-01-01,68.7,Fair
AST-00295,2024-03-31,74.3,Fair
AST-00295,2024-06-29,74.1,Fair
AST-00295,2024-09-27,70.5,Fair
AST-00295,2024-12-26,66.4,Fair
AST-00295,2025-03-26,70.0,Fair
AST-00295,2025-06-24,67.9,Fair
AST-00295,2025-09-22,72.1,Fair
AST-00295,2025-12-21,65.7,Fair
AST-00295,2026-03-21,66.0,Fair
AST-00295,2026-06-19,65.7,Fair
AST-00296,2024-01-01,58.6,Poor
AST-00296,2024-03-31,54.6,Poor
AST-00296,2024-06-29,53.6,Poor
AST-00296,2024-09-27,45.9,Poor
AST-00296,2024-12-26,55.7,Poor
AST-00296,2025-03-26,43.3,Critical
AST-00296,2025-06-24,46.9,Poor
AST-00296,2025-09-22,40.9,Critical
AST-00296,2025-12-21,47.6,Poor
AST-00296,2026-03-21,40.2,Critical
AST-00296,2026-06-19,36.7,Critical
AST-00297,2024-01-01,95.2,Good
AST-00297,2024-03-31,97.8,Good
AST-00297,2024-06-29,96.9,Good
AST-00297,2024-09-27,87.0,Good
AST-00297,2024-12-26,87.9,Good
AST-00297,2025-03-26,92.9,Good
AST-00297,2025-06-24,96.8,Good
AST-00297,2025-09-22,93.6,Good
AST-00297,2025-12-21,86.3,Good
AST-00297,2026-03-21,84.2,Good
AST-00297,2026-06-19,87.0,Good
AST-00298,2024-01-01,76.2,Good
AST-00298,2024-03-31,81.8,Good
AST-00298,2024-06-29,79.6,Good
AST-00298,2024-09-27,71.6,Fair
AST-00298,2024-12-26,75.3,Good
AST-00298,2025-03-26,73.7,Fair
AST-00298,2025-06-24,72.5,Fair
AST-00298,2025-09-22,77.5,Good
AST-00298,2025-12-21,74.0,Fair
AST-00298,2026-03-21,75.6,Good
AST-00298,2026-06-19,70.5,Fair
AST-00299,2024-01-01,99.7,Good
AST-00299,2024-03-31,85.6,Good
AST-00299,2024-06-29,87.8,Good
AST-00299,2024-09-27,88.2,Good
AST-00299,2024-12-26,87.3,Good
AST-00299,2025-03-26,86.9,Good
AST-00299,2025-06-24,88.5,Good
AST-00299,2025-09-22,86.6,Good
AST-00299,2025-12-21,87.2,Good
AST-00299,2026-03-21,82.2,Good
AST-00299,2026-06-19,79.7,Good
AST-00300,2024-01-01,61.6,Fair
AST-00300,2024-03-31,65.8,Fair
AST-00300,2024-06-29,65.0,Fair
AST-00300,2024-09-27,63.3,Fair
AST-00300,2024-12-26,54.2,Poor
AST-00300,2025-03-26,58.9,Poor
AST-00300,2025-06-24,58.0,Poor
AST-00300,2025-09-22,57.3,Poor
AST-00300,2025-12-21,52.9,Poor
AST-00300,2026-03-21,56.5,Poor
AST-00300,2026-06-19,53.5,Poor
AST-00301,2024-01-01,83.1,Good
AST-00301,2024-03-31,79.4,Good
AST-00301,2024-06-29,72.2,Fair
AST-00301,2024-09-27,85.2,Good
AST-00301,2024-12-26,80.5,Good
AST-00301,2025-03-26,81.7,Good
AST-00301,2025-06-24,81.5,Good
AST-00301,2025-09-22,79.5,Good
AST-00301,2025-12-21,79.9,Good
AST-00301,2026-03-21,76.4,Good
AST-00301,2026-06-19,82.6,Good
AST-00302,2024-01-01,88.1,Good
AST-00302,2024-03-31,84.0,Good
AST-00302,2024-06-29,78.2,Good
AST-00302,2024-09-27,73.2,Fair
AST-00302,2024-12-26,83.2,Good
AST-00302,2025-03-26,77.5,Good
AST-00302,2025-06-24,74.4,Fair
AST-00302,2025-09-22,77.9,Good
AST-00302,2025-12-21,80.1,Good
AST-00302,2026-03-21,77.7,Good
AST-00302,2026-06-19,77.3,Good
AST-00303,2024-01-01,76.2,Good
AST-00303,2024-03-31,68.7,Fair
AST-00303,2024-06-29,66.7,Fair
AST-00303,2024-09-27,67.0,Fair
AST-00303,2024-12-26,62.6,Fair
AST-00303,2025-03-26,64.4,Fair
AST-00303,2025-06-24,68.2,Fair
AST-00303,2025-09-22,60.5,Fair
AST-00303,2025-12-21,59.7,Poor
AST-00303,2026-03-21,54.0,Poor
AST-00303,2026-06-19,51.2,Poor
AST-00304,2024-01-01,67.4,Fair
AST-00304,2024-03-31,57.6,Poor
AST-00304,2024-06-29,65.4,Fair
AST-00304,2024-09-27,62.1,Fair
AST-00304,2024-12-26,63.5,Fair
AST-00304,2025-03-26,52.0,Poor
AST-00304,2025-06-24,60.2,Fair
AST-00304,2025-09-22,60.7,Fair
AST-00304,2025-12-21,53.9,Poor
AST-00304,2026-03-21,52.5,Poor
AST-00304,2026-06-19,50.4,Poor
AST-00305,2024-01-01,56.7,Poor
AST-00305,2024-03-31,60.5,Fair
AST-00305,2024-06-29,50.8,Poor
AST-00305,2024-09-27,52.3,Poor
AST-00305,2024-12-26,47.5,Poor
AST-00305,2025-03-26,43.4,Critical
AST-00305,2025-06-24,45.4,Poor
AST-00305,2025-09-22,42.0,Critical
AST-00305,2025-12-21,41.2,Critical
AST-00305,2026-03-21,38.6,Critical
AST-00305,2026-06-19,41.8,Critical
AST-00306,2024-01-01,93.2,Good
AST-00306,2024-03-31,88.4,Good
AST-00306,2024-06-29,96.8,Good
AST-00306,2024-09-27,83.9,Good
AST-00306,2024-12-26,79.6,Good
AST-00306,2025-03-26,83.2,Good
AST-00306,2025-06-24,82.1,Good
AST-00306,2025-09-22,78.0,Good
AST-00306,2025-12-21,86.5,Good
AST-00306,2026-03-21,80.7,Good
AST-00306,2026-06-19,81.2,Good
AST-00307,2024-01-01,65.6,Fair
AST-00307,2024-03-31,75.9,Good
AST-00307,2024-06-29,64.4,Fair
AST-00307,2024-09-27,70.6,Fair
AST-00307,2024-12-26,64.9,Fair
AST-00307,2025-03-26,68.7,Fair
AST-00307,2025-06-24,66.8,Fair
AST-00307,2025-09-22,69.8,Fair
AST-00307,2025-12-21,64.1,Fair
AST-00307,2026-03-21,61.6,Fair
AST-00307,2026-06-19,62.3,Fair
AST-00308,2024-01-01,96.5,Good
AST-00308,2024-03-31,100.0,Good
AST-00308,2024-06-29,98.0,Good
AST-00308,2024-09-27,99.4,Good
AST-00308,2024-12-26,100.0,Good
AST-00308,2025-03-26,91.1,Good
AST-00308,2025-06-24,96.8,Good
AST-00308,2025-09-22,91.3,Good
AST-00308,2025-12-21,91.3,Good
AST-00308,2026-03-21,91.8,Good
AST-00308,2026-06-19,87.2,Good
AST-00309,2024-01-01,85.7,Good
AST-00309,2024-03-31,89.2,Good
AST-00309,2024-06-29,88.3,Good
AST-00309,2024-09-27,90.7,Good
AST-00309,2024-12-26,84.8,Good
AST-00309,2025-03-26,81.8,Good
AST-00309,2025-06-24,84.0,Good
AST-00309,2025-09-22,79.6,Good
AST-00309,2025-12-21,86.0,Good
AST-00309,2026-03-21,80.2,Good
AST-00309,2026-06-19,81.3,Good
AST-00310,2024-01-01,78.3,Good
AST-00310,2024-03-31,79.7,Good
AST-00310,2024-06-29,78.9,Good
AST-00310,2024-09-27,76.7,Good
AST-00310,2024-12-26,78.0,Good
AST-00310,2025-03-26,74.9,Fair
AST-00310,2025-06-24,73.5,Fair
AST-00310,2025-09-22,73.5,Fair
AST-00310,2025-12-21,67.2,Fair
AST-00310,2026-03-21,73.3,Fair
AST-00310,2026-06-19,67.1,Fair
AST-00311,2024-01-01,94.1,Good
AST-00311,2024-03-31,94.6,Good
AST-00311,2024-06-29,95.6,Good
AST-00311,2024-09-27,91.1,Good
AST-00311,2024-12-26,92.3,Good
AST-00311,2025-03-26,87.2,Good
AST-00311,2025-06-24,88.0,Good
AST-00311,2025-09-22,87.2,Good
AST-00311,2025-12-21,89.6,Good
AST-00311,2026-03-21,87.7,Good
AST-00311,2026-06-19,88.0,Good
AST-00312,2024-01-01,100.0,Good
AST-00312,2024-03-31,91.4,Good
AST-00312,2024-06-29,92.3,Good
AST-00312,2024-09-27,95.5,Good
AST-00312,2024-12-26,99.0,Good
AST-00312,2025-03-26,92.2,Good
AST-00312,2025-06-24,99.1,Good
AST-00312,2025-09-22,100.0,Good
AST-00312,2025-12-21,94.2,Good
AST-00312,2026-03-21,94.3,Good
AST-00312,2026-06-19,96.4,Good
AST-00313,2024-01-01,72.9,Fair
AST-00313,2024-03-31,73.6,Fair
AST-00313,2024-06-29,75.4,Good
AST-00313,2024-09-27,66.6,Fair
AST-00313,2024-12-26,72.5,Fair
AST-00313,2025-03-26,71.4,Fair
AST-00313,2025-06-24,65.5,Fair
AST-00313,2025-09-22,68.8,Fair
AST-00313,2025-12-21,57.9,Poor
AST-00313,2026-03-21,62.6,Fair
AST-00313,2026-06-19,55.4,Poor
AST-00314,2024-01-01,94.7,Good
AST-00314,2024-03-31,93.9,Good
AST-00314,2024-06-29,95.5,Good
AST-00314,2024-09-27,96.2,Good
AST-00314,2024-12-26,91.4,Good
AST-00314,2025-03-26,93.2,Good
AST-00314,2025-06-24,90.9,Good
AST-00314,2025-09-22,92.2,Good
AST-00314,2025-12-21,89.9,Good
AST-00314,2026-03-21,88.9,Good
AST-00314,2026-06-19,96.0,Good
AST-00315,2024-01-01,83.8,Good
AST-00315,2024-03-31,85.6,Good
AST-00315,2024-06-29,80.1,Good
AST-00315,2024-09-27,83.8,Good
AST-00315,2024-12-26,77.8,Good
AST-00315,2025-03-26,91.2,Good
AST-00315,2025-06-24,87.1,Good
AST-00315,2025-09-22,76.9,Good
AST-00315,2025-12-21,84.8,Good
AST-00315,2026-03-21,84.8,Good
AST-00315,2026-06-19,78.5,Good
AST-00316,2024-01-01,100.0,Good
AST-00316,2024-03-31,97.2,Good
AST-00316,2024-06-29,95.1,Good
AST-00316,2024-09-27,94.8,Good
AST-00316,2024-12-26,100.0,Good
AST-00316,2025-03-26,96.0,Good
AST-00316,2025-06-24,98.0,Good
AST-00316,2025-09-22,95.3,Good
AST-00316,2025-12-21,90.3,Good
AST-00316,2026-03-21,85.8,Good
AST-00316,2026-06-19,87.4,Good
AST-00317,2024-01-01,98.7,Good
AST-00317,2024-03-31,96.9,Good
AST-00317,2024-06-29,94.5,Good
AST-00317,2024-09-27,93.9,Good
AST-00317,2024-12-26,92.7,Good
AST-00317,2025-03-26,94.3,Good
AST-00317,2025-06-24,97.8,Good
AST-00317,2025-09-22,93.1,Good
AST-00317,2025-12-21,91.9,Good
AST-00317,2026-03-21,89.5,Good
AST-00317,2026-06-19,91.3,Good
AST-00318,2024-01-01,78.2,Good
AST-00318,2024-03-31,74.3,Fair
AST-00318,2024-06-29,74.3,Fair
AST-00318,2024-09-27,76.8,Good
AST-00318,2024-12-26,72.9,Fair
AST-00318,2025-03-26,71.2,Fair
AST-00318,2025-06-24,71.3,Fair
AST-00318,2025-09-22,71.2,Fair
AST-00318,2025-12-21,68.0,Fair
AST-00318,2026-03-21,65.1,Fair
AST-00318,2026-06-19,65.5,Fair
AST-00319,2024-01-01,66.5,Fair
AST-00319,2024-03-31,62.7,Fair
AST-00319,2024-06-29,54.6,Poor
AST-00319,2024-09-27,62.1,Fair
AST-00319,2024-12-26,57.2,Poor
AST-00319,2025-03-26,55.0,Poor
AST-00319,2025-06-24,59.1,Poor
AST-00319,2025-09-22,57.5,Poor
AST-00319,2025-12-21,52.2,Poor
AST-00319,2026-03-21,47.3,Poor
AST-00319,2026-06-19,44.7,Critical
AST-00320,2024-01-01,55.5,Poor
AST-00320,2024-03-31,54.9,Poor
AST-00320,2024-06-29,51.3,Poor
AST-00320,2024-09-27,60.4,Fair
AST-00320,2024-12-26,53.5,Poor
AST-00320,2025-03-26,58.1,Poor
AST-00320,2025-06-24,48.8,Poor
AST-00320,2025-09-22,53.0,Poor
AST-00320,2025-12-21,54.4,Poor
AST-00320,2026-03-21,52.2,Poor
AST-00320,2026-06-19,51.4,Poor
AST-00321,2024-01-01,100.0,Good
AST-00321,2024-03-31,100.0,Good
AST-00321,2024-06-29,100.0,Good
AST-00321,2024-09-27,93.8,Good
AST-00321,2024-12-26,97.4,Good
AST-00321,2025-03-26,91.4,Good
AST-00321,2025-06-24,95.0,Good
AST-00321,2025-09-22,83.2,Good
AST-00321,2025-12-21,87.7,Good
AST-00321,2026-03-21,85.6,Good
AST-00321,2026-06-19,80.7,Good
AST-00322,2024-01-01,90.2,Good
AST-00322,2024-03-31,94.2,Good
AST-00322,2024-06-29,93.2,Good
AST-00322,2024-09-27,93.0,Good
AST-00322,2024-12-26,86.9,Good
AST-00322,2025-03-26,86.7,Good
AST-00322,2025-06-24,90.9,Good
AST-00322,2025-09-22,79.6,Good
AST-00322,2025-12-21,85.3,Good
AST-00322,2026-03-21,82.9,Good
AST-00322,2026-06-19,87.9,Good
AST-00323,2024-01-01,87.2,Good
AST-00323,2024-03-31,84.2,Good
AST-00323,2024-06-29,86.7,Good
AST-00323,2024-09-27,82.7,Good
AST-00323,2024-12-26,87.2,Good
AST-00323,2025-03-26,86.6,Good
AST-00323,2025-06-24,80.6,Good
AST-00323,2025-09-22,79.6,Good
AST-00323,2025-12-21,83.8,Good
AST-00323,2026-03-21,81.3,Good
AST-00323,2026-06-19,84.1,Good
AST-00324,2024-01-01,78.6,Good
AST-00324,2024-03-31,79.0,Good
AST-00324,2024-06-29,76.1,Good
AST-00324,2024-09-27,74.3,Fair
AST-00324,2024-12-26,70.9,Fair
AST-00324,2025-03-26,72.9,Fair
AST-00324,2025-06-24,72.2,Fair
AST-00324,2025-09-22,62.9,Fair
AST-00324,2025-12-21,67.4,Fair
AST-00324,2026-03-21,71.0,Fair
AST-00324,2026-06-19,69.8,Fair
AST-00325,2024-01-01,74.4,Fair
AST-00325,2024-03-31,61.2,Fair
AST-00325,2024-06-29,66.8,Fair
AST-00325,2024-09-27,64.2,Fair
AST-00325,2024-12-26,65.2,Fair
AST-00325,2025-03-26,61.5,Fair
AST-00325,2025-06-24,61.6,Fair
AST-00325,2025-09-22,57.4,Poor
AST-00325,2025-12-21,57.8,Poor
AST-00325,2026-03-21,60.0,Fair
AST-00325,2026-06-19,48.1,Poor
AST-00326,2024-01-01,62.5,Fair
AST-00326,2024-03-31,56.1,Poor
AST-00326,2024-06-29,63.9,Fair
AST-00326,2024-09-27,55.2,Poor
AST-00326,2024-12-26,62.4,Fair
AST-00326,2025-03-26,62.5,Fair
AST-00326,2025-06-24,55.4,Poor
AST-00326,2025-09-22,53.0,Poor
AST-00326,2025-12-21,57.3,Poor
AST-00326,2026-03-21,54.8,Poor
AST-00326,2026-06-19,57.7,Poor
AST-00327,2024-01-01,84.0,Good
AST-00327,2024-03-31,82.5,Good
AST-00327,2024-06-29,81.0,Good
AST-00327,2024-09-27,78.4,Good
AST-00327,2024-12-26,79.1,Good
AST-00327,2025-03-26,72.8,Fair
AST-00327,2025-06-24,76.8,Good
AST-00327,2025-09-22,84.3,Good
AST-00327,2025-12-21,71.0,Fair
AST-00327,2026-03-21,71.1,Fair
AST-00327,2026-06-19,70.2,Fair
AST-00328,2024-01-01,94.5,Good
AST-00328,2024-03-31,95.2,Good
AST-00328,2024-06-29,92.8,Good
AST-00328,2024-09-27,81.3,Good
AST-00328,2024-12-26,89.0,Good
AST-00328,2025-03-26,89.0,Good
AST-00328,2025-06-24,84.4,Good
AST-00328,2025-09-22,82.2,Good
AST-00328,2025-12-21,81.4,Good
AST-00328,2026-03-21,83.8,Good
AST-00328,2026-06-19,81.6,Good
AST-00329,2024-01-01,94.0,Good
AST-00329,2024-03-31,86.6,Good
AST-00329,2024-06-29,93.0,Good
AST-00329,2024-09-27,90.6,Good
AST-00329,2024-12-26,85.4,Good
AST-00329,2025-03-26,87.3,Good
AST-00329,2025-06-24,87.6,Good
AST-00329,2025-09-22,77.2,Good
AST-00329,2025-12-21,84.9,Good
AST-00329,2026-03-21,83.5,Good
AST-00329,2026-06-19,85.2,Good
AST-00330,2024-01-01,91.4,Good
AST-00330,2024-03-31,91.0,Good
AST-00330,2024-06-29,87.8,Good
AST-00330,2024-09-27,87.2,Good
AST-00330,2024-12-26,83.4,Good
AST-00330,2025-03-26,82.3,Good
AST-00330,2025-06-24,84.2,Good
AST-00330,2025-09-22,81.7,Good
AST-00330,2025-12-21,81.7,Good
AST-00330,2026-03-21,82.8,Good
AST-00330,2026-06-19,79.7,Good
AST-00331,2024-01-01,100.0,Good
AST-00331,2024-03-31,99.4,Good
AST-00331,2024-06-29,100.0,Good
AST-00331,2024-09-27,89.2,Good
AST-00331,2024-12-26,98.0,Good
AST-00331,2025-03-26,100.0,Good
AST-00331,2025-06-24,90.9,Good
AST-00331,2025-09-22,88.0,Good
AST-00331,2025-12-21,92.9,Good
AST-00331,2026-03-21,88.6,Good
AST-00331,2026-06-19,91.5,Good
AST-00332,2024-01-01,51.5,Poor
AST-00332,2024-03-31,58.8,Poor
AST-00332,2024-06-29,56.6,Poor
AST-00332,2024-09-27,59.1,Poor
AST-00332,2024-12-26,53.1,Poor
AST-00332,2025-03-26,50.3,Poor
AST-00332,2025-06-24,54.4,Poor
AST-00332,2025-09-22,51.5,Poor
AST-00332,2025-12-21,49.6,Poor
AST-00332,2026-03-21,50.7,Poor
AST-00332,2026-06-19,53.1,Poor
AST-00333,2024-01-01,86.8,Good
AST-00333,2024-03-31,84.0,Good
AST-00333,2024-06-29,79.0,Good
AST-00333,2024-09-27,82.9,Good
AST-00333,2024-12-26,81.9,Good
AST-00333,2025-03-26,74.4,Fair
AST-00333,2025-06-24,73.3,Fair
AST-00333,2025-09-22,77.5,Good
AST-00333,2025-12-21,72.2,Fair
AST-00333,2026-03-21,76.6,Good
AST-00333,2026-06-19,65.3,Fair
AST-00334,2024-01-01,54.0,Poor
AST-00334,2024-03-31,55.5,Poor
AST-00334,2024-06-29,60.0,Poor
AST-00334,2024-09-27,56.1,Poor
AST-00334,2024-12-26,58.7,Poor
AST-00334,2025-03-26,58.0,Poor
AST-00334,2025-06-24,56.9,Poor
AST-00334,2025-09-22,50.5,Poor
AST-00334,2025-12-21,55.9,Poor
AST-00334,2026-03-21,54.3,Poor
AST-00334,2026-06-19,56.1,Poor
AST-00335,2024-01-01,79.0,Good
AST-00335,2024-03-31,78.7,Good
AST-00335,2024-06-29,71.2,Fair
AST-00335,2024-09-27,84.5,Good
AST-00335,2024-12-26,74.8,Fair
AST-00335,2025-03-26,79.5,Good
AST-00335,2025-06-24,79.9,Good
AST-00335,2025-09-22,73.7,Fair
AST-00335,2025-12-21,74.8,Fair
AST-00335,2026-03-21,73.4,Fair
AST-00335,2026-06-19,72.5,Fair
AST-00336,2024-01-01,80.6,Good
AST-00336,2024-03-31,77.8,Good
AST-00336,2024-06-29,76.2,Good
AST-00336,2024-09-27,80.6,Good
AST-00336,2024-12-26,72.1,Fair
AST-00336,2025-03-26,75.6,Good
AST-00336,2025-06-24,72.2,Fair
AST-00336,2025-09-22,72.2,Fair
AST-00336,2025-12-21,75.6,Good
AST-00336,2026-03-21,74.0,Fair
AST-00336,2026-06-19,71.0,Fair
AST-00337,2024-01-01,75.6,Good
AST-00337,2024-03-31,81.3,Good
AST-00337,2024-06-29,76.9,Good
AST-00337,2024-09-27,80.6,Good
AST-00337,2024-12-26,77.9,Good
AST-00337,2025-03-26,73.2,Fair
AST-00337,2025-06-24,77.7,Good
AST-00337,2025-09-22,79.2,Good
AST-00337,2025-12-21,85.8,Good
AST-00337,2026-03-21,70.5,Fair
AST-00337,2026-06-19,81.3,Good
AST-00338,2024-01-01,58.2,Poor
AST-00338,2024-03-31,61.8,Fair
AST-00338,2024-06-29,60.7,Fair
AST-00338,2024-09-27,56.5,Poor
AST-00338,2024-12-26,63.0,Fair
AST-00338,2025-03-26,57.7,Poor
AST-00338,2025-06-24,55.2,Poor
AST-00338,2025-09-22,56.3,Poor
AST-00338,2025-12-21,52.6,Poor
AST-00338,2026-03-21,58.6,Poor
AST-00338,2026-06-19,55.8,Poor
AST-00339,2024-01-01,97.1,Good
AST-00339,2024-03-31,100.0,Good
AST-00339,2024-06-29,96.2,Good
AST-00339,2024-09-27,100.0,Good
AST-00339,2024-12-26,97.4,Good
AST-00339,2025-03-26,91.6,Good
AST-00339,2025-06-24,92.4,Good
AST-00339,2025-09-22,92.5,Good
AST-00339,2025-12-21,93.7,Good
AST-00339,2026-03-21,85.4,Good
AST-00339,2026-06-19,93.2,Good
AST-00340,2024-01-01,91.7,Good
AST-00340,2024-03-31,89.2,Good
AST-00340,2024-06-29,80.9,Good
AST-00340,2024-09-27,84.6,Good
AST-00340,2024-12-26,91.2,Good
AST-00340,2025-03-26,83.1,Good
AST-00340,2025-06-24,85.2,Good
AST-00340,2025-09-22,81.9,Good
AST-00340,2025-12-21,86.9,Good
AST-00340,2026-03-21,83.5,Good
AST-00340,2026-06-19,77.8,Good
AST-00341,2024-01-01,75.3,Good
AST-00341,2024-03-31,77.4,Good
AST-00341,2024-06-29,76.2,Good
AST-00341,2024-09-27,70.6,Fair
AST-00341,2024-12-26,71.9,Fair
AST-00341,2025-03-26,71.7,Fair
AST-00341,2025-06-24,70.4,Fair
AST-00341,2025-09-22,73.6,Fair
AST-00341,2025-12-21,66.9,Fair
AST-00341,2026-03-21,64.5,Fair
AST-00341,2026-06-19,72.6,Fair
AST-00342,2024-01-01,83.5,Good
AST-00342,2024-03-31,88.1,Good
AST-00342,2024-06-29,88.5,Good
AST-00342,2024-09-27,79.2,Good
AST-00342,2024-12-26,83.0,Good
AST-00342,2025-03-26,81.4,Good
AST-00342,2025-06-24,86.0,Good
AST-00342,2025-09-22,80.2,Good
AST-00342,2025-12-21,80.0,Good
AST-00342,2026-03-21,77.0,Good
AST-00342,2026-06-19,74.8,Fair
AST-00343,2024-01-01,82.6,Good
AST-00343,2024-03-31,77.1,Good
AST-00343,2024-06-29,77.5,Good
AST-00343,2024-09-27,76.7,Good
AST-00343,2024-12-26,75.7,Good
AST-00343,2025-03-26,74.5,Fair
AST-00343,2025-06-24,74.7,Fair
AST-00343,2025-09-22,79.6,Good
AST-00343,2025-12-21,78.8,Good
AST-00343,2026-03-21,73.4,Fair
AST-00343,2026-06-19,76.9,Good
AST-00344,2024-01-01,59.1,Poor
AST-00344,2024-03-31,59.3,Poor
AST-00344,2024-06-29,55.0,Poor
AST-00344,2024-09-27,58.0,Poor
AST-00344,2024-12-26,55.0,Poor
AST-00344,2025-03-26,56.5,Poor
AST-00344,2025-06-24,58.2,Poor
AST-00344,2025-09-22,56.6,Poor
AST-00344,2025-12-21,56.2,Poor
AST-00344,2026-03-21,54.2,Poor
AST-00344,2026-06-19,50.8,Poor
AST-00345,2024-01-01,67.8,Fair
AST-00345,2024-03-31,69.1,Fair
AST-00345,2024-06-29,68.8,Fair
AST-00345,2024-09-27,64.1,Fair
AST-00345,2024-12-26,65.0,Fair
AST-00345,2025-03-26,60.9,Fair
AST-00345,2025-06-24,60.3,Fair
AST-00345,2025-09-22,66.2,Fair
AST-00345,2025-12-21,66.5,Fair
AST-00345,2026-03-21,61.4,Fair
AST-00345,2026-06-19,56.6,Poor
AST-00346,2024-01-01,91.4,Good
AST-00346,2024-03-31,88.5,Good
AST-00346,2024-06-29,89.9,Good
AST-00346,2024-09-27,85.8,Good
AST-00346,2024-12-26,84.6,Good
AST-00346,2025-03-26,84.4,Good
AST-00346,2025-06-24,83.5,Good
AST-00346,2025-09-22,85.5,Good
AST-00346,2025-12-21,84.1,Good
AST-00346,2026-03-21,84.7,Good
AST-00346,2026-06-19,80.2,Good
AST-00347,2024-01-01,92.6,Good
AST-00347,2024-03-31,98.1,Good
AST-00347,2024-06-29,87.9,Good
AST-00347,2024-09-27,92.4,Good
AST-00347,2024-12-26,94.8,Good
AST-00347,2025-03-26,91.4,Good
AST-00347,2025-06-24,88.8,Good
AST-00347,2025-09-22,89.7,Good
AST-00347,2025-12-21,90.8,Good
AST-00347,2026-03-21,83.1,Good
AST-00347,2026-06-19,87.9,Good
AST-00348,2024-01-01,52.3,Poor
AST-00348,2024-03-31,51.8,Poor
AST-00348,2024-06-29,48.8,Poor
AST-00348,2024-09-27,44.9,Critical
AST-00348,2024-12-26,45.0,Critical
AST-00348,2025-03-26,48.6,Poor
AST-00348,2025-06-24,52.5,Poor
AST-00348,2025-09-22,46.9,Poor
AST-00348,2025-12-21,50.0,Poor
AST-00348,2026-03-21,43.8,Critical
AST-00348,2026-06-19,44.3,Critical
AST-00349,2024-01-01,88.2,Good
AST-00349,2024-03-31,92.8,Good
AST-00349,2024-06-29,88.2,Good
AST-00349,2024-09-27,90.6,Good
AST-00349,2024-12-26,82.7,Good
AST-00349,2025-03-26,91.8,Good
AST-00349,2025-06-24,82.3,Good
AST-00349,2025-09-22,84.3,Good
AST-00349,2025-12-21,80.0,Good
AST-00349,2026-03-21,82.5,Good
AST-00349,2026-06-19,79.4,Good
AST-00350,2024-01-01,64.2,Fair
AST-00350,2024-03-31,60.3,Fair
AST-00350,2024-06-29,70.7,Fair
AST-00350,2024-09-27,61.8,Fair
AST-00350,2024-12-26,70.9,Fair
AST-00350,2025-03-26,66.9,Fair
AST-00350,2025-06-24,68.6,Fair
AST-00350,2025-09-22,65.0,Fair
AST-00350,2025-12-21,59.8,Poor
AST-00350,2026-03-21,61.3,Fair
AST-00350,2026-06-19,61.5,Fair
AST-00351,2024-01-01,68.8,Fair
AST-00351,2024-03-31,67.7,Fair
AST-00351,2024-06-29,66.6,Fair
AST-00351,2024-09-27,75.9,Good
AST-00351,2024-12-26,70.1,Fair
AST-00351,2025-03-26,65.2,Fair
AST-00351,2025-06-24,60.9,Fair
AST-00351,2025-09-22,62.4,Fair
AST-00351,2025-12-21,62.0,Fair
AST-00351,2026-03-21,65.4,Fair
AST-00351,2026-06-19,58.7,Poor
AST-00352,2024-01-01,60.4,Fair
AST-00352,2024-03-31,64.6,Fair
AST-00352,2024-06-29,59.7,Poor
AST-00352,2024-09-27,62.4,Fair
AST-00352,2024-12-26,57.9,Poor
AST-00352,2025-03-26,56.8,Poor
AST-00352,2025-06-24,56.5,Poor
AST-00352,2025-09-22,57.7,Poor
AST-00352,2025-12-21,52.6,Poor
AST-00352,2026-03-21,55.7,Poor
AST-00352,2026-06-19,48.8,Poor
AST-00353,2024-01-01,64.1,Fair
AST-00353,2024-03-31,60.1,Fair
AST-00353,2024-06-29,66.4,Fair
AST-00353,2024-09-27,58.7,Poor
AST-00353,2024-12-26,60.7,Fair
AST-00353,2025-03-26,61.8,Fair
AST-00353,2025-06-24,61.5,Fair
AST-00353,2025-09-22,59.9,Poor
AST-00353,2025-12-21,61.0,Fair
AST-00353,2026-03-21,62.2,Fair
AST-00353,2026-06-19,53.0,Poor
AST-00354,2024-01-01,76.3,Good
AST-00354,2024-03-31,74.5,Fair
AST-00354,2024-06-29,71.1,Fair
AST-00354,2024-09-27,71.9,Fair
AST-00354,2024-12-26,65.6,Fair
AST-00354,2025-03-26,64.4,Fair
AST-00354,2025-06-24,70.4,Fair
AST-00354,2025-09-22,67.1,Fair
AST-00354,2025-12-21,66.9,Fair
AST-00354,2026-03-21,61.1,Fair
AST-00354,2026-06-19,68.6,Fair
AST-00355,2024-01-01,86.6,Good
AST-00355,2024-03-31,81.3,Good
AST-00355,2024-06-29,79.6,Good
AST-00355,2024-09-27,76.6,Good
AST-00355,2024-12-26,80.1,Good
AST-00355,2025-03-26,78.4,Good
AST-00355,2025-06-24,73.4,Fair
AST-00355,2025-09-22,74.8,Fair
AST-00355,2025-12-21,79.9,Good
AST-00355,2026-03-21,68.4,Fair
AST-00355,2026-06-19,73.3,Fair
AST-00356,2024-01-01,77.8,Good
AST-00356,2024-03-31,79.6,Good
AST-00356,2024-06-29,70.1,Fair
AST-00356,2024-09-27,73.7,Fair
AST-00356,2024-12-26,76.3,Good
AST-00356,2025-03-26,78.2,Good
AST-00356,2025-06-24,70.5,Fair
AST-00356,2025-09-22,66.7,Fair
AST-00356,2025-12-21,69.5,Fair
AST-00356,2026-03-21,64.4,Fair
AST-00356,2026-06-19,70.7,Fair
AST-00357,2024-01-01,71.8,Fair
AST-00357,2024-03-31,67.4,Fair
AST-00357,2024-06-29,71.2,Fair
AST-00357,2024-09-27,61.3,Fair
AST-00357,2024-12-26,65.2,Fair
AST-00357,2025-03-26,69.3,Fair
AST-00357,2025-06-24,65.5,Fair
AST-00357,2025-09-22,65.9,Fair
AST-00357,2025-12-21,71.8,Fair
AST-00357,2026-03-21,65.1,Fair
AST-00357,2026-06-19,66.5,Fair
AST-00358,2024-01-01,90.8,Good
AST-00358,2024-03-31,94.2,Good
AST-00358,2024-06-29,97.7,Good
AST-00358,2024-09-27,90.9,Good
AST-00358,2024-12-26,90.8,Good
AST-00358,2025-03-26,88.6,Good
AST-00358,2025-06-24,85.9,Good
AST-00358,2025-09-22,87.2,Good
AST-00358,2025-12-21,90.8,Good
AST-00358,2026-03-21,83.3,Good
AST-00358,2026-06-19,85.7,Good
AST-00359,2024-01-01,77.0,Good
AST-00359,2024-03-31,79.1,Good
AST-00359,2024-06-29,70.5,Fair
AST-00359,2024-09-27,65.0,Fair
AST-00359,2024-12-26,75.3,Good
AST-00359,2025-03-26,70.9,Fair
AST-00359,2025-06-24,67.4,Fair
AST-00359,2025-09-22,66.1,Fair
AST-00359,2025-12-21,66.5,Fair
AST-00359,2026-03-21,63.8,Fair
AST-00359,2026-06-19,66.4,Fair
AST-00360,2024-01-01,95.6,Good
AST-00360,2024-03-31,93.1,Good
AST-00360,2024-06-29,95.7,Good
AST-00360,2024-09-27,96.4,Good
AST-00360,2024-12-26,87.4,Good
AST-00360,2025-03-26,91.1,Good
AST-00360,2025-06-24,90.4,Good
AST-00360,2025-09-22,92.7,Good
AST-00360,2025-12-21,91.2,Good
AST-00360,2026-03-21,97.6,Good
AST-00360,2026-06-19,90.7,Good
AST-00361,2024-01-01,56.1,Poor
AST-00361,2024-03-31,55.2,Poor
AST-00361,2024-06-29,58.5,Poor
AST-00361,2024-09-27,58.8,Poor
AST-00361,2024-12-26,58.8,Poor
AST-00361,2025-03-26,58.2,Poor
AST-00361,2025-06-24,55.1,Poor
AST-00361,2025-09-22,53.0,Poor
AST-00361,2025-12-21,55.9,Poor
AST-00361,2026-03-21,51.9,Poor
AST-00361,2026-06-19,55.8,Poor
AST-00362,2024-01-01,69.2,Fair
AST-00362,2024-03-31,60.7,Fair
AST-00362,2024-06-29,60.4,Fair
AST-00362,2024-09-27,63.2,Fair
AST-00362,2024-12-26,63.7,Fair
AST-00362,2025-03-26,60.1,Fair
AST-00362,2025-06-24,57.3,Poor
AST-00362,2025-09-22,59.1,Poor
AST-00362,2025-12-21,55.1,Poor
AST-00362,2026-03-21,52.3,Poor
AST-00362,2026-06-19,54.8,Poor
AST-00363,2024-01-01,61.2,Fair
AST-00363,2024-03-31,58.1,Poor
AST-00363,2024-06-29,63.0,Fair
AST-00363,2024-09-27,53.6,Poor
AST-00363,2024-12-26,57.3,Poor
AST-00363,2025-03-26,57.4,Poor
AST-00363,2025-06-24,53.5,Poor
AST-00363,2025-09-22,54.0,Poor
AST-00363,2025-12-21,56.9,Poor
AST-00363,2026-03-21,54.9,Poor
AST-00363,2026-06-19,54.3,Poor
AST-00364,2024-01-01,86.4,Good
AST-00364,2024-03-31,83.0,Good
AST-00364,2024-06-29,87.4,Good
AST-00364,2024-09-27,86.6,Good
AST-00364,2024-12-26,81.0,Good
AST-00364,2025-03-26,80.9,Good
AST-00364,2025-06-24,85.6,Good
AST-00364,2025-09-22,78.4,Good
AST-00364,2025-12-21,87.4,Good
AST-00364,2026-03-21,84.9,Good
AST-00364,2026-06-19,76.1,Good
AST-00365,2024-01-01,65.6,Fair
AST-00365,2024-03-31,64.7,Fair
AST-00365,2024-06-29,57.1,Poor
AST-00365,2024-09-27,63.3,Fair
AST-00365,2024-12-26,55.4,Poor
AST-00365,2025-03-26,54.6,Poor
AST-00365,2025-06-24,61.7,Fair
AST-00365,2025-09-22,54.5,Poor
AST-00365,2025-12-21,55.5,Poor
AST-00365,2026-03-21,50.3,Poor
AST-00365,2026-06-19,51.1,Poor
AST-00366,2024-01-01,96.7,Good
AST-00366,2024-03-31,90.0,Good
AST-00366,2024-06-29,97.0,Good
AST-00366,2024-09-27,98.2,Good
AST-00366,2024-12-26,89.3,Good
AST-00366,2025-03-26,90.0,Good
AST-00366,2025-06-24,92.2,Good
AST-00366,2025-09-22,90.2,Good
AST-00366,2025-12-21,84.1,Good
AST-00366,2026-03-21,87.0,Good
AST-00366,2026-06-19,77.7,Good
AST-00367,2024-01-01,100.0,Good
AST-00367,2024-03-31,93.4,Good
AST-00367,2024-06-29,95.8,Good
AST-00367,2024-09-27,100.0,Good
AST-00367,2024-12-26,96.3,Good
AST-00367,2025-03-26,98.5,Good
AST-00367,2025-06-24,89.7,Good
AST-00367,2025-09-22,88.5,Good
AST-00367,2025-12-21,89.6,Good
AST-00367,2026-03-21,90.2,Good
AST-00367,2026-06-19,97.0,Good
AST-00368,2024-01-01,99.1,Good
AST-00368,2024-03-31,99.4,Good
AST-00368,2024-06-29,100.0,Good
AST-00368,2024-09-27,91.2,Good
AST-00368,2024-12-26,92.9,Good
AST-00368,2025-03-26,86.4,Good
AST-00368,2025-06-24,89.5,Good
AST-00368,2025-09-22,89.4,Good
AST-00368,2025-12-21,94.6,Good
AST-00368,2026-03-21,86.7,Good
AST-00368,2026-06-19,84.4,Good
AST-00369,2024-01-01,73.2,Fair
AST-00369,2024-03-31,78.4,Good
AST-00369,2024-06-29,80.1,Good
AST-00369,2024-09-27,78.2,Good
AST-00369,2024-12-26,72.9,Fair
AST-00369,2025-03-26,81.7,Good
AST-00369,2025-06-24,66.0,Fair
AST-00369,2025-09-22,71.9,Fair
AST-00369,2025-12-21,72.8,Fair
AST-00369,2026-03-21,66.4,Fair
AST-00369,2026-06-19,66.0,Fair
AST-00370,2024-01-01,97.8,Good
AST-00370,2024-03-31,97.6,Good
AST-00370,2024-06-29,99.5,Good
AST-00370,2024-09-27,100.0,Good
AST-00370,2024-12-26,100.0,Good
AST-00370,2025-03-26,97.9,Good
AST-00370,2025-06-24,94.2,Good
AST-00370,2025-09-22,93.9,Good
AST-00370,2025-12-21,100.0,Good
AST-00370,2026-03-21,91.0,Good
AST-00370,2026-06-19,89.6,Good
AST-00371,2024-01-01,91.3,Good
AST-00371,2024-03-31,91.5,Good
AST-00371,2024-06-29,88.6,Good
AST-00371,2024-09-27,90.0,Good
AST-00371,2024-12-26,86.7,Good
AST-00371,2025-03-26,82.2,Good
AST-00371,2025-06-24,79.4,Good
AST-00371,2025-09-22,83.7,Good
AST-00371,2025-12-21,79.5,Good
AST-00371,2026-03-21,85.5,Good
AST-00371,2026-06-19,78.3,Good
AST-00372,2024-01-01,68.4,Fair
AST-00372,2024-03-31,70.1,Fair
AST-00372,2024-06-29,68.3,Fair
AST-00372,2024-09-27,62.3,Fair
AST-00372,2024-12-26,60.9,Fair
AST-00372,2025-03-26,61.7,Fair
AST-00372,2025-06-24,61.2,Fair
AST-00372,2025-09-22,60.4,Fair
AST-00372,2025-12-21,59.7,Poor
AST-00372,2026-03-21,55.0,Poor
AST-00372,2026-06-19,55.2,Poor
AST-00373,2024-01-01,99.5,Good
AST-00373,2024-03-31,95.9,Good
AST-00373,2024-06-29,97.5,Good
AST-00373,2024-09-27,100.0,Good
AST-00373,2024-12-26,96.5,Good
AST-00373,2025-03-26,92.0,Good
AST-00373,2025-06-24,100.0,Good
AST-00373,2025-09-22,91.1,Good
AST-00373,2025-12-21,90.7,Good
AST-00373,2026-03-21,90.9,Good
AST-00373,2026-06-19,87.1,Good
AST-00374,2024-01-01,75.8,Good
AST-00374,2024-03-31,78.6,Good
AST-00374,2024-06-29,71.4,Fair
AST-00374,2024-09-27,72.0,Fair
AST-00374,2024-12-26,72.2,Fair
AST-00374,2025-03-26,62.7,Fair
AST-00374,2025-06-24,68.0,Fair
AST-00374,2025-09-22,70.8,Fair
AST-00374,2025-12-21,68.0,Fair
AST-00374,2026-03-21,64.0,Fair
AST-00374,2026-06-19,66.6,Fair
AST-00375,2024-01-01,67.2,Fair
AST-00375,2024-03-31,74.3,Fair
AST-00375,2024-06-29,67.0,Fair
AST-00375,2024-09-27,69.8,Fair
AST-00375,2024-12-26,65.7,Fair
AST-00375,2025-03-26,66.5,Fair
AST-00375,2025-06-24,67.9,Fair
AST-00375,2025-09-22,63.2,Fair
AST-00375,2025-12-21,65.1,Fair
AST-00375,2026-03-21,59.6,Poor
AST-00375,2026-06-19,61.6,Fair
AST-00376,2024-01-01,56.5,Poor
AST-00376,2024-03-31,53.6,Poor
AST-00376,2024-06-29,52.8,Poor
AST-00376,2024-09-27,46.5,Poor
AST-00376,2024-12-26,54.0,Poor
AST-00376,2025-03-26,61.4,Fair
AST-00376,2025-06-24,53.4,Poor
AST-00376,2025-09-22,51.6,Poor
AST-00376,2025-12-21,53.7,Poor
AST-00376,2026-03-21,53.1,Poor
AST-00376,2026-06-19,52.2,Poor
AST-00377,2024-01-01,64.6,Fair
AST-00377,2024-03-31,58.1,Poor
AST-00377,2024-06-29,62.7,Fair
AST-00377,2024-09-27,61.0,Fair
AST-00377,2024-12-26,62.1,Fair
AST-00377,2025-03-26,58.2,Poor
AST-00377,2025-06-24,54.0,Poor
AST-00377,2025-09-22,55.9,Poor
AST-00377,2025-12-21,50.9,Poor
AST-00377,2026-03-21,51.1,Poor
AST-00377,2026-06-19,55.2,Poor
AST-00378,2024-01-01,85.5,Good
AST-00378,2024-03-31,93.3,Good
AST-00378,2024-06-29,91.0,Good
AST-00378,2024-09-27,92.5,Good
AST-00378,2024-12-26,96.5,Good
AST-00378,2025-03-26,90.4,Good
AST-00378,2025-06-24,89.5,Good
AST-00378,2025-09-22,88.5,Good
AST-00378,2025-12-21,79.6,Good
AST-00378,2026-03-21,86.6,Good
AST-00378,2026-06-19,83.0,Good
AST-00379,2024-01-01,59.0,Poor
AST-00379,2024-03-31,69.3,Fair
AST-00379,2024-06-29,61.6,Fair
AST-00379,2024-09-27,56.1,Poor
AST-00379,2024-12-26,58.9,Poor
AST-00379,2025-03-26,59.6,Poor
AST-00379,2025-06-24,62.3,Fair
AST-00379,2025-09-22,57.6,Poor
AST-00379,2025-12-21,60.3,Fair
AST-00379,2026-03-21,54.8,Poor
AST-00379,2026-06-19,57.2,Poor
AST-00380,2024-01-01,68.3,Fair
AST-00380,2024-03-31,62.3,Fair
AST-00380,2024-06-29,71.0,Fair
AST-00380,2024-09-27,64.3,Fair
AST-00380,2024-12-26,62.6,Fair
AST-00380,2025-03-26,67.4,Fair
AST-00380,2025-06-24,66.7,Fair
AST-00380,2025-09-22,65.8,Fair
AST-00380,2025-12-21,64.6,Fair
AST-00380,2026-03-21,66.7,Fair
AST-00380,2026-06-19,57.0,Poor
AST-00381,2024-01-01,90.4,Good
AST-00381,2024-03-31,91.2,Good
AST-00381,2024-06-29,80.0,Good
AST-00381,2024-09-27,87.3,Good
AST-00381,2024-12-26,83.1,Good
AST-00381,2025-03-26,83.5,Good
AST-00381,2025-06-24,84.9,Good
AST-00381,2025-09-22,87.1,Good
AST-00381,2025-12-21,89.3,Good
AST-00381,2026-03-21,77.9,Good
AST-00381,2026-06-19,75.9,Good
AST-00382,2024-01-01,92.8,Good
AST-00382,2024-03-31,84.6,Good
AST-00382,2024-06-29,85.6,Good
AST-00382,2024-09-27,89.2,Good
AST-00382,2024-12-26,87.6,Good
AST-00382,2025-03-26,81.4,Good
AST-00382,2025-06-24,84.6,Good
AST-00382,2025-09-22,84.3,Good
AST-00382,2025-12-21,84.5,Good
AST-00382,2026-03-21,86.1,Good
AST-00382,2026-06-19,80.0,Good
AST-00383,2024-01-01,63.1,Fair
AST-00383,2024-03-31,54.6,Poor
AST-00383,2024-06-29,55.9,Poor
AST-00383,2024-09-27,60.5,Fair
AST-00383,2024-12-26,63.3,Fair
AST-00383,2025-03-26,60.4,Fair
AST-00383,2025-06-24,53.5,Poor
AST-00383,2025-09-22,58.9,Poor
AST-00383,2025-12-21,55.6,Poor
AST-00383,2026-03-21,59.4,Poor
AST-00383,2026-06-19,53.4,Poor
AST-00384,2024-01-01,89.7,Good
AST-00384,2024-03-31,75.8,Good
AST-00384,2024-06-29,84.0,Good
AST-00384,2024-09-27,83.5,Good
AST-00384,2024-12-26,80.4,Good
AST-00384,2025-03-26,76.7,Good
AST-00384,2025-06-24,82.6,Good
AST-00384,2025-09-22,79.8,Good
AST-00384,2025-12-21,83.9,Good
AST-00384,2026-03-21,74.4,Fair
AST-00384,2026-06-19,80.5,Good
AST-00385,2024-01-01,80.0,Good
AST-00385,2024-03-31,80.0,Good
AST-00385,2024-06-29,88.1,Good
AST-00385,2024-09-27,79.5,Good
AST-00385,2024-12-26,78.7,Good
AST-00385,2025-03-26,77.5,Good
AST-00385,2025-06-24,86.9,Good
AST-00385,2025-09-22,76.3,Good
AST-00385,2025-12-21,76.3,Good
AST-00385,2026-03-21,80.4,Good
AST-00385,2026-06-19,66.2,Fair
AST-00386,2024-01-01,48.1,Poor
AST-00386,2024-03-31,49.4,Poor
AST-00386,2024-06-29,53.7,Poor
AST-00386,2024-09-27,51.8,Poor
AST-00386,2024-12-26,49.2,Poor
AST-00386,2025-03-26,45.3,Poor
AST-00386,2025-06-24,37.6,Critical
AST-00386,2025-09-22,43.0,Critical
AST-00386,2025-12-21,39.5,Critical
AST-00386,2026-03-21,38.6,Critical
AST-00386,2026-06-19,41.5,Critical
AST-00387,2024-01-01,60.3,Fair
AST-00387,2024-03-31,49.5,Poor
AST-00387,2024-06-29,44.4,Critical
AST-00387,2024-09-27,50.0,Poor
AST-00387,2024-12-26,48.6,Poor
AST-00387,2025-03-26,45.4,Poor
AST-00387,2025-06-24,41.7,Critical
AST-00387,2025-09-22,42.2,Critical
AST-00387,2025-12-21,42.3,Critical
AST-00387,2026-03-21,47.5,Poor
AST-00387,2026-06-19,41.6,Critical
AST-00388,2024-01-01,48.8,Poor
AST-00388,2024-03-31,45.8,Poor
AST-00388,2024-06-29,51.5,Poor
AST-00388,2024-09-27,47.5,Poor
AST-00388,2024-12-26,43.7,Critical
AST-00388,2025-03-26,50.4,Poor
AST-00388,2025-06-24,45.9,Poor
AST-00388,2025-09-22,46.6,Poor
AST-00388,2025-12-21,46.8,Poor
AST-00388,2026-03-21,46.7,Poor
AST-00388,2026-06-19,43.3,Critical
AST-00389,2024-01-01,62.5,Fair
AST-00389,2024-03-31,63.8,Fair
AST-00389,2024-06-29,63.1,Fair
AST-00389,2024-09-27,52.9,Poor
AST-00389,2024-12-26,56.0,Poor
AST-00389,2025-03-26,58.7,Poor
AST-00389,2025-06-24,62.0,Fair
AST-00389,2025-09-22,53.3,Poor
AST-00389,2025-12-21,51.0,Poor
AST-00389,2026-03-21,44.6,Critical
AST-00389,2026-06-19,50.3,Poor
AST-00390,2024-01-01,69.3,Fair
AST-00390,2024-03-31,70.6,Fair
AST-00390,2024-06-29,67.5,Fair
AST-00390,2024-09-27,71.1,Fair
AST-00390,2024-12-26,67.2,Fair
AST-00390,2025-03-26,69.2,Fair
AST-00390,2025-06-24,69.2,Fair
AST-00390,2025-09-22,63.5,Fair
AST-00390,2025-12-21,65.1,Fair
AST-00390,2026-03-21,53.0,Poor
AST-00390,2026-06-19,62.2,Fair
AST-00391,2024-01-01,74.4,Fair
AST-00391,2024-03-31,73.0,Fair
AST-00391,2024-06-29,73.0,Fair
AST-00391,2024-09-27,76.6,Good
AST-00391,2024-12-26,73.0,Fair
AST-00391,2025-03-26,64.7,Fair
AST-00391,2025-06-24,68.9,Fair
AST-00391,2025-09-22,66.8,Fair
AST-00391,2025-12-21,69.5,Fair
AST-00391,2026-03-21,66.8,Fair
AST-00391,2026-06-19,66.2,Fair
AST-00392,2024-01-01,97.6,Good
AST-00392,2024-03-31,93.3,Good
AST-00392,2024-06-29,95.3,Good
AST-00392,2024-09-27,97.0,Good
AST-00392,2024-12-26,98.1,Good
AST-00392,2025-03-26,100.0,Good
AST-00392,2025-06-24,91.1,Good
AST-00392,2025-09-22,91.0,Good
AST-00392,2025-12-21,100.0,Good
AST-00392,2026-03-21,91.3,Good
AST-00392,2026-06-19,96.1,Good
AST-00393,2024-01-01,77.9,Good
AST-00393,2024-03-31,77.7,Good
AST-00393,2024-06-29,75.9,Good
AST-00393,2024-09-27,76.3,Good
AST-00393,2024-12-26,75.3,Good
AST-00393,2025-03-26,72.9,Fair
AST-00393,2025-06-24,71.4,Fair
AST-00393,2025-09-22,67.2,Fair
AST-00393,2025-12-21,70.6,Fair
AST-00393,2026-03-21,75.1,Good
AST-00393,2026-06-19,65.5,Fair
AST-00394,2024-01-01,88.0,Good
AST-00394,2024-03-31,94.5,Good
AST-00394,2024-06-29,91.6,Good
AST-00394,2024-09-27,84.2,Good
AST-00394,2024-12-26,87.6,Good
AST-00394,2025-03-26,90.6,Good
AST-00394,2025-06-24,84.6,Good
AST-00394,2025-09-22,85.2,Good
AST-00394,2025-12-21,87.1,Good
AST-00394,2026-03-21,84.1,Good
AST-00394,2026-06-19,83.8,Good
AST-00395,2024-01-01,76.7,Good
AST-00395,2024-03-31,68.7,Fair
AST-00395,2024-06-29,68.6,Fair
AST-00395,2024-09-27,67.5,Fair
AST-00395,2024-12-26,71.9,Fair
AST-00395,2025-03-26,67.3,Fair
AST-00395,2025-06-24,71.4,Fair
AST-00395,2025-09-22,69.2,Fair
AST-00395,2025-12-21,67.0,Fair
AST-00395,2026-03-21,68.5,Fair
AST-00395,2026-06-19,59.3,Poor
AST-00396,2024-01-01,77.0,Good
AST-00396,2024-03-31,84.0,Good
AST-00396,2024-06-29,82.5,Good
AST-00396,2024-09-27,69.7,Fair
AST-00396,2024-12-26,77.9,Good
AST-00396,2025-03-26,69.5,Fair
AST-00396,2025-06-24,72.0,Fair
AST-00396,2025-09-22,67.3,Fair
AST-00396,2025-12-21,70.0,Fair
AST-00396,2026-03-21,67.5,Fair
AST-00396,2026-06-19,70.5,Fair
AST-00397,2024-01-01,57.5,Poor
AST-00397,2024-03-31,52.9,Poor
AST-00397,2024-06-29,55.7,Poor
AST-00397,2024-09-27,51.9,Poor
AST-00397,2024-12-26,53.5,Poor
AST-00397,2025-03-26,56.0,Poor
AST-00397,2025-06-24,53.5,Poor
AST-00397,2025-09-22,58.1,Poor
AST-00397,2025-12-21,52.2,Poor
AST-00397,2026-03-21,51.0,Poor
AST-00397,2026-06-19,54.7,Poor
AST-00398,2024-01-01,89.1,Good
AST-00398,2024-03-31,86.0,Good
AST-00398,2024-06-29,84.4,Good
AST-00398,2024-09-27,76.3,Good
AST-00398,2024-12-26,79.6,Good
AST-00398,2025-03-26,85.2,Good
AST-00398,2025-06-24,83.2,Good
AST-00398,2025-09-22,80.5,Good
AST-00398,2025-12-21,71.9,Fair
AST-00398,2026-03-21,83.9,Good
AST-00398,2026-06-19,64.1,Fair
AST-00399,2024-01-01,92.2,Good
AST-00399,2024-03-31,83.0,Good
AST-00399,2024-06-29,90.6,Good
AST-00399,2024-09-27,81.3,Good
AST-00399,2024-12-26,83.6,Good
AST-00399,2025-03-26,86.7,Good
AST-00399,2025-06-24,85.1,Good
AST-00399,2025-09-22,83.9,Good
AST-00399,2025-12-21,79.8,Good
AST-00399,2026-03-21,79.7,Good
AST-00399,2026-06-19,80.3,Good
AST-00400,2024-01-01,60.7,Fair
AST-00400,2024-03-31,59.9,Poor
AST-00400,2024-06-29,57.6,Poor
AST-00400,2024-09-27,58.4,Poor
AST-00400,2024-12-26,49.3,Poor
AST-00400,2025-03-26,48.7,Poor
AST-00400,2025-06-24,49.6,Poor
AST-00400,2025-09-22,48.7,Poor
AST-00400,2025-12-21,43.6,Critical
AST-00400,2026-03-21,44.5,Critical
AST-00400,2026-06-19,41.1,Critical
AST-00401,2024-01-01,84.5,Good
AST-00401,2024-03-31,89.7,Good
AST-00401,2024-06-29,86.1,Good
AST-00401,2024-09-27,84.7,Good
AST-00401,2024-12-26,86.2,Good
AST-00401,2025-03-26,84.2,Good
AST-00401,2025-06-24,81.7,Good
AST-00401,2025-09-22,68.8,Fair
AST-00401,2025-12-21,77.1,Good
AST-00401,2026-03-21,80.7,Good
AST-00401,2026-06-19,74.6,Fair
AST-00402,2024-01-01,77.2,Good
AST-00402,2024-03-31,80.8,Good
AST-00402,2024-06-29,78.1,Good
AST-00402,2024-09-27,79.8,Good
AST-00402,2024-12-26,71.8,Fair
AST-00402,2025-03-26,77.5,Good
AST-00402,2025-06-24,75.0,Good
AST-00402,2025-09-22,67.2,Fair
AST-00402,2025-12-21,74.0,Fair
AST-00402,2026-03-21,72.1,Fair
AST-00402,2026-06-19,65.5,Fair
AST-00403,2024-01-01,56.6,Poor
AST-00403,2024-03-31,54.3,Poor
AST-00403,2024-06-29,66.9,Fair
AST-00403,2024-09-27,52.9,Poor
AST-00403,2024-12-26,58.3,Poor
AST-00403,2025-03-26,53.3,Poor
AST-00403,2025-06-24,49.4,Poor
AST-00403,2025-09-22,49.8,Poor
AST-00403,2025-12-21,48.3,Poor
AST-00403,2026-03-21,46.6,Poor
AST-00403,2026-06-19,47.3,Poor
AST-00404,2024-01-01,90.6,Good
AST-00404,2024-03-31,90.9,Good
AST-00404,2024-06-29,90.1,Good
AST-00404,2024-09-27,95.1,Good
AST-00404,2024-12-26,85.0,Good
AST-00404,2025-03-26,92.5,Good
AST-00404,2025-06-24,89.1,Good
AST-00404,2025-09-22,85.3,Good
AST-00404,2025-12-21,79.2,Good
AST-00404,2026-03-21,79.6,Good
AST-00404,2026-06-19,82.2,Good
AST-00405,2024-01-01,75.1,Good
AST-00405,2024-03-31,70.2,Fair
AST-00405,2024-06-29,68.9,Fair
AST-00405,2024-09-27,61.7,Fair
AST-00405,2024-12-26,66.5,Fair
AST-00405,2025-03-26,70.5,Fair
AST-00405,2025-06-24,63.4,Fair
AST-00405,2025-09-22,68.6,Fair
AST-00405,2025-12-21,65.8,Fair
AST-00405,2026-03-21,66.0,Fair
AST-00405,2026-06-19,64.9,Fair
AST-00406,2024-01-01,50.8,Poor
AST-00406,2024-03-31,44.7,Critical
AST-00406,2024-06-29,51.3,Poor
AST-00406,2024-09-27,48.4,Poor
AST-00406,2024-12-26,51.6,Poor
AST-00406,2025-03-26,44.0,Critical
AST-00406,2025-06-24,55.4,Poor
AST-00406,2025-09-22,40.4,Critical
AST-00406,2025-12-21,50.0,Poor
AST-00406,2026-03-21,48.0,Poor
AST-00406,2026-06-19,46.8,Poor
AST-00407,2024-01-01,82.7,Good
AST-00407,2024-03-31,81.9,Good
AST-00407,2024-06-29,81.7,Good
AST-00407,2024-09-27,86.8,Good
AST-00407,2024-12-26,86.8,Good
AST-00407,2025-03-26,79.5,Good
AST-00407,2025-06-24,84.2,Good
AST-00407,2025-09-22,84.6,Good
AST-00407,2025-12-21,81.1,Good
AST-00407,2026-03-21,78.6,Good
AST-00407,2026-06-19,78.8,Good
AST-00408,2024-01-01,76.4,Good
AST-00408,2024-03-31,68.8,Fair
AST-00408,2024-06-29,74.6,Fair
AST-00408,2024-09-27,68.7,Fair
AST-00408,2024-12-26,77.6,Good
AST-00408,2025-03-26,75.6,Good
AST-00408,2025-06-24,73.6,Fair
AST-00408,2025-09-22,68.8,Fair
AST-00408,2025-12-21,71.6,Fair
AST-00408,2026-03-21,71.6,Fair
AST-00408,2026-06-19,77.2,Good
AST-00409,2024-01-01,79.7,Good
AST-00409,2024-03-31,82.8,Good
AST-00409,2024-06-29,76.4,Good
AST-00409,2024-09-27,73.8,Fair
AST-00409,2024-12-26,73.0,Fair
AST-00409,2025-03-26,72.5,Fair
AST-00409,2025-06-24,67.8,Fair
AST-00409,2025-09-22,67.1,Fair
AST-00409,2025-12-21,70.0,Fair
AST-00409,2026-03-21,69.7,Fair
AST-00409,2026-06-19,63.5,Fair
AST-00410,2024-01-01,97.3,Good
AST-00410,2024-03-31,96.8,Good
AST-00410,2024-06-29,98.4,Good
AST-00410,2024-09-27,92.2,Good
AST-00410,2024-12-26,89.6,Good
AST-00410,2025-03-26,98.8,Good
AST-00410,2025-06-24,93.8,Good
AST-00410,2025-09-22,91.4,Good
AST-00410,2025-12-21,93.9,Good
AST-00410,2026-03-21,87.2,Good
AST-00410,2026-06-19,93.4,Good
AST-00411,2024-01-01,59.7,Poor
AST-00411,2024-03-31,55.8,Poor
AST-00411,2024-06-29,62.2,Fair
AST-00411,2024-09-27,60.0,Fair
AST-00411,2024-12-26,59.7,Poor
AST-00411,2025-03-26,56.6,Poor
AST-00411,2025-06-24,56.3,Poor
AST-00411,2025-09-22,54.0,Poor
AST-00411,2025-12-21,58.5,Poor
AST-00411,2026-03-21,53.1,Poor
AST-00411,2026-06-19,52.6,Poor
AST-00412,2024-01-01,95.6,Good
AST-00412,2024-03-31,95.3,Good
AST-00412,2024-06-29,88.9,Good
AST-00412,2024-09-27,91.4,Good
AST-00412,2024-12-26,88.5,Good
AST-00412,2025-03-26,95.3,Good
AST-00412,2025-06-24,86.8,Good
AST-00412,2025-09-22,85.5,Good
AST-00412,2025-12-21,82.4,Good
AST-00412,2026-03-21,84.7,Good
AST-00412,2026-06-19,89.1,Good
AST-00413,2024-01-01,48.0,Poor
AST-00413,2024-03-31,49.4,Poor
AST-00413,2024-06-29,40.9,Critical
AST-00413,2024-09-27,45.9,Poor
AST-00413,2024-12-26,45.3,Poor
AST-00413,2025-03-26,53.8,Poor
AST-00413,2025-06-24,44.3,Critical
AST-00413,2025-09-22,46.3,Poor
AST-00413,2025-12-21,39.4,Critical
AST-00413,2026-03-21,38.3,Critical
AST-00413,2026-06-19,38.4,Critical
AST-00414,2024-01-01,57.2,Poor
AST-00414,2024-03-31,59.7,Poor
AST-00414,2024-06-29,54.0,Poor
AST-00414,2024-09-27,56.2,Poor
AST-00414,2024-12-26,53.7,Poor
AST-00414,2025-03-26,48.5,Poor
AST-00414,2025-06-24,51.7,Poor
AST-00414,2025-09-22,46.6,Poor
AST-00414,2025-12-21,48.5,Poor
AST-00414,2026-03-21,41.6,Critical
AST-00414,2026-06-19,42.6,Critical
AST-00415,2024-01-01,77.9,Good
AST-00415,2024-03-31,83.1,Good
AST-00415,2024-06-29,90.3,Good
AST-00415,2024-09-27,77.9,Good
AST-00415,2024-12-26,73.4,Fair
AST-00415,2025-03-26,79.8,Good
AST-00415,2025-06-24,75.3,Good
AST-00415,2025-09-22,76.8,Good
AST-00415,2025-12-21,67.9,Fair
AST-00415,2026-03-21,74.8,Fair
AST-00415,2026-06-19,74.3,Fair
AST-00416,2024-01-01,57.5,Poor
AST-00416,2024-03-31,62.1,Fair
AST-00416,2024-06-29,54.9,Poor
AST-00416,2024-09-27,65.5,Fair
AST-00416,2024-12-26,55.3,Poor
AST-00416,2025-03-26,54.9,Poor
AST-00416,2025-06-24,58.3,Poor
AST-00416,2025-09-22,60.6,Fair
AST-00416,2025-12-21,55.6,Poor
AST-00416,2026-03-21,61.1,Fair
AST-00416,2026-06-19,61.8,Fair
AST-00417,2024-01-01,55.5,Poor
AST-00417,2024-03-31,65.6,Fair
AST-00417,2024-06-29,58.2,Poor
AST-00417,2024-09-27,64.6,Fair
AST-00417,2024-12-26,63.2,Fair
AST-00417,2025-03-26,55.3,Poor
AST-00417,2025-06-24,52.5,Poor
AST-00417,2025-09-22,58.2,Poor
AST-00417,2025-12-21,58.1,Poor
AST-00417,2026-03-21,52.4,Poor
AST-00417,2026-06-19,50.5,Poor
AST-00418,2024-01-01,85.8,Good
AST-00418,2024-03-31,84.0,Good
AST-00418,2024-06-29,82.2,Good
AST-00418,2024-09-27,81.4,Good
AST-00418,2024-12-26,80.7,Good
AST-00418,2025-03-26,79.2,Good
AST-00418,2025-06-24,78.9,Good
AST-00418,2025-09-22,79.5,Good
AST-00418,2025-12-21,84.5,Good
AST-00418,2026-03-21,82.8,Good
AST-00418,2026-06-19,84.2,Good
AST-00419,2024-01-01,84.0,Good
AST-00419,2024-03-31,80.0,Good
AST-00419,2024-06-29,77.2,Good
AST-00419,2024-09-27,84.3,Good
AST-00419,2024-12-26,83.8,Good
AST-00419,2025-03-26,80.9,Good
AST-00419,2025-06-24,79.4,Good
AST-00419,2025-09-22,80.2,Good
AST-00419,2025-12-21,71.3,Fair
AST-00419,2026-03-21,76.4,Good
AST-00419,2026-06-19,72.6,Fair
AST-00420,2024-01-01,79.3,Good
AST-00420,2024-03-31,82.6,Good
AST-00420,2024-06-29,80.3,Good
AST-00420,2024-09-27,75.5,Good
AST-00420,2024-12-26,79.0,Good
AST-00420,2025-03-26,87.9,Good
AST-00420,2025-06-24,79.3,Good
AST-00420,2025-09-22,86.0,Good
AST-00420,2025-12-21,78.4,Good
AST-00420,2026-03-21,77.3,Good
AST-00420,2026-06-19,74.2,Fair
AST-00421,2024-01-01,86.3,Good
AST-00421,2024-03-31,88.6,Good
AST-00421,2024-06-29,87.3,Good
AST-00421,2024-09-27,83.9,Good
AST-00421,2024-12-26,90.7,Good
AST-00421,2025-03-26,91.1,Good
AST-00421,2025-06-24,84.0,Good
AST-00421,2025-09-22,86.0,Good
AST-00421,2025-12-21,90.8,Good
AST-00421,2026-03-21,87.7,Good
AST-00421,2026-06-19,81.8,Good
AST-00422,2024-01-01,68.7,Fair
AST-00422,2024-03-31,67.1,Fair
AST-00422,2024-06-29,70.6,Fair
AST-00422,2024-09-27,71.5,Fair
AST-00422,2024-12-26,61.4,Fair
AST-00422,2025-03-26,72.8,Fair
AST-00422,2025-06-24,60.1,Fair
AST-00422,2025-09-22,60.7,Fair
AST-00422,2025-12-21,55.4,Poor
AST-00422,2026-03-21,57.5,Poor
AST-00422,2026-06-19,58.1,Poor
AST-00423,2024-01-01,100.0,Good
AST-00423,2024-03-31,95.0,Good
AST-00423,2024-06-29,97.0,Good
AST-00423,2024-09-27,92.1,Good
AST-00423,2024-12-26,97.7,Good
AST-00423,2025-03-26,93.9,Good
AST-00423,2025-06-24,94.8,Good
AST-00423,2025-09-22,94.5,Good
AST-00423,2025-12-21,98.6,Good
AST-00423,2026-03-21,89.8,Good
AST-00423,2026-06-19,94.2,Good
AST-00424,2024-01-01,60.8,Fair
AST-00424,2024-03-31,69.7,Fair
AST-00424,2024-06-29,69.8,Fair
AST-00424,2024-09-27,65.6,Fair
AST-00424,2024-12-26,64.0,Fair
AST-00424,2025-03-26,59.4,Poor
AST-00424,2025-06-24,67.0,Fair
AST-00424,2025-09-22,61.5,Fair
AST-00424,2025-12-21,68.1,Fair
AST-00424,2026-03-21,62.1,Fair
AST-00424,2026-06-19,59.4,Poor
AST-00425,2024-01-01,85.3,Good
AST-00425,2024-03-31,77.4,Good
AST-00425,2024-06-29,77.6,Good
AST-00425,2024-09-27,76.6,Good
AST-00425,2024-12-26,76.6,Good
AST-00425,2025-03-26,79.9,Good
AST-00425,2025-06-24,77.1,Good
AST-00425,2025-09-22,81.7,Good
AST-00425,2025-12-21,78.7,Good
AST-00425,2026-03-21,73.4,Fair
AST-00425,2026-06-19,77.2,Good
AST-00426,2024-01-01,83.4,Good
AST-00426,2024-03-31,67.4,Fair
AST-00426,2024-06-29,74.4,Fair
AST-00426,2024-09-27,64.6,Fair
AST-00426,2024-12-26,74.6,Fair
AST-00426,2025-03-26,69.2,Fair
AST-00426,2025-06-24,69.0,Fair
AST-00426,2025-09-22,69.1,Fair
AST-00426,2025-12-21,75.7,Good
AST-00426,2026-03-21,65.9,Fair
AST-00426,2026-06-19,63.7,Fair
AST-00427,2024-01-01,100.0,Good
AST-00427,2024-03-31,94.5,Good
AST-00427,2024-06-29,95.4,Good
AST-00427,2024-09-27,96.5,Good
AST-00427,2024-12-26,85.5,Good
AST-00427,2025-03-26,84.4,Good
AST-00427,2025-06-24,97.0,Good
AST-00427,2025-09-22,86.8,Good
AST-00427,2025-12-21,96.5,Good
AST-00427,2026-03-21,92.1,Good
AST-00427,2026-06-19,88.4,Good
AST-00428,2024-01-01,82.5,Good
AST-00428,2024-03-31,80.1,Good
AST-00428,2024-06-29,82.8,Good
AST-00428,2024-09-27,82.9,Good
AST-00428,2024-12-26,85.6,Good
AST-00428,2025-03-26,80.4,Good
AST-00428,2025-06-24,76.4,Good
AST-00428,2025-09-22,74.9,Fair
AST-00428,2025-12-21,73.9,Fair
AST-00428,2026-03-21,80.1,Good
AST-00428,2026-06-19,77.5,Good
AST-00429,2024-01-01,54.1,Poor
AST-00429,2024-03-31,59.7,Poor
AST-00429,2024-06-29,60.3,Fair
AST-00429,2024-09-27,58.9,Poor
AST-00429,2024-12-26,65.6,Fair
AST-00429,2025-03-26,57.5,Poor
AST-00429,2025-06-24,62.1,Fair
AST-00429,2025-09-22,58.9,Poor
AST-00429,2025-12-21,59.2,Poor
AST-00429,2026-03-21,59.1,Poor
AST-00429,2026-06-19,55.7,Poor
AST-00430,2024-01-01,87.9,Good
AST-00430,2024-03-31,82.2,Good
AST-00430,2024-06-29,79.5,Good
AST-00430,2024-09-27,73.0,Fair
AST-00430,2024-12-26,81.6,Good
AST-00430,2025-03-26,73.3,Fair
AST-00430,2025-06-24,75.0,Good
AST-00430,2025-09-22,77.5,Good
AST-00430,2025-12-21,70.8,Fair
AST-00430,2026-03-21,70.8,Fair
AST-00430,2026-06-19,69.8,Fair
AST-00431,2024-01-01,87.0,Good
AST-00431,2024-03-31,92.2,Good
AST-00431,2024-06-29,87.9,Good
AST-00431,2024-09-27,78.5,Good
AST-00431,2024-12-26,76.9,Good
AST-00431,2025-03-26,84.7,Good
AST-00431,2025-06-24,77.4,Good
AST-00431,2025-09-22,80.1,Good
AST-00431,2025-12-21,79.4,Good
AST-00431,2026-03-21,78.7,Good
AST-00431,2026-06-19,80.8,Good
AST-00432,2024-01-01,81.3,Good
AST-00432,2024-03-31,77.3,Good
AST-00432,2024-06-29,73.6,Fair
AST-00432,2024-09-27,69.0,Fair
AST-00432,2024-12-26,72.2,Fair
AST-00432,2025-03-26,78.8,Good
AST-00432,2025-06-24,71.7,Fair
AST-00432,2025-09-22,69.1,Fair
AST-00432,2025-12-21,71.3,Fair
AST-00432,2026-03-21,72.2,Fair
AST-00432,2026-06-19,70.1,Fair
AST-00433,2024-01-01,91.1,Good
AST-00433,2024-03-31,82.7,Good
AST-00433,2024-06-29,88.5,Good
AST-00433,2024-09-27,91.3,Good
AST-00433,2024-12-26,93.2,Good
AST-00433,2025-03-26,81.3,Good
AST-00433,2025-06-24,80.2,Good
AST-00433,2025-09-22,81.8,Good
AST-00433,2025-12-21,88.5,Good
AST-00433,2026-03-21,84.8,Good
AST-00433,2026-06-19,79.3,Good
AST-00434,2024-01-01,79.2,Good
AST-00434,2024-03-31,77.7,Good
AST-00434,2024-06-29,74.0,Fair
AST-00434,2024-09-27,72.7,Fair
AST-00434,2024-12-26,78.3,Good
AST-00434,2025-03-26,74.6,Fair
AST-00434,2025-06-24,71.9,Fair
AST-00434,2025-09-22,74.8,Fair
AST-00434,2025-12-21,72.1,Fair
AST-00434,2026-03-21,66.2,Fair
AST-00434,2026-06-19,68.9,Fair
AST-00435,2024-01-01,72.7,Fair
AST-00435,2024-03-31,76.8,Good
AST-00435,2024-06-29,76.3,Good
AST-00435,2024-09-27,69.1,Fair
AST-00435,2024-12-26,62.1,Fair
AST-00435,2025-03-26,61.4,Fair
AST-00435,2025-06-24,63.7,Fair
AST-00435,2025-09-22,65.4,Fair
AST-00435,2025-12-21,63.0,Fair
AST-00435,2026-03-21,62.1,Fair
AST-00435,2026-06-19,52.5,Poor
AST-00436,2024-01-01,63.1,Fair
AST-00436,2024-03-31,62.1,Fair
AST-00436,2024-06-29,63.5,Fair
AST-00436,2024-09-27,60.1,Fair
AST-00436,2024-12-26,64.3,Fair
AST-00436,2025-03-26,58.5,Poor
AST-00436,2025-06-24,58.0,Poor
AST-00436,2025-09-22,62.2,Fair
AST-00436,2025-12-21,62.4,Fair
AST-00436,2026-03-21,59.1,Poor
AST-00436,2026-06-19,57.0,Poor
AST-00437,2024-01-01,78.7,Good
AST-00437,2024-03-31,72.5,Fair
AST-00437,2024-06-29,79.8,Good
AST-00437,2024-09-27,77.8,Good
AST-00437,2024-12-26,79.0,Good
AST-00437,2025-03-26,71.3,Fair
AST-00437,2025-06-24,80.7,Good
AST-00437,2025-09-22,69.0,Fair
AST-00437,2025-12-21,72.9,Fair
AST-00437,2026-03-21,69.9,Fair
AST-00437,2026-06-19,76.7,Good
AST-00438,2024-01-01,72.0,Fair
AST-00438,2024-03-31,63.3,Fair
AST-00438,2024-06-29,70.9,Fair
AST-00438,2024-09-27,67.6,Fair
AST-00438,2024-12-26,66.4,Fair
AST-00438,2025-03-26,59.9,Poor
AST-00438,2025-06-24,66.2,Fair
AST-00438,2025-09-22,63.9,Fair
AST-00438,2025-12-21,55.9,Poor
AST-00438,2026-03-21,67.5,Fair
AST-00438,2026-06-19,58.0,Poor
AST-00439,2024-01-01,55.8,Poor
AST-00439,2024-03-31,51.0,Poor
AST-00439,2024-06-29,56.5,Poor
AST-00439,2024-09-27,54.7,Poor
AST-00439,2024-12-26,45.8,Poor
AST-00439,2025-03-26,47.9,Poor
AST-00439,2025-06-24,47.1,Poor
AST-00439,2025-09-22,48.6,Poor
AST-00439,2025-12-21,48.9,Poor
AST-00439,2026-03-21,39.2,Critical
AST-00439,2026-06-19,45.0,Poor
AST-00440,2024-01-01,100.0,Good
AST-00440,2024-03-31,97.6,Good
AST-00440,2024-06-29,97.2,Good
AST-00440,2024-09-27,100.0,Good
AST-00440,2024-12-26,91.4,Good
AST-00440,2025-03-26,98.3,Good
AST-00440,2025-06-24,97.9,Good
AST-00440,2025-09-22,97.2,Good
AST-00440,2025-12-21,91.7,Good
AST-00440,2026-03-21,91.8,Good
AST-00440,2026-06-19,92.8,Good
AST-00441,2024-01-01,74.4,Fair
AST-00441,2024-03-31,74.9,Fair
AST-00441,2024-06-29,77.9,Good
AST-00441,2024-09-27,76.4,Good
AST-00441,2024-12-26,73.5,Fair
AST-00441,2025-03-26,75.6,Good
AST-00441,2025-06-24,76.2,Good
AST-00441,2025-09-22,67.5,Fair
AST-00441,2025-12-21,75.5,Good
AST-00441,2026-03-21,71.6,Fair
AST-00441,2026-06-19,79.7,Good
AST-00442,2024-01-01,90.0,Good
AST-00442,2024-03-31,87.8,Good
AST-00442,2024-06-29,89.2,Good
AST-00442,2024-09-27,88.3,Good
AST-00442,2024-12-26,84.8,Good
AST-00442,2025-03-26,82.3,Good
AST-00442,2025-06-24,85.6,Good
AST-00442,2025-09-22,82.6,Good
AST-00442,2025-12-21,84.1,Good
AST-00442,2026-03-21,80.5,Good
AST-00442,2026-06-19,80.7,Good
AST-00443,2024-01-01,99.6,Good
AST-00443,2024-03-31,98.1,Good
AST-00443,2024-06-29,93.7,Good
AST-00443,2024-09-27,93.4,Good
AST-00443,2024-12-26,96.4,Good
AST-00443,2025-03-26,96.3,Good
AST-00443,2025-06-24,90.1,Good
AST-00443,2025-09-22,92.4,Good
AST-00443,2025-12-21,95.2,Good
AST-00443,2026-03-21,86.3,Good
AST-00443,2026-06-19,87.0,Good
AST-00444,2024-01-01,87.8,Good
AST-00444,2024-03-31,87.3,Good
AST-00444,2024-06-29,84.3,Good
AST-00444,2024-09-27,80.5,Good
AST-00444,2024-12-26,81.0,Good
AST-00444,2025-03-26,81.6,Good
AST-00444,2025-06-24,86.8,Good
AST-00444,2025-09-22,82.1,Good
AST-00444,2025-12-21,78.8,Good
AST-00444,2026-03-21,81.1,Good
AST-00444,2026-06-19,71.8,Fair
AST-00445,2024-01-01,74.4,Fair
AST-00445,2024-03-31,71.5,Fair
AST-00445,2024-06-29,65.4,Fair
AST-00445,2024-09-27,63.2,Fair
AST-00445,2024-12-26,60.1,Fair
AST-00445,2025-03-26,59.3,Poor
AST-00445,2025-06-24,61.3,Fair
AST-00445,2025-09-22,51.4,Poor
AST-00445,2025-12-21,65.4,Fair
AST-00445,2026-03-21,59.3,Poor
AST-00445,2026-06-19,63.6,Fair
AST-00446,2024-01-01,58.7,Poor
AST-00446,2024-03-31,62.0,Fair
AST-00446,2024-06-29,57.4,Poor
AST-00446,2024-09-27,55.9,Poor
AST-00446,2024-12-26,54.2,Poor
AST-00446,2025-03-26,50.6,Poor
AST-00446,2025-06-24,55.8,Poor
AST-00446,2025-09-22,53.9,Poor
AST-00446,2025-12-21,53.4,Poor
AST-00446,2026-03-21,50.3,Poor
AST-00446,2026-06-19,49.3,Poor
AST-00447,2024-01-01,70.9,Fair
AST-00447,2024-03-31,76.5,Good
AST-00447,2024-06-29,68.9,Fair
AST-00447,2024-09-27,66.9,Fair
AST-00447,2024-12-26,71.2,Fair
AST-00447,2025-03-26,67.9,Fair
AST-00447,2025-06-24,65.6,Fair
AST-00447,2025-09-22,65.8,Fair
AST-00447,2025-12-21,63.8,Fair
AST-00447,2026-03-21,66.4,Fair
AST-00447,2026-06-19,59.4,Poor
AST-00448,2024-01-01,69.4,Fair
AST-00448,2024-03-31,70.2,Fair
AST-00448,2024-06-29,72.6,Fair
AST-00448,2024-09-27,62.1,Fair
AST-00448,2024-12-26,68.6,Fair
AST-00448,2025-03-26,69.8,Fair
AST-00448,2025-06-24,63.0,Fair
AST-00448,2025-09-22,66.8,Fair
AST-00448,2025-12-21,66.0,Fair
AST-00448,2026-03-21,60.9,Fair
AST-00448,2026-06-19,64.4,Fair
AST-00449,2024-01-01,54.8,Poor
AST-00449,2024-03-31,53.3,Poor
AST-00449,2024-06-29,54.0,Poor
AST-00449,2024-09-27,51.0,Poor
AST-00449,2024-12-26,45.1,Poor
AST-00449,2025-03-26,47.3,Poor
AST-00449,2025-06-24,49.4,Poor
AST-00449,2025-09-22,47.1,Poor
AST-00449,2025-12-21,47.0,Poor
AST-00449,2026-03-21,44.2,Critical
AST-00449,2026-06-19,42.3,Critical
AST-00450,2024-01-01,96.3,Good
AST-00450,2024-03-31,98.8,Good
AST-00450,2024-06-29,91.9,Good
AST-00450,2024-09-27,94.0,Good
AST-00450,2024-12-26,94.6,Good
AST-00450,2025-03-26,95.4,Good
AST-00450,2025-06-24,90.0,Good
AST-00450,2025-09-22,96.4,Good
AST-00450,2025-12-21,90.7,Good
AST-00450,2026-03-21,88.8,Good
AST-00450,2026-06-19,89.5,Good
AST-00451,2024-01-01,59.3,Poor
AST-00451,2024-03-31,59.7,Poor
AST-00451,2024-06-29,63.4,Fair
AST-00451,2024-09-27,59.7,Poor
AST-00451,2024-12-26,56.8,Poor
AST-00451,2025-03-26,52.9,Poor
AST-00451,2025-06-24,52.3,Poor
AST-00451,2025-09-22,57.1,Poor
AST-00451,2025-12-21,52.4,Poor
AST-00451,2026-03-21,53.0,Poor
AST-00451,2026-06-19,50.9,Poor
AST-00452,2024-01-01,66.1,Fair
AST-00452,2024-03-31,69.9,Fair
AST-00452,2024-06-29,68.4,Fair
AST-00452,2024-09-27,67.3,Fair
AST-00452,2024-12-26,64.7,Fair
AST-00452,2025-03-26,69.0,Fair
AST-00452,2025-06-24,65.9,Fair
AST-00452,2025-09-22,56.4,Poor
AST-00452,2025-12-21,57.8,Poor
AST-00452,2026-03-21,51.9,Poor
AST-00452,2026-06-19,63.0,Fair
AST-00453,2024-01-01,97.8,Good
AST-00453,2024-03-31,93.3,Good
AST-00453,2024-06-29,93.2,Good
AST-00453,2024-09-27,91.2,Good
AST-00453,2024-12-26,85.1,Good
AST-00453,2025-03-26,90.9,Good
AST-00453,2025-06-24,90.5,Good
AST-00453,2025-09-22,86.8,Good
AST-00453,2025-12-21,86.9,Good
AST-00453,2026-03-21,85.2,Good
AST-00453,2026-06-19,87.6,Good
AST-00454,2024-01-01,57.5,Poor
AST-00454,2024-03-31,55.4,Poor
AST-00454,2024-06-29,62.2,Fair
AST-00454,2024-09-27,63.9,Fair
AST-00454,2024-12-26,55.1,Poor
AST-00454,2025-03-26,60.1,Fair
AST-00454,2025-06-24,59.8,Poor
AST-00454,2025-09-22,50.4,Poor
AST-00454,2025-12-21,53.4,Poor
AST-00454,2026-03-21,51.8,Poor
AST-00454,2026-06-19,54.2,Poor
AST-00455,2024-01-01,63.6,Fair
AST-00455,2024-03-31,67.6,Fair
AST-00455,2024-06-29,59.9,Poor
AST-00455,2024-09-27,64.4,Fair
AST-00455,2024-12-26,63.6,Fair
AST-00455,2025-03-26,58.7,Poor
AST-00455,2025-06-24,64.0,Fair
AST-00455,2025-09-22,59.3,Poor
AST-00455,2025-12-21,55.7,Poor
AST-00455,2026-03-21,60.1,Fair
AST-00455,2026-06-19,52.4,Poor
AST-00456,2024-01-01,91.5,Good
AST-00456,2024-03-31,85.7,Good
AST-00456,2024-06-29,91.5,Good
AST-00456,2024-09-27,88.1,Good
AST-00456,2024-12-26,85.0,Good
AST-00456,2025-03-26,85.1,Good
AST-00456,2025-06-24,90.2,Good
AST-00456,2025-09-22,79.6,Good
AST-00456,2025-12-21,91.1,Good
AST-00456,2026-03-21,82.6,Good
AST-00456,2026-06-19,83.1,Good
AST-00457,2024-01-01,75.6,Good
AST-00457,2024-03-31,74.2,Fair
AST-00457,2024-06-29,67.5,Fair
AST-00457,2024-09-27,68.5,Fair
AST-00457,2024-12-26,69.1,Fair
AST-00457,2025-03-26,67.0,Fair
AST-00457,2025-06-24,61.3,Fair
AST-00457,2025-09-22,63.9,Fair
AST-00457,2025-12-21,57.7,Poor
AST-00457,2026-03-21,58.5,Poor
AST-00457,2026-06-19,61.8,Fair
AST-00458,2024-01-01,64.8,Fair
AST-00458,2024-03-31,66.5,Fair
AST-00458,2024-06-29,72.9,Fair
AST-00458,2024-09-27,69.9,Fair
AST-00458,2024-12-26,66.0,Fair
AST-00458,2025-03-26,66.9,Fair
AST-00458,2025-06-24,68.7,Fair
AST-00458,2025-09-22,70.9,Fair
AST-00458,2025-12-21,63.1,Fair
AST-00458,2026-03-21,65.0,Fair
AST-00458,2026-06-19,66.0,Fair
AST-00459,2024-01-01,73.6,Fair
AST-00459,2024-03-31,68.9,Fair
AST-00459,2024-06-29,73.3,Fair
AST-00459,2024-09-27,67.9,Fair
AST-00459,2024-12-26,65.0,Fair
AST-00459,2025-03-26,70.7,Fair
AST-00459,2025-06-24,73.5,Fair
AST-00459,2025-09-22,57.5,Poor
AST-00459,2025-12-21,67.3,Fair
AST-00459,2026-03-21,61.8,Fair
AST-00459,2026-06-19,63.1,Fair
AST-00460,2024-01-01,100.0,Good
AST-00460,2024-03-31,99.4,Good
AST-00460,2024-06-29,100.0,Good
AST-00460,2024-09-27,97.5,Good
AST-00460,2024-12-26,97.5,Good
AST-00460,2025-03-26,97.5,Good
AST-00460,2025-06-24,100.0,Good
AST-00460,2025-09-22,96.1,Good
AST-00460,2025-12-21,94.0,Good
AST-00460,2026-03-21,87.2,Good
AST-00460,2026-06-19,91.7,Good
AST-00461,2024-01-01,82.2,Good
AST-00461,2024-03-31,80.0,Good
AST-00461,2024-06-29,78.6,Good
AST-00461,2024-09-27,66.7,Fair
AST-00461,2024-12-26,74.9,Fair
AST-00461,2025-03-26,68.1,Fair
AST-00461,2025-06-24,68.0,Fair
AST-00461,2025-09-22,68.7,Fair
AST-00461,2025-12-21,68.6,Fair
AST-00461,2026-03-21,65.9,Fair
AST-00461,2026-06-19,66.5,Fair
AST-00462,2024-01-01,92.6,Good
AST-00462,2024-03-31,90.8,Good
AST-00462,2024-06-29,84.6,Good
AST-00462,2024-09-27,89.5,Good
AST-00462,2024-12-26,91.8,Good
AST-00462,2025-03-26,85.3,Good
AST-00462,2025-06-24,81.0,Good
AST-00462,2025-09-22,82.6,Good
AST-00462,2025-12-21,83.1,Good
AST-00462,2026-03-21,86.2,Good
AST-00462,2026-06-19,74.3,Fair
AST-00463,2024-01-01,66.9,Fair
AST-00463,2024-03-31,66.5,Fair
AST-00463,2024-06-29,67.4,Fair
AST-00463,2024-09-27,63.8,Fair
AST-00463,2024-12-26,63.9,Fair
AST-00463,2025-03-26,67.6,Fair
AST-00463,2025-06-24,61.4,Fair
AST-00463,2025-09-22,63.9,Fair
AST-00463,2025-12-21,65.4,Fair
AST-00463,2026-03-21,62.7,Fair
AST-00463,2026-06-19,68.3,Fair
AST-00464,2024-01-01,67.3,Fair
AST-00464,2024-03-31,70.4,Fair
AST-00464,2024-06-29,66.2,Fair
AST-00464,2024-09-27,67.4,Fair
AST-00464,2024-12-26,64.4,Fair
AST-00464,2025-03-26,64.4,Fair
AST-00464,2025-06-24,57.0,Poor
AST-00464,2025-09-22,57.5,Poor
AST-00464,2025-12-21,59.8,Poor
AST-00464,2026-03-21,61.0,Fair
AST-00464,2026-06-19,58.1,Poor
AST-00465,2024-01-01,78.2,Good
AST-00465,2024-03-31,71.9,Fair
AST-00465,2024-06-29,70.2,Fair
AST-00465,2024-09-27,73.6,Fair
AST-00465,2024-12-26,74.7,Fair
AST-00465,2025-03-26,69.7,Fair
AST-00465,2025-06-24,69.5,Fair
AST-00465,2025-09-22,68.6,Fair
AST-00465,2025-12-21,69.9,Fair
AST-00465,2026-03-21,68.0,Fair
AST-00465,2026-06-19,68.9,Fair
AST-00466,2024-01-01,95.2,Good
AST-00466,2024-03-31,99.0,Good
AST-00466,2024-06-29,98.9,Good
AST-00466,2024-09-27,97.0,Good
AST-00466,2024-12-26,92.9,Good
AST-00466,2025-03-26,90.9,Good
AST-00466,2025-06-24,94.0,Good
AST-00466,2025-09-22,95.9,Good
AST-00466,2025-12-21,93.2,Good
AST-00466,2026-03-21,88.3,Good
AST-00466,2026-06-19,91.7,Good
AST-00467,2024-01-01,88.6,Good
AST-00467,2024-03-31,93.6,Good
AST-00467,2024-06-29,94.6,Good
AST-00467,2024-09-27,85.8,Good
AST-00467,2024-12-26,87.1,Good
AST-00467,2025-03-26,87.5,Good
AST-00467,2025-06-24,76.2,Good
AST-00467,2025-09-22,86.3,Good
AST-00467,2025-12-21,80.1,Good
AST-00467,2026-03-21,81.4,Good
AST-00467,2026-06-19,73.1,Fair
AST-00468,2024-01-01,66.9,Fair
AST-00468,2024-03-31,69.1,Fair
AST-00468,2024-06-29,68.9,Fair
AST-00468,2024-09-27,63.5,Fair
AST-00468,2024-12-26,62.9,Fair
AST-00468,2025-03-26,64.6,Fair
AST-00468,2025-06-24,64.9,Fair
AST-00468,2025-09-22,65.6,Fair
AST-00468,2025-12-21,60.9,Fair
AST-00468,2026-03-21,61.5,Fair
AST-00468,2026-06-19,58.3,Poor
AST-00469,2024-01-01,86.0,Good
AST-00469,2024-03-31,87.8,Good
AST-00469,2024-06-29,79.3,Good
AST-00469,2024-09-27,86.2,Good
AST-00469,2024-12-26,86.8,Good
AST-00469,2025-03-26,87.5,Good
AST-00469,2025-06-24,84.5,Good
AST-00469,2025-09-22,87.1,Good
AST-00469,2025-12-21,79.3,Good
AST-00469,2026-03-21,84.1,Good
AST-00469,2026-06-19,84.6,Good
AST-00470,2024-01-01,87.8,Good
AST-00470,2024-03-31,83.4,Good
AST-00470,2024-06-29,81.3,Good
AST-00470,2024-09-27,79.1,Good
AST-00470,2024-12-26,78.1,Good
AST-00470,2025-03-26,86.7,Good
AST-00470,2025-06-24,82.0,Good
AST-00470,2025-09-22,80.8,Good
AST-00470,2025-12-21,75.0,Fair
AST-00470,2026-03-21,78.4,Good
AST-00470,2026-06-19,78.3,Good
AST-00471,2024-01-01,49.2,Poor
AST-00471,2024-03-31,54.7,Poor
AST-00471,2024-06-29,55.8,Poor
AST-00471,2024-09-27,47.2,Poor
AST-00471,2024-12-26,49.0,Poor
AST-00471,2025-03-26,47.1,Poor
AST-00471,2025-06-24,46.8,Poor
AST-00471,2025-09-22,43.7,Critical
AST-00471,2025-12-21,45.8,Poor
AST-00471,2026-03-21,41.3,Critical
AST-00471,2026-06-19,41.1,Critical
AST-00472,2024-01-01,98.0,Good
AST-00472,2024-03-31,96.8,Good
AST-00472,2024-06-29,98.0,Good
AST-00472,2024-09-27,95.1,Good
AST-00472,2024-12-26,97.8,Good
AST-00472,2025-03-26,92.2,Good
AST-00472,2025-06-24,100.0,Good
AST-00472,2025-09-22,99.8,Good
AST-00472,2025-12-21,98.4,Good
AST-00472,2026-03-21,92.9,Good
AST-00472,2026-06-19,87.0,Good
AST-00473,2024-01-01,84.7,Good
AST-00473,2024-03-31,85.9,Good
AST-00473,2024-06-29,80.2,Good
AST-00473,2024-09-27,83.6,Good
AST-00473,2024-12-26,84.6,Good
AST-00473,2025-03-26,84.4,Good
AST-00473,2025-06-24,84.4,Good
AST-00473,2025-09-22,81.0,Good
AST-00473,2025-12-21,82.2,Good
AST-00473,2026-03-21,81.5,Good
AST-00473,2026-06-19,85.8,Good
AST-00474,2024-01-01,95.0,Good
AST-00474,2024-03-31,97.7,Good
AST-00474,2024-06-29,99.8,Good
AST-00474,2024-09-27,93.3,Good
AST-00474,2024-12-26,93.9,Good
AST-00474,2025-03-26,100.0,Good
AST-00474,2025-06-24,93.6,Good
AST-00474,2025-09-22,92.8,Good
AST-00474,2025-12-21,88.3,Good
AST-00474,2026-03-21,96.7,Good
AST-00474,2026-06-19,88.2,Good
AST-00475,2024-01-01,86.4,Good
AST-00475,2024-03-31,87.1,Good
AST-00475,2024-06-29,88.1,Good
AST-00475,2024-09-27,83.6,Good
AST-00475,2024-12-26,85.2,Good
AST-00475,2025-03-26,82.3,Good
AST-00475,2025-06-24,85.9,Good
AST-00475,2025-09-22,80.1,Good
AST-00475,2025-12-21,84.3,Good
AST-00475,2026-03-21,85.3,Good
AST-00475,2026-06-19,76.6,Good
AST-00476,2024-01-01,59.9,Poor
AST-00476,2024-03-31,65.0,Fair
AST-00476,2024-06-29,64.1,Fair
AST-00476,2024-09-27,54.2,Poor
AST-00476,2024-12-26,59.1,Poor
AST-00476,2025-03-26,54.7,Poor
AST-00476,2025-06-24,61.7,Fair
AST-00476,2025-09-22,60.3,Fair
AST-00476,2025-12-21,52.6,Poor
AST-00476,2026-03-21,61.1,Fair
AST-00476,2026-06-19,54.7,Poor
AST-00477,2024-01-01,60.8,Fair
AST-00477,2024-03-31,64.2,Fair
AST-00477,2024-06-29,65.2,Fair
AST-00477,2024-09-27,60.6,Fair
AST-00477,2024-12-26,68.3,Fair
AST-00477,2025-03-26,50.9,Poor
AST-00477,2025-06-24,59.4,Poor
AST-00477,2025-09-22,59.7,Poor
AST-00477,2025-12-21,49.7,Poor
AST-00477,2026-03-21,52.1,Poor
AST-00477,2026-06-19,52.7,Poor
AST-00478,2024-01-01,92.6,Good
AST-00478,2024-03-31,88.5,Good
AST-00478,2024-06-29,99.6,Good
AST-00478,2024-09-27,94.4,Good
AST-00478,2024-12-26,99.4,Good
AST-00478,2025-03-26,90.7,Good
AST-00478,2025-06-24,98.3,Good
AST-00478,2025-09-22,91.8,Good
AST-00478,2025-12-21,98.2,Good
AST-00478,2026-03-21,88.4,Good
AST-00478,2026-06-19,85.1,Good
AST-00479,2024-01-01,94.7,Good
AST-00479,2024-03-31,95.2,Good
AST-00479,2024-06-29,94.1,Good
AST-00479,2024-09-27,96.5,Good
AST-00479,2024-12-26,89.6,Good
AST-00479,2025-03-26,93.4,Good
AST-00479,2025-06-24,96.7,Good
AST-00479,2025-09-22,86.7,Good
AST-00479,2025-12-21,89.3,Good
AST-00479,2026-03-21,90.9,Good
AST-00479,2026-06-19,91.5,Good
AST-00480,2024-01-01,92.0,Good
AST-00480,2024-03-31,89.1,Good
AST-00480,2024-06-29,89.8,Good
AST-00480,2024-09-27,82.6,Good
AST-00480,2024-12-26,82.4,Good
AST-00480,2025-03-26,84.6,Good
AST-00480,2025-06-24,80.1,Good
AST-00480,2025-09-22,84.8,Good
AST-00480,2025-12-21,80.4,Good
AST-00480,2026-03-21,81.2,Good
AST-00480,2026-06-19,82.1,Good
AST-00481,2024-01-01,87.7,Good
AST-00481,2024-03-31,80.1,Good
AST-00481,2024-06-29,81.4,Good
AST-00481,2024-09-27,80.3,Good
AST-00481,2024-12-26,80.2,Good
AST-00481,2025-03-26,77.0,Good
AST-00481,2025-06-24,76.4,Good
AST-00481,2025-09-22,74.3,Fair
AST-00481,2025-12-21,73.4,Fair
AST-00481,2026-03-21,76.7,Good
AST-00481,2026-06-19,76.4,Good
AST-00482,2024-01-01,65.7,Fair
AST-00482,2024-03-31,72.7,Fair
AST-00482,2024-06-29,66.5,Fair
AST-00482,2024-09-27,65.4,Fair
AST-00482,2024-12-26,63.9,Fair
AST-00482,2025-03-26,68.0,Fair
AST-00482,2025-06-24,66.4,Fair
AST-00482,2025-09-22,68.3,Fair
AST-00482,2025-12-21,63.0,Fair
AST-00482,2026-03-21,61.1,Fair
AST-00482,2026-06-19,65.7,Fair
AST-00483,2024-01-01,91.8,Good
AST-00483,2024-03-31,92.2,Good
AST-00483,2024-06-29,84.0,Good
AST-00483,2024-09-27,95.3,Good
AST-00483,2024-12-26,93.1,Good
AST-00483,2025-03-26,85.5,Good
AST-00483,2025-06-24,84.9,Good
AST-00483,2025-09-22,85.3,Good
AST-00483,2025-12-21,85.5,Good
AST-00483,2026-03-21,83.5,Good
AST-00483,2026-06-19,83.5,Good
AST-00484,2024-01-01,82.4,Good
AST-00484,2024-03-31,85.1,Good
AST-00484,2024-06-29,86.1,Good
AST-00484,2024-09-27,82.9,Good
AST-00484,2024-12-26,79.4,Good
AST-00484,2025-03-26,80.5,Good
AST-00484,2025-06-24,85.1,Good
AST-00484,2025-09-22,77.9,Good
AST-00484,2025-12-21,81.2,Good
AST-00484,2026-03-21,76.8,Good
AST-00484,2026-06-19,73.1,Fair
AST-00485,2024-01-01,85.0,Good
AST-00485,2024-03-31,85.0,Good
AST-00485,2024-06-29,86.5,Good
AST-00485,2024-09-27,84.5,Good
AST-00485,2024-12-26,87.0,Good
AST-00485,2025-03-26,82.9,Good
AST-00485,2025-06-24,76.7,Good
AST-00485,2025-09-22,73.9,Fair
AST-00485,2025-12-21,71.7,Fair
AST-00485,2026-03-21,69.3,Fair
AST-00485,2026-06-19,75.3,Good
AST-00486,2024-01-01,81.4,Good
AST-00486,2024-03-31,81.0,Good
AST-00486,2024-06-29,84.3,Good
AST-00486,2024-09-27,84.4,Good
AST-00486,2024-12-26,74.1,Fair
AST-00486,2025-03-26,80.0,Good
AST-00486,2025-06-24,75.6,Good
AST-00486,2025-09-22,79.5,Good
AST-00486,2025-12-21,75.4,Good
AST-00486,2026-03-21,79.2,Good
AST-00486,2026-06-19,73.1,Fair
AST-00487,2024-01-01,100.0,Good
AST-00487,2024-03-31,100.0,Good
AST-00487,2024-06-29,99.2,Good
AST-00487,2024-09-27,92.5,Good
AST-00487,2024-12-26,91.7,Good
AST-00487,2025-03-26,93.2,Good
AST-00487,2025-06-24,93.8,Good
AST-00487,2025-09-22,90.8,Good
AST-00487,2025-12-21,100.0,Good
AST-00487,2026-03-21,93.3,Good
AST-00487,2026-06-19,89.1,Good
AST-00488,2024-01-01,98.8,Good
AST-00488,2024-03-31,99.3,Good
AST-00488,2024-06-29,97.2,Good
AST-00488,2024-09-27,92.2,Good
AST-00488,2024-12-26,93.8,Good
AST-00488,2025-03-26,91.3,Good
AST-00488,2025-06-24,92.6,Good
AST-00488,2025-09-22,89.8,Good
AST-00488,2025-12-21,93.3,Good
AST-00488,2026-03-21,87.9,Good
AST-00488,2026-06-19,94.8,Good
AST-00489,2024-01-01,79.9,Good
AST-00489,2024-03-31,86.8,Good
AST-00489,2024-06-29,83.9,Good
AST-00489,2024-09-27,79.5,Good
AST-00489,2024-12-26,81.4,Good
AST-00489,2025-03-26,81.9,Good
AST-00489,2025-06-24,71.0,Fair
AST-00489,2025-09-22,74.2,Fair
AST-00489,2025-12-21,72.4,Fair
AST-00489,2026-03-21,72.7,Fair
AST-00489,2026-06-19,73.7,Fair
AST-00490,2024-01-01,86.8,Good
AST-00490,2024-03-31,89.8,Good
AST-00490,2024-06-29,90.0,Good
AST-00490,2024-09-27,85.0,Good
AST-00490,2024-12-26,80.8,Good
AST-00490,2025-03-26,86.0,Good
AST-00490,2025-06-24,82.4,Good
AST-00490,2025-09-22,80.1,Good
AST-00490,2025-12-21,75.0,Good
AST-00490,2026-03-21,77.8,Good
AST-00490,2026-06-19,77.9,Good
AST-00491,2024-01-01,76.6,Good
AST-00491,2024-03-31,77.2,Good
AST-00491,2024-06-29,71.7,Fair
AST-00491,2024-09-27,73.2,Fair
AST-00491,2024-12-26,71.7,Fair
AST-00491,2025-03-26,74.1,Fair
AST-00491,2025-06-24,71.3,Fair
AST-00491,2025-09-22,72.6,Fair
AST-00491,2025-12-21,69.5,Fair
AST-00491,2026-03-21,73.7,Fair
AST-00491,2026-06-19,78.8,Good
AST-00492,2024-01-01,90.4,Good
AST-00492,2024-03-31,84.2,Good
AST-00492,2024-06-29,88.9,Good
AST-00492,2024-09-27,89.6,Good
AST-00492,2024-12-26,85.5,Good
AST-00492,2025-03-26,86.3,Good
AST-00492,2025-06-24,88.3,Good
AST-00492,2025-09-22,83.6,Good
AST-00492,2025-12-21,82.1,Good
AST-00492,2026-03-21,88.5,Good
AST-00492,2026-06-19,82.6,Good
AST-00493,2024-01-01,48.3,Poor
AST-00493,2024-03-31,53.0,Poor
AST-00493,2024-06-29,51.4,Poor
AST-00493,2024-09-27,57.3,Poor
AST-00493,2024-12-26,49.3,Poor
AST-00493,2025-03-26,54.4,Poor
AST-00493,2025-06-24,59.2,Poor
AST-00493,2025-09-22,50.9,Poor
AST-00493,2025-12-21,52.5,Poor
AST-00493,2026-03-21,52.6,Poor
AST-00493,2026-06-19,53.5,Poor
AST-00494,2024-01-01,52.9,Poor
AST-00494,2024-03-31,52.5,Poor
AST-00494,2024-06-29,45.9,Poor
AST-00494,2024-09-27,52.8,Poor
AST-00494,2024-12-26,51.6,Poor
AST-00494,2025-03-26,42.3,Critical
AST-00494,2025-06-24,48.6,Poor
AST-00494,2025-09-22,49.4,Poor
AST-00494,2025-12-21,42.0,Critical
AST-00494,2026-03-21,47.4,Poor
AST-00494,2026-06-19,49.2,Poor
AST-00495,2024-01-01,71.3,Fair
AST-00495,2024-03-31,65.6,Fair
AST-00495,2024-06-29,65.2,Fair
AST-00495,2024-09-27,64.5,Fair
AST-00495,2024-12-26,67.7,Fair
AST-00495,2025-03-26,70.6,Fair
AST-00495,2025-06-24,57.5,Poor
AST-00495,2025-09-22,53.6,Poor
AST-00495,2025-12-21,51.9,Poor
AST-00495,2026-03-21,56.0,Poor
AST-00495,2026-06-19,60.7,Fair
AST-00496,2024-01-01,80.4,Good
AST-00496,2024-03-31,82.7,Good
AST-00496,2024-06-29,79.3,Good
AST-00496,2024-09-27,79.9,Good
AST-00496,2024-12-26,79.9,Good
AST-00496,2025-03-26,80.9,Good
AST-00496,2025-06-24,77.2,Good
AST-00496,2025-09-22,82.1,Good
AST-00496,2025-12-21,78.7,Good
AST-00496,2026-03-21,83.0,Good
AST-00496,2026-06-19,74.5,Fair
AST-00497,2024-01-01,61.7,Fair
AST-00497,2024-03-31,65.0,Fair
AST-00497,2024-06-29,65.5,Fair
AST-00497,2024-09-27,64.8,Fair
AST-00497,2024-12-26,64.7,Fair
AST-00497,2025-03-26,64.4,Fair
AST-00497,2025-06-24,56.3,Poor
AST-00497,2025-09-22,53.3,Poor
AST-00497,2025-12-21,54.8,Poor
AST-00497,2026-03-21,54.3,Poor
AST-00497,2026-06-19,56.4,Poor
AST-00498,2024-01-01,55.3,Poor
AST-00498,2024-03-31,55.6,Poor
AST-00498,2024-06-29,56.5,Poor
AST-00498,2024-09-27,54.5,Poor
AST-00498,2024-12-26,53.7,Poor
AST-00498,2025-03-26,50.5,Poor
AST-00498,2025-06-24,57.8,Poor
AST-00498,2025-09-22,55.3,Poor
AST-00498,2025-12-21,56.0,Poor
AST-00498,2026-03-21,51.2,Poor
AST-00498,2026-06-19,54.1,Poor
AST-00499,2024-01-01,94.5,Good
AST-00499,2024-03-31,100.0,Good
AST-00499,2024-06-29,95.5,Good
AST-00499,2024-09-27,95.2,Good
AST-00499,2024-12-26,95.5,Good
AST-00499,2025-03-26,99.0,Good
AST-00499,2025-06-24,84.7,Good
AST-00499,2025-09-22,91.1,Good
AST-00499,2025-12-21,95.1,Good
AST-00499,2026-03-21,89.9,Good
AST-00499,2026-06-19,90.9,Good
AST-00500,2024-01-01,67.5,Fair
AST-00500,2024-03-31,68.4,Fair
AST-00500,2024-06-29,74.1,Fair
AST-00500,2024-09-27,65.9,Fair
AST-00500,2024-12-26,72.8,Fair
AST-00500,2025-03-26,66.7,Fair
AST-00500,2025-06-24,69.7,Fair
AST-00500,2025-09-22,66.1,Fair
AST-00500,2025-12-21,63.8,Fair
AST-00500,2026-03-21,64.4,Fair
AST-00500,2026-06-19,64.4,Fair
AST-00501,2024-01-01,61.9,Fair
AST-00501,2024-03-31,58.0,Poor
AST-00501,2024-06-29,57.1,Poor
AST-00501,2024-09-27,61.0,Fair
AST-00501,2024-12-26,52.8,Poor
AST-00501,2025-03-26,55.5,Poor
AST-00501,2025-06-24,58.1,Poor
AST-00501,2025-09-22,52.7,Poor
AST-00501,2025-12-21,49.9,Poor
AST-00501,2026-03-21,54.9,Poor
AST-00501,2026-06-19,53.0,Poor
AST-00502,2024-01-01,97.2,Good
AST-00502,2024-03-31,94.8,Good
AST-00502,2024-06-29,92.1,Good
AST-00502,2024-09-27,95.6,Good
AST-00502,2024-12-26,90.6,Good
AST-00502,2025-03-26,91.3,Good
AST-00502,2025-06-24,92.2,Good
AST-00502,2025-09-22,91.1,Good
AST-00502,2025-12-21,89.6,Good
AST-00502,2026-03-21,86.8,Good
AST-00502,2026-06-19,89.7,Good
AST-00503,2024-01-01,67.0,Fair
AST-00503,2024-03-31,61.2,Fair
AST-00503,2024-06-29,64.6,Fair
AST-00503,2024-09-27,62.5,Fair
AST-00503,2024-12-26,62.1,Fair
AST-00503,2025-03-26,58.1,Poor
AST-00503,2025-06-24,57.8,Poor
AST-00503,2025-09-22,63.4,Fair
AST-00503,2025-12-21,54.8,Poor
AST-00503,2026-03-21,55.2,Poor
AST-00503,2026-06-19,59.4,Poor
AST-00504,2024-01-01,86.0,Good
AST-00504,2024-03-31,86.4,Good
AST-00504,2024-06-29,90.2,Good
AST-00504,2024-09-27,90.1,Good
AST-00504,2024-12-26,85.3,Good
AST-00504,2025-03-26,86.9,Good
AST-00504,2025-06-24,89.0,Good
AST-00504,2025-09-22,85.6,Good
AST-00504,2025-12-21,78.9,Good
AST-00504,2026-03-21,85.5,Good
AST-00504,2026-06-19,87.0,Good
AST-00505,2024-01-01,98.0,Good
AST-00505,2024-03-31,94.5,Good
AST-00505,2024-06-29,94.8,Good
AST-00505,2024-09-27,92.6,Good
AST-00505,2024-12-26,91.7,Good
AST-00505,2025-03-26,92.2,Good
AST-00505,2025-06-24,91.7,Good
AST-00505,2025-09-22,86.6,Good
AST-00505,2025-12-21,89.2,Good
AST-00505,2026-03-21,87.9,Good
AST-00505,2026-06-19,83.6,Good
AST-00506,2024-01-01,88.0,Good
AST-00506,2024-03-31,82.3,Good
AST-00506,2024-06-29,83.8,Good
AST-00506,2024-09-27,79.9,Good
AST-00506,2024-12-26,83.6,Good
AST-00506,2025-03-26,79.9,Good
AST-00506,2025-06-24,80.6,Good
AST-00506,2025-09-22,75.5,Good
AST-00506,2025-12-21,77.6,Good
AST-00506,2026-03-21,70.3,Fair
AST-00506,2026-06-19,73.5,Fair
AST-00507,2024-01-01,84.4,Good
AST-00507,2024-03-31,89.2,Good
AST-00507,2024-06-29,89.5,Good
AST-00507,2024-09-27,92.3,Good
AST-00507,2024-12-26,85.6,Good
AST-00507,2025-03-26,87.4,Good
AST-00507,2025-06-24,78.3,Good
AST-00507,2025-09-22,82.4,Good
AST-00507,2025-12-21,82.1,Good
AST-00507,2026-03-21,77.5,Good
AST-00507,2026-06-19,77.5,Good
AST-00508,2024-01-01,68.7,Fair
AST-00508,2024-03-31,66.9,Fair
AST-00508,2024-06-29,67.5,Fair
AST-00508,2024-09-27,64.6,Fair
AST-00508,2024-12-26,63.9,Fair
AST-00508,2025-03-26,62.7,Fair
AST-00508,2025-06-24,64.0,Fair
AST-00508,2025-09-22,62.2,Fair
AST-00508,2025-12-21,58.3,Poor
AST-00508,2026-03-21,52.2,Poor
AST-00508,2026-06-19,52.2,Poor
AST-00509,2024-01-01,98.2,Good
AST-00509,2024-03-31,91.1,Good
AST-00509,2024-06-29,91.9,Good
AST-00509,2024-09-27,90.1,Good
AST-00509,2024-12-26,86.6,Good
AST-00509,2025-03-26,90.8,Good
AST-00509,2025-06-24,86.2,Good
AST-00509,2025-09-22,85.5,Good
AST-00509,2025-12-21,81.6,Good
AST-00509,2026-03-21,82.6,Good
AST-00509,2026-06-19,78.4,Good
AST-00510,2024-01-01,89.8,Good
AST-00510,2024-03-31,91.4,Good
AST-00510,2024-06-29,93.6,Good
AST-00510,2024-09-27,95.1,Good
AST-00510,2024-12-26,84.2,Good
AST-00510,2025-03-26,82.6,Good
AST-00510,2025-06-24,84.5,Good
AST-00510,2025-09-22,85.6,Good
AST-00510,2025-12-21,84.9,Good
AST-00510,2026-03-21,79.7,Good
AST-00510,2026-06-19,82.6,Good
AST-00511,2024-01-01,90.8,Good
AST-00511,2024-03-31,98.4,Good
AST-00511,2024-06-29,100.0,Good
AST-00511,2024-09-27,90.7,Good
AST-00511,2024-12-26,94.1,Good
AST-00511,2025-03-26,93.4,Good
AST-00511,2025-06-24,99.3,Good
AST-00511,2025-09-22,94.8,Good
AST-00511,2025-12-21,90.8,Good
AST-00511,2026-03-21,93.9,Good
AST-00511,2026-06-19,96.2,Good
AST-00512,2024-01-01,60.3,Fair
AST-00512,2024-03-31,55.8,Poor
AST-00512,2024-06-29,60.4,Fair
AST-00512,2024-09-27,60.1,Fair
AST-00512,2024-12-26,56.8,Poor
AST-00512,2025-03-26,55.7,Poor
AST-00512,2025-06-24,59.8,Poor
AST-00512,2025-09-22,53.5,Poor
AST-00512,2025-12-21,56.7,Poor
AST-00512,2026-03-21,54.8,Poor
AST-00512,2026-06-19,53.9,Poor
AST-00513,2024-01-01,59.8,Poor
AST-00513,2024-03-31,55.8,Poor
AST-00513,2024-06-29,55.8,Poor
AST-00513,2024-09-27,54.6,Poor
AST-00513,2024-12-26,50.6,Poor
AST-00513,2025-03-26,52.2,Poor
AST-00513,2025-06-24,55.2,Poor
AST-00513,2025-09-22,50.3,Poor
AST-00513,2025-12-21,49.5,Poor
AST-00513,2026-03-21,46.7,Poor
AST-00513,2026-06-19,42.0,Critical
AST-00514,2024-01-01,56.1,Poor
AST-00514,2024-03-31,58.7,Poor
AST-00514,2024-06-29,61.6,Fair
AST-00514,2024-09-27,61.2,Fair
AST-00514,2024-12-26,59.1,Poor
AST-00514,2025-03-26,54.9,Poor
AST-00514,2025-06-24,49.7,Poor
AST-00514,2025-09-22,54.9,Poor
AST-00514,2025-12-21,52.6,Poor
AST-00514,2026-03-21,48.6,Poor
AST-00514,2026-06-19,52.1,Poor
AST-00515,2024-01-01,99.8,Good
AST-00515,2024-03-31,94.0,Good
AST-00515,2024-06-29,92.3,Good
AST-00515,2024-09-27,95.6,Good
AST-00515,2024-12-26,92.5,Good
AST-00515,2025-03-26,85.2,Good
AST-00515,2025-06-24,85.0,Good
AST-00515,2025-09-22,90.8,Good
AST-00515,2025-12-21,81.4,Good
AST-00515,2026-03-21,86.7,Good
AST-00515,2026-06-19,83.5,Good
AST-00516,2024-01-01,64.3,Fair
AST-00516,2024-03-31,66.6,Fair
AST-00516,2024-06-29,60.6,Fair
AST-00516,2024-09-27,62.2,Fair
AST-00516,2024-12-26,55.1,Poor
AST-00516,2025-03-26,55.1,Poor
AST-00516,2025-06-24,60.4,Fair
AST-00516,2025-09-22,53.1,Poor
AST-00516,2025-12-21,60.0,Fair
AST-00516,2026-03-21,49.9,Poor
AST-00516,2026-06-19,43.1,Critical
AST-00517,2024-01-01,57.7,Poor
AST-00517,2024-03-31,59.3,Poor
AST-00517,2024-06-29,60.0,Fair
AST-00517,2024-09-27,52.2,Poor
AST-00517,2024-12-26,59.5,Poor
AST-00517,2025-03-26,56.8,Poor
AST-00517,2025-06-24,54.2,Poor
AST-00517,2025-09-22,61.1,Fair
AST-00517,2025-12-21,54.4,Poor
AST-00517,2026-03-21,52.8,Poor
AST-00517,2026-06-19,44.9,Critical
AST-00518,2024-01-01,80.2,Good
AST-00518,2024-03-31,70.9,Fair
AST-00518,2024-06-29,72.3,Fair
AST-00518,2024-09-27,69.0,Fair
AST-00518,2024-12-26,67.3,Fair
AST-00518,2025-03-26,68.2,Fair
AST-00518,2025-06-24,60.6,Fair
AST-00518,2025-09-22,68.5,Fair
AST-00518,2025-12-21,64.5,Fair
AST-00518,2026-03-21,61.5,Fair
AST-00518,2026-06-19,64.6,Fair
AST-00519,2024-01-01,85.0,Good
AST-00519,2024-03-31,87.3,Good
AST-00519,2024-06-29,89.8,Good
AST-00519,2024-09-27,87.4,Good
AST-00519,2024-12-26,86.4,Good
AST-00519,2025-03-26,78.4,Good
AST-00519,2025-06-24,75.5,Good
AST-00519,2025-09-22,81.7,Good
AST-00519,2025-12-21,79.2,Good
AST-00519,2026-03-21,75.7,Good
AST-00519,2026-06-19,79.5,Good
AST-00520,2024-01-01,68.4,Fair
AST-00520,2024-03-31,69.5,Fair
AST-00520,2024-06-29,70.2,Fair
AST-00520,2024-09-27,72.6,Fair
AST-00520,2024-12-26,69.7,Fair
AST-00520,2025-03-26,68.1,Fair
AST-00520,2025-06-24,64.1,Fair
AST-00520,2025-09-22,67.9,Fair
AST-00520,2025-12-21,55.6,Poor
AST-00520,2026-03-21,59.1,Poor
AST-00520,2026-06-19,61.8,Fair
AST-00521,2024-01-01,79.6,Good
AST-00521,2024-03-31,76.5,Good
AST-00521,2024-06-29,82.4,Good
AST-00521,2024-09-27,78.7,Good
AST-00521,2024-12-26,79.0,Good
AST-00521,2025-03-26,76.6,Good
AST-00521,2025-06-24,82.8,Good
AST-00521,2025-09-22,79.1,Good
AST-00521,2025-12-21,76.7,Good
AST-00521,2026-03-21,85.1,Good
AST-00521,2026-06-19,73.6,Fair
AST-00522,2024-01-01,100.0,Good
AST-00522,2024-03-31,96.0,Good
AST-00522,2024-06-29,92.4,Good
AST-00522,2024-09-27,95.1,Good
AST-00522,2024-12-26,97.3,Good
AST-00522,2025-03-26,87.7,Good
AST-00522,2025-06-24,93.6,Good
AST-00522,2025-09-22,87.1,Good
AST-00522,2025-12-21,90.6,Good
AST-00522,2026-03-21,83.7,Good
AST-00522,2026-06-19,88.2,Good
AST-00523,2024-01-01,81.7,Good
AST-00523,2024-03-31,89.6,Good
AST-00523,2024-06-29,85.8,Good
AST-00523,2024-09-27,81.2,Good
AST-00523,2024-12-26,81.7,Good
AST-00523,2025-03-26,84.5,Good
AST-00523,2025-06-24,81.5,Good
AST-00523,2025-09-22,75.3,Good
AST-00523,2025-12-21,79.4,Good
AST-00523,2026-03-21,75.6,Good
AST-00523,2026-06-19,72.9,Fair
AST-00524,2024-01-01,84.1,Good
AST-00524,2024-03-31,82.8,Good
AST-00524,2024-06-29,73.5,Fair
AST-00524,2024-09-27,86.4,Good
AST-00524,2024-12-26,82.0,Good
AST-00524,2025-03-26,79.9,Good
AST-00524,2025-06-24,75.3,Good
AST-00524,2025-09-22,78.1,Good
AST-00524,2025-12-21,76.8,Good
AST-00524,2026-03-21,80.4,Good
AST-00524,2026-06-19,80.9,Good
AST-00525,2024-01-01,92.1,Good
AST-00525,2024-03-31,91.9,Good
AST-00525,2024-06-29,87.4,Good
AST-00525,2024-09-27,85.7,Good
AST-00525,2024-12-26,82.5,Good
AST-00525,2025-03-26,81.8,Good
AST-00525,2025-06-24,77.5,Good
AST-00525,2025-09-22,81.9,Good
AST-00525,2025-12-21,81.0,Good
AST-00525,2026-03-21,79.4,Good
AST-00525,2026-06-19,77.9,Good
AST-00526,2024-01-01,82.4,Good
AST-00526,2024-03-31,83.0,Good
AST-00526,2024-06-29,82.0,Good
AST-00526,2024-09-27,84.0,Good
AST-00526,2024-12-26,72.9,Fair
AST-00526,2025-03-26,81.9,Good
AST-00526,2025-06-24,80.8,Good
AST-00526,2025-09-22,76.7,Good
AST-00526,2025-12-21,74.0,Fair
AST-00526,2026-03-21,68.0,Fair
AST-00526,2026-06-19,74.4,Fair
AST-00527,2024-01-01,80.9,Good
AST-00527,2024-03-31,76.6,Good
AST-00527,2024-06-29,78.4,Good
AST-00527,2024-09-27,77.4,Good
AST-00527,2024-12-26,74.4,Fair
AST-00527,2025-03-26,83.0,Good
AST-00527,2025-06-24,66.5,Fair
AST-00527,2025-09-22,70.2,Fair
AST-00527,2025-12-21,77.2,Good
AST-00527,2026-03-21,75.1,Good
AST-00527,2026-06-19,70.0,Fair
AST-00528,2024-01-01,75.2,Good
AST-00528,2024-03-31,62.9,Fair
AST-00528,2024-06-29,66.4,Fair
AST-00528,2024-09-27,61.8,Fair
AST-00528,2024-12-26,63.1,Fair
AST-00528,2025-03-26,64.0,Fair
AST-00528,2025-06-24,59.8,Poor
AST-00528,2025-09-22,60.8,Fair
AST-00528,2025-12-21,61.4,Fair
AST-00528,2026-03-21,62.0,Fair
AST-00528,2026-06-19,56.7,Poor
AST-00529,2024-01-01,96.8,Good
AST-00529,2024-03-31,100.0,Good
AST-00529,2024-06-29,100.0,Good
AST-00529,2024-09-27,85.6,Good
AST-00529,2024-12-26,90.0,Good
AST-00529,2025-03-26,91.9,Good
AST-00529,2025-06-24,90.7,Good
AST-00529,2025-09-22,82.4,Good
AST-00529,2025-12-21,84.8,Good
AST-00529,2026-03-21,88.7,Good
AST-00529,2026-06-19,96.0,Good
AST-00530,2024-01-01,85.6,Good
AST-00530,2024-03-31,84.6,Good
AST-00530,2024-06-29,78.7,Good
AST-00530,2024-09-27,76.7,Good
AST-00530,2024-12-26,79.6,Good
AST-00530,2025-03-26,83.3,Good
AST-00530,2025-06-24,74.0,Fair
AST-00530,2025-09-22,75.6,Good
AST-00530,2025-12-21,74.4,Fair
AST-00530,2026-03-21,74.5,Fair
AST-00530,2026-06-19,76.0,Good
AST-00531,2024-01-01,62.0,Fair
AST-00531,2024-03-31,57.9,Poor
AST-00531,2024-06-29,58.0,Poor
AST-00531,2024-09-27,59.4,Poor
AST-00531,2024-12-26,57.5,Poor
AST-00531,2025-03-26,60.3,Fair
AST-00531,2025-06-24,61.3,Fair
AST-00531,2025-09-22,65.2,Fair
AST-00531,2025-12-21,58.3,Poor
AST-00531,2026-03-21,50.7,Poor
AST-00531,2026-06-19,58.9,Poor
AST-00532,2024-01-01,69.5,Fair
AST-00532,2024-03-31,70.8,Fair
AST-00532,2024-06-29,75.1,Good
AST-00532,2024-09-27,71.2,Fair
AST-00532,2024-12-26,70.1,Fair
AST-00532,2025-03-26,63.6,Fair
AST-00532,2025-06-24,68.8,Fair
AST-00532,2025-09-22,68.5,Fair
AST-00532,2025-12-21,67.1,Fair
AST-00532,2026-03-21,67.7,Fair
AST-00532,2026-06-19,64.6,Fair
AST-00533,2024-01-01,52.3,Poor
AST-00533,2024-03-31,53.6,Poor
AST-00533,2024-06-29,56.7,Poor
AST-00533,2024-09-27,47.3,Poor
AST-00533,2024-12-26,55.3,Poor
AST-00533,2025-03-26,54.3,Poor
AST-00533,2025-06-24,55.3,Poor
AST-00533,2025-09-22,48.5,Poor
AST-00533,2025-12-21,49.4,Poor
AST-00533,2026-03-21,52.6,Poor
AST-00533,2026-06-19,44.8,Critical
AST-00534,2024-01-01,94.4,Good
AST-00534,2024-03-31,99.3,Good
AST-00534,2024-06-29,97.0,Good
AST-00534,2024-09-27,98.5,Good
AST-00534,2024-12-26,94.1,Good
AST-00534,2025-03-26,95.0,Good
AST-00534,2025-06-24,97.2,Good
AST-00534,2025-09-22,95.7,Good
AST-00534,2025-12-21,94.2,Good
AST-00534,2026-03-21,86.7,Good
AST-00534,2026-06-19,90.1,Good
AST-00535,2024-01-01,54.7,Poor
AST-00535,2024-03-31,67.1,Fair
AST-00535,2024-06-29,56.8,Poor
AST-00535,2024-09-27,54.8,Poor
AST-00535,2024-12-26,58.2,Poor
AST-00535,2025-03-26,50.7,Poor
AST-00535,2025-06-24,56.7,Poor
AST-00535,2025-09-22,59.7,Poor
AST-00535,2025-12-21,58.0,Poor
AST-00535,2026-03-21,52.0,Poor
AST-00535,2026-06-19,59.8,Poor
AST-00536,2024-01-01,54.3,Poor
AST-00536,2024-03-31,41.4,Critical
AST-00536,2024-06-29,47.3,Poor
AST-00536,2024-09-27,44.8,Critical
AST-00536,2024-12-26,43.2,Critical
AST-00536,2025-03-26,43.3,Critical
AST-00536,2025-06-24,41.7,Critical
AST-00536,2025-09-22,48.2,Poor
AST-00536,2025-12-21,43.7,Critical
AST-00536,2026-03-21,43.2,Critical
AST-00536,2026-06-19,46.8,Poor
AST-00537,2024-01-01,74.3,Fair
AST-00537,2024-03-31,75.6,Good
AST-00537,2024-06-29,71.1,Fair
AST-00537,2024-09-27,74.6,Fair
AST-00537,2024-12-26,80.4,Good
AST-00537,2025-03-26,74.5,Fair
AST-00537,2025-06-24,70.3,Fair
AST-00537,2025-09-22,70.0,Fair
AST-00537,2025-12-21,70.2,Fair
AST-00537,2026-03-21,72.8,Fair
AST-00537,2026-06-19,67.5,Fair
AST-00538,2024-01-01,93.9,Good
AST-00538,2024-03-31,92.2,Good
AST-00538,2024-06-29,94.3,Good
AST-00538,2024-09-27,88.5,Good
AST-00538,2024-12-26,94.3,Good
AST-00538,2025-03-26,89.5,Good
AST-00538,2025-06-24,83.3,Good
AST-00538,2025-09-22,81.9,Good
AST-00538,2025-12-21,82.0,Good
AST-00538,2026-03-21,81.2,Good
AST-00538,2026-06-19,79.2,Good
AST-00539,2024-01-01,83.4,Good
AST-00539,2024-03-31,82.2,Good
AST-00539,2024-06-29,78.2,Good
AST-00539,2024-09-27,79.1,Good
AST-00539,2024-12-26,76.9,Good
AST-00539,2025-03-26,79.1,Good
AST-00539,2025-06-24,75.1,Good
AST-00539,2025-09-22,71.3,Fair
AST-00539,2025-12-21,77.1,Good
AST-00539,2026-03-21,73.4,Fair
AST-00539,2026-06-19,75.1,Good
AST-00540,2024-01-01,69.9,Fair
AST-00540,2024-03-31,76.2,Good
AST-00540,2024-06-29,78.2,Good
AST-00540,2024-09-27,69.6,Fair
AST-00540,2024-12-26,72.8,Fair
AST-00540,2025-03-26,69.9,Fair
AST-00540,2025-06-24,76.0,Good
AST-00540,2025-09-22,66.6,Fair
AST-00540,2025-12-21,66.6,Fair
AST-00540,2026-03-21,70.2,Fair
AST-00540,2026-06-19,65.5,Fair
AST-00541,2024-01-01,92.6,Good
AST-00541,2024-03-31,97.4,Good
AST-00541,2024-06-29,86.8,Good
AST-00541,2024-09-27,89.3,Good
AST-00541,2024-12-26,95.5,Good
AST-00541,2025-03-26,91.3,Good
AST-00541,2025-06-24,81.9,Good
AST-00541,2025-09-22,86.2,Good
AST-00541,2025-12-21,85.1,Good
AST-00541,2026-03-21,85.4,Good
AST-00541,2026-06-19,81.6,Good
AST-00542,2024-01-01,59.4,Poor
AST-00542,2024-03-31,57.7,Poor
AST-00542,2024-06-29,60.4,Fair
AST-00542,2024-09-27,51.8,Poor
AST-00542,2024-12-26,56.3,Poor
AST-00542,2025-03-26,46.4,Poor
AST-00542,2025-06-24,49.7,Poor
AST-00542,2025-09-22,51.6,Poor
AST-00542,2025-12-21,54.6,Poor
AST-00542,2026-03-21,43.3,Critical
AST-00542,2026-06-19,47.4,Poor
AST-00543,2024-01-01,69.3,Fair
AST-00543,2024-03-31,68.5,Fair
AST-00543,2024-06-29,66.0,Fair
AST-00543,2024-09-27,69.6,Fair
AST-00543,2024-12-26,63.1,Fair
AST-00543,2025-03-26,66.4,Fair
AST-00543,2025-06-24,62.0,Fair
AST-00543,2025-09-22,61.0,Fair
AST-00543,2025-12-21,64.2,Fair
AST-00543,2026-03-21,61.5,Fair
AST-00543,2026-06-19,59.0,Poor
AST-00544,2024-01-01,74.2,Fair
AST-00544,2024-03-31,70.0,Fair
AST-00544,2024-06-29,65.1,Fair
AST-00544,2024-09-27,63.8,Fair
AST-00544,2024-12-26,65.2,Fair
AST-00544,2025-03-26,66.5,Fair
AST-00544,2025-06-24,58.4,Poor
AST-00544,2025-09-22,61.9,Fair
AST-00544,2025-12-21,61.2,Fair
AST-00544,2026-03-21,59.5,Poor
AST-00544,2026-06-19,62.6,Fair
AST-00545,2024-01-01,56.5,Poor
AST-00545,2024-03-31,64.1,Fair
AST-00545,2024-06-29,59.7,Poor
AST-00545,2024-09-27,57.2,Poor
AST-00545,2024-12-26,59.0,Poor
AST-00545,2025-03-26,51.6,Poor
AST-00545,2025-06-24,50.7,Poor
AST-00545,2025-09-22,50.1,Poor
AST-00545,2025-12-21,44.8,Critical
AST-00545,2026-03-21,47.6,Poor
AST-00545,2026-06-19,45.8,Poor
AST-00546,2024-01-01,76.0,Good
AST-00546,2024-03-31,72.0,Fair
AST-00546,2024-06-29,75.3,Good
AST-00546,2024-09-27,74.8,Fair
AST-00546,2024-12-26,74.5,Fair
AST-00546,2025-03-26,75.0,Good
AST-00546,2025-06-24,72.4,Fair
AST-00546,2025-09-22,73.0,Fair
AST-00546,2025-12-21,73.6,Fair
AST-00546,2026-03-21,74.3,Fair
AST-00546,2026-06-19,77.4,Good
AST-00547,2024-01-01,51.8,Poor
AST-00547,2024-03-31,51.6,Poor
AST-00547,2024-06-29,51.4,Poor
AST-00547,2024-09-27,44.3,Critical
AST-00547,2024-12-26,40.8,Critical
AST-00547,2025-03-26,39.7,Critical
AST-00547,2025-06-24,44.0,Critical
AST-00547,2025-09-22,42.7,Critical
AST-00547,2025-12-21,44.1,Critical
AST-00547,2026-03-21,38.5,Critical
AST-00547,2026-06-19,32.1,Critical
AST-00548,2024-01-01,81.1,Good
AST-00548,2024-03-31,79.0,Good
AST-00548,2024-06-29,78.9,Good
AST-00548,2024-09-27,77.6,Good
AST-00548,2024-12-26,75.1,Good
AST-00548,2025-03-26,77.1,Good
AST-00548,2025-06-24,73.8,Fair
AST-00548,2025-09-22,74.6,Fair
AST-00548,2025-12-21,69.6,Fair
AST-00548,2026-03-21,65.7,Fair
AST-00548,2026-06-19,72.8,Fair
AST-00549,2024-01-01,71.3,Fair
AST-00549,2024-03-31,78.6,Good
AST-00549,2024-06-29,72.6,Fair
AST-00549,2024-09-27,74.8,Fair
AST-00549,2024-12-26,69.7,Fair
AST-00549,2025-03-26,68.9,Fair
AST-00549,2025-06-24,73.0,Fair
AST-00549,2025-09-22,73.4,Fair
AST-00549,2025-12-21,66.8,Fair
AST-00549,2026-03-21,70.9,Fair
AST-00549,2026-06-19,68.2,Fair
AST-00550,2024-01-01,89.2,Good
AST-00550,2024-03-31,95.0,Good
AST-00550,2024-06-29,96.4,Good
AST-00550,2024-09-27,97.9,Good
AST-00550,2024-12-26,93.3,Good
AST-00550,2025-03-26,93.4,Good
AST-00550,2025-06-24,98.6,Good
AST-00550,2025-09-22,100.0,Good
AST-00550,2025-12-21,88.9,Good
AST-00550,2026-03-21,96.4,Good
AST-00550,2026-06-19,94.5,Good
AST-00551,2024-01-01,88.5,Good
AST-00551,2024-03-31,82.4,Good
AST-00551,2024-06-29,84.7,Good
AST-00551,2024-09-27,80.4,Good
AST-00551,2024-12-26,80.4,Good
AST-00551,2025-03-26,79.6,Good
AST-00551,2025-06-24,78.4,Good
AST-00551,2025-09-22,75.7,Good
AST-00551,2025-12-21,71.8,Fair
AST-00551,2026-03-21,77.7,Good
AST-00551,2026-06-19,77.9,Good
AST-00552,2024-01-01,78.5,Good
AST-00552,2024-03-31,77.6,Good
AST-00552,2024-06-29,87.4,Good
AST-00552,2024-09-27,76.2,Good
AST-00552,2024-12-26,80.6,Good
AST-00552,2025-03-26,74.7,Fair
AST-00552,2025-06-24,83.3,Good
AST-00552,2025-09-22,78.8,Good
AST-00552,2025-12-21,72.7,Fair
AST-00552,2026-03-21,80.8,Good
AST-00552,2026-06-19,81.1,Good
AST-00553,2024-01-01,87.3,Good
AST-00553,2024-03-31,89.2,Good
AST-00553,2024-06-29,84.0,Good
AST-00553,2024-09-27,81.1,Good
AST-00553,2024-12-26,78.9,Good
AST-00553,2025-03-26,79.1,Good
AST-00553,2025-06-24,85.9,Good
AST-00553,2025-09-22,77.4,Good
AST-00553,2025-12-21,83.4,Good
AST-00553,2026-03-21,65.9,Fair
AST-00553,2026-06-19,72.4,Fair
AST-00554,2024-01-01,82.2,Good
AST-00554,2024-03-31,86.7,Good
AST-00554,2024-06-29,93.8,Good
AST-00554,2024-09-27,89.4,Good
AST-00554,2024-12-26,87.4,Good
AST-00554,2025-03-26,86.5,Good
AST-00554,2025-06-24,83.1,Good
AST-00554,2025-09-22,80.1,Good
AST-00554,2025-12-21,87.3,Good
AST-00554,2026-03-21,82.1,Good
AST-00554,2026-06-19,74.9,Fair
AST-00555,2024-01-01,57.8,Poor
AST-00555,2024-03-31,56.2,Poor
AST-00555,2024-06-29,60.6,Fair
AST-00555,2024-09-27,58.6,Poor
AST-00555,2024-12-26,56.2,Poor
AST-00555,2025-03-26,53.5,Poor
AST-00555,2025-06-24,50.0,Poor
AST-00555,2025-09-22,48.6,Poor
AST-00555,2025-12-21,49.3,Poor
AST-00555,2026-03-21,50.0,Poor
AST-00555,2026-06-19,46.9,Poor
AST-00556,2024-01-01,90.5,Good
AST-00556,2024-03-31,87.1,Good
AST-00556,2024-06-29,89.9,Good
AST-00556,2024-09-27,90.0,Good
AST-00556,2024-12-26,81.6,Good
AST-00556,2025-03-26,87.3,Good
AST-00556,2025-06-24,87.0,Good
AST-00556,2025-09-22,77.2,Good
AST-00556,2025-12-21,77.1,Good
AST-00556,2026-03-21,84.1,Good
AST-00556,2026-06-19,81.7,Good
AST-00557,2024-01-01,61.2,Fair
AST-00557,2024-03-31,58.6,Poor
AST-00557,2024-06-29,53.7,Poor
AST-00557,2024-09-27,52.5,Poor
AST-00557,2024-12-26,48.7,Poor
AST-00557,2025-03-26,52.2,Poor
AST-00557,2025-06-24,49.8,Poor
AST-00557,2025-09-22,53.5,Poor
AST-00557,2025-12-21,43.1,Critical
AST-00557,2026-03-21,48.0,Poor
AST-00557,2026-06-19,48.5,Poor
AST-00558,2024-01-01,65.5,Fair
AST-00558,2024-03-31,65.6,Fair
AST-00558,2024-06-29,63.6,Fair
AST-00558,2024-09-27,63.1,Fair
AST-00558,2024-12-26,66.4,Fair
AST-00558,2025-03-26,56.4,Poor
AST-00558,2025-06-24,58.9,Poor
AST-00558,2025-09-22,71.7,Fair
AST-00558,2025-12-21,61.2,Fair
AST-00558,2026-03-21,61.1,Fair
AST-00558,2026-06-19,60.1,Fair
AST-00559,2024-01-01,100.0,Good
AST-00559,2024-03-31,97.9,Good
AST-00559,2024-06-29,100.0,Good
AST-00559,2024-09-27,100.0,Good
AST-00559,2024-12-26,88.2,Good
AST-00559,2025-03-26,94.7,Good
AST-00559,2025-06-24,92.0,Good
AST-00559,2025-09-22,89.4,Good
AST-00559,2025-12-21,91.7,Good
AST-00559,2026-03-21,89.8,Good
AST-00559,2026-06-19,90.6,Good
AST-00560,2024-01-01,51.2,Poor
AST-00560,2024-03-31,58.3,Poor
AST-00560,2024-06-29,59.3,Poor
AST-00560,2024-09-27,55.8,Poor
AST-00560,2024-12-26,51.7,Poor
AST-00560,2025-03-26,54.6,Poor
AST-00560,2025-06-24,55.7,Poor
AST-00560,2025-09-22,57.4,Poor
AST-00560,2025-12-21,48.9,Poor
AST-00560,2026-03-21,50.9,Poor
AST-00560,2026-06-19,49.9,Poor
AST-00561,2024-01-01,62.1,Fair
AST-00561,2024-03-31,61.3,Fair
AST-00561,2024-06-29,63.9,Fair
AST-00561,2024-09-27,67.3,Fair
AST-00561,2024-12-26,58.1,Poor
AST-00561,2025-03-26,59.6,Poor
AST-00561,2025-06-24,58.4,Poor
AST-00561,2025-09-22,56.8,Poor
AST-00561,2025-12-21,50.4,Poor
AST-00561,2026-03-21,52.1,Poor
AST-00561,2026-06-19,54.4,Poor
AST-00562,2024-01-01,95.6,Good
AST-00562,2024-03-31,94.9,Good
AST-00562,2024-06-29,89.7,Good
AST-00562,2024-09-27,97.6,Good
AST-00562,2024-12-26,87.4,Good
AST-00562,2025-03-26,91.2,Good
AST-00562,2025-06-24,84.6,Good
AST-00562,2025-09-22,86.6,Good
AST-00562,2025-12-21,83.6,Good
AST-00562,2026-03-21,87.3,Good
AST-00562,2026-06-19,85.2,Good
AST-00563,2024-01-01,70.6,Fair
AST-00563,2024-03-31,75.2,Good
AST-00563,2024-06-29,71.3,Fair
AST-00563,2024-09-27,68.7,Fair
AST-00563,2024-12-26,72.7,Fair
AST-00563,2025-03-26,65.3,Fair
AST-00563,2025-06-24,71.5,Fair
AST-00563,2025-09-22,60.4,Fair
AST-00563,2025-12-21,63.8,Fair
AST-00563,2026-03-21,66.0,Fair
AST-00563,2026-06-19,57.2,Poor
AST-00564,2024-01-01,79.0,Good
AST-00564,2024-03-31,68.6,Fair
AST-00564,2024-06-29,75.8,Good
AST-00564,2024-09-27,75.5,Good
AST-00564,2024-12-26,74.7,Fair
AST-00564,2025-03-26,72.0,Fair
AST-00564,2025-06-24,72.1,Fair
AST-00564,2025-09-22,70.7,Fair
AST-00564,2025-12-21,65.3,Fair
AST-00564,2026-03-21,72.1,Fair
AST-00564,2026-06-19,71.7,Fair
AST-00565,2024-01-01,78.1,Good
AST-00565,2024-03-31,75.6,Good
AST-00565,2024-06-29,79.7,Good
AST-00565,2024-09-27,78.2,Good
AST-00565,2024-12-26,80.8,Good
AST-00565,2025-03-26,71.9,Fair
AST-00565,2025-06-24,67.6,Fair
AST-00565,2025-09-22,69.7,Fair
AST-00565,2025-12-21,70.7,Fair
AST-00565,2026-03-21,71.5,Fair
AST-00565,2026-06-19,67.4,Fair
AST-00566,2024-01-01,79.1,Good
AST-00566,2024-03-31,82.2,Good
AST-00566,2024-06-29,74.6,Fair
AST-00566,2024-09-27,75.8,Good
AST-00566,2024-12-26,77.4,Good
AST-00566,2025-03-26,76.3,Good
AST-00566,2025-06-24,73.6,Fair
AST-00566,2025-09-22,69.5,Fair
AST-00566,2025-12-21,73.5,Fair
AST-00566,2026-03-21,68.2,Fair
AST-00566,2026-06-19,64.0,Fair
AST-00567,2024-01-01,67.1,Fair
AST-00567,2024-03-31,60.8,Fair
AST-00567,2024-06-29,71.7,Fair
AST-00567,2024-09-27,65.8,Fair
AST-00567,2024-12-26,73.6,Fair
AST-00567,2025-03-26,62.0,Fair
AST-00567,2025-06-24,58.5,Poor
AST-00567,2025-09-22,62.5,Fair
AST-00567,2025-12-21,64.6,Fair
AST-00567,2026-03-21,66.2,Fair
AST-00567,2026-06-19,60.6,Fair
AST-00568,2024-01-01,59.0,Poor
AST-00568,2024-03-31,63.1,Fair
AST-00568,2024-06-29,57.2,Poor
AST-00568,2024-09-27,59.9,Poor
AST-00568,2024-12-26,57.4,Poor
AST-00568,2025-03-26,60.6,Fair
AST-00568,2025-06-24,60.0,Fair
AST-00568,2025-09-22,59.3,Poor
AST-00568,2025-12-21,56.6,Poor
AST-00568,2026-03-21,49.8,Poor
AST-00568,2026-06-19,57.3,Poor
AST-00569,2024-01-01,76.1,Good
AST-00569,2024-03-31,77.9,Good
AST-00569,2024-06-29,75.9,Good
AST-00569,2024-09-27,72.3,Fair
AST-00569,2024-12-26,71.1,Fair
AST-00569,2025-03-26,74.2,Fair
AST-00569,2025-06-24,70.5,Fair
AST-00569,2025-09-22,67.0,Fair
AST-00569,2025-12-21,68.2,Fair
AST-00569,2026-03-21,64.4,Fair
AST-00569,2026-06-19,62.6,Fair
AST-00570,2024-01-01,60.2,Fair
AST-00570,2024-03-31,58.4,Poor
AST-00570,2024-06-29,62.9,Fair
AST-00570,2024-09-27,52.9,Poor
AST-00570,2024-12-26,50.4,Poor
AST-00570,2025-03-26,58.0,Poor
AST-00570,2025-06-24,52.6,Poor
AST-00570,2025-09-22,53.1,Poor
AST-00570,2025-12-21,51.9,Poor
AST-00570,2026-03-21,51.9,Poor
AST-00570,2026-06-19,46.4,Poor
AST-00571,2024-01-01,60.2,Fair
AST-00571,2024-03-31,61.1,Fair
AST-00571,2024-06-29,61.3,Fair
AST-00571,2024-09-27,60.3,Fair
AST-00571,2024-12-26,60.5,Fair
AST-00571,2025-03-26,60.1,Fair
AST-00571,2025-06-24,53.1,Poor
AST-00571,2025-09-22,61.3,Fair
AST-00571,2025-12-21,49.7,Poor
AST-00571,2026-03-21,57.3,Poor
AST-00571,2026-06-19,51.6,Poor
AST-00572,2024-01-01,59.5,Poor
AST-00572,2024-03-31,55.8,Poor
AST-00572,2024-06-29,60.7,Fair
AST-00572,2024-09-27,54.7,Poor
AST-00572,2024-12-26,55.8,Poor
AST-00572,2025-03-26,59.3,Poor
AST-00572,2025-06-24,51.4,Poor
AST-00572,2025-09-22,57.5,Poor
AST-00572,2025-12-21,53.9,Poor
AST-00572,2026-03-21,52.8,Poor
AST-00572,2026-06-19,50.0,Poor
AST-00573,2024-01-01,60.0,Fair
AST-00573,2024-03-31,58.9,Poor
AST-00573,2024-06-29,55.7,Poor
AST-00573,2024-09-27,47.1,Poor
AST-00573,2024-12-26,52.1,Poor
AST-00573,2025-03-26,48.7,Poor
AST-00573,2025-06-24,46.5,Poor
AST-00573,2025-09-22,50.5,Poor
AST-00573,2025-12-21,43.8,Critical
AST-00573,2026-03-21,44.5,Critical
AST-00573,2026-06-19,43.3,Critical
AST-00574,2024-01-01,83.4,Good
AST-00574,2024-03-31,88.0,Good
AST-00574,2024-06-29,82.3,Good
AST-00574,2024-09-27,85.1,Good
AST-00574,2024-12-26,72.4,Fair
AST-00574,2025-03-26,74.8,Fair
AST-00574,2025-06-24,75.9,Good
AST-00574,2025-09-22,79.8,Good
AST-00574,2025-12-21,76.8,Good
AST-00574,2026-03-21,76.2,Good
AST-00574,2026-06-19,77.2,Good
AST-00575,2024-01-01,69.9,Fair
AST-00575,2024-03-31,75.8,Good
AST-00575,2024-06-29,66.9,Fair
AST-00575,2024-09-27,72.6,Fair
AST-00575,2024-12-26,72.1,Fair
AST-00575,2025-03-26,65.5,Fair
AST-00575,2025-06-24,60.5,Fair
AST-00575,2025-09-22,64.0,Fair
AST-00575,2025-12-21,54.7,Poor
AST-00575,2026-03-21,56.2,Poor
AST-00575,2026-06-19,62.6,Fair
AST-00576,2024-01-01,88.6,Good
AST-00576,2024-03-31,84.5,Good
AST-00576,2024-06-29,83.8,Good
AST-00576,2024-09-27,84.4,Good
AST-00576,2024-12-26,78.8,Good
AST-00576,2025-03-26,82.1,Good
AST-00576,2025-06-24,81.5,Good
AST-00576,2025-09-22,78.2,Good
AST-00576,2025-12-21,73.7,Fair
AST-00576,2026-03-21,69.7,Fair
AST-00576,2026-06-19,76.7,Good
AST-00577,2024-01-01,89.2,Good
AST-00577,2024-03-31,88.7,Good
AST-00577,2024-06-29,87.1,Good
AST-00577,2024-09-27,84.3,Good
AST-00577,2024-12-26,80.9,Good
AST-00577,2025-03-26,78.0,Good
AST-00577,2025-06-24,77.7,Good
AST-00577,2025-09-22,77.8,Good
AST-00577,2025-12-21,73.8,Fair
AST-00577,2026-03-21,78.9,Good
AST-00577,2026-06-19,77.3,Good
AST-00578,2024-01-01,81.1,Good
AST-00578,2024-03-31,78.0,Good
AST-00578,2024-06-29,75.9,Good
AST-00578,2024-09-27,77.6,Good
AST-00578,2024-12-26,76.2,Good
AST-00578,2025-03-26,77.1,Good
AST-00578,2025-06-24,73.5,Fair
AST-00578,2025-09-22,71.8,Fair
AST-00578,2025-12-21,73.8,Fair
AST-00578,2026-03-21,69.8,Fair
AST-00578,2026-06-19,74.6,Fair
AST-00579,2024-01-01,52.7,Poor
AST-00579,2024-03-31,50.2,Poor
AST-00579,2024-06-29,47.1,Poor
AST-00579,2024-09-27,49.0,Poor
AST-00579,2024-12-26,43.7,Critical
AST-00579,2025-03-26,48.4,Poor
AST-00579,2025-06-24,49.0,Poor
AST-00579,2025-09-22,46.5,Poor
AST-00579,2025-12-21,49.5,Poor
AST-00579,2026-03-21,44.9,Critical
AST-00579,2026-06-19,39.2,Critical
AST-00580,2024-01-01,69.6,Fair
AST-00580,2024-03-31,72.5,Fair
AST-00580,2024-06-29,71.1,Fair
AST-00580,2024-09-27,69.7,Fair
AST-00580,2024-12-26,71.0,Fair
AST-00580,2025-03-26,67.3,Fair
AST-00580,2025-06-24,64.0,Fair
AST-00580,2025-09-22,64.9,Fair
AST-00580,2025-12-21,63.8,Fair
AST-00580,2026-03-21,62.4,Fair
AST-00580,2026-06-19,59.1,Poor
AST-00581,2024-01-01,92.0,Good
AST-00581,2024-03-31,90.7,Good
AST-00581,2024-06-29,91.2,Good
AST-00581,2024-09-27,90.3,Good
AST-00581,2024-12-26,84.8,Good
AST-00581,2025-03-26,81.9,Good
AST-00581,2025-06-24,85.0,Good
AST-00581,2025-09-22,82.2,Good
AST-00581,2025-12-21,77.4,Good
AST-00581,2026-03-21,83.3,Good
AST-00581,2026-06-19,78.8,Good
AST-00582,2024-01-01,79.4,Good
AST-00582,2024-03-31,82.7,Good
AST-00582,2024-06-29,76.3,Good
AST-00582,2024-09-27,73.8,Fair
AST-00582,2024-12-26,73.4,Fair
AST-00582,2025-03-26,67.4,Fair
AST-00582,2025-06-24,70.1,Fair
AST-00582,2025-09-22,67.9,Fair
AST-00582,2025-12-21,68.1,Fair
AST-00582,2026-03-21,62.4,Fair
AST-00582,2026-06-19,65.3,Fair
AST-00583,2024-01-01,81.4,Good
AST-00583,2024-03-31,74.3,Fair
AST-00583,2024-06-29,76.3,Good
AST-00583,2024-09-27,77.6,Good
AST-00583,2024-12-26,73.5,Fair
AST-00583,2025-03-26,77.1,Good
AST-00583,2025-06-24,77.1,Good
AST-00583,2025-09-22,71.5,Fair
AST-00583,2025-12-21,68.8,Fair
AST-00583,2026-03-21,71.9,Fair
AST-00583,2026-06-19,68.5,Fair
AST-00584,2024-01-01,63.2,Fair
AST-00584,2024-03-31,66.0,Fair
AST-00584,2024-06-29,66.4,Fair
AST-00584,2024-09-27,72.8,Fair
AST-00584,2024-12-26,66.4,Fair
AST-00584,2025-03-26,59.7,Poor
AST-00584,2025-06-24,61.3,Fair
AST-00584,2025-09-22,61.6,Fair
AST-00584,2025-12-21,62.0,Fair
AST-00584,2026-03-21,62.4,Fair
AST-00584,2026-06-19,57.3,Poor
AST-00585,2024-01-01,86.1,Good
AST-00585,2024-03-31,80.1,Good
AST-00585,2024-06-29,87.6,Good
AST-00585,2024-09-27,85.9,Good
AST-00585,2024-12-26,80.8,Good
AST-00585,2025-03-26,81.5,Good
AST-00585,2025-06-24,81.6,Good
AST-00585,2025-09-22,81.7,Good
AST-00585,2025-12-21,84.4,Good
AST-00585,2026-03-21,75.1,Good
AST-00585,2026-06-19,74.6,Fair
AST-00586,2024-01-01,74.8,Fair
AST-00586,2024-03-31,63.7,Fair
AST-00586,2024-06-29,69.2,Fair
AST-00586,2024-09-27,63.4,Fair
AST-00586,2024-12-26,70.8,Fair
AST-00586,2025-03-26,63.9,Fair
AST-00586,2025-06-24,58.7,Poor
AST-00586,2025-09-22,56.4,Poor
AST-00586,2025-12-21,55.1,Poor
AST-00586,2026-03-21,55.0,Poor
AST-00586,2026-06-19,56.9,Poor
AST-00587,2024-01-01,86.8,Good
AST-00587,2024-03-31,84.4,Good
AST-00587,2024-06-29,85.7,Good
AST-00587,2024-09-27,79.5,Good
AST-00587,2024-12-26,79.7,Good
AST-00587,2025-03-26,78.5,Good
AST-00587,2025-06-24,76.9,Good
AST-00587,2025-09-22,76.8,Good
AST-00587,2025-12-21,76.5,Good
AST-00587,2026-03-21,67.7,Fair
AST-00587,2026-06-19,74.1,Fair
AST-00588,2024-01-01,88.0,Good
AST-00588,2024-03-31,83.8,Good
AST-00588,2024-06-29,90.6,Good
AST-00588,2024-09-27,85.4,Good
AST-00588,2024-12-26,84.6,Good
AST-00588,2025-03-26,83.1,Good
AST-00588,2025-06-24,84.5,Good
AST-00588,2025-09-22,83.6,Good
AST-00588,2025-12-21,82.5,Good
AST-00588,2026-03-21,85.2,Good
AST-00588,2026-06-19,80.9,Good
AST-00589,2024-01-01,55.0,Poor
AST-00589,2024-03-31,59.0,Poor
AST-00589,2024-06-29,55.6,Poor
AST-00589,2024-09-27,58.0,Poor
AST-00589,2024-12-26,63.9,Fair
AST-00589,2025-03-26,53.3,Poor
AST-00589,2025-06-24,55.8,Poor
AST-00589,2025-09-22,52.4,Poor
AST-00589,2025-12-21,53.0,Poor
AST-00589,2026-03-21,54.0,Poor
AST-00589,2026-06-19,54.6,Poor
AST-00590,2024-01-01,93.1,Good
AST-00590,2024-03-31,93.3,Good
AST-00590,2024-06-29,94.3,Good
AST-00590,2024-09-27,90.4,Good
AST-00590,2024-12-26,96.1,Good
AST-00590,2025-03-26,93.8,Good
AST-00590,2025-06-24,92.4,Good
AST-00590,2025-09-22,87.4,Good
AST-00590,2025-12-21,89.2,Good
AST-00590,2026-03-21,85.4,Good
AST-00590,2026-06-19,86.4,Good
AST-00591,2024-01-01,100.0,Good
AST-00591,2024-03-31,97.3,Good
AST-00591,2024-06-29,96.2,Good
AST-00591,2024-09-27,100.0,Good
AST-00591,2024-12-26,100.0,Good
AST-00591,2025-03-26,88.8,Good
AST-00591,2025-06-24,94.6,Good
AST-00591,2025-09-22,90.7,Good
AST-00591,2025-12-21,91.8,Good
AST-00591,2026-03-21,85.9,Good
AST-00591,2026-06-19,92.2,Good
AST-00592,2024-01-01,79.0,Good
AST-00592,2024-03-31,79.2,Good
AST-00592,2024-06-29,74.4,Fair
AST-00592,2024-09-27,74.3,Fair
AST-00592,2024-12-26,67.9,Fair
AST-00592,2025-03-26,75.9,Good
AST-00592,2025-06-24,74.6,Fair
AST-00592,2025-09-22,68.0,Fair
AST-00592,2025-12-21,64.2,Fair
AST-00592,2026-03-21,71.3,Fair
AST-00592,2026-06-19,67.8,Fair
AST-00593,2024-01-01,67.6,Fair
AST-00593,2024-03-31,71.0,Fair
AST-00593,2024-06-29,64.4,Fair
AST-00593,2024-09-27,65.7,Fair
AST-00593,2024-12-26,68.2,Fair
AST-00593,2025-03-26,64.2,Fair
AST-00593,2025-06-24,65.5,Fair
AST-00593,2025-09-22,64.4,Fair
AST-00593,2025-12-21,64.2,Fair
AST-00593,2026-03-21,61.1,Fair
AST-00593,2026-06-19,60.1,Fair
AST-00594,2024-01-01,95.6,Good
AST-00594,2024-03-31,89.8,Good
AST-00594,2024-06-29,100.0,Good
AST-00594,2024-09-27,98.4,Good
AST-00594,2024-12-26,86.6,Good
AST-00594,2025-03-26,90.6,Good
AST-00594,2025-06-24,88.1,Good
AST-00594,2025-09-22,82.2,Good
AST-00594,2025-12-21,85.6,Good
AST-00594,2026-03-21,78.4,Good
AST-00594,2026-06-19,93.8,Good
AST-00595,2024-01-01,84.2,Good
AST-00595,2024-03-31,81.6,Good
AST-00595,2024-06-29,81.1,Good
AST-00595,2024-09-27,83.1,Good
AST-00595,2024-12-26,81.6,Good
AST-00595,2025-03-26,78.6,Good
AST-00595,2025-06-24,80.6,Good
AST-00595,2025-09-22,70.1,Fair
AST-00595,2025-12-21,67.3,Fair
AST-00595,2026-03-21,73.8,Fair
AST-00595,2026-06-19,71.8,Fair
AST-00596,2024-01-01,82.2,Good
AST-00596,2024-03-31,86.1,Good
AST-00596,2024-06-29,81.0,Good
AST-00596,2024-09-27,83.6,Good
AST-00596,2024-12-26,85.1,Good
AST-00596,2025-03-26,82.8,Good
AST-00596,2025-06-24,82.4,Good
AST-00596,2025-09-22,83.8,Good
AST-00596,2025-12-21,80.2,Good
AST-00596,2026-03-21,75.7,Good
AST-00596,2026-06-19,77.2,Good
AST-00597,2024-01-01,77.6,Good
AST-00597,2024-03-31,74.4,Fair
AST-00597,2024-06-29,74.8,Fair
AST-00597,2024-09-27,73.2,Fair
AST-00597,2024-12-26,72.5,Fair
AST-00597,2025-03-26,71.6,Fair
AST-00597,2025-06-24,69.4,Fair
AST-00597,2025-09-22,66.2,Fair
AST-00597,2025-12-21,60.6,Fair
AST-00597,2026-03-21,67.5,Fair
AST-00597,2026-06-19,62.4,Fair
AST-00598,2024-01-01,63.6,Fair
AST-00598,2024-03-31,58.6,Poor
AST-00598,2024-06-29,67.4,Fair
AST-00598,2024-09-27,57.9,Poor
AST-00598,2024-12-26,54.0,Poor
AST-00598,2025-03-26,59.7,Poor
AST-00598,2025-06-24,57.7,Poor
AST-00598,2025-09-22,52.5,Poor
AST-00598,2025-12-21,56.8,Poor
AST-00598,2026-03-21,47.6,Poor
AST-00598,2026-06-19,49.3,Poor
AST-00599,2024-01-01,47.4,Poor
AST-00599,2024-03-31,52.5,Poor
AST-00599,2024-06-29,44.6,Critical
AST-00599,2024-09-27,52.9,Poor
AST-00599,2024-12-26,51.0,Poor
AST-00599,2025-03-26,43.0,Critical
AST-00599,2025-06-24,53.2,Poor
AST-00599,2025-09-22,46.3,Poor
AST-00599,2025-12-21,43.4,Critical
AST-00599,2026-03-21,46.0,Poor
AST-00599,2026-06-19,47.1,Poor
AST-00600,2024-01-01,77.3,Good
AST-00600,2024-03-31,83.1,Good
AST-00600,2024-06-29,74.2,Fair
AST-00600,2024-09-27,72.0,Fair
AST-00600,2024-12-26,74.0,Fair
AST-00600,2025-03-26,74.2,Fair
AST-00600,2025-06-24,74.5,Fair
AST-00600,2025-09-22,70.5,Fair
AST-00600,2025-12-21,74.9,Fair
AST-00600,2026-03-21,63.3,Fair
AST-00600,2026-06-19,69.9,Fair
AST-00601,2024-01-01,65.3,Fair
AST-00601,2024-03-31,61.7,Fair
AST-00601,2024-06-29,71.0,Fair
AST-00601,2024-09-27,62.3,Fair
AST-00601,2024-12-26,66.0,Fair
AST-00601,2025-03-26,59.7,Poor
AST-00601,2025-06-24,65.8,Fair
AST-00601,2025-09-22,58.1,Poor
AST-00601,2025-12-21,65.2,Fair
AST-00601,2026-03-21,59.8,Poor
AST-00601,2026-06-19,62.6,Fair
AST-00602,2024-01-01,90.4,Good
AST-00602,2024-03-31,91.5,Good
AST-00602,2024-06-29,92.0,Good
AST-00602,2024-09-27,89.4,Good
AST-00602,2024-12-26,83.7,Good
AST-00602,2025-03-26,77.7,Good
AST-00602,2025-06-24,82.4,Good
AST-00602,2025-09-22,87.2,Good
AST-00602,2025-12-21,83.2,Good
AST-00602,2026-03-21,81.8,Good
AST-00602,2026-06-19,79.2,Good
AST-00603,2024-01-01,88.6,Good
AST-00603,2024-03-31,81.1,Good
AST-00603,2024-06-29,76.7,Good
AST-00603,2024-09-27,71.7,Fair
AST-00603,2024-12-26,78.9,Good
AST-00603,2025-03-26,73.2,Fair
AST-00603,2025-06-24,75.4,Good
AST-00603,2025-09-22,68.3,Fair
AST-00603,2025-12-21,62.3,Fair
AST-00603,2026-03-21,71.7,Fair
AST-00603,2026-06-19,73.2,Fair
AST-00604,2024-01-01,74.5,Fair
AST-00604,2024-03-31,73.5,Fair
AST-00604,2024-06-29,73.6,Fair
AST-00604,2024-09-27,70.5,Fair
AST-00604,2024-12-26,71.9,Fair
AST-00604,2025-03-26,74.7,Fair
AST-00604,2025-06-24,69.9,Fair
AST-00604,2025-09-22,70.8,Fair
AST-00604,2025-12-21,71.1,Fair
AST-00604,2026-03-21,68.6,Fair
AST-00604,2026-06-19,63.5,Fair
AST-00605,2024-01-01,65.1,Fair
AST-00605,2024-03-31,62.0,Fair
AST-00605,2024-06-29,60.4,Fair
AST-00605,2024-09-27,59.9,Poor
AST-00605,2024-12-26,61.1,Fair
AST-00605,2025-03-26,58.3,Poor
AST-00605,2025-06-24,56.6,Poor
AST-00605,2025-09-22,55.1,Poor
AST-00605,2025-12-21,61.1,Fair
AST-00605,2026-03-21,57.0,Poor
AST-00605,2026-06-19,52.1,Poor
AST-00606,2024-01-01,65.1,Fair
AST-00606,2024-03-31,67.5,Fair
AST-00606,2024-06-29,72.3,Fair
AST-00606,2024-09-27,57.4,Poor
AST-00606,2024-12-26,54.0,Poor
AST-00606,2025-03-26,62.9,Fair
AST-00606,2025-06-24,59.3,Poor
AST-00606,2025-09-22,53.2,Poor
AST-00606,2025-12-21,60.3,Fair
AST-00606,2026-03-21,55.1,Poor
AST-00606,2026-06-19,58.4,Poor
AST-00607,2024-01-01,79.4,Good
AST-00607,2024-03-31,77.7,Good
AST-00607,2024-06-29,71.8,Fair
AST-00607,2024-09-27,71.7,Fair
AST-00607,2024-12-26,80.8,Good
AST-00607,2025-03-26,74.8,Fair
AST-00607,2025-06-24,66.3,Fair
AST-00607,2025-09-22,65.6,Fair
AST-00607,2025-12-21,67.2,Fair
AST-00607,2026-03-21,63.4,Fair
AST-00607,2026-06-19,67.1,Fair
AST-00608,2024-01-01,89.6,Good
AST-00608,2024-03-31,91.3,Good
AST-00608,2024-06-29,92.9,Good
AST-00608,2024-09-27,91.0,Good
AST-00608,2024-12-26,83.0,Good
AST-00608,2025-03-26,87.2,Good
AST-00608,2025-06-24,88.5,Good
AST-00608,2025-09-22,87.0,Good
AST-00608,2025-12-21,84.5,Good
AST-00608,2026-03-21,85.9,Good
AST-00608,2026-06-19,80.5,Good
AST-00609,2024-01-01,87.1,Good
AST-00609,2024-03-31,85.4,Good
AST-00609,2024-06-29,84.2,Good
AST-00609,2024-09-27,90.1,Good
AST-00609,2024-12-26,84.7,Good
AST-00609,2025-03-26,89.7,Good
AST-00609,2025-06-24,79.1,Good
AST-00609,2025-09-22,82.0,Good
AST-00609,2025-12-21,84.1,Good
AST-00609,2026-03-21,78.4,Good
AST-00609,2026-06-19,88.3,Good
AST-00610,2024-01-01,54.9,Poor
AST-00610,2024-03-31,57.4,Poor
AST-00610,2024-06-29,54.1,Poor
AST-00610,2024-09-27,57.2,Poor
AST-00610,2024-12-26,55.7,Poor
AST-00610,2025-03-26,51.8,Poor
AST-00610,2025-06-24,52.6,Poor
AST-00610,2025-09-22,55.2,Poor
AST-00610,2025-12-21,51.3,Poor
AST-00610,2026-03-21,56.1,Poor
AST-00610,2026-06-19,50.6,Poor
AST-00611,2024-01-01,59.9,Poor
AST-00611,2024-03-31,63.7,Fair
AST-00611,2024-06-29,59.9,Poor
AST-00611,2024-09-27,55.2,Poor
AST-00611,2024-12-26,58.3,Poor
AST-00611,2025-03-26,59.0,Poor
AST-00611,2025-06-24,56.3,Poor
AST-00611,2025-09-22,57.4,Poor
AST-00611,2025-12-21,55.3,Poor
AST-00611,2026-03-21,55.1,Poor
AST-00611,2026-06-19,53.1,Poor
AST-00612,2024-01-01,52.9,Poor
AST-00612,2024-03-31,62.9,Fair
AST-00612,2024-06-29,60.5,Fair
AST-00612,2024-09-27,56.5,Poor
AST-00612,2024-12-26,57.1,Poor
AST-00612,2025-03-26,53.0,Poor
AST-00612,2025-06-24,52.5,Poor
AST-00612,2025-09-22,54.6,Poor
AST-00612,2025-12-21,56.8,Poor
AST-00612,2026-03-21,48.4,Poor
AST-00612,2026-06-19,49.8,Poor
AST-00613,2024-01-01,81.7,Good
AST-00613,2024-03-31,77.5,Good
AST-00613,2024-06-29,76.1,Good
AST-00613,2024-09-27,81.5,Good
AST-00613,2024-12-26,77.0,Good
AST-00613,2025-03-26,75.8,Good
AST-00613,2025-06-24,73.8,Fair
AST-00613,2025-09-22,80.7,Good
AST-00613,2025-12-21,69.7,Fair
AST-00613,2026-03-21,72.2,Fair
AST-00613,2026-06-19,65.2,Fair
AST-00614,2024-01-01,84.3,Good
AST-00614,2024-03-31,74.1,Fair
AST-00614,2024-06-29,71.4,Fair
AST-00614,2024-09-27,77.1,Good
AST-00614,2024-12-26,81.0,Good
AST-00614,2025-03-26,78.3,Good
AST-00614,2025-06-24,79.9,Good
AST-00614,2025-09-22,76.2,Good
AST-00614,2025-12-21,70.3,Fair
AST-00614,2026-03-21,76.0,Good
AST-00614,2026-06-19,73.6,Fair
AST-00615,2024-01-01,95.8,Good
AST-00615,2024-03-31,99.0,Good
AST-00615,2024-06-29,99.1,Good
AST-00615,2024-09-27,97.6,Good
AST-00615,2024-12-26,97.3,Good
AST-00615,2025-03-26,100.0,Good
AST-00615,2025-06-24,100.0,Good
AST-00615,2025-09-22,90.0,Good
AST-00615,2025-12-21,91.6,Good
AST-00615,2026-03-21,94.9,Good
AST-00615,2026-06-19,90.1,Good
AST-00616,2024-01-01,62.9,Fair
AST-00616,2024-03-31,61.4,Fair
AST-00616,2024-06-29,64.5,Fair
AST-00616,2024-09-27,59.4,Poor
AST-00616,2024-12-26,56.1,Poor
AST-00616,2025-03-26,54.2,Poor
AST-00616,2025-06-24,51.4,Poor
AST-00616,2025-09-22,52.5,Poor
AST-00616,2025-12-21,58.3,Poor
AST-00616,2026-03-21,51.1,Poor
AST-00616,2026-06-19,50.6,Poor
AST-00617,2024-01-01,57.6,Poor
AST-00617,2024-03-31,50.0,Poor
AST-00617,2024-06-29,54.9,Poor
AST-00617,2024-09-27,51.5,Poor
AST-00617,2024-12-26,50.1,Poor
AST-00617,2025-03-26,54.0,Poor
AST-00617,2025-06-24,49.8,Poor
AST-00617,2025-09-22,42.9,Critical
AST-00617,2025-12-21,57.3,Poor
AST-00617,2026-03-21,51.7,Poor
AST-00617,2026-06-19,48.1,Poor
AST-00618,2024-01-01,78.0,Good
AST-00618,2024-03-31,82.1,Good
AST-00618,2024-06-29,85.1,Good
AST-00618,2024-09-27,79.1,Good
AST-00618,2024-12-26,76.0,Good
AST-00618,2025-03-26,81.2,Good
AST-00618,2025-06-24,78.6,Good
AST-00618,2025-09-22,72.5,Fair
AST-00618,2025-12-21,78.8,Good
AST-00618,2026-03-21,76.4,Good
AST-00618,2026-06-19,75.4,Good
AST-00619,2024-01-01,52.4,Poor
AST-00619,2024-03-31,63.9,Fair
AST-00619,2024-06-29,54.4,Poor
AST-00619,2024-09-27,58.9,Poor
AST-00619,2024-12-26,56.1,Poor
AST-00619,2025-03-26,57.7,Poor
AST-00619,2025-06-24,57.5,Poor
AST-00619,2025-09-22,56.2,Poor
AST-00619,2025-12-21,58.0,Poor
AST-00619,2026-03-21,53.3,Poor
AST-00619,2026-06-19,54.2,Poor
AST-00620,2024-01-01,64.0,Fair
AST-00620,2024-03-31,57.2,Poor
AST-00620,2024-06-29,54.3,Poor
AST-00620,2024-09-27,64.1,Fair
AST-00620,2024-12-26,61.6,Fair
AST-00620,2025-03-26,58.0,Poor
AST-00620,2025-06-24,55.3,Poor
AST-00620,2025-09-22,55.3,Poor
AST-00620,2025-12-21,55.6,Poor
AST-00620,2026-03-21,49.0,Poor
AST-00620,2026-06-19,48.6,Poor
AST-00621,2024-01-01,60.4,Fair
AST-00621,2024-03-31,54.0,Poor
AST-00621,2024-06-29,55.5,Poor
AST-00621,2024-09-27,53.4,Poor
AST-00621,2024-12-26,53.2,Poor
AST-00621,2025-03-26,55.4,Poor
AST-00621,2025-06-24,47.8,Poor
AST-00621,2025-09-22,47.2,Poor
AST-00621,2025-12-21,45.1,Poor
AST-00621,2026-03-21,44.4,Critical
AST-00621,2026-06-19,38.9,Critical
AST-00622,2024-01-01,75.3,Good
AST-00622,2024-03-31,68.2,Fair
AST-00622,2024-06-29,74.8,Fair
AST-00622,2024-09-27,64.1,Fair
AST-00622,2024-12-26,63.5,Fair
AST-00622,2025-03-26,68.4,Fair
AST-00622,2025-06-24,64.9,Fair
AST-00622,2025-09-22,66.3,Fair
AST-00622,2025-12-21,63.3,Fair
AST-00622,2026-03-21,59.2,Poor
AST-00622,2026-06-19,56.8,Poor
AST-00623,2024-01-01,93.4,Good
AST-00623,2024-03-31,90.7,Good
AST-00623,2024-06-29,100.0,Good
AST-00623,2024-09-27,93.2,Good
AST-00623,2024-12-26,89.5,Good
AST-00623,2025-03-26,91.1,Good
AST-00623,2025-06-24,88.5,Good
AST-00623,2025-09-22,90.6,Good
AST-00623,2025-12-21,81.1,Good
AST-00623,2026-03-21,85.1,Good
AST-00623,2026-06-19,83.8,Good
AST-00624,2024-01-01,54.1,Poor
AST-00624,2024-03-31,48.1,Poor
AST-00624,2024-06-29,55.4,Poor
AST-00624,2024-09-27,49.0,Poor
AST-00624,2024-12-26,52.4,Poor
AST-00624,2025-03-26,44.7,Critical
AST-00624,2025-06-24,44.9,Critical
AST-00624,2025-09-22,45.5,Poor
AST-00624,2025-12-21,42.5,Critical
AST-00624,2026-03-21,38.9,Critical
AST-00624,2026-06-19,45.1,Poor
AST-00625,2024-01-01,57.7,Poor
AST-00625,2024-03-31,54.9,Poor
AST-00625,2024-06-29,50.2,Poor
AST-00625,2024-09-27,45.1,Poor
AST-00625,2024-12-26,50.6,Poor
AST-00625,2025-03-26,55.8,Poor
AST-00625,2025-06-24,44.8,Critical
AST-00625,2025-09-22,44.4,Critical
AST-00625,2025-12-21,45.7,Poor
AST-00625,2026-03-21,46.5,Poor
AST-00625,2026-06-19,38.0,Critical
AST-00626,2024-01-01,75.0,Good
AST-00626,2024-03-31,73.1,Fair
AST-00626,2024-06-29,78.5,Good
AST-00626,2024-09-27,74.3,Fair
AST-00626,2024-12-26,71.7,Fair
AST-00626,2025-03-26,79.1,Good
AST-00626,2025-06-24,72.6,Fair
AST-00626,2025-09-22,67.8,Fair
AST-00626,2025-12-21,63.9,Fair
AST-00626,2026-03-21,69.9,Fair
AST-00626,2026-06-19,73.3,Fair
AST-00627,2024-01-01,42.9,Critical
AST-00627,2024-03-31,46.6,Poor
AST-00627,2024-06-29,39.9,Critical
AST-00627,2024-09-27,43.7,Critical
AST-00627,2024-12-26,39.6,Critical
AST-00627,2025-03-26,42.0,Critical
AST-00627,2025-06-24,38.3,Critical
AST-00627,2025-09-22,36.7,Critical
AST-00627,2025-12-21,34.6,Critical
AST-00627,2026-03-21,28.7,Critical
AST-00627,2026-06-19,34.9,Critical
AST-00628,2024-01-01,89.0,Good
AST-00628,2024-03-31,91.5,Good
AST-00628,2024-06-29,88.7,Good
AST-00628,2024-09-27,93.8,Good
AST-00628,2024-12-26,93.2,Good
AST-00628,2025-03-26,90.0,Good
AST-00628,2025-06-24,87.3,Good
AST-00628,2025-09-22,88.4,Good
AST-00628,2025-12-21,84.5,Good
AST-00628,2026-03-21,85.3,Good
AST-00628,2026-06-19,79.7,Good
AST-00629,2024-01-01,68.0,Fair
AST-00629,2024-03-31,81.5,Good
AST-00629,2024-06-29,74.8,Fair
AST-00629,2024-09-27,73.5,Fair
AST-00629,2024-12-26,68.9,Fair
AST-00629,2025-03-26,69.6,Fair
AST-00629,2025-06-24,70.5,Fair
AST-00629,2025-09-22,69.8,Fair
AST-00629,2025-12-21,60.7,Fair
AST-00629,2026-03-21,67.0,Fair
AST-00629,2026-06-19,60.2,Fair
AST-00630,2024-01-01,100.0,Good
AST-00630,2024-03-31,99.0,Good
AST-00630,2024-06-29,92.9,Good
AST-00630,2024-09-27,92.5,Good
AST-00630,2024-12-26,99.0,Good
AST-00630,2025-03-26,97.3,Good
AST-00630,2025-06-24,92.7,Good
AST-00630,2025-09-22,89.0,Good
AST-00630,2025-12-21,95.5,Good
AST-00630,2026-03-21,92.9,Good
AST-00630,2026-06-19,88.7,Good
AST-00631,2024-01-01,64.2,Fair
AST-00631,2024-03-31,63.6,Fair
AST-00631,2024-06-29,60.0,Fair
AST-00631,2024-09-27,55.8,Poor
AST-00631,2024-12-26,66.3,Fair
AST-00631,2025-03-26,57.1,Poor
AST-00631,2025-06-24,60.2,Fair
AST-00631,2025-09-22,58.6,Poor
AST-00631,2025-12-21,53.2,Poor
AST-00631,2026-03-21,58.3,Poor
AST-00631,2026-06-19,57.8,Poor
AST-00632,2024-01-01,66.0,Fair
AST-00632,2024-03-31,65.6,Fair
AST-00632,2024-06-29,58.5,Poor
AST-00632,2024-09-27,60.9,Fair
AST-00632,2024-12-26,59.2,Poor
AST-00632,2025-03-26,54.9,Poor
AST-00632,2025-06-24,57.1,Poor
AST-00632,2025-09-22,53.3,Poor
AST-00632,2025-12-21,53.8,Poor
AST-00632,2026-03-21,58.2,Poor
AST-00632,2026-06-19,53.7,Poor
AST-00633,2024-01-01,60.2,Fair
AST-00633,2024-03-31,63.0,Fair
AST-00633,2024-06-29,62.4,Fair
AST-00633,2024-09-27,67.8,Fair
AST-00633,2024-12-26,63.7,Fair
AST-00633,2025-03-26,63.9,Fair
AST-00633,2025-06-24,60.7,Fair
AST-00633,2025-09-22,61.2,Fair
AST-00633,2025-12-21,57.6,Poor
AST-00633,2026-03-21,64.7,Fair
AST-00633,2026-06-19,55.1,Poor
AST-00634,2024-01-01,69.4,Fair
AST-00634,2024-03-31,67.2,Fair
AST-00634,2024-06-29,67.2,Fair
AST-00634,2024-09-27,63.0,Fair
AST-00634,2024-12-26,68.0,Fair
AST-00634,2025-03-26,60.7,Fair
AST-00634,2025-06-24,65.4,Fair
AST-00634,2025-09-22,61.7,Fair
AST-00634,2025-12-21,62.2,Fair
AST-00634,2026-03-21,67.8,Fair
AST-00634,2026-06-19,54.9,Poor
AST-00635,2024-01-01,100.0,Good
AST-00635,2024-03-31,97.5,Good
AST-00635,2024-06-29,93.8,Good
AST-00635,2024-09-27,93.0,Good
AST-00635,2024-12-26,98.6,Good
AST-00635,2025-03-26,94.7,Good
AST-00635,2025-06-24,93.2,Good
AST-00635,2025-09-22,96.3,Good
AST-00635,2025-12-21,91.8,Good
AST-00635,2026-03-21,90.2,Good
AST-00635,2026-06-19,82.6,Good
AST-00636,2024-01-01,85.4,Good
AST-00636,2024-03-31,90.9,Good
AST-00636,2024-06-29,84.5,Good
AST-00636,2024-09-27,87.6,Good
AST-00636,2024-12-26,90.8,Good
AST-00636,2025-03-26,90.7,Good
AST-00636,2025-06-24,87.0,Good
AST-00636,2025-09-22,93.9,Good
AST-00636,2025-12-21,88.1,Good
AST-00636,2026-03-21,84.5,Good
AST-00636,2026-06-19,84.9,Good
AST-00637,2024-01-01,89.8,Good
AST-00637,2024-03-31,91.8,Good
AST-00637,2024-06-29,84.6,Good
AST-00637,2024-09-27,84.5,Good
AST-00637,2024-12-26,88.9,Good
AST-00637,2025-03-26,87.3,Good
AST-00637,2025-06-24,86.8,Good
AST-00637,2025-09-22,84.7,Good
AST-00637,2025-12-21,85.8,Good
AST-00637,2026-03-21,91.3,Good
AST-00637,2026-06-19,84.0,Good
AST-00638,2024-01-01,60.4,Fair
AST-00638,2024-03-31,54.9,Poor
AST-00638,2024-06-29,56.2,Poor
AST-00638,2024-09-27,62.6,Fair
AST-00638,2024-12-26,48.7,Poor
AST-00638,2025-03-26,52.3,Poor
AST-00638,2025-06-24,50.2,Poor
AST-00638,2025-09-22,55.5,Poor
AST-00638,2025-12-21,53.3,Poor
AST-00638,2026-03-21,51.8,Poor
AST-00638,2026-06-19,51.8,Poor
AST-00639,2024-01-01,96.4,Good
AST-00639,2024-03-31,95.1,Good
AST-00639,2024-06-29,100.0,Good
AST-00639,2024-09-27,89.9,Good
AST-00639,2024-12-26,93.3,Good
AST-00639,2025-03-26,92.7,Good
AST-00639,2025-06-24,94.2,Good
AST-00639,2025-09-22,95.1,Good
AST-00639,2025-12-21,90.9,Good
AST-00639,2026-03-21,90.2,Good
AST-00639,2026-06-19,86.5,Good
AST-00640,2024-01-01,58.4,Poor
AST-00640,2024-03-31,62.6,Fair
AST-00640,2024-06-29,64.6,Fair
AST-00640,2024-09-27,61.3,Fair
AST-00640,2024-12-26,65.8,Fair
AST-00640,2025-03-26,54.2,Poor
AST-00640,2025-06-24,57.3,Poor
AST-00640,2025-09-22,51.8,Poor
AST-00640,2025-12-21,58.9,Poor
AST-00640,2026-03-21,52.6,Poor
AST-00640,2026-06-19,51.0,Poor
AST-00641,2024-01-01,84.3,Good
AST-00641,2024-03-31,84.8,Good
AST-00641,2024-06-29,84.6,Good
AST-00641,2024-09-27,78.3,Good
AST-00641,2024-12-26,76.8,Good
AST-00641,2025-03-26,77.2,Good
AST-00641,2025-06-24,75.7,Good
AST-00641,2025-09-22,82.4,Good
AST-00641,2025-12-21,73.8,Fair
AST-00641,2026-03-21,72.1,Fair
AST-00641,2026-06-19,76.1,Good
AST-00642,2024-01-01,73.9,Fair
AST-00642,2024-03-31,72.1,Fair
AST-00642,2024-06-29,76.3,Good
AST-00642,2024-09-27,68.5,Fair
AST-00642,2024-12-26,68.3,Fair
AST-00642,2025-03-26,66.0,Fair
AST-00642,2025-06-24,71.9,Fair
AST-00642,2025-09-22,74.0,Fair
AST-00642,2025-12-21,67.3,Fair
AST-00642,2026-03-21,69.7,Fair
AST-00642,2026-06-19,65.7,Fair
AST-00643,2024-01-01,92.9,Good
AST-00643,2024-03-31,87.6,Good
AST-00643,2024-06-29,93.3,Good
AST-00643,2024-09-27,91.4,Good
AST-00643,2024-12-26,87.5,Good
AST-00643,2025-03-26,88.4,Good
AST-00643,2025-06-24,89.5,Good
AST-00643,2025-09-22,83.2,Good
AST-00643,2025-12-21,85.9,Good
AST-00643,2026-03-21,85.6,Good
AST-00643,2026-06-19,76.9,Good
AST-00644,2024-01-01,86.6,Good
AST-00644,2024-03-31,83.7,Good
AST-00644,2024-06-29,86.8,Good
AST-00644,2024-09-27,84.6,Good
AST-00644,2024-12-26,83.9,Good
AST-00644,2025-03-26,77.9,Good
AST-00644,2025-06-24,83.0,Good
AST-00644,2025-09-22,73.5,Fair
AST-00644,2025-12-21,82.0,Good
AST-00644,2026-03-21,75.3,Good
AST-00644,2026-06-19,67.4,Fair
AST-00645,2024-01-01,78.9,Good
AST-00645,2024-03-31,78.4,Good
AST-00645,2024-06-29,78.0,Good
AST-00645,2024-09-27,74.4,Fair
AST-00645,2024-12-26,77.1,Good
AST-00645,2025-03-26,75.8,Good
AST-00645,2025-06-24,74.5,Fair
AST-00645,2025-09-22,73.3,Fair
AST-00645,2025-12-21,76.9,Good
AST-00645,2026-03-21,73.9,Fair
AST-00645,2026-06-19,70.4,Fair
AST-00646,2024-01-01,97.2,Good
AST-00646,2024-03-31,100.0,Good
AST-00646,2024-06-29,96.2,Good
AST-00646,2024-09-27,95.0,Good
AST-00646,2024-12-26,98.2,Good
AST-00646,2025-03-26,91.4,Good
AST-00646,2025-06-24,90.2,Good
AST-00646,2025-09-22,92.8,Good
AST-00646,2025-12-21,90.7,Good
AST-00646,2026-03-21,88.9,Good
AST-00646,2026-06-19,91.5,Good
AST-00647,2024-01-01,77.1,Good
AST-00647,2024-03-31,73.4,Fair
AST-00647,2024-06-29,76.7,Good
AST-00647,2024-09-27,74.5,Fair
AST-00647,2024-12-26,79.0,Good
AST-00647,2025-03-26,76.2,Good
AST-00647,2025-06-24,72.9,Fair
AST-00647,2025-09-22,70.5,Fair
AST-00647,2025-12-21,72.7,Fair
AST-00647,2026-03-21,68.9,Fair
AST-00647,2026-06-19,69.1,Fair
AST-00648,2024-01-01,65.5,Fair
AST-00648,2024-03-31,63.6,Fair
AST-00648,2024-06-29,61.6,Fair
AST-00648,2024-09-27,57.8,Poor
AST-00648,2024-12-26,64.5,Fair
AST-00648,2025-03-26,62.0,Fair
AST-00648,2025-06-24,55.6,Poor
AST-00648,2025-09-22,58.1,Poor
AST-00648,2025-12-21,54.1,Poor
AST-00648,2026-03-21,58.8,Poor
AST-00648,2026-06-19,53.5,Poor
AST-00649,2024-01-01,47.3,Poor
AST-00649,2024-03-31,45.4,Poor
AST-00649,2024-06-29,52.0,Poor
AST-00649,2024-09-27,46.2,Poor
AST-00649,2024-12-26,48.1,Poor
AST-00649,2025-03-26,43.4,Critical
AST-00649,2025-06-24,44.1,Critical
AST-00649,2025-09-22,45.1,Poor
AST-00649,2025-12-21,40.2,Critical
AST-00649,2026-03-21,39.6,Critical
AST-00649,2026-06-19,47.9,Poor
AST-00650,2024-01-01,76.1,Good
AST-00650,2024-03-31,71.2,Fair
AST-00650,2024-06-29,74.8,Fair
AST-00650,2024-09-27,72.6,Fair
AST-00650,2024-12-26,76.4,Good
AST-00650,2025-03-26,71.6,Fair
AST-00650,2025-06-24,66.6,Fair
AST-00650,2025-09-22,62.7,Fair
AST-00650,2025-12-21,74.8,Fair
AST-00650,2026-03-21,69.8,Fair
AST-00650,2026-06-19,70.2,Fair
AST-00651,2024-01-01,60.0,Poor
AST-00651,2024-03-31,71.2,Fair
AST-00651,2024-06-29,59.7,Poor
AST-00651,2024-09-27,58.4,Poor
AST-00651,2024-12-26,58.6,Poor
AST-00651,2025-03-26,56.5,Poor
AST-00651,2025-06-24,57.3,Poor
AST-00651,2025-09-22,58.1,Poor
AST-00651,2025-12-21,50.1,Poor
AST-00651,2026-03-21,52.0,Poor
AST-00651,2026-06-19,47.5,Poor
AST-00652,2024-01-01,64.9,Fair
AST-00652,2024-03-31,65.0,Fair
AST-00652,2024-06-29,69.5,Fair
AST-00652,2024-09-27,73.8,Fair
AST-00652,2024-12-26,63.8,Fair
AST-00652,2025-03-26,65.2,Fair
AST-00652,2025-06-24,69.2,Fair
AST-00652,2025-09-22,64.5,Fair
AST-00652,2025-12-21,64.9,Fair
AST-00652,2026-03-21,61.6,Fair
AST-00652,2026-06-19,57.9,Poor
AST-00653,2024-01-01,61.7,Fair
AST-00653,2024-03-31,57.4,Poor
AST-00653,2024-06-29,61.6,Fair
AST-00653,2024-09-27,58.6,Poor
AST-00653,2024-12-26,62.8,Fair
AST-00653,2025-03-26,61.0,Fair
AST-00653,2025-06-24,58.1,Poor
AST-00653,2025-09-22,55.4,Poor
AST-00653,2025-12-21,61.5,Fair
AST-00653,2026-03-21,65.1,Fair
AST-00653,2026-06-19,54.1,Poor
AST-00654,2024-01-01,83.2,Good
AST-00654,2024-03-31,84.9,Good
AST-00654,2024-06-29,90.8,Good
AST-00654,2024-09-27,87.6,Good
AST-00654,2024-12-26,85.9,Good
AST-00654,2025-03-26,85.7,Good
AST-00654,2025-06-24,88.7,Good
AST-00654,2025-09-22,83.1,Good
AST-00654,2025-12-21,88.8,Good
AST-00654,2026-03-21,84.7,Good
AST-00654,2026-06-19,80.8,Good
AST-00655,2024-01-01,67.5,Fair
AST-00655,2024-03-31,58.7,Poor
AST-00655,2024-06-29,53.0,Poor
AST-00655,2024-09-27,57.4,Poor
AST-00655,2024-12-26,62.7,Fair
AST-00655,2025-03-26,52.2,Poor
AST-00655,2025-06-24,51.2,Poor
AST-00655,2025-09-22,53.7,Poor
AST-00655,2025-12-21,48.6,Poor
AST-00655,2026-03-21,52.3,Poor
AST-00655,2026-06-19,45.6,Poor
AST-00656,2024-01-01,76.6,Good
AST-00656,2024-03-31,76.6,Good
AST-00656,2024-06-29,79.2,Good
AST-00656,2024-09-27,88.1,Good
AST-00656,2024-12-26,73.9,Fair
AST-00656,2025-03-26,73.2,Fair
AST-00656,2025-06-24,75.9,Good
AST-00656,2025-09-22,73.5,Fair
AST-00656,2025-12-21,76.6,Good
AST-00656,2026-03-21,73.1,Fair
AST-00656,2026-06-19,69.5,Fair
AST-00657,2024-01-01,88.2,Good
AST-00657,2024-03-31,87.7,Good
AST-00657,2024-06-29,93.4,Good
AST-00657,2024-09-27,93.6,Good
AST-00657,2024-12-26,87.7,Good
AST-00657,2025-03-26,80.8,Good
AST-00657,2025-06-24,80.4,Good
AST-00657,2025-09-22,83.5,Good
AST-00657,2025-12-21,87.4,Good
AST-00657,2026-03-21,75.9,Good
AST-00657,2026-06-19,82.2,Good
AST-00658,2024-01-01,86.7,Good
AST-00658,2024-03-31,93.8,Good
AST-00658,2024-06-29,85.8,Good
AST-00658,2024-09-27,77.3,Good
AST-00658,2024-12-26,78.6,Good
AST-00658,2025-03-26,83.8,Good
AST-00658,2025-06-24,81.7,Good
AST-00658,2025-09-22,76.3,Good
AST-00658,2025-12-21,81.0,Good
AST-00658,2026-03-21,77.3,Good
AST-00658,2026-06-19,78.5,Good
AST-00659,2024-01-01,63.6,Fair
AST-00659,2024-03-31,64.7,Fair
AST-00659,2024-06-29,65.1,Fair
AST-00659,2024-09-27,65.3,Fair
AST-00659,2024-12-26,61.0,Fair
AST-00659,2025-03-26,70.2,Fair
AST-00659,2025-06-24,55.8,Poor
AST-00659,2025-09-22,63.3,Fair
AST-00659,2025-12-21,59.9,Poor
AST-00659,2026-03-21,59.5,Poor
AST-00659,2026-06-19,56.5,Poor
AST-00660,2024-01-01,88.5,Good
AST-00660,2024-03-31,80.9,Good
AST-00660,2024-06-29,84.8,Good
AST-00660,2024-09-27,76.3,Good
AST-00660,2024-12-26,79.9,Good
AST-00660,2025-03-26,81.6,Good
AST-00660,2025-06-24,74.8,Fair
AST-00660,2025-09-22,79.7,Good
AST-00660,2025-12-21,82.5,Good
AST-00660,2026-03-21,69.7,Fair
AST-00660,2026-06-19,71.5,Fair
AST-00661,2024-01-01,81.1,Good
AST-00661,2024-03-31,82.1,Good
AST-00661,2024-06-29,74.9,Fair
AST-00661,2024-09-27,75.9,Good
AST-00661,2024-12-26,70.8,Fair
AST-00661,2025-03-26,78.8,Good
AST-00661,2025-06-24,72.2,Fair
AST-00661,2025-09-22,75.3,Good
AST-00661,2025-12-21,68.6,Fair
AST-00661,2026-03-21,77.2,Good
AST-00661,2026-06-19,69.8,Fair
AST-00662,2024-01-01,62.5,Fair
AST-00662,2024-03-31,66.0,Fair
AST-00662,2024-06-29,65.1,Fair
AST-00662,2024-09-27,66.2,Fair
AST-00662,2024-12-26,59.4,Poor
AST-00662,2025-03-26,64.2,Fair
AST-00662,2025-06-24,56.4,Poor
AST-00662,2025-09-22,55.0,Poor
AST-00662,2025-12-21,50.8,Poor
AST-00662,2026-03-21,50.9,Poor
AST-00662,2026-06-19,47.5,Poor
AST-00663,2024-01-01,92.5,Good
AST-00663,2024-03-31,96.8,Good
AST-00663,2024-06-29,100.0,Good
AST-00663,2024-09-27,94.1,Good
AST-00663,2024-12-26,99.0,Good
AST-00663,2025-03-26,97.8,Good
AST-00663,2025-06-24,100.0,Good
AST-00663,2025-09-22,96.2,Good
AST-00663,2025-12-21,93.8,Good
AST-00663,2026-03-21,92.3,Good
AST-00663,2026-06-19,94.3,Good
AST-00664,2024-01-01,80.1,Good
AST-00664,2024-03-31,78.0,Good
AST-00664,2024-06-29,78.2,Good
AST-00664,2024-09-27,72.7,Fair
AST-00664,2024-12-26,71.0,Fair
AST-00664,2025-03-26,73.9,Fair
AST-00664,2025-06-24,73.5,Fair
AST-00664,2025-09-22,76.8,Good
AST-00664,2025-12-21,72.3,Fair
AST-00664,2026-03-21,67.3,Fair
AST-00664,2026-06-19,69.3,Fair
AST-00665,2024-01-01,90.0,Good
AST-00665,2024-03-31,93.6,Good
AST-00665,2024-06-29,85.1,Good
AST-00665,2024-09-27,92.5,Good
AST-00665,2024-12-26,87.5,Good
AST-00665,2025-03-26,79.8,Good
AST-00665,2025-06-24,85.6,Good
AST-00665,2025-09-22,86.5,Good
AST-00665,2025-12-21,80.8,Good
AST-00665,2026-03-21,83.1,Good
AST-00665,2026-06-19,87.4,Good
AST-00666,2024-01-01,81.9,Good
AST-00666,2024-03-31,77.3,Good
AST-00666,2024-06-29,83.7,Good
AST-00666,2024-09-27,76.9,Good
AST-00666,2024-12-26,74.1,Fair
AST-00666,2025-03-26,79.0,Good
AST-00666,2025-06-24,73.2,Fair
AST-00666,2025-09-22,74.8,Fair
AST-00666,2025-12-21,66.5,Fair
AST-00666,2026-03-21,67.6,Fair
AST-00666,2026-06-19,68.2,Fair
AST-00667,2024-01-01,86.6,Good
AST-00667,2024-03-31,88.4,Good
AST-00667,2024-06-29,91.2,Good
AST-00667,2024-09-27,90.8,Good
AST-00667,2024-12-26,86.6,Good
AST-00667,2025-03-26,95.0,Good
AST-00667,2025-06-24,86.0,Good
AST-00667,2025-09-22,79.1,Good
AST-00667,2025-12-21,82.6,Good
AST-00667,2026-03-21,84.5,Good
AST-00667,2026-06-19,80.3,Good
AST-00668,2024-01-01,55.3,Poor
AST-00668,2024-03-31,54.4,Poor
AST-00668,2024-06-29,56.2,Poor
AST-00668,2024-09-27,49.3,Poor
AST-00668,2024-12-26,55.5,Poor
AST-00668,2025-03-26,54.6,Poor
AST-00668,2025-06-24,50.6,Poor
AST-00668,2025-09-22,51.6,Poor
AST-00668,2025-12-21,49.4,Poor
AST-00668,2026-03-21,45.4,Poor
AST-00668,2026-06-19,52.4,Poor
AST-00669,2024-01-01,88.2,Good
AST-00669,2024-03-31,90.3,Good
AST-00669,2024-06-29,86.9,Good
AST-00669,2024-09-27,85.8,Good
AST-00669,2024-12-26,86.1,Good
AST-00669,2025-03-26,82.1,Good
AST-00669,2025-06-24,80.8,Good
AST-00669,2025-09-22,80.8,Good
AST-00669,2025-12-21,81.2,Good
AST-00669,2026-03-21,75.9,Good
AST-00669,2026-06-19,79.1,Good
AST-00670,2024-01-01,58.7,Poor
AST-00670,2024-03-31,58.6,Poor
AST-00670,2024-06-29,55.6,Poor
AST-00670,2024-09-27,56.4,Poor
AST-00670,2024-12-26,55.0,Poor
AST-00670,2025-03-26,56.4,Poor
AST-00670,2025-06-24,59.9,Poor
AST-00670,2025-09-22,55.6,Poor
AST-00670,2025-12-21,51.6,Poor
AST-00670,2026-03-21,50.9,Poor
AST-00670,2026-06-19,50.6,Poor
AST-00671,2024-01-01,70.7,Fair
AST-00671,2024-03-31,68.5,Fair
AST-00671,2024-06-29,63.9,Fair
AST-00671,2024-09-27,68.6,Fair
AST-00671,2024-12-26,61.3,Fair
AST-00671,2025-03-26,62.4,Fair
AST-00671,2025-06-24,53.1,Poor
AST-00671,2025-09-22,62.3,Fair
AST-00671,2025-12-21,56.4,Poor
AST-00671,2026-03-21,57.4,Poor
AST-00671,2026-06-19,55.6,Poor
AST-00672,2024-01-01,55.8,Poor
AST-00672,2024-03-31,54.0,Poor
AST-00672,2024-06-29,58.1,Poor
AST-00672,2024-09-27,59.4,Poor
AST-00672,2024-12-26,48.6,Poor
AST-00672,2025-03-26,48.5,Poor
AST-00672,2025-06-24,52.1,Poor
AST-00672,2025-09-22,56.1,Poor
AST-00672,2025-12-21,55.4,Poor
AST-00672,2026-03-21,53.0,Poor
AST-00672,2026-06-19,54.0,Poor
AST-00673,2024-01-01,60.6,Fair
AST-00673,2024-03-31,61.6,Fair
AST-00673,2024-06-29,54.0,Poor
AST-00673,2024-09-27,53.2,Poor
AST-00673,2024-12-26,58.3,Poor
AST-00673,2025-03-26,57.6,Poor
AST-00673,2025-06-24,63.0,Fair
AST-00673,2025-09-22,61.8,Fair
AST-00673,2025-12-21,54.8,Poor
AST-00673,2026-03-21,51.4,Poor
AST-00673,2026-06-19,57.9,Poor
AST-00674,2024-01-01,85.5,Good
AST-00674,2024-03-31,87.4,Good
AST-00674,2024-06-29,85.8,Good
AST-00674,2024-09-27,85.9,Good
AST-00674,2024-12-26,85.6,Good
AST-00674,2025-03-26,84.8,Good
AST-00674,2025-06-24,80.9,Good
AST-00674,2025-09-22,83.3,Good
AST-00674,2025-12-21,84.5,Good
AST-00674,2026-03-21,82.9,Good
AST-00674,2026-06-19,82.5,Good
AST-00675,2024-01-01,58.1,Poor
AST-00675,2024-03-31,49.3,Poor
AST-00675,2024-06-29,51.5,Poor
AST-00675,2024-09-27,46.2,Poor
AST-00675,2024-12-26,48.3,Poor
AST-00675,2025-03-26,52.5,Poor
AST-00675,2025-06-24,43.0,Critical
AST-00675,2025-09-22,47.9,Poor
AST-00675,2025-12-21,44.8,Critical
AST-00675,2026-03-21,42.7,Critical
AST-00675,2026-06-19,43.4,Critical
AST-00676,2024-01-01,64.1,Fair
AST-00676,2024-03-31,65.6,Fair
AST-00676,2024-06-29,61.7,Fair
AST-00676,2024-09-27,53.9,Poor
AST-00676,2024-12-26,56.3,Poor
AST-00676,2025-03-26,58.8,Poor
AST-00676,2025-06-24,57.0,Poor
AST-00676,2025-09-22,51.8,Poor
AST-00676,2025-12-21,50.2,Poor
AST-00676,2026-03-21,53.0,Poor
AST-00676,2026-06-19,49.6,Poor
AST-00677,2024-01-01,59.0,Poor
AST-00677,2024-03-31,63.6,Fair
AST-00677,2024-06-29,63.5,Fair
AST-00677,2024-09-27,69.4,Fair
AST-00677,2024-12-26,58.2,Poor
AST-00677,2025-03-26,53.8,Poor
AST-00677,2025-06-24,60.5,Fair
AST-00677,2025-09-22,58.1,Poor
AST-00677,2025-12-21,49.8,Poor
AST-00677,2026-03-21,52.9,Poor
AST-00677,2026-06-19,57.5,Poor
AST-00678,2024-01-01,64.4,Fair
AST-00678,2024-03-31,69.9,Fair
AST-00678,2024-06-29,67.4,Fair
AST-00678,2024-09-27,70.2,Fair
AST-00678,2024-12-26,67.2,Fair
AST-00678,2025-03-26,64.1,Fair
AST-00678,2025-06-24,61.3,Fair
AST-00678,2025-09-22,61.0,Fair
AST-00678,2025-12-21,64.6,Fair
AST-00678,2026-03-21,61.9,Fair
AST-00678,2026-06-19,56.8,Poor
AST-00679,2024-01-01,74.0,Fair
AST-00679,2024-03-31,69.0,Fair
AST-00679,2024-06-29,75.6,Good
AST-00679,2024-09-27,76.5,Good
AST-00679,2024-12-26,72.5,Fair
AST-00679,2025-03-26,72.3,Fair
AST-00679,2025-06-24,73.2,Fair
AST-00679,2025-09-22,65.4,Fair
AST-00679,2025-12-21,67.8,Fair
AST-00679,2026-03-21,70.7,Fair
AST-00679,2026-06-19,69.2,Fair
AST-00680,2024-01-01,95.0,Good
AST-00680,2024-03-31,92.8,Good
AST-00680,2024-06-29,95.3,Good
AST-00680,2024-09-27,93.4,Good
AST-00680,2024-12-26,91.3,Good
AST-00680,2025-03-26,92.2,Good
AST-00680,2025-06-24,91.8,Good
AST-00680,2025-09-22,90.0,Good
AST-00680,2025-12-21,90.9,Good
AST-00680,2026-03-21,88.9,Good
AST-00680,2026-06-19,88.6,Good
AST-00681,2024-01-01,95.7,Good
AST-00681,2024-03-31,91.0,Good
AST-00681,2024-06-29,88.1,Good
AST-00681,2024-09-27,84.8,Good
AST-00681,2024-12-26,88.3,Good
AST-00681,2025-03-26,89.5,Good
AST-00681,2025-06-24,82.4,Good
AST-00681,2025-09-22,83.3,Good
AST-00681,2025-12-21,85.0,Good
AST-00681,2026-03-21,83.7,Good
AST-00681,2026-06-19,78.9,Good
AST-00682,2024-01-01,95.0,Good
AST-00682,2024-03-31,93.3,Good
AST-00682,2024-06-29,100.0,Good
AST-00682,2024-09-27,95.7,Good
AST-00682,2024-12-26,97.1,Good
AST-00682,2025-03-26,100.0,Good
AST-00682,2025-06-24,99.9,Good
AST-00682,2025-09-22,92.0,Good
AST-00682,2025-12-21,90.9,Good
AST-00682,2026-03-21,94.7,Good
AST-00682,2026-06-19,95.0,Good
AST-00683,2024-01-01,77.1,Good
AST-00683,2024-03-31,78.4,Good
AST-00683,2024-06-29,80.8,Good
AST-00683,2024-09-27,79.3,Good
AST-00683,2024-12-26,76.5,Good
AST-00683,2025-03-26,75.8,Good
AST-00683,2025-06-24,69.2,Fair
AST-00683,2025-09-22,72.8,Fair
AST-00683,2025-12-21,73.7,Fair
AST-00683,2026-03-21,70.3,Fair
AST-00683,2026-06-19,66.8,Fair
AST-00684,2024-01-01,58.8,Poor
AST-00684,2024-03-31,64.8,Fair
AST-00684,2024-06-29,63.0,Fair
AST-00684,2024-09-27,61.0,Fair
AST-00684,2024-12-26,60.0,Fair
AST-00684,2025-03-26,67.0,Fair
AST-00684,2025-06-24,52.2,Poor
AST-00684,2025-09-22,57.5,Poor
AST-00684,2025-12-21,62.1,Fair
AST-00684,2026-03-21,55.0,Poor
AST-00684,2026-06-19,54.3,Poor
AST-00685,2024-01-01,79.8,Good
AST-00685,2024-03-31,71.6,Fair
AST-00685,2024-06-29,75.6,Good
AST-00685,2024-09-27,69.0,Fair
AST-00685,2024-12-26,71.4,Fair
AST-00685,2025-03-26,71.7,Fair
AST-00685,2025-06-24,64.7,Fair
AST-00685,2025-09-22,70.2,Fair
AST-00685,2025-12-21,67.8,Fair
AST-00685,2026-03-21,69.5,Fair
AST-00685,2026-06-19,65.6,Fair
AST-00686,2024-01-01,80.3,Good
AST-00686,2024-03-31,82.2,Good
AST-00686,2024-06-29,77.8,Good
AST-00686,2024-09-27,72.2,Fair
AST-00686,2024-12-26,71.1,Fair
AST-00686,2025-03-26,69.1,Fair
AST-00686,2025-06-24,73.2,Fair
AST-00686,2025-09-22,74.8,Fair
AST-00686,2025-12-21,68.8,Fair
AST-00686,2026-03-21,68.2,Fair
AST-00686,2026-06-19,63.5,Fair
AST-00687,2024-01-01,88.1,Good
AST-00687,2024-03-31,98.2,Good
AST-00687,2024-06-29,97.3,Good
AST-00687,2024-09-27,86.6,Good
AST-00687,2024-12-26,89.9,Good
AST-00687,2025-03-26,90.5,Good
AST-00687,2025-06-24,86.2,Good
AST-00687,2025-09-22,85.9,Good
AST-00687,2025-12-21,86.3,Good
AST-00687,2026-03-21,82.3,Good
AST-00687,2026-06-19,84.8,Good
AST-00688,2024-01-01,72.2,Fair
AST-00688,2024-03-31,75.2,Good
AST-00688,2024-06-29,65.1,Fair
AST-00688,2024-09-27,69.2,Fair
AST-00688,2024-12-26,73.8,Fair
AST-00688,2025-03-26,69.9,Fair
AST-00688,2025-06-24,68.3,Fair
AST-00688,2025-09-22,64.1,Fair
AST-00688,2025-12-21,71.9,Fair
AST-00688,2026-03-21,70.0,Fair
AST-00688,2026-06-19,69.0,Fair
AST-00689,2024-01-01,75.6,Good
AST-00689,2024-03-31,82.4,Good
AST-00689,2024-06-29,76.4,Good
AST-00689,2024-09-27,78.9,Good
AST-00689,2024-12-26,81.8,Good
AST-00689,2025-03-26,75.7,Good
AST-00689,2025-06-24,73.0,Fair
AST-00689,2025-09-22,77.1,Good
AST-00689,2025-12-21,68.8,Fair
AST-00689,2026-03-21,73.8,Fair
AST-00689,2026-06-19,73.9,Fair
AST-00690,2024-01-01,56.5,Poor
AST-00690,2024-03-31,56.6,Poor
AST-00690,2024-06-29,50.7,Poor
AST-00690,2024-09-27,51.2,Poor
AST-00690,2024-12-26,56.8,Poor
AST-00690,2025-03-26,55.6,Poor
AST-00690,2025-06-24,51.6,Poor
AST-00690,2025-09-22,50.4,Poor
AST-00690,2025-12-21,53.6,Poor
AST-00690,2026-03-21,48.9,Poor
AST-00690,2026-06-19,51.5,Poor
AST-00691,2024-01-01,63.2,Fair
AST-00691,2024-03-31,63.9,Fair
AST-00691,2024-06-29,69.7,Fair
AST-00691,2024-09-27,66.7,Fair
AST-00691,2024-12-26,62.5,Fair
AST-00691,2025-03-26,60.8,Fair
AST-00691,2025-06-24,64.4,Fair
AST-00691,2025-09-22,60.3,Fair
AST-00691,2025-12-21,58.5,Poor
AST-00691,2026-03-21,59.7,Poor
AST-00691,2026-06-19,54.9,Poor
AST-00692,2024-01-01,65.9,Fair
AST-00692,2024-03-31,64.9,Fair
AST-00692,2024-06-29,67.3,Fair
AST-00692,2024-09-27,62.6,Fair
AST-00692,2024-12-26,55.8,Poor
AST-00692,2025-03-26,60.4,Fair
AST-00692,2025-06-24,56.7,Poor
AST-00692,2025-09-22,58.5,Poor
AST-00692,2025-12-21,61.0,Fair
AST-00692,2026-03-21,56.1,Poor
AST-00692,2026-06-19,52.8,Poor
AST-00693,2024-01-01,59.9,Poor
AST-00693,2024-03-31,59.4,Poor
AST-00693,2024-06-29,60.4,Fair
AST-00693,2024-09-27,59.6,Poor
AST-00693,2024-12-26,57.5,Poor
AST-00693,2025-03-26,56.6,Poor
AST-00693,2025-06-24,56.8,Poor
AST-00693,2025-09-22,56.9,Poor
AST-00693,2025-12-21,61.9,Fair
AST-00693,2026-03-21,58.5,Poor
AST-00693,2026-06-19,53.7,Poor
AST-00694,2024-01-01,78.0,Good
AST-00694,2024-03-31,75.8,Good
AST-00694,2024-06-29,75.3,Good
AST-00694,2024-09-27,73.8,Fair
AST-00694,2024-12-26,80.1,Good
AST-00694,2025-03-26,76.8,Good
AST-00694,2025-06-24,67.9,Fair
AST-00694,2025-09-22,78.0,Good
AST-00694,2025-12-21,71.0,Fair
AST-00694,2026-03-21,76.3,Good
AST-00694,2026-06-19,78.0,Good
AST-00695,2024-01-01,50.7,Poor
AST-00695,2024-03-31,48.0,Poor
AST-00695,2024-06-29,49.7,Poor
AST-00695,2024-09-27,51.8,Poor
AST-00695,2024-12-26,47.6,Poor
AST-00695,2025-03-26,52.5,Poor
AST-00695,2025-06-24,41.1,Critical
AST-00695,2025-09-22,41.0,Critical
AST-00695,2025-12-21,43.9,Critical
AST-00695,2026-03-21,39.9,Critical
AST-00695,2026-06-19,37.6,Critical
AST-00696,2024-01-01,78.9,Good
AST-00696,2024-03-31,75.9,Good
AST-00696,2024-06-29,73.9,Fair
AST-00696,2024-09-27,76.4,Good
AST-00696,2024-12-26,74.3,Fair
AST-00696,2025-03-26,71.4,Fair
AST-00696,2025-06-24,67.7,Fair
AST-00696,2025-09-22,68.9,Fair
AST-00696,2025-12-21,67.6,Fair
AST-00696,2026-03-21,70.8,Fair
AST-00696,2026-06-19,68.1,Fair
AST-00697,2024-01-01,100.0,Good
AST-00697,2024-03-31,100.0,Good
AST-00697,2024-06-29,99.7,Good
AST-00697,2024-09-27,100.0,Good
AST-00697,2024-12-26,100.0,Good
AST-00697,2025-03-26,87.5,Good
AST-00697,2025-06-24,88.1,Good
AST-00697,2025-09-22,97.4,Good
AST-00697,2025-12-21,92.6,Good
AST-00697,2026-03-21,96.9,Good
AST-00697,2026-06-19,90.7,Good
AST-00698,2024-01-01,81.0,Good
AST-00698,2024-03-31,81.7,Good
AST-00698,2024-06-29,79.3,Good
AST-00698,2024-09-27,80.5,Good
AST-00698,2024-12-26,76.7,Good
AST-00698,2025-03-26,76.0,Good
AST-00698,2025-06-24,77.9,Good
AST-00698,2025-09-22,75.5,Good
AST-00698,2025-12-21,72.8,Fair
AST-00698,2026-03-21,70.9,Fair
AST-00698,2026-06-19,75.9,Good
AST-00699,2024-01-01,90.0,Good
AST-00699,2024-03-31,85.4,Good
AST-00699,2024-06-29,83.6,Good
AST-00699,2024-09-27,77.2,Good
AST-00699,2024-12-26,74.6,Fair
AST-00699,2025-03-26,79.4,Good
AST-00699,2025-06-24,78.4,Good
AST-00699,2025-09-22,71.0,Fair
AST-00699,2025-12-21,71.0,Fair
AST-00699,2026-03-21,71.4,Fair
AST-00699,2026-06-19,69.4,Fair
AST-00700,2024-01-01,94.9,Good
AST-00700,2024-03-31,90.5,Good
AST-00700,2024-06-29,88.8,Good
AST-00700,2024-09-27,83.0,Good
AST-00700,2024-12-26,92.5,Good
AST-00700,2025-03-26,85.8,Good
AST-00700,2025-06-24,83.8,Good
AST-00700,2025-09-22,81.9,Good
AST-00700,2025-12-21,88.4,Good
AST-00700,2026-03-21,83.7,Good
AST-00700,2026-06-19,84.5,Good
AST-00701,2024-01-01,55.5,Poor
AST-00701,2024-03-31,57.1,Poor
AST-00701,2024-06-29,58.6,Poor
AST-00701,2024-09-27,57.9,Poor
AST-00701,2024-12-26,53.0,Poor
AST-00701,2025-03-26,58.5,Poor
AST-00701,2025-06-24,53.6,Poor
AST-00701,2025-09-22,51.4,Poor
AST-00701,2025-12-21,57.0,Poor
AST-00701,2026-03-21,55.4,Poor
AST-00701,2026-06-19,60.0,Fair
AST-00702,2024-01-01,68.8,Fair
AST-00702,2024-03-31,64.4,Fair
AST-00702,2024-06-29,67.5,Fair
AST-00702,2024-09-27,60.9,Fair
AST-00702,2024-12-26,61.9,Fair
AST-00702,2025-03-26,58.9,Poor
AST-00702,2025-06-24,59.0,Poor
AST-00702,2025-09-22,62.2,Fair
AST-00702,2025-12-21,55.1,Poor
AST-00702,2026-03-21,56.3,Poor
AST-00702,2026-06-19,60.0,Poor
AST-00703,2024-01-01,93.6,Good
AST-00703,2024-03-31,90.3,Good
AST-00703,2024-06-29,90.7,Good
AST-00703,2024-09-27,86.8,Good
AST-00703,2024-12-26,89.3,Good
AST-00703,2025-03-26,82.3,Good
AST-00703,2025-06-24,87.4,Good
AST-00703,2025-09-22,86.5,Good
AST-00703,2025-12-21,82.6,Good
AST-00703,2026-03-21,80.6,Good
AST-00703,2026-06-19,80.4,Good
AST-00704,2024-01-01,66.3,Fair
AST-00704,2024-03-31,60.9,Fair
AST-00704,2024-06-29,66.3,Fair
AST-00704,2024-09-27,64.7,Fair
AST-00704,2024-12-26,64.9,Fair
AST-00704,2025-03-26,63.4,Fair
AST-00704,2025-06-24,63.7,Fair
AST-00704,2025-09-22,62.5,Fair
AST-00704,2025-12-21,58.2,Poor
AST-00704,2026-03-21,56.7,Poor
AST-00704,2026-06-19,54.4,Poor
AST-00705,2024-01-01,92.7,Good
AST-00705,2024-03-31,90.0,Good
AST-00705,2024-06-29,89.0,Good
AST-00705,2024-09-27,85.5,Good
AST-00705,2024-12-26,84.1,Good
AST-00705,2025-03-26,90.2,Good
AST-00705,2025-06-24,84.2,Good
AST-00705,2025-09-22,81.6,Good
AST-00705,2025-12-21,86.0,Good
AST-00705,2026-03-21,79.2,Good
AST-00705,2026-06-19,79.0,Good
AST-00706,2024-01-01,85.2,Good
AST-00706,2024-03-31,82.0,Good
AST-00706,2024-06-29,92.5,Good
AST-00706,2024-09-27,91.4,Good
AST-00706,2024-12-26,85.2,Good
AST-00706,2025-03-26,84.1,Good
AST-00706,2025-06-24,84.4,Good
AST-00706,2025-09-22,83.1,Good
AST-00706,2025-12-21,86.4,Good
AST-00706,2026-03-21,73.7,Fair
AST-00706,2026-06-19,82.5,Good
AST-00707,2024-01-01,61.3,Fair
AST-00707,2024-03-31,57.9,Poor
AST-00707,2024-06-29,48.5,Poor
AST-00707,2024-09-27,51.0,Poor
AST-00707,2024-12-26,58.7,Poor
AST-00707,2025-03-26,51.6,Poor
AST-00707,2025-06-24,60.1,Fair
AST-00707,2025-09-22,60.1,Fair
AST-00707,2025-12-21,51.0,Poor
AST-00707,2026-03-21,52.7,Poor
AST-00707,2026-06-19,48.4,Poor
AST-00708,2024-01-01,79.8,Good
AST-00708,2024-03-31,75.5,Good
AST-00708,2024-06-29,80.0,Good
AST-00708,2024-09-27,76.4,Good
AST-00708,2024-12-26,72.7,Fair
AST-00708,2025-03-26,77.6,Good
AST-00708,2025-06-24,82.9,Good
AST-00708,2025-09-22,80.5,Good
AST-00708,2025-12-21,74.9,Fair
AST-00708,2026-03-21,76.4,Good
AST-00708,2026-06-19,79.0,Good
AST-00709,2024-01-01,60.2,Fair
AST-00709,2024-03-31,58.0,Poor
AST-00709,2024-06-29,56.9,Poor
AST-00709,2024-09-27,58.0,Poor
AST-00709,2024-12-26,55.7,Poor
AST-00709,2025-03-26,52.2,Poor
AST-00709,2025-06-24,57.2,Poor
AST-00709,2025-09-22,48.5,Poor
AST-00709,2025-12-21,51.3,Poor
AST-00709,2026-03-21,49.1,Poor
AST-00709,2026-06-19,52.7,Poor
AST-00710,2024-01-01,55.3,Poor
AST-00710,2024-03-31,56.9,Poor
AST-00710,2024-06-29,52.2,Poor
AST-00710,2024-09-27,48.9,Poor
AST-00710,2024-12-26,39.8,Critical
AST-00710,2025-03-26,47.0,Poor
AST-00710,2025-06-24,48.8,Poor
AST-00710,2025-09-22,42.7,Critical
AST-00710,2025-12-21,40.0,Critical
AST-00710,2026-03-21,47.6,Poor
AST-00710,2026-06-19,47.3,Poor
AST-00711,2024-01-01,95.5,Good
AST-00711,2024-03-31,100.0,Good
AST-00711,2024-06-29,94.3,Good
AST-00711,2024-09-27,97.2,Good
AST-00711,2024-12-26,95.5,Good
AST-00711,2025-03-26,97.1,Good
AST-00711,2025-06-24,96.6,Good
AST-00711,2025-09-22,94.5,Good
AST-00711,2025-12-21,89.0,Good
AST-00711,2026-03-21,89.9,Good
AST-00711,2026-06-19,88.4,Good
AST-00712,2024-01-01,100.0,Good
AST-00712,2024-03-31,100.0,Good
AST-00712,2024-06-29,100.0,Good
AST-00712,2024-09-27,97.8,Good
AST-00712,2024-12-26,93.9,Good
AST-00712,2025-03-26,96.6,Good
AST-00712,2025-06-24,85.0,Good
AST-00712,2025-09-22,88.4,Good
AST-00712,2025-12-21,88.0,Good
AST-00712,2026-03-21,81.4,Good
AST-00712,2026-06-19,85.9,Good
AST-00713,2024-01-01,61.6,Fair
AST-00713,2024-03-31,64.0,Fair
AST-00713,2024-06-29,61.6,Fair
AST-00713,2024-09-27,55.6,Poor
AST-00713,2024-12-26,61.0,Fair
AST-00713,2025-03-26,56.7,Poor
AST-00713,2025-06-24,57.4,Poor
AST-00713,2025-09-22,54.0,Poor
AST-00713,2025-12-21,57.3,Poor
AST-00713,2026-03-21,54.3,Poor
AST-00713,2026-06-19,51.1,Poor
AST-00714,2024-01-01,73.9,Fair
AST-00714,2024-03-31,71.9,Fair
AST-00714,2024-06-29,74.3,Fair
AST-00714,2024-09-27,72.5,Fair
AST-00714,2024-12-26,73.9,Fair
AST-00714,2025-03-26,62.1,Fair
AST-00714,2025-06-24,64.1,Fair
AST-00714,2025-09-22,68.1,Fair
AST-00714,2025-12-21,62.1,Fair
AST-00714,2026-03-21,63.7,Fair
AST-00714,2026-06-19,62.6,Fair
AST-00715,2024-01-01,81.6,Good
AST-00715,2024-03-31,81.7,Good
AST-00715,2024-06-29,79.4,Good
AST-00715,2024-09-27,68.5,Fair
AST-00715,2024-12-26,77.8,Good
AST-00715,2025-03-26,69.5,Fair
AST-00715,2025-06-24,73.0,Fair
AST-00715,2025-09-22,72.6,Fair
AST-00715,2025-12-21,69.8,Fair
AST-00715,2026-03-21,67.4,Fair
AST-00715,2026-06-19,62.2,Fair
AST-00716,2024-01-01,71.5,Fair
AST-00716,2024-03-31,64.4,Fair
AST-00716,2024-06-29,63.3,Fair
AST-00716,2024-09-27,63.5,Fair
AST-00716,2024-12-26,66.5,Fair
AST-00716,2025-03-26,66.7,Fair
AST-00716,2025-06-24,57.0,Poor
AST-00716,2025-09-22,59.2,Poor
AST-00716,2025-12-21,67.1,Fair
AST-00716,2026-03-21,60.1,Fair
AST-00716,2026-06-19,56.8,Poor
AST-00717,2024-01-01,83.4,Good
AST-00717,2024-03-31,86.5,Good
AST-00717,2024-06-29,83.4,Good
AST-00717,2024-09-27,80.1,Good
AST-00717,2024-12-26,77.1,Good
AST-00717,2025-03-26,76.5,Good
AST-00717,2025-06-24,79.7,Good
AST-00717,2025-09-22,77.9,Good
AST-00717,2025-12-21,75.2,Good
AST-00717,2026-03-21,69.0,Fair
AST-00717,2026-06-19,75.6,Good
AST-00718,2024-01-01,68.3,Fair
AST-00718,2024-03-31,67.9,Fair
AST-00718,2024-06-29,70.1,Fair
AST-00718,2024-09-27,66.9,Fair
AST-00718,2024-12-26,72.2,Fair
AST-00718,2025-03-26,66.1,Fair
AST-00718,2025-06-24,63.6,Fair
AST-00718,2025-09-22,61.7,Fair
AST-00718,2025-12-21,64.0,Fair
AST-00718,2026-03-21,62.2,Fair
AST-00718,2026-06-19,58.9,Poor
AST-00719,2024-01-01,78.3,Good
AST-00719,2024-03-31,68.8,Fair
AST-00719,2024-06-29,78.0,Good
AST-00719,2024-09-27,78.9,Good
AST-00719,2024-12-26,79.9,Good
AST-00719,2025-03-26,76.4,Good
AST-00719,2025-06-24,68.1,Fair
AST-00719,2025-09-22,72.6,Fair
AST-00719,2025-12-21,68.2,Fair
AST-00719,2026-03-21,66.9,Fair
AST-00719,2026-06-19,65.6,Fair
AST-00720,2024-01-01,94.5,Good
AST-00720,2024-03-31,92.5,Good
AST-00720,2024-06-29,89.0,Good
AST-00720,2024-09-27,88.3,Good
AST-00720,2024-12-26,87.6,Good
AST-00720,2025-03-26,88.2,Good
AST-00720,2025-06-24,87.8,Good
AST-00720,2025-09-22,90.5,Good
AST-00720,2025-12-21,85.1,Good
AST-00720,2026-03-21,80.5,Good
AST-00720,2026-06-19,80.7,Good
AST-00721,2024-01-01,62.1,Fair
AST-00721,2024-03-31,62.3,Fair
AST-00721,2024-06-29,67.6,Fair
AST-00721,2024-09-27,58.6,Poor
AST-00721,2024-12-26,63.9,Fair
AST-00721,2025-03-26,63.5,Fair
AST-00721,2025-06-24,59.5,Poor
AST-00721,2025-09-22,55.0,Poor
AST-00721,2025-12-21,61.5,Fair
AST-00721,2026-03-21,61.5,Fair
AST-00721,2026-06-19,55.9,Poor
AST-00722,2024-01-01,57.1,Poor
AST-00722,2024-03-31,54.6,Poor
AST-00722,2024-06-29,61.0,Fair
AST-00722,2024-09-27,53.3,Poor
AST-00722,2024-12-26,51.6,Poor
AST-00722,2025-03-26,56.4,Poor
AST-00722,2025-06-24,48.4,Poor
AST-00722,2025-09-22,42.5,Critical
AST-00722,2025-12-21,50.0,Poor
AST-00722,2026-03-21,47.2,Poor
AST-00722,2026-06-19,50.4,Poor
AST-00723,2024-01-01,92.6,Good
AST-00723,2024-03-31,93.2,Good
AST-00723,2024-06-29,85.4,Good
AST-00723,2024-09-27,87.8,Good
AST-00723,2024-12-26,85.6,Good
AST-00723,2025-03-26,89.7,Good
AST-00723,2025-06-24,85.3,Good
AST-00723,2025-09-22,85.7,Good
AST-00723,2025-12-21,86.3,Good
AST-00723,2026-03-21,86.9,Good
AST-00723,2026-06-19,89.1,Good
AST-00724,2024-01-01,87.8,Good
AST-00724,2024-03-31,84.0,Good
AST-00724,2024-06-29,85.9,Good
AST-00724,2024-09-27,85.0,Good
AST-00724,2024-12-26,80.9,Good
AST-00724,2025-03-26,86.1,Good
AST-00724,2025-06-24,79.9,Good
AST-00724,2025-09-22,77.4,Good
AST-00724,2025-12-21,81.7,Good
AST-00724,2026-03-21,74.5,Fair
AST-00724,2026-06-19,87.1,Good
AST-00725,2024-01-01,70.8,Fair
AST-00725,2024-03-31,69.8,Fair
AST-00725,2024-06-29,65.0,Fair
AST-00725,2024-09-27,65.9,Fair
AST-00725,2024-12-26,60.9,Fair
AST-00725,2025-03-26,63.8,Fair
AST-00725,2025-06-24,60.9,Fair
AST-00725,2025-09-22,60.5,Fair
AST-00725,2025-12-21,66.4,Fair
AST-00725,2026-03-21,63.7,Fair
AST-00725,2026-06-19,58.5,Poor
AST-00726,2024-01-01,69.3,Fair
AST-00726,2024-03-31,54.9,Poor
AST-00726,2024-06-29,66.6,Fair
AST-00726,2024-09-27,59.1,Poor
AST-00726,2024-12-26,54.7,Poor
AST-00726,2025-03-26,58.2,Poor
AST-00726,2025-06-24,61.3,Fair
AST-00726,2025-09-22,62.9,Fair
AST-00726,2025-12-21,58.7,Poor
AST-00726,2026-03-21,56.4,Poor
AST-00726,2026-06-19,63.6,Fair
AST-00727,2024-01-01,83.7,Good
AST-00727,2024-03-31,83.9,Good
AST-00727,2024-06-29,85.2,Good
AST-00727,2024-09-27,84.5,Good
AST-00727,2024-12-26,79.5,Good
AST-00727,2025-03-26,86.8,Good
AST-00727,2025-06-24,82.7,Good
AST-00727,2025-09-22,79.9,Good
AST-00727,2025-12-21,76.7,Good
AST-00727,2026-03-21,74.8,Fair
AST-00727,2026-06-19,77.9,Good
AST-00728,2024-01-01,98.6,Good
AST-00728,2024-03-31,90.7,Good
AST-00728,2024-06-29,96.8,Good
AST-00728,2024-09-27,93.2,Good
AST-00728,2024-12-26,87.1,Good
AST-00728,2025-03-26,89.5,Good
AST-00728,2025-06-24,91.3,Good
AST-00728,2025-09-22,86.7,Good
AST-00728,2025-12-21,84.9,Good
AST-00728,2026-03-21,88.7,Good
AST-00728,2026-06-19,83.4,Good
AST-00729,2024-01-01,66.1,Fair
AST-00729,2024-03-31,64.3,Fair
AST-00729,2024-06-29,73.3,Fair
AST-00729,2024-09-27,70.6,Fair
AST-00729,2024-12-26,64.8,Fair
AST-00729,2025-03-26,63.0,Fair
AST-00729,2025-06-24,60.0,Fair
AST-00729,2025-09-22,52.8,Poor
AST-00729,2025-12-21,48.8,Poor
AST-00729,2026-03-21,56.9,Poor
AST-00729,2026-06-19,56.6,Poor
AST-00730,2024-01-01,66.2,Fair
AST-00730,2024-03-31,62.2,Fair
AST-00730,2024-06-29,66.7,Fair
AST-00730,2024-09-27,61.8,Fair
AST-00730,2024-12-26,64.3,Fair
AST-00730,2025-03-26,58.9,Poor
AST-00730,2025-06-24,58.3,Poor
AST-00730,2025-09-22,61.0,Fair
AST-00730,2025-12-21,60.0,Fair
AST-00730,2026-03-21,59.0,Poor
AST-00730,2026-06-19,57.5,Poor
AST-00731,2024-01-01,43.1,Critical
AST-00731,2024-03-31,42.8,Critical
AST-00731,2024-06-29,38.9,Critical
AST-00731,2024-09-27,42.0,Critical
AST-00731,2024-12-26,45.0,Poor
AST-00731,2025-03-26,39.7,Critical
AST-00731,2025-06-24,35.3,Critical
AST-00731,2025-09-22,32.0,Critical
AST-00731,2025-12-21,36.5,Critical
AST-00731,2026-03-21,38.9,Critical
AST-00731,2026-06-19,32.2,Critical
AST-00732,2024-01-01,70.4,Fair
AST-00732,2024-03-31,68.5,Fair
AST-00732,2024-06-29,63.6,Fair
AST-00732,2024-09-27,67.6,Fair
AST-00732,2024-12-26,55.8,Poor
AST-00732,2025-03-26,61.5,Fair
AST-00732,2025-06-24,61.3,Fair
AST-00732,2025-09-22,55.0,Poor
AST-00732,2025-12-21,52.9,Poor
AST-00732,2026-03-21,56.0,Poor
AST-00732,2026-06-19,59.3,Poor
AST-00733,2024-01-01,57.4,Poor
AST-00733,2024-03-31,56.0,Poor
AST-00733,2024-06-29,62.8,Fair
AST-00733,2024-09-27,51.9,Poor
AST-00733,2024-12-26,54.1,Poor
AST-00733,2025-03-26,51.4,Poor
AST-00733,2025-06-24,53.3,Poor
AST-00733,2025-09-22,44.9,Critical
AST-00733,2025-12-21,43.1,Critical
AST-00733,2026-03-21,47.2,Poor
AST-00733,2026-06-19,42.0,Critical
AST-00734,2024-01-01,82.8,Good
AST-00734,2024-03-31,79.7,Good
AST-00734,2024-06-29,82.0,Good
AST-00734,2024-09-27,76.0,Good
AST-00734,2024-12-26,72.1,Fair
AST-00734,2025-03-26,68.5,Fair
AST-00734,2025-06-24,73.5,Fair
AST-00734,2025-09-22,64.4,Fair
AST-00734,2025-12-21,73.0,Fair
AST-00734,2026-03-21,63.9,Fair
AST-00734,2026-06-19,65.0,Fair
AST-00735,2024-01-01,78.3,Good
AST-00735,2024-03-31,77.1,Good
AST-00735,2024-06-29,81.2,Good
AST-00735,2024-09-27,75.1,Good
AST-00735,2024-12-26,80.2,Good
AST-00735,2025-03-26,75.2,Good
AST-00735,2025-06-24,77.2,Good
AST-00735,2025-09-22,78.2,Good
AST-00735,2025-12-21,73.4,Fair
AST-00735,2026-03-21,73.1,Fair
AST-00735,2026-06-19,72.3,Fair
AST-00736,2024-01-01,100.0,Good
AST-00736,2024-03-31,100.0,Good
AST-00736,2024-06-29,96.8,Good
AST-00736,2024-09-27,98.1,Good
AST-00736,2024-12-26,94.2,Good
AST-00736,2025-03-26,100.0,Good
AST-00736,2025-06-24,88.8,Good
AST-00736,2025-09-22,88.2,Good
AST-00736,2025-12-21,87.1,Good
AST-00736,2026-03-21,92.1,Good
AST-00736,2026-06-19,86.0,Good
AST-00737,2024-01-01,69.5,Fair
AST-00737,2024-03-31,66.3,Fair
AST-00737,2024-06-29,65.8,Fair
AST-00737,2024-09-27,56.5,Poor
AST-00737,2024-12-26,58.9,Poor
AST-00737,2025-03-26,65.5,Fair
AST-00737,2025-06-24,66.7,Fair
AST-00737,2025-09-22,60.1,Fair
AST-00737,2025-12-21,62.9,Fair
AST-00737,2026-03-21,57.2,Poor
AST-00737,2026-06-19,61.5,Fair
AST-00738,2024-01-01,86.2,Good
AST-00738,2024-03-31,86.9,Good
AST-00738,2024-06-29,84.0,Good
AST-00738,2024-09-27,91.5,Good
AST-00738,2024-12-26,84.8,Good
AST-00738,2025-03-26,79.0,Good
AST-00738,2025-06-24,76.7,Good
AST-00738,2025-09-22,85.9,Good
AST-00738,2025-12-21,80.4,Good
AST-00738,2026-03-21,77.4,Good
AST-00738,2026-06-19,79.5,Good
AST-00739,2024-01-01,85.0,Good
AST-00739,2024-03-31,83.3,Good
AST-00739,2024-06-29,83.6,Good
AST-00739,2024-09-27,86.5,Good
AST-00739,2024-12-26,78.6,Good
AST-00739,2025-03-26,81.6,Good
AST-00739,2025-06-24,75.4,Good
AST-00739,2025-09-22,80.0,Good
AST-00739,2025-12-21,72.4,Fair
AST-00739,2026-03-21,70.1,Fair
AST-00739,2026-06-19,73.7,Fair
AST-00740,2024-01-01,79.6,Good
AST-00740,2024-03-31,78.7,Good
AST-00740,2024-06-29,76.3,Good
AST-00740,2024-09-27,77.6,Good
AST-00740,2024-12-26,71.3,Fair
AST-00740,2025-03-26,77.9,Good
AST-00740,2025-06-24,74.0,Fair
AST-00740,2025-09-22,76.7,Good
AST-00740,2025-12-21,68.0,Fair
AST-00740,2026-03-21,70.2,Fair
AST-00740,2026-06-19,71.6,Fair
AST-00741,2024-01-01,86.0,Good
AST-00741,2024-03-31,89.9,Good
AST-00741,2024-06-29,90.2,Good
AST-00741,2024-09-27,90.7,Good
AST-00741,2024-12-26,79.0,Good
AST-00741,2025-03-26,82.8,Good
AST-00741,2025-06-24,80.2,Good
AST-00741,2025-09-22,86.9,Good
AST-00741,2025-12-21,79.3,Good
AST-00741,2026-03-21,83.5,Good
AST-00741,2026-06-19,82.6,Good
AST-00742,2024-01-01,100.0,Good
AST-00742,2024-03-31,100.0,Good
AST-00742,2024-06-29,97.0,Good
AST-00742,2024-09-27,99.5,Good
AST-00742,2024-12-26,96.5,Good
AST-00742,2025-03-26,93.0,Good
AST-00742,2025-06-24,100.0,Good
AST-00742,2025-09-22,97.8,Good
AST-00742,2025-12-21,93.1,Good
AST-00742,2026-03-21,92.4,Good
AST-00742,2026-06-19,94.2,Good
AST-00743,2024-01-01,67.1,Fair
AST-00743,2024-03-31,73.3,Fair
AST-00743,2024-06-29,70.6,Fair
AST-00743,2024-09-27,74.0,Fair
AST-00743,2024-12-26,70.1,Fair
AST-00743,2025-03-26,74.4,Fair
AST-00743,2025-06-24,64.2,Fair
AST-00743,2025-09-22,64.9,Fair
AST-00743,2025-12-21,67.5,Fair
AST-00743,2026-03-21,69.5,Fair
AST-00743,2026-06-19,59.0,Poor
AST-00744,2024-01-01,63.3,Fair
AST-00744,2024-03-31,58.1,Poor
AST-00744,2024-06-29,58.5,Poor
AST-00744,2024-09-27,63.4,Fair
AST-00744,2024-12-26,63.6,Fair
AST-00744,2025-03-26,57.9,Poor
AST-00744,2025-06-24,53.2,Poor
AST-00744,2025-09-22,57.1,Poor
AST-00744,2025-12-21,51.6,Poor
AST-00744,2026-03-21,55.6,Poor
AST-00744,2026-06-19,54.6,Poor
AST-00745,2024-01-01,96.3,Good
AST-00745,2024-03-31,97.1,Good
AST-00745,2024-06-29,97.6,Good
AST-00745,2024-09-27,87.7,Good
AST-00745,2024-12-26,88.9,Good
AST-00745,2025-03-26,88.6,Good
AST-00745,2025-06-24,87.7,Good
AST-00745,2025-09-22,82.4,Good
AST-00745,2025-12-21,87.7,Good
AST-00745,2026-03-21,91.4,Good
AST-00745,2026-06-19,86.4,Good
AST-00746,2024-01-01,78.9,Good
AST-00746,2024-03-31,77.9,Good
AST-00746,2024-06-29,79.5,Good
AST-00746,2024-09-27,73.9,Fair
AST-00746,2024-12-26,74.2,Fair
AST-00746,2025-03-26,74.4,Fair
AST-00746,2025-06-24,71.5,Fair
AST-00746,2025-09-22,71.9,Fair
AST-00746,2025-12-21,72.6,Fair
AST-00746,2026-03-21,72.0,Fair
AST-00746,2026-06-19,75.9,Good
AST-00747,2024-01-01,95.2,Good
AST-00747,2024-03-31,93.0,Good
AST-00747,2024-06-29,89.3,Good
AST-00747,2024-09-27,94.9,Good
AST-00747,2024-12-26,92.5,Good
AST-00747,2025-03-26,91.0,Good
AST-00747,2025-06-24,80.9,Good
AST-00747,2025-09-22,86.2,Good
AST-00747,2025-12-21,83.4,Good
AST-00747,2026-03-21,88.8,Good
AST-00747,2026-06-19,82.7,Good
AST-00748,2024-01-01,62.2,Fair
AST-00748,2024-03-31,61.5,Fair
AST-00748,2024-06-29,71.1,Fair
AST-00748,2024-09-27,62.9,Fair
AST-00748,2024-12-26,58.1,Poor
AST-00748,2025-03-26,56.0,Poor
AST-00748,2025-06-24,63.2,Fair
AST-00748,2025-09-22,55.6,Poor
AST-00748,2025-12-21,55.9,Poor
AST-00748,2026-03-21,53.3,Poor
AST-00748,2026-06-19,62.0,Fair
AST-00749,2024-01-01,89.0,Good
AST-00749,2024-03-31,88.8,Good
AST-00749,2024-06-29,85.9,Good
AST-00749,2024-09-27,81.6,Good
AST-00749,2024-12-26,85.7,Good
AST-00749,2025-03-26,85.3,Good
AST-00749,2025-06-24,83.4,Good
AST-00749,2025-09-22,83.6,Good
AST-00749,2025-12-21,81.8,Good
AST-00749,2026-03-21,76.2,Good
AST-00749,2026-06-19,75.7,Good
AST-00750,2024-01-01,51.3,Poor
AST-00750,2024-03-31,48.6,Poor
AST-00750,2024-06-29,48.3,Poor
AST-00750,2024-09-27,47.3,Poor
AST-00750,2024-12-26,47.2,Poor
AST-00750,2025-03-26,53.7,Poor
AST-00750,2025-06-24,42.7,Critical
AST-00750,2025-09-22,44.9,Critical
AST-00750,2025-12-21,48.4,Poor
AST-00750,2026-03-21,53.1,Poor
AST-00750,2026-06-19,43.1,Critical
AST-00751,2024-01-01,90.7,Good
AST-00751,2024-03-31,86.0,Good
AST-00751,2024-06-29,85.1,Good
AST-00751,2024-09-27,87.7,Good
AST-00751,2024-12-26,83.1,Good
AST-00751,2025-03-26,87.8,Good
AST-00751,2025-06-24,83.5,Good
AST-00751,2025-09-22,80.1,Good
AST-00751,2025-12-21,82.8,Good
AST-00751,2026-03-21,84.6,Good
AST-00751,2026-06-19,79.9,Good
AST-00752,2024-01-01,94.4,Good
AST-00752,2024-03-31,92.6,Good
AST-00752,2024-06-29,94.7,Good
AST-00752,2024-09-27,93.3,Good
AST-00752,2024-12-26,94.7,Good
AST-00752,2025-03-26,85.6,Good
AST-00752,2025-06-24,85.3,Good
AST-00752,2025-09-22,88.7,Good
AST-00752,2025-12-21,90.2,Good
AST-00752,2026-03-21,89.0,Good
AST-00752,2026-06-19,82.3,Good
AST-00753,2024-01-01,78.9,Good
AST-00753,2024-03-31,75.8,Good
AST-00753,2024-06-29,79.2,Good
AST-00753,2024-09-27,73.7,Fair
AST-00753,2024-12-26,75.8,Good
AST-00753,2025-03-26,73.3,Fair
AST-00753,2025-06-24,68.9,Fair
AST-00753,2025-09-22,74.2,Fair
AST-00753,2025-12-21,70.8,Fair
AST-00753,2026-03-21,67.4,Fair
AST-00753,2026-06-19,77.7,Good
AST-00754,2024-01-01,65.1,Fair
AST-00754,2024-03-31,61.6,Fair
AST-00754,2024-06-29,62.0,Fair
AST-00754,2024-09-27,58.9,Poor
AST-00754,2024-12-26,58.4,Poor
AST-00754,2025-03-26,53.0,Poor
AST-00754,2025-06-24,58.3,Poor
AST-00754,2025-09-22,48.7,Poor
AST-00754,2025-12-21,47.9,Poor
AST-00754,2026-03-21,52.7,Poor
AST-00754,2026-06-19,48.7,Poor
AST-00755,2024-01-01,62.6,Fair
AST-00755,2024-03-31,60.4,Fair
AST-00755,2024-06-29,58.9,Poor
AST-00755,2024-09-27,62.0,Fair
AST-00755,2024-12-26,53.7,Poor
AST-00755,2025-03-26,58.0,Poor
AST-00755,2025-06-24,55.2,Poor
AST-00755,2025-09-22,59.9,Poor
AST-00755,2025-12-21,55.0,Poor
AST-00755,2026-03-21,55.8,Poor
AST-00755,2026-06-19,51.9,Poor
AST-00756,2024-01-01,65.4,Fair
AST-00756,2024-03-31,63.2,Fair
AST-00756,2024-06-29,55.2,Poor
AST-00756,2024-09-27,63.0,Fair
AST-00756,2024-12-26,58.0,Poor
AST-00756,2025-03-26,55.3,Poor
AST-00756,2025-06-24,63.2,Fair
AST-00756,2025-09-22,62.3,Fair
AST-00756,2025-12-21,57.6,Poor
AST-00756,2026-03-21,58.8,Poor
AST-00756,2026-06-19,53.8,Poor
AST-00757,2024-01-01,53.5,Poor
AST-00757,2024-03-31,49.4,Poor
AST-00757,2024-06-29,42.6,Critical
AST-00757,2024-09-27,41.9,Critical
AST-00757,2024-12-26,46.1,Poor
AST-00757,2025-03-26,41.2,Critical
AST-00757,2025-06-24,41.6,Critical
AST-00757,2025-09-22,49.8,Poor
AST-00757,2025-12-21,42.9,Critical
AST-00757,2026-03-21,45.2,Poor
AST-00757,2026-06-19,42.9,Critical
AST-00758,2024-01-01,80.6,Good
AST-00758,2024-03-31,77.4,Good
AST-00758,2024-06-29,67.5,Fair
AST-00758,2024-09-27,78.3,Good
AST-00758,2024-12-26,69.4,Fair
AST-00758,2025-03-26,70.3,Fair
AST-00758,2025-06-24,66.4,Fair
AST-00758,2025-09-22,75.1,Good
AST-00758,2025-12-21,57.6,Poor
AST-00758,2026-03-21,70.6,Fair
AST-00758,2026-06-19,66.9,Fair
AST-00759,2024-01-01,97.1,Good
AST-00759,2024-03-31,95.7,Good
AST-00759,2024-06-29,100.0,Good
AST-00759,2024-09-27,100.0,Good
AST-00759,2024-12-26,91.1,Good
AST-00759,2025-03-26,99.8,Good
AST-00759,2025-06-24,90.4,Good
AST-00759,2025-09-22,87.3,Good
AST-00759,2025-12-21,94.6,Good
AST-00759,2026-03-21,88.3,Good
AST-00759,2026-06-19,84.2,Good
AST-00760,2024-01-01,88.7,Good
AST-00760,2024-03-31,83.9,Good
AST-00760,2024-06-29,90.0,Good
AST-00760,2024-09-27,85.4,Good
AST-00760,2024-12-26,83.0,Good
AST-00760,2025-03-26,88.8,Good
AST-00760,2025-06-24,85.4,Good
AST-00760,2025-09-22,79.2,Good
AST-00760,2025-12-21,78.5,Good
AST-00760,2026-03-21,80.2,Good
AST-00760,2026-06-19,82.6,Good
AST-00761,2024-01-01,100.0,Good
AST-00761,2024-03-31,95.5,Good
AST-00761,2024-06-29,100.0,Good
AST-00761,2024-09-27,93.2,Good
AST-00761,2024-12-26,99.9,Good
AST-00761,2025-03-26,89.8,Good
AST-00761,2025-06-24,92.4,Good
AST-00761,2025-09-22,98.6,Good
AST-00761,2025-12-21,83.5,Good
AST-00761,2026-03-21,83.3,Good
AST-00761,2026-06-19,89.6,Good
AST-00762,2024-01-01,79.5,Good
AST-00762,2024-03-31,80.9,Good
AST-00762,2024-06-29,78.6,Good
AST-00762,2024-09-27,73.9,Fair
AST-00762,2024-12-26,75.1,Good
AST-00762,2025-03-26,75.5,Good
AST-00762,2025-06-24,75.0,Good
AST-00762,2025-09-22,76.9,Good
AST-00762,2025-12-21,73.2,Fair
AST-00762,2026-03-21,68.8,Fair
AST-00762,2026-06-19,69.9,Fair
AST-00763,2024-01-01,69.6,Fair
AST-00763,2024-03-31,68.9,Fair
AST-00763,2024-06-29,70.7,Fair
AST-00763,2024-09-27,67.3,Fair
AST-00763,2024-12-26,74.7,Fair
AST-00763,2025-03-26,69.4,Fair
AST-00763,2025-06-24,64.7,Fair
AST-00763,2025-09-22,65.4,Fair
AST-00763,2025-12-21,69.2,Fair
AST-00763,2026-03-21,66.6,Fair
AST-00763,2026-06-19,60.3,Fair
AST-00764,2024-01-01,78.3,Good
AST-00764,2024-03-31,84.7,Good
AST-00764,2024-06-29,79.2,Good
AST-00764,2024-09-27,77.2,Good
AST-00764,2024-12-26,78.5,Good
AST-00764,2025-03-26,75.1,Good
AST-00764,2025-06-24,80.7,Good
AST-00764,2025-09-22,74.1,Fair
AST-00764,2025-12-21,75.2,Good
AST-00764,2026-03-21,74.9,Fair
AST-00764,2026-06-19,69.9,Fair
AST-00765,2024-01-01,85.9,Good
AST-00765,2024-03-31,89.7,Good
AST-00765,2024-06-29,85.2,Good
AST-00765,2024-09-27,88.1,Good
AST-00765,2024-12-26,87.7,Good
AST-00765,2025-03-26,85.3,Good
AST-00765,2025-06-24,87.8,Good
AST-00765,2025-09-22,83.0,Good
AST-00765,2025-12-21,83.8,Good
AST-00765,2026-03-21,75.8,Good
AST-00765,2026-06-19,75.8,Good
AST-00766,2024-01-01,78.4,Good
AST-00766,2024-03-31,72.0,Fair
AST-00766,2024-06-29,65.6,Fair
AST-00766,2024-09-27,71.3,Fair
AST-00766,2024-12-26,65.7,Fair
AST-00766,2025-03-26,71.6,Fair
AST-00766,2025-06-24,60.9,Fair
AST-00766,2025-09-22,61.5,Fair
AST-00766,2025-12-21,65.7,Fair
AST-00766,2026-03-21,64.3,Fair
AST-00766,2026-06-19,66.8,Fair
AST-00767,2024-01-01,79.2,Good
AST-00767,2024-03-31,73.8,Fair
AST-00767,2024-06-29,74.7,Fair
AST-00767,2024-09-27,77.7,Good
AST-00767,2024-12-26,73.0,Fair
AST-00767,2025-03-26,69.2,Fair
AST-00767,2025-06-24,69.1,Fair
AST-00767,2025-09-22,70.9,Fair
AST-00767,2025-12-21,73.2,Fair
AST-00767,2026-03-21,64.3,Fair
AST-00767,2026-06-19,72.2,Fair
AST-00768,2024-01-01,59.1,Poor
AST-00768,2024-03-31,48.7,Poor
AST-00768,2024-06-29,56.9,Poor
AST-00768,2024-09-27,51.5,Poor
AST-00768,2024-12-26,44.3,Critical
AST-00768,2025-03-26,47.7,Poor
AST-00768,2025-06-24,51.5,Poor
AST-00768,2025-09-22,46.5,Poor
AST-00768,2025-12-21,53.8,Poor
AST-00768,2026-03-21,50.6,Poor
AST-00768,2026-06-19,48.7,Poor
AST-00769,2024-01-01,76.7,Good
AST-00769,2024-03-31,82.6,Good
AST-00769,2024-06-29,78.9,Good
AST-00769,2024-09-27,78.5,Good
AST-00769,2024-12-26,79.1,Good
AST-00769,2025-03-26,82.2,Good
AST-00769,2025-06-24,78.2,Good
AST-00769,2025-09-22,77.2,Good
AST-00769,2025-12-21,76.6,Good
AST-00769,2026-03-21,72.8,Fair
AST-00769,2026-06-19,78.9,Good
AST-00770,2024-01-01,39.9,Critical
AST-00770,2024-03-31,42.5,Critical
AST-00770,2024-06-29,47.4,Poor
AST-00770,2024-09-27,44.4,Critical
AST-00770,2024-12-26,42.1,Critical
AST-00770,2025-03-26,38.2,Critical
AST-00770,2025-06-24,36.6,Critical
AST-00770,2025-09-22,35.9,Critical
AST-00770,2025-12-21,38.6,Critical
AST-00770,2026-03-21,32.1,Critical
AST-00770,2026-06-19,43.9,Critical
AST-00771,2024-01-01,65.1,Fair
AST-00771,2024-03-31,59.4,Poor
AST-00771,2024-06-29,69.2,Fair
AST-00771,2024-09-27,56.5,Poor
AST-00771,2024-12-26,63.9,Fair
AST-00771,2025-03-26,65.3,Fair
AST-00771,2025-06-24,56.2,Poor
AST-00771,2025-09-22,54.7,Poor
AST-00771,2025-12-21,54.4,Poor
AST-00771,2026-03-21,54.8,Poor
AST-00771,2026-06-19,53.0,Poor
AST-00772,2024-01-01,100.0,Good
AST-00772,2024-03-31,94.4,Good
AST-00772,2024-06-29,93.1,Good
AST-00772,2024-09-27,92.8,Good
AST-00772,2024-12-26,99.5,Good
AST-00772,2025-03-26,91.8,Good
AST-00772,2025-06-24,90.6,Good
AST-00772,2025-09-22,95.0,Good
AST-00772,2025-12-21,89.6,Good
AST-00772,2026-03-21,87.8,Good
AST-00772,2026-06-19,89.1,Good
AST-00773,2024-01-01,81.8,Good
AST-00773,2024-03-31,78.8,Good
AST-00773,2024-06-29,79.5,Good
AST-00773,2024-09-27,74.9,Fair
AST-00773,2024-12-26,85.7,Good
AST-00773,2025-03-26,76.0,Good
AST-00773,2025-06-24,74.8,Fair
AST-00773,2025-09-22,68.0,Fair
AST-00773,2025-12-21,75.6,Good
AST-00773,2026-03-21,75.7,Good
AST-00773,2026-06-19,77.0,Good
AST-00774,2024-01-01,73.4,Fair
AST-00774,2024-03-31,70.4,Fair
AST-00774,2024-06-29,71.4,Fair
AST-00774,2024-09-27,71.5,Fair
AST-00774,2024-12-26,71.7,Fair
AST-00774,2025-03-26,64.8,Fair
AST-00774,2025-06-24,66.6,Fair
AST-00774,2025-09-22,63.1,Fair
AST-00774,2025-12-21,65.9,Fair
AST-00774,2026-03-21,61.0,Fair
AST-00774,2026-06-19,61.7,Fair
AST-00775,2024-01-01,75.0,Fair
AST-00775,2024-03-31,71.0,Fair
AST-00775,2024-06-29,74.4,Fair
AST-00775,2024-09-27,67.2,Fair
AST-00775,2024-12-26,69.8,Fair
AST-00775,2025-03-26,70.2,Fair
AST-00775,2025-06-24,64.0,Fair
AST-00775,2025-09-22,63.1,Fair
AST-00775,2025-12-21,67.4,Fair
AST-00775,2026-03-21,65.9,Fair
AST-00775,2026-06-19,56.2,Poor
AST-00776,2024-01-01,87.9,Good
AST-00776,2024-03-31,91.4,Good
AST-00776,2024-06-29,91.6,Good
AST-00776,2024-09-27,91.8,Good
AST-00776,2024-12-26,90.3,Good
AST-00776,2025-03-26,84.4,Good
AST-00776,2025-06-24,89.1,Good
AST-00776,2025-09-22,89.5,Good
AST-00776,2025-12-21,80.4,Good
AST-00776,2026-03-21,83.7,Good
AST-00776,2026-06-19,85.0,Good
AST-00777,2024-01-01,81.2,Good
AST-00777,2024-03-31,83.6,Good
AST-00777,2024-06-29,86.3,Good
AST-00777,2024-09-27,82.5,Good
AST-00777,2024-12-26,81.4,Good
AST-00777,2025-03-26,78.9,Good
AST-00777,2025-06-24,82.4,Good
AST-00777,2025-09-22,75.5,Good
AST-00777,2025-12-21,76.4,Good
AST-00777,2026-03-21,76.7,Good
AST-00777,2026-06-19,70.2,Fair
AST-00778,2024-01-01,61.7,Fair
AST-00778,2024-03-31,62.5,Fair
AST-00778,2024-06-29,62.5,Fair
AST-00778,2024-09-27,55.6,Poor
AST-00778,2024-12-26,54.0,Poor
AST-00778,2025-03-26,59.3,Poor
AST-00778,2025-06-24,58.0,Poor
AST-00778,2025-09-22,57.3,Poor
AST-00778,2025-12-21,50.9,Poor
AST-00778,2026-03-21,53.8,Poor
AST-00778,2026-06-19,48.0,Poor
AST-00779,2024-01-01,86.2,Good
AST-00779,2024-03-31,85.1,Good
AST-00779,2024-06-29,84.1,Good
AST-00779,2024-09-27,76.6,Good
AST-00779,2024-12-26,80.9,Good
AST-00779,2025-03-26,84.6,Good
AST-00779,2025-06-24,85.1,Good
AST-00779,2025-09-22,85.1,Good
AST-00779,2025-12-21,81.9,Good
AST-00779,2026-03-21,77.1,Good
AST-00779,2026-06-19,81.6,Good
AST-00780,2024-01-01,92.2,Good
AST-00780,2024-03-31,94.1,Good
AST-00780,2024-06-29,89.5,Good
AST-00780,2024-09-27,86.6,Good
AST-00780,2024-12-26,85.3,Good
AST-00780,2025-03-26,83.9,Good
AST-00780,2025-06-24,83.9,Good
AST-00780,2025-09-22,84.2,Good
AST-00780,2025-12-21,86.2,Good
AST-00780,2026-03-21,87.0,Good
AST-00780,2026-06-19,78.2,Good
AST-00781,2024-01-01,90.7,Good
AST-00781,2024-03-31,89.4,Good
AST-00781,2024-06-29,84.2,Good
AST-00781,2024-09-27,90.1,Good
AST-00781,2024-12-26,88.6,Good
AST-00781,2025-03-26,84.6,Good
AST-00781,2025-06-24,84.9,Good
AST-00781,2025-09-22,82.0,Good
AST-00781,2025-12-21,80.5,Good
AST-00781,2026-03-21,83.4,Good
AST-00781,2026-06-19,80.6,Good
AST-00782,2024-01-01,50.2,Poor
AST-00782,2024-03-31,48.0,Poor
AST-00782,2024-06-29,50.9,Poor
AST-00782,2024-09-27,47.5,Poor
AST-00782,2024-12-26,43.9,Critical
AST-00782,2025-03-26,42.5,Critical
AST-00782,2025-06-24,40.6,Critical
AST-00782,2025-09-22,41.9,Critical
AST-00782,2025-12-21,43.2,Critical
AST-00782,2026-03-21,41.1,Critical
AST-00782,2026-06-19,42.0,Critical
AST-00783,2024-01-01,70.4,Fair
AST-00783,2024-03-31,63.5,Fair
AST-00783,2024-06-29,60.8,Fair
AST-00783,2024-09-27,61.4,Fair
AST-00783,2024-12-26,63.1,Fair
AST-00783,2025-03-26,59.9,Poor
AST-00783,2025-06-24,60.4,Fair
AST-00783,2025-09-22,61.9,Fair
AST-00783,2025-12-21,58.6,Poor
AST-00783,2026-03-21,54.8,Poor
AST-00783,2026-06-19,53.2,Poor
AST-00784,2024-01-01,63.4,Fair
AST-00784,2024-03-31,67.6,Fair
AST-00784,2024-06-29,60.3,Fair
AST-00784,2024-09-27,63.1,Fair
AST-00784,2024-12-26,55.1,Poor
AST-00784,2025-03-26,56.9,Poor
AST-00784,2025-06-24,61.6,Fair
AST-00784,2025-09-22,54.3,Poor
AST-00784,2025-12-21,58.9,Poor
AST-00784,2026-03-21,54.7,Poor
AST-00784,2026-06-19,65.3,Fair
AST-00785,2024-01-01,55.0,Poor
AST-00785,2024-03-31,62.9,Fair
AST-00785,2024-06-29,59.9,Poor
AST-00785,2024-09-27,58.2,Poor
AST-00785,2024-12-26,59.2,Poor
AST-00785,2025-03-26,54.1,Poor
AST-00785,2025-06-24,59.8,Poor
AST-00785,2025-09-22,50.3,Poor
AST-00785,2025-12-21,58.8,Poor
AST-00785,2026-03-21,47.6,Poor
AST-00785,2026-06-19,48.6,Poor
AST-00786,2024-01-01,97.8,Good
AST-00786,2024-03-31,95.5,Good
AST-00786,2024-06-29,94.7,Good
AST-00786,2024-09-27,95.6,Good
AST-00786,2024-12-26,92.4,Good
AST-00786,2025-03-26,96.9,Good
AST-00786,2025-06-24,91.8,Good
AST-00786,2025-09-22,95.0,Good
AST-00786,2025-12-21,96.6,Good
AST-00786,2026-03-21,91.6,Good
AST-00786,2026-06-19,95.2,Good
AST-00787,2024-01-01,77.2,Good
AST-00787,2024-03-31,80.8,Good
AST-00787,2024-06-29,78.6,Good
AST-00787,2024-09-27,77.4,Good
AST-00787,2024-12-26,77.3,Good
AST-00787,2025-03-26,77.9,Good
AST-00787,2025-06-24,81.0,Good
AST-00787,2025-09-22,70.7,Fair
AST-00787,2025-12-21,77.2,Good
AST-00787,2026-03-21,78.1,Good
AST-00787,2026-06-19,76.2,Good
AST-00788,2024-01-01,89.8,Good
AST-00788,2024-03-31,88.3,Good
AST-00788,2024-06-29,88.3,Good
AST-00788,2024-09-27,84.6,Good
AST-00788,2024-12-26,82.9,Good
AST-00788,2025-03-26,85.6,Good
AST-00788,2025-06-24,81.1,Good
AST-00788,2025-09-22,79.2,Good
AST-00788,2025-12-21,80.6,Good
AST-00788,2026-03-21,81.1,Good
AST-00788,2026-06-19,79.2,Good
AST-00789,2024-01-01,99.5,Good
AST-00789,2024-03-31,100.0,Good
AST-00789,2024-06-29,93.5,Good
AST-00789,2024-09-27,96.4,Good
AST-00789,2024-12-26,91.8,Good
AST-00789,2025-03-26,99.1,Good
AST-00789,2025-06-24,88.8,Good
AST-00789,2025-09-22,89.8,Good
AST-00789,2025-12-21,90.3,Good
AST-00789,2026-03-21,84.9,Good
AST-00789,2026-06-19,85.6,Good
AST-00790,2024-01-01,63.3,Fair
AST-00790,2024-03-31,70.7,Fair
AST-00790,2024-06-29,64.9,Fair
AST-00790,2024-09-27,62.9,Fair
AST-00790,2024-12-26,56.6,Poor
AST-00790,2025-03-26,54.5,Poor
AST-00790,2025-06-24,52.4,Poor
AST-00790,2025-09-22,57.2,Poor
AST-00790,2025-12-21,51.6,Poor
AST-00790,2026-03-21,59.8,Poor
AST-00790,2026-06-19,57.1,Poor
AST-00791,2024-01-01,63.6,Fair
AST-00791,2024-03-31,59.6,Poor
AST-00791,2024-06-29,67.0,Fair
AST-00791,2024-09-27,63.1,Fair
AST-00791,2024-12-26,65.5,Fair
AST-00791,2025-03-26,57.0,Poor
AST-00791,2025-06-24,59.3,Poor
AST-00791,2025-09-22,63.7,Fair
AST-00791,2025-12-21,54.2,Poor
AST-00791,2026-03-21,53.9,Poor
AST-00791,2026-06-19,55.7,Poor
AST-00792,2024-01-01,95.5,Good
AST-00792,2024-03-31,91.1,Good
AST-00792,2024-06-29,93.3,Good
AST-00792,2024-09-27,85.7,Good
AST-00792,2024-12-26,90.3,Good
AST-00792,2025-03-26,91.1,Good
AST-00792,2025-06-24,86.9,Good
AST-00792,2025-09-22,88.3,Good
AST-00792,2025-12-21,79.3,Good
AST-00792,2026-03-21,82.1,Good
AST-00792,2026-06-19,83.4,Good
AST-00793,2024-01-01,56.6,Poor
AST-00793,2024-03-31,55.6,Poor
AST-00793,2024-06-29,57.4,Poor
AST-00793,2024-09-27,56.9,Poor
AST-00793,2024-12-26,53.7,Poor
AST-00793,2025-03-26,55.2,Poor
AST-00793,2025-06-24,61.6,Fair
AST-00793,2025-09-22,50.2,Poor
AST-00793,2025-12-21,54.7,Poor
AST-00793,2026-03-21,48.5,Poor
AST-00793,2026-06-19,48.9,Poor
AST-00794,2024-01-01,82.9,Good
AST-00794,2024-03-31,81.8,Good
AST-00794,2024-06-29,80.0,Good
AST-00794,2024-09-27,79.9,Good
AST-00794,2024-12-26,73.6,Fair
AST-00794,2025-03-26,76.6,Good
AST-00794,2025-06-24,71.1,Fair
AST-00794,2025-09-22,78.9,Good
AST-00794,2025-12-21,81.6,Good
AST-00794,2026-03-21,80.5,Good
AST-00794,2026-06-19,77.8,Good
AST-00795,2024-01-01,99.6,Good
AST-00795,2024-03-31,93.1,Good
AST-00795,2024-06-29,94.6,Good
AST-00795,2024-09-27,91.3,Good
AST-00795,2024-12-26,88.3,Good
AST-00795,2025-03-26,91.5,Good
AST-00795,2025-06-24,84.6,Good
AST-00795,2025-09-22,86.1,Good
AST-00795,2025-12-21,85.1,Good
AST-00795,2026-03-21,84.1,Good
AST-00795,2026-06-19,77.1,Good
AST-00796,2024-01-01,57.3,Poor
AST-00796,2024-03-31,59.0,Poor
AST-00796,2024-06-29,55.7,Poor
AST-00796,2024-09-27,54.3,Poor
AST-00796,2024-12-26,56.7,Poor
AST-00796,2025-03-26,58.2,Poor
AST-00796,2025-06-24,54.0,Poor
AST-00796,2025-09-22,56.7,Poor
AST-00796,2025-12-21,54.0,Poor
AST-00796,2026-03-21,50.5,Poor
AST-00796,2026-06-19,56.0,Poor
AST-00797,2024-01-01,54.6,Poor
AST-00797,2024-03-31,54.0,Poor
AST-00797,2024-06-29,49.0,Poor
AST-00797,2024-09-27,54.7,Poor
AST-00797,2024-12-26,45.1,Poor
AST-00797,2025-03-26,46.0,Poor
AST-00797,2025-06-24,54.0,Poor
AST-00797,2025-09-22,48.9,Poor
AST-00797,2025-12-21,41.7,Critical
AST-00797,2026-03-21,52.9,Poor
AST-00797,2026-06-19,39.7,Critical
AST-00798,2024-01-01,85.1,Good
AST-00798,2024-03-31,85.6,Good
AST-00798,2024-06-29,82.2,Good
AST-00798,2024-09-27,86.0,Good
AST-00798,2024-12-26,78.9,Good
AST-00798,2025-03-26,85.9,Good
AST-00798,2025-06-24,82.3,Good
AST-00798,2025-09-22,73.2,Fair
AST-00798,2025-12-21,76.9,Good
AST-00798,2026-03-21,77.7,Good
AST-00798,2026-06-19,68.8,Fair
AST-00799,2024-01-01,55.0,Poor
AST-00799,2024-03-31,53.1,Poor
AST-00799,2024-06-29,59.7,Poor
AST-00799,2024-09-27,57.6,Poor
AST-00799,2024-12-26,52.3,Poor
AST-00799,2025-03-26,55.8,Poor
AST-00799,2025-06-24,53.1,Poor
AST-00799,2025-09-22,52.6,Poor
AST-00799,2025-12-21,51.6,Poor
AST-00799,2026-03-21,51.4,Poor
AST-00799,2026-06-19,47.8,Poor
AST-00800,2024-01-01,84.6,Good
AST-00800,2024-03-31,82.4,Good
AST-00800,2024-06-29,75.8,Good
AST-00800,2024-09-27,77.3,Good
AST-00800,2024-12-26,74.7,Fair
AST-00800,2025-03-26,75.8,Good
AST-00800,2025-06-24,76.6,Good
AST-00800,2025-09-22,76.3,Good
AST-00800,2025-12-21,67.5,Fair
AST-00800,2026-03-21,73.9,Fair
AST-00800,2026-06-19,71.6,Fair
AST-00801,2024-01-01,64.9,Fair
AST-00801,2024-03-31,68.8,Fair
AST-00801,2024-06-29,62.6,Fair
AST-00801,2024-09-27,62.5,Fair
AST-00801,2024-12-26,62.8,Fair
AST-00801,2025-03-26,57.5,Poor
AST-00801,2025-06-24,57.5,Poor
AST-00801,2025-09-22,59.1,Poor
AST-00801,2025-12-21,54.6,Poor
AST-00801,2026-03-21,59.0,Poor
AST-00801,2026-06-19,62.8,Fair
AST-00802,2024-01-01,66.8,Fair
AST-00802,2024-03-31,78.6,Good
AST-00802,2024-06-29,65.2,Fair
AST-00802,2024-09-27,71.0,Fair
AST-00802,2024-12-26,76.5,Good
AST-00802,2025-03-26,67.9,Fair
AST-00802,2025-06-24,66.6,Fair
AST-00802,2025-09-22,73.0,Fair
AST-00802,2025-12-21,66.1,Fair
AST-00802,2026-03-21,68.2,Fair
AST-00802,2026-06-19,69.7,Fair
AST-00803,2024-01-01,55.3,Poor
AST-00803,2024-03-31,58.0,Poor
AST-00803,2024-06-29,54.6,Poor
AST-00803,2024-09-27,50.3,Poor
AST-00803,2024-12-26,48.8,Poor
AST-00803,2025-03-26,46.8,Poor
AST-00803,2025-06-24,57.3,Poor
AST-00803,2025-09-22,49.1,Poor
AST-00803,2025-12-21,45.6,Poor
AST-00803,2026-03-21,47.2,Poor
AST-00803,2026-06-19,39.4,Critical
AST-00804,2024-01-01,92.0,Good
AST-00804,2024-03-31,99.5,Good
AST-00804,2024-06-29,96.3,Good
AST-00804,2024-09-27,98.2,Good
AST-00804,2024-12-26,88.4,Good
AST-00804,2025-03-26,94.4,Good
AST-00804,2025-06-24,89.6,Good
AST-00804,2025-09-22,92.3,Good
AST-00804,2025-12-21,89.6,Good
AST-00804,2026-03-21,84.3,Good
AST-00804,2026-06-19,81.4,Good
AST-00805,2024-01-01,85.9,Good
AST-00805,2024-03-31,86.2,Good
AST-00805,2024-06-29,88.3,Good
AST-00805,2024-09-27,88.9,Good
AST-00805,2024-12-26,86.1,Good
AST-00805,2025-03-26,82.4,Good
AST-00805,2025-06-24,87.1,Good
AST-00805,2025-09-22,79.7,Good
AST-00805,2025-12-21,82.9,Good
AST-00805,2026-03-21,79.8,Good
AST-00805,2026-06-19,72.7,Fair
AST-00806,2024-01-01,54.7,Poor
AST-00806,2024-03-31,53.4,Poor
AST-00806,2024-06-29,53.0,Poor
AST-00806,2024-09-27,52.0,Poor
AST-00806,2024-12-26,53.2,Poor
AST-00806,2025-03-26,52.6,Poor
AST-00806,2025-06-24,52.3,Poor
AST-00806,2025-09-22,52.8,Poor
AST-00806,2025-12-21,55.2,Poor
AST-00806,2026-03-21,44.6,Critical
AST-00806,2026-06-19,52.4,Poor
AST-00807,2024-01-01,69.5,Fair
AST-00807,2024-03-31,65.2,Fair
AST-00807,2024-06-29,62.7,Fair
AST-00807,2024-09-27,60.2,Fair
AST-00807,2024-12-26,65.6,Fair
AST-00807,2025-03-26,54.8,Poor
AST-00807,2025-06-24,62.5,Fair
AST-00807,2025-09-22,54.3,Poor
AST-00807,2025-12-21,54.4,Poor
AST-00807,2026-03-21,57.5,Poor
AST-00807,2026-06-19,48.7,Poor
AST-00808,2024-01-01,83.0,Good
AST-00808,2024-03-31,81.3,Good
AST-00808,2024-06-29,82.6,Good
AST-00808,2024-09-27,81.9,Good
AST-00808,2024-12-26,73.4,Fair
AST-00808,2025-03-26,83.9,Good
AST-00808,2025-06-24,72.6,Fair
AST-00808,2025-09-22,70.5,Fair
AST-00808,2025-12-21,71.3,Fair
AST-00808,2026-03-21,74.8,Fair
AST-00808,2026-06-19,68.7,Fair
AST-00809,2024-01-01,66.8,Fair
AST-00809,2024-03-31,62.8,Fair
AST-00809,2024-06-29,64.1,Fair
AST-00809,2024-09-27,58.5,Poor
AST-00809,2024-12-26,48.6,Poor
AST-00809,2025-03-26,53.6,Poor
AST-00809,2025-06-24,56.8,Poor
AST-00809,2025-09-22,51.0,Poor
AST-00809,2025-12-21,47.8,Poor
AST-00809,2026-03-21,49.0,Poor
AST-00809,2026-06-19,44.9,Critical
AST-00810,2024-01-01,85.4,Good
AST-00810,2024-03-31,82.2,Good
AST-00810,2024-06-29,80.8,Good
AST-00810,2024-09-27,86.1,Good
AST-00810,2024-12-26,78.3,Good
AST-00810,2025-03-26,75.6,Good
AST-00810,2025-06-24,77.2,Good
AST-00810,2025-09-22,74.8,Fair
AST-00810,2025-12-21,73.0,Fair
AST-00810,2026-03-21,74.5,Fair
AST-00810,2026-06-19,67.2,Fair
AST-00811,2024-01-01,88.7,Good
AST-00811,2024-03-31,79.8,Good
AST-00811,2024-06-29,79.9,Good
AST-00811,2024-09-27,81.1,Good
AST-00811,2024-12-26,80.0,Good
AST-00811,2025-03-26,81.0,Good
AST-00811,2025-06-24,81.2,Good
AST-00811,2025-09-22,80.6,Good
AST-00811,2025-12-21,77.7,Good
AST-00811,2026-03-21,85.5,Good
AST-00811,2026-06-19,71.5,Fair
AST-00812,2024-01-01,87.2,Good
AST-00812,2024-03-31,83.8,Good
AST-00812,2024-06-29,80.3,Good
AST-00812,2024-09-27,82.5,Good
AST-00812,2024-12-26,79.6,Good
AST-00812,2025-03-26,78.6,Good
AST-00812,2025-06-24,73.1,Fair
AST-00812,2025-09-22,74.3,Fair
AST-00812,2025-12-21,72.2,Fair
AST-00812,2026-03-21,75.2,Good
AST-00812,2026-06-19,70.3,Fair
AST-00813,2024-01-01,91.0,Good
AST-00813,2024-03-31,89.2,Good
AST-00813,2024-06-29,87.1,Good
AST-00813,2024-09-27,87.3,Good
AST-00813,2024-12-26,86.6,Good
AST-00813,2025-03-26,84.4,Good
AST-00813,2025-06-24,88.3,Good
AST-00813,2025-09-22,82.3,Good
AST-00813,2025-12-21,74.4,Fair
AST-00813,2026-03-21,80.8,Good
AST-00813,2026-06-19,78.1,Good
AST-00814,2024-01-01,50.1,Poor
AST-00814,2024-03-31,51.1,Poor
AST-00814,2024-06-29,57.2,Poor
AST-00814,2024-09-27,47.9,Poor
AST-00814,2024-12-26,51.0,Poor
AST-00814,2025-03-26,45.9,Poor
AST-00814,2025-06-24,50.0,Poor
AST-00814,2025-09-22,44.2,Critical
AST-00814,2025-12-21,40.5,Critical
AST-00814,2026-03-21,48.9,Poor
AST-00814,2026-06-19,40.0,Critical
AST-00815,2024-01-01,78.0,Good
AST-00815,2024-03-31,78.5,Good
AST-00815,2024-06-29,74.1,Fair
AST-00815,2024-09-27,73.6,Fair
AST-00815,2024-12-26,70.9,Fair
AST-00815,2025-03-26,71.0,Fair
AST-00815,2025-06-24,75.4,Good
AST-00815,2025-09-22,66.7,Fair
AST-00815,2025-12-21,66.5,Fair
AST-00815,2026-03-21,63.3,Fair
AST-00815,2026-06-19,60.0,Fair
AST-00816,2024-01-01,85.8,Good
AST-00816,2024-03-31,89.3,Good
AST-00816,2024-06-29,86.2,Good
AST-00816,2024-09-27,90.7,Good
AST-00816,2024-12-26,79.9,Good
AST-00816,2025-03-26,87.8,Good
AST-00816,2025-06-24,84.7,Good
AST-00816,2025-09-22,77.7,Good
AST-00816,2025-12-21,83.1,Good
AST-00816,2026-03-21,85.2,Good
AST-00816,2026-06-19,85.6,Good
AST-00817,2024-01-01,77.8,Good
AST-00817,2024-03-31,74.5,Fair
AST-00817,2024-06-29,75.2,Good
AST-00817,2024-09-27,76.0,Good
AST-00817,2024-12-26,70.4,Fair
AST-00817,2025-03-26,71.1,Fair
AST-00817,2025-06-24,77.3,Good
AST-00817,2025-09-22,73.0,Fair
AST-00817,2025-12-21,66.7,Fair
AST-00817,2026-03-21,69.9,Fair
AST-00817,2026-06-19,73.6,Fair
AST-00818,2024-01-01,48.6,Poor
AST-00818,2024-03-31,42.2,Critical
AST-00818,2024-06-29,41.6,Critical
AST-00818,2024-09-27,46.1,Poor
AST-00818,2024-12-26,44.6,Critical
AST-00818,2025-03-26,37.1,Critical
AST-00818,2025-06-24,32.8,Critical
AST-00818,2025-09-22,35.9,Critical
AST-00818,2025-12-21,34.8,Critical
AST-00818,2026-03-21,31.9,Critical
AST-00818,2026-06-19,30.3,Critical
AST-00819,2024-01-01,96.3,Good
AST-00819,2024-03-31,88.0,Good
AST-00819,2024-06-29,87.3,Good
AST-00819,2024-09-27,89.6,Good
AST-00819,2024-12-26,88.6,Good
AST-00819,2025-03-26,89.4,Good
AST-00819,2025-06-24,87.4,Good
AST-00819,2025-09-22,76.2,Good
AST-00819,2025-12-21,81.0,Good
AST-00819,2026-03-21,84.5,Good
AST-00819,2026-06-19,84.2,Good
AST-00820,2024-01-01,61.4,Fair
AST-00820,2024-03-31,63.0,Fair
AST-00820,2024-06-29,62.7,Fair
AST-00820,2024-09-27,68.9,Fair
AST-00820,2024-12-26,60.5,Fair
AST-00820,2025-03-26,63.1,Fair
AST-00820,2025-06-24,54.1,Poor
AST-00820,2025-09-22,64.2,Fair
AST-00820,2025-12-21,54.9,Poor
AST-00820,2026-03-21,64.7,Fair
AST-00820,2026-06-19,63.4,Fair
AST-00821,2024-01-01,87.9,Good
AST-00821,2024-03-31,85.8,Good
AST-00821,2024-06-29,84.5,Good
AST-00821,2024-09-27,84.3,Good
AST-00821,2024-12-26,80.4,Good
AST-00821,2025-03-26,82.2,Good
AST-00821,2025-06-24,81.0,Good
AST-00821,2025-09-22,78.8,Good
AST-00821,2025-12-21,78.7,Good
AST-00821,2026-03-21,80.1,Good
AST-00821,2026-06-19,84.0,Good
AST-00822,2024-01-01,61.8,Fair
AST-00822,2024-03-31,66.3,Fair
AST-00822,2024-06-29,66.8,Fair
AST-00822,2024-09-27,65.3,Fair
AST-00822,2024-12-26,65.6,Fair
AST-00822,2025-03-26,57.8,Poor
AST-00822,2025-06-24,58.2,Poor
AST-00822,2025-09-22,61.7,Fair
AST-00822,2025-12-21,60.7,Fair
AST-00822,2026-03-21,66.0,Fair
AST-00822,2026-06-19,58.1,Poor
AST-00823,2024-01-01,88.9,Good
AST-00823,2024-03-31,92.8,Good
AST-00823,2024-06-29,83.7,Good
AST-00823,2024-09-27,90.1,Good
AST-00823,2024-12-26,81.8,Good
AST-00823,2025-03-26,86.4,Good
AST-00823,2025-06-24,86.4,Good
AST-00823,2025-09-22,81.6,Good
AST-00823,2025-12-21,89.6,Good
AST-00823,2026-03-21,85.3,Good
AST-00823,2026-06-19,82.1,Good
AST-00824,2024-01-01,63.5,Fair
AST-00824,2024-03-31,65.6,Fair
AST-00824,2024-06-29,54.5,Poor
AST-00824,2024-09-27,62.8,Fair
AST-00824,2024-12-26,58.4,Poor
AST-00824,2025-03-26,59.2,Poor
AST-00824,2025-06-24,57.8,Poor
AST-00824,2025-09-22,48.9,Poor
AST-00824,2025-12-21,57.1,Poor
AST-00824,2026-03-21,54.2,Poor
AST-00824,2026-06-19,61.1,Fair
AST-00825,2024-01-01,69.8,Fair
AST-00825,2024-03-31,67.2,Fair
AST-00825,2024-06-29,65.9,Fair
AST-00825,2024-09-27,64.3,Fair
AST-00825,2024-12-26,64.6,Fair
AST-00825,2025-03-26,64.8,Fair
AST-00825,2025-06-24,56.5,Poor
AST-00825,2025-09-22,56.8,Poor
AST-00825,2025-12-21,62.4,Fair
AST-00825,2026-03-21,58.5,Poor
AST-00825,2026-06-19,55.9,Poor
AST-00826,2024-01-01,66.5,Fair
AST-00826,2024-03-31,68.7,Fair
AST-00826,2024-06-29,62.2,Fair
AST-00826,2024-09-27,68.9,Fair
AST-00826,2024-12-26,64.3,Fair
AST-00826,2025-03-26,66.8,Fair
AST-00826,2025-06-24,65.7,Fair
AST-00826,2025-09-22,67.1,Fair
AST-00826,2025-12-21,65.1,Fair
AST-00826,2026-03-21,64.9,Fair
AST-00826,2026-06-19,64.2,Fair
AST-00827,2024-01-01,69.8,Fair
AST-00827,2024-03-31,72.3,Fair
AST-00827,2024-06-29,72.3,Fair
AST-00827,2024-09-27,74.7,Fair
AST-00827,2024-12-26,69.7,Fair
AST-00827,2025-03-26,74.6,Fair
AST-00827,2025-06-24,68.5,Fair
AST-00827,2025-09-22,65.3,Fair
AST-00827,2025-12-21,66.0,Fair
AST-00827,2026-03-21,59.4,Poor
AST-00827,2026-06-19,59.1,Poor
AST-00828,2024-01-01,63.0,Fair
AST-00828,2024-03-31,67.1,Fair
AST-00828,2024-06-29,57.8,Poor
AST-00828,2024-09-27,69.7,Fair
AST-00828,2024-12-26,57.2,Poor
AST-00828,2025-03-26,62.4,Fair
AST-00828,2025-06-24,56.8,Poor
AST-00828,2025-09-22,55.7,Poor
AST-00828,2025-12-21,52.5,Poor
AST-00828,2026-03-21,53.4,Poor
AST-00828,2026-06-19,52.7,Poor
AST-00829,2024-01-01,66.8,Fair
AST-00829,2024-03-31,64.4,Fair
AST-00829,2024-06-29,63.5,Fair
AST-00829,2024-09-27,64.6,Fair
AST-00829,2024-12-26,64.5,Fair
AST-00829,2025-03-26,55.1,Poor
AST-00829,2025-06-24,66.1,Fair
AST-00829,2025-09-22,53.6,Poor
AST-00829,2025-12-21,53.9,Poor
AST-00829,2026-03-21,50.9,Poor
AST-00829,2026-06-19,51.6,Poor
AST-00830,2024-01-01,94.5,Good
AST-00830,2024-03-31,77.1,Good
AST-00830,2024-06-29,82.1,Good
AST-00830,2024-09-27,81.3,Good
AST-00830,2024-12-26,79.1,Good
AST-00830,2025-03-26,85.7,Good
AST-00830,2025-06-24,79.7,Good
AST-00830,2025-09-22,77.3,Good
AST-00830,2025-12-21,74.5,Fair
AST-00830,2026-03-21,79.0,Good
AST-00830,2026-06-19,73.6,Fair
AST-00831,2024-01-01,60.2,Fair
AST-00831,2024-03-31,53.3,Poor
AST-00831,2024-06-29,56.3,Poor
AST-00831,2024-09-27,53.8,Poor
AST-00831,2024-12-26,56.5,Poor
AST-00831,2025-03-26,51.7,Poor
AST-00831,2025-06-24,60.6,Fair
AST-00831,2025-09-22,53.1,Poor
AST-00831,2025-12-21,51.6,Poor
AST-00831,2026-03-21,53.1,Poor
AST-00831,2026-06-19,53.8,Poor
AST-00832,2024-01-01,64.7,Fair
AST-00832,2024-03-31,61.7,Fair
AST-00832,2024-06-29,63.6,Fair
AST-00832,2024-09-27,60.6,Fair
AST-00832,2024-12-26,62.2,Fair
AST-00832,2025-03-26,62.0,Fair
AST-00832,2025-06-24,58.4,Poor
AST-00832,2025-09-22,58.6,Poor
AST-00832,2025-12-21,64.6,Fair
AST-00832,2026-03-21,61.1,Fair
AST-00832,2026-06-19,52.9,Poor
AST-00833,2024-01-01,84.3,Good
AST-00833,2024-03-31,81.2,Good
AST-00833,2024-06-29,80.2,Good
AST-00833,2024-09-27,75.6,Good
AST-00833,2024-12-26,79.0,Good
AST-00833,2025-03-26,77.9,Good
AST-00833,2025-06-24,82.0,Good
AST-00833,2025-09-22,72.0,Fair
AST-00833,2025-12-21,80.5,Good
AST-00833,2026-03-21,67.4,Fair
AST-00833,2026-06-19,79.0,Good
AST-00834,2024-01-01,76.8,Good
AST-00834,2024-03-31,77.5,Good
AST-00834,2024-06-29,69.3,Fair
AST-00834,2024-09-27,80.8,Good
AST-00834,2024-12-26,77.4,Good
AST-00834,2025-03-26,77.4,Good
AST-00834,2025-06-24,76.4,Good
AST-00834,2025-09-22,70.3,Fair
AST-00834,2025-12-21,70.9,Fair
AST-00834,2026-03-21,66.7,Fair
AST-00834,2026-06-19,71.5,Fair
AST-00835,2024-01-01,76.1,Good
AST-00835,2024-03-31,77.2,Good
AST-00835,2024-06-29,74.0,Fair
AST-00835,2024-09-27,75.5,Good
AST-00835,2024-12-26,73.5,Fair
AST-00835,2025-03-26,75.2,Good
AST-00835,2025-06-24,74.7,Fair
AST-00835,2025-09-22,74.3,Fair
AST-00835,2025-12-21,69.5,Fair
AST-00835,2026-03-21,73.9,Fair
AST-00835,2026-06-19,74.1,Fair
AST-00836,2024-01-01,81.8,Good
AST-00836,2024-03-31,81.0,Good
AST-00836,2024-06-29,78.5,Good
AST-00836,2024-09-27,75.2,Good
AST-00836,2024-12-26,78.9,Good
AST-00836,2025-03-26,75.4,Good
AST-00836,2025-06-24,66.8,Fair
AST-00836,2025-09-22,70.5,Fair
AST-00836,2025-12-21,71.2,Fair
AST-00836,2026-03-21,72.8,Fair
AST-00836,2026-06-19,73.2,Fair
AST-00837,2024-01-01,61.6,Fair
AST-00837,2024-03-31,59.9,Poor
AST-00837,2024-06-29,57.9,Poor
AST-00837,2024-09-27,55.0,Poor
AST-00837,2024-12-26,57.2,Poor
AST-00837,2025-03-26,54.7,Poor
AST-00837,2025-06-24,49.8,Poor
AST-00837,2025-09-22,56.1,Poor
AST-00837,2025-12-21,51.5,Poor
AST-00837,2026-03-21,59.1,Poor
AST-00837,2026-06-19,48.8,Poor
AST-00838,2024-01-01,58.4,Poor
AST-00838,2024-03-31,61.4,Fair
AST-00838,2024-06-29,59.5,Poor
AST-00838,2024-09-27,57.3,Poor
AST-00838,2024-12-26,53.5,Poor
AST-00838,2025-03-26,56.2,Poor
AST-00838,2025-06-24,51.5,Poor
AST-00838,2025-09-22,54.7,Poor
AST-00838,2025-12-21,54.3,Poor
AST-00838,2026-03-21,52.7,Poor
AST-00838,2026-06-19,54.7,Poor
AST-00839,2024-01-01,83.9,Good
AST-00839,2024-03-31,80.3,Good
AST-00839,2024-06-29,79.9,Good
AST-00839,2024-09-27,85.7,Good
AST-00839,2024-12-26,81.9,Good
AST-00839,2025-03-26,84.2,Good
AST-00839,2025-06-24,80.9,Good
AST-00839,2025-09-22,71.0,Fair
AST-00839,2025-12-21,79.7,Good
AST-00839,2026-03-21,75.1,Good
AST-00839,2026-06-19,68.1,Fair
AST-00840,2024-01-01,56.9,Poor
AST-00840,2024-03-31,49.4,Poor
AST-00840,2024-06-29,56.4,Poor
AST-00840,2024-09-27,55.4,Poor
AST-00840,2024-12-26,48.8,Poor
AST-00840,2025-03-26,47.4,Poor
AST-00840,2025-06-24,49.7,Poor
AST-00840,2025-09-22,46.3,Poor
AST-00840,2025-12-21,44.2,Critical
AST-00840,2026-03-21,44.7,Critical
AST-00840,2026-06-19,43.0,Critical
AST-00841,2024-01-01,78.8,Good
AST-00841,2024-03-31,84.2,Good
AST-00841,2024-06-29,77.7,Good
AST-00841,2024-09-27,73.9,Fair
AST-00841,2024-12-26,79.3,Good
AST-00841,2025-03-26,82.1,Good
AST-00841,2025-06-24,81.0,Good
AST-00841,2025-09-22,77.0,Good
AST-00841,2025-12-21,79.5,Good
AST-00841,2026-03-21,74.1,Fair
AST-00841,2026-06-19,73.5,Fair
AST-00842,2024-01-01,82.8,Good
AST-00842,2024-03-31,87.5,Good
AST-00842,2024-06-29,81.6,Good
AST-00842,2024-09-27,81.1,Good
AST-00842,2024-12-26,78.9,Good
AST-00842,2025-03-26,84.7,Good
AST-00842,2025-06-24,71.4,Fair
AST-00842,2025-09-22,81.8,Good
AST-00842,2025-12-21,77.6,Good
AST-00842,2026-03-21,71.4,Fair
AST-00842,2026-06-19,71.4,Fair
AST-00843,2024-01-01,64.6,Fair
AST-00843,2024-03-31,71.2,Fair
AST-00843,2024-06-29,72.1,Fair
AST-00843,2024-09-27,67.9,Fair
AST-00843,2024-12-26,69.8,Fair
AST-00843,2025-03-26,65.8,Fair
AST-00843,2025-06-24,64.5,Fair
AST-00843,2025-09-22,62.6,Fair
AST-00843,2025-12-21,60.7,Fair
AST-00843,2026-03-21,66.9,Fair
AST-00843,2026-06-19,59.2,Poor
AST-00844,2024-01-01,76.4,Good
AST-00844,2024-03-31,82.0,Good
AST-00844,2024-06-29,86.3,Good
AST-00844,2024-09-27,83.6,Good
AST-00844,2024-12-26,79.1,Good
AST-00844,2025-03-26,78.2,Good
AST-00844,2025-06-24,79.4,Good
AST-00844,2025-09-22,77.8,Good
AST-00844,2025-12-21,84.1,Good
AST-00844,2026-03-21,80.0,Good
AST-00844,2026-06-19,78.7,Good
AST-00845,2024-01-01,100.0,Good
AST-00845,2024-03-31,95.3,Good
AST-00845,2024-06-29,99.3,Good
AST-00845,2024-09-27,91.6,Good
AST-00845,2024-12-26,100.0,Good
AST-00845,2025-03-26,100.0,Good
AST-00845,2025-06-24,100.0,Good
AST-00845,2025-09-22,90.6,Good
AST-00845,2025-12-21,89.6,Good
AST-00845,2026-03-21,94.9,Good
AST-00845,2026-06-19,96.0,Good
AST-00846,2024-01-01,77.6,Good
AST-00846,2024-03-31,77.4,Good
AST-00846,2024-06-29,78.1,Good
AST-00846,2024-09-27,77.3,Good
AST-00846,2024-12-26,81.0,Good
AST-00846,2025-03-26,79.9,Good
AST-00846,2025-06-24,72.7,Fair
AST-00846,2025-09-22,71.0,Fair
AST-00846,2025-12-21,73.7,Fair
AST-00846,2026-03-21,74.7,Fair
AST-00846,2026-06-19,68.4,Fair
AST-00847,2024-01-01,56.1,Poor
AST-00847,2024-03-31,61.4,Fair
AST-00847,2024-06-29,64.5,Fair
AST-00847,2024-09-27,54.3,Poor
AST-00847,2024-12-26,54.3,Poor
AST-00847,2025-03-26,59.6,Poor
AST-00847,2025-06-24,53.7,Poor
AST-00847,2025-09-22,52.9,Poor
AST-00847,2025-12-21,55.9,Poor
AST-00847,2026-03-21,53.1,Poor
AST-00847,2026-06-19,51.3,Poor
AST-00848,2024-01-01,83.1,Good
AST-00848,2024-03-31,85.1,Good
AST-00848,2024-06-29,77.2,Good
AST-00848,2024-09-27,82.6,Good
AST-00848,2024-12-26,86.9,Good
AST-00848,2025-03-26,79.3,Good
AST-00848,2025-06-24,82.7,Good
AST-00848,2025-09-22,76.0,Good
AST-00848,2025-12-21,73.7,Fair
AST-00848,2026-03-21,81.4,Good
AST-00848,2026-06-19,80.7,Good
AST-00849,2024-01-01,75.6,Good
AST-00849,2024-03-31,71.9,Fair
AST-00849,2024-06-29,77.4,Good
AST-00849,2024-09-27,77.7,Good
AST-00849,2024-12-26,76.0,Good
AST-00849,2025-03-26,72.6,Fair
AST-00849,2025-06-24,70.4,Fair
AST-00849,2025-09-22,74.0,Fair
AST-00849,2025-12-21,65.5,Fair
AST-00849,2026-03-21,70.9,Fair
AST-00849,2026-06-19,62.8,Fair
AST-00850,2024-01-01,80.6,Good
AST-00850,2024-03-31,76.5,Good
AST-00850,2024-06-29,80.2,Good
AST-00850,2024-09-27,72.4,Fair
AST-00850,2024-12-26,79.4,Good
AST-00850,2025-03-26,77.4,Good
AST-00850,2025-06-24,73.8,Fair
AST-00850,2025-09-22,73.1,Fair
AST-00850,2025-12-21,71.8,Fair
AST-00850,2026-03-21,74.5,Fair
AST-00850,2026-06-19,70.0,Fair
AST-00851,2024-01-01,89.6,Good
AST-00851,2024-03-31,83.6,Good
AST-00851,2024-06-29,84.5,Good
AST-00851,2024-09-27,84.7,Good
AST-00851,2024-12-26,84.7,Good
AST-00851,2025-03-26,80.7,Good
AST-00851,2025-06-24,84.2,Good
AST-00851,2025-09-22,76.2,Good
AST-00851,2025-12-21,78.6,Good
AST-00851,2026-03-21,75.4,Good
AST-00851,2026-06-19,79.5,Good
AST-00852,2024-01-01,85.9,Good
AST-00852,2024-03-31,85.3,Good
AST-00852,2024-06-29,85.3,Good
AST-00852,2024-09-27,83.1,Good
AST-00852,2024-12-26,81.2,Good
AST-00852,2025-03-26,83.9,Good
AST-00852,2025-06-24,76.0,Good
AST-00852,2025-09-22,79.7,Good
AST-00852,2025-12-21,85.2,Good
AST-00852,2026-03-21,76.8,Good
AST-00852,2026-06-19,84.2,Good
AST-00853,2024-01-01,88.8,Good
AST-00853,2024-03-31,91.8,Good
AST-00853,2024-06-29,93.5,Good
AST-00853,2024-09-27,84.0,Good
AST-00853,2024-12-26,90.8,Good
AST-00853,2025-03-26,86.6,Good
AST-00853,2025-06-24,86.6,Good
AST-00853,2025-09-22,94.1,Good
AST-00853,2025-12-21,85.7,Good
AST-00853,2026-03-21,84.8,Good
AST-00853,2026-06-19,83.7,Good
AST-00854,2024-01-01,92.1,Good
AST-00854,2024-03-31,93.1,Good
AST-00854,2024-06-29,91.3,Good
AST-00854,2024-09-27,96.1,Good
AST-00854,2024-12-26,90.9,Good
AST-00854,2025-03-26,95.1,Good
AST-00854,2025-06-24,93.6,Good
AST-00854,2025-09-22,90.6,Good
AST-00854,2025-12-21,93.4,Good
AST-00854,2026-03-21,96.6,Good
AST-00854,2026-06-19,91.5,Good
AST-00855,2024-01-01,73.3,Fair
AST-00855,2024-03-31,69.9,Fair
AST-00855,2024-06-29,65.6,Fair
AST-00855,2024-09-27,70.3,Fair
AST-00855,2024-12-26,63.4,Fair
AST-00855,2025-03-26,71.8,Fair
AST-00855,2025-06-24,64.4,Fair
AST-00855,2025-09-22,65.3,Fair
AST-00855,2025-12-21,64.7,Fair
AST-00855,2026-03-21,66.6,Fair
AST-00855,2026-06-19,69.9,Fair
AST-00856,2024-01-01,97.7,Good
AST-00856,2024-03-31,96.5,Good
AST-00856,2024-06-29,100.0,Good
AST-00856,2024-09-27,95.0,Good
AST-00856,2024-12-26,99.1,Good
AST-00856,2025-03-26,97.6,Good
AST-00856,2025-06-24,99.4,Good
AST-00856,2025-09-22,100.0,Good
AST-00856,2025-12-21,91.2,Good
AST-00856,2026-03-21,91.7,Good
AST-00856,2026-06-19,94.6,Good
AST-00857,2024-01-01,71.6,Fair
AST-00857,2024-03-31,67.3,Fair
AST-00857,2024-06-29,74.0,Fair
AST-00857,2024-09-27,71.4,Fair
AST-00857,2024-12-26,66.0,Fair
AST-00857,2025-03-26,71.8,Fair
AST-00857,2025-06-24,59.0,Poor
AST-00857,2025-09-22,67.9,Fair
AST-00857,2025-12-21,69.8,Fair
AST-00857,2026-03-21,73.1,Fair
AST-00857,2026-06-19,68.8,Fair
AST-00858,2024-01-01,53.9,Poor
AST-00858,2024-03-31,56.7,Poor
AST-00858,2024-06-29,57.0,Poor
AST-00858,2024-09-27,63.0,Fair
AST-00858,2024-12-26,56.0,Poor
AST-00858,2025-03-26,51.8,Poor
AST-00858,2025-06-24,54.7,Poor
AST-00858,2025-09-22,47.6,Poor
AST-00858,2025-12-21,46.9,Poor
AST-00858,2026-03-21,50.0,Poor
AST-00858,2026-06-19,46.8,Poor
AST-00859,2024-01-01,76.7,Good
AST-00859,2024-03-31,70.5,Fair
AST-00859,2024-06-29,77.2,Good
AST-00859,2024-09-27,66.0,Fair
AST-00859,2024-12-26,73.2,Fair
AST-00859,2025-03-26,67.5,Fair
AST-00859,2025-06-24,70.9,Fair
AST-00859,2025-09-22,73.2,Fair
AST-00859,2025-12-21,63.4,Fair
AST-00859,2026-03-21,74.0,Fair
AST-00859,2026-06-19,70.6,Fair
AST-00860,2024-01-01,88.7,Good
AST-00860,2024-03-31,80.6,Good
AST-00860,2024-06-29,85.1,Good
AST-00860,2024-09-27,80.0,Good
AST-00860,2024-12-26,79.3,Good
AST-00860,2025-03-26,75.6,Good
AST-00860,2025-06-24,74.6,Fair
AST-00860,2025-09-22,77.5,Good
AST-00860,2025-12-21,82.6,Good
AST-00860,2026-03-21,79.6,Good
AST-00860,2026-06-19,76.2,Good
AST-00861,2024-01-01,76.6,Good
AST-00861,2024-03-31,71.4,Fair
AST-00861,2024-06-29,80.3,Good
AST-00861,2024-09-27,76.0,Good
AST-00861,2024-12-26,72.4,Fair
AST-00861,2025-03-26,74.1,Fair
AST-00861,2025-06-24,76.3,Good
AST-00861,2025-09-22,69.6,Fair
AST-00861,2025-12-21,72.9,Fair
AST-00861,2026-03-21,73.6,Fair
AST-00861,2026-06-19,76.2,Good
AST-00862,2024-01-01,53.5,Poor
AST-00862,2024-03-31,48.3,Poor
AST-00862,2024-06-29,54.3,Poor
AST-00862,2024-09-27,48.2,Poor
AST-00862,2024-12-26,49.6,Poor
AST-00862,2025-03-26,53.9,Poor
AST-00862,2025-06-24,52.6,Poor
AST-00862,2025-09-22,50.1,Poor
AST-00862,2025-12-21,48.4,Poor
AST-00862,2026-03-21,46.7,Poor
AST-00862,2026-06-19,46.9,Poor
AST-00863,2024-01-01,59.0,Poor
AST-00863,2024-03-31,63.4,Fair
AST-00863,2024-06-29,67.0,Fair
AST-00863,2024-09-27,57.8,Poor
AST-00863,2024-12-26,63.8,Fair
AST-00863,2025-03-26,62.8,Fair
AST-00863,2025-06-24,58.1,Poor
AST-00863,2025-09-22,59.0,Poor
AST-00863,2025-12-21,58.7,Poor
AST-00863,2026-03-21,59.9,Poor
AST-00863,2026-06-19,58.4,Poor
AST-00864,2024-01-01,74.0,Fair
AST-00864,2024-03-31,69.8,Fair
AST-00864,2024-06-29,77.0,Good
AST-00864,2024-09-27,77.4,Good
AST-00864,2024-12-26,68.0,Fair
AST-00864,2025-03-26,70.9,Fair
AST-00864,2025-06-24,67.0,Fair
AST-00864,2025-09-22,71.9,Fair
AST-00864,2025-12-21,70.9,Fair
AST-00864,2026-03-21,69.1,Fair
AST-00864,2026-06-19,67.5,Fair
AST-00865,2024-01-01,100.0,Good
AST-00865,2024-03-31,100.0,Good
AST-00865,2024-06-29,100.0,Good
AST-00865,2024-09-27,96.6,Good
AST-00865,2024-12-26,95.2,Good
AST-00865,2025-03-26,94.2,Good
AST-00865,2025-06-24,97.5,Good
AST-00865,2025-09-22,88.3,Good
AST-00865,2025-12-21,91.8,Good
AST-00865,2026-03-21,89.5,Good
AST-00865,2026-06-19,86.8,Good
AST-00866,2024-01-01,100.0,Good
AST-00866,2024-03-31,100.0,Good
AST-00866,2024-06-29,100.0,Good
AST-00866,2024-09-27,100.0,Good
AST-00866,2024-12-26,100.0,Good
AST-00866,2025-03-26,94.6,Good
AST-00866,2025-06-24,99.9,Good
AST-00866,2025-09-22,95.8,Good
AST-00866,2025-12-21,100.0,Good
AST-00866,2026-03-21,97.4,Good
AST-00866,2026-06-19,95.2,Good
AST-00867,2024-01-01,92.9,Good
AST-00867,2024-03-31,86.0,Good
AST-00867,2024-06-29,86.2,Good
AST-00867,2024-09-27,92.6,Good
AST-00867,2024-12-26,83.6,Good
AST-00867,2025-03-26,77.9,Good
AST-00867,2025-06-24,88.6,Good
AST-00867,2025-09-22,86.7,Good
AST-00867,2025-12-21,79.3,Good
AST-00867,2026-03-21,87.0,Good
AST-00867,2026-06-19,83.2,Good
AST-00868,2024-01-01,92.1,Good
AST-00868,2024-03-31,88.7,Good
AST-00868,2024-06-29,93.1,Good
AST-00868,2024-09-27,89.2,Good
AST-00868,2024-12-26,83.6,Good
AST-00868,2025-03-26,82.1,Good
AST-00868,2025-06-24,89.9,Good
AST-00868,2025-09-22,80.8,Good
AST-00868,2025-12-21,84.4,Good
AST-00868,2026-03-21,88.1,Good
AST-00868,2026-06-19,83.4,Good
AST-00869,2024-01-01,52.5,Poor
AST-00869,2024-03-31,53.1,Poor
AST-00869,2024-06-29,53.9,Poor
AST-00869,2024-09-27,46.5,Poor
AST-00869,2024-12-26,52.0,Poor
AST-00869,2025-03-26,51.7,Poor
AST-00869,2025-06-24,49.9,Poor
AST-00869,2025-09-22,46.1,Poor
AST-00869,2025-12-21,39.7,Critical
AST-00869,2026-03-21,42.4,Critical
AST-00869,2026-06-19,43.1,Critical
AST-00870,2024-01-01,88.8,Good
AST-00870,2024-03-31,92.0,Good
AST-00870,2024-06-29,84.2,Good
AST-00870,2024-09-27,86.9,Good
AST-00870,2024-12-26,82.0,Good
AST-00870,2025-03-26,73.4,Fair
AST-00870,2025-06-24,88.1,Good
AST-00870,2025-09-22,79.7,Good
AST-00870,2025-12-21,77.6,Good
AST-00870,2026-03-21,79.4,Good
AST-00870,2026-06-19,76.2,Good
AST-00871,2024-01-01,90.3,Good
AST-00871,2024-03-31,83.8,Good
AST-00871,2024-06-29,82.1,Good
AST-00871,2024-09-27,85.7,Good
AST-00871,2024-12-26,82.8,Good
AST-00871,2025-03-26,81.2,Good
AST-00871,2025-06-24,81.6,Good
AST-00871,2025-09-22,80.6,Good
AST-00871,2025-12-21,76.2,Good
AST-00871,2026-03-21,72.1,Fair
AST-00871,2026-06-19,70.9,Fair
AST-00872,2024-01-01,61.0,Fair
AST-00872,2024-03-31,50.7,Poor
AST-00872,2024-06-29,52.8,Poor
AST-00872,2024-09-27,49.4,Poor
AST-00872,2024-12-26,46.2,Poor
AST-00872,2025-03-26,57.4,Poor
AST-00872,2025-06-24,52.6,Poor
AST-00872,2025-09-22,44.1,Critical
AST-00872,2025-12-21,46.8,Poor
AST-00872,2026-03-21,49.4,Poor
AST-00872,2026-06-19,52.2,Poor
AST-00873,2024-01-01,51.2,Poor
AST-00873,2024-03-31,51.4,Poor
AST-00873,2024-06-29,47.5,Poor
AST-00873,2024-09-27,40.5,Critical
AST-00873,2024-12-26,46.0,Poor
AST-00873,2025-03-26,37.6,Critical
AST-00873,2025-06-24,46.9,Poor
AST-00873,2025-09-22,45.6,Poor
AST-00873,2025-12-21,44.3,Critical
AST-00873,2026-03-21,40.2,Critical
AST-00873,2026-06-19,38.1,Critical
AST-00874,2024-01-01,85.2,Good
AST-00874,2024-03-31,85.9,Good
AST-00874,2024-06-29,82.6,Good
AST-00874,2024-09-27,83.8,Good
AST-00874,2024-12-26,78.4,Good
AST-00874,2025-03-26,84.4,Good
AST-00874,2025-06-24,83.4,Good
AST-00874,2025-09-22,84.0,Good
AST-00874,2025-12-21,79.7,Good
AST-00874,2026-03-21,80.4,Good
AST-00874,2026-06-19,75.7,Good
AST-00875,2024-01-01,80.0,Good
AST-00875,2024-03-31,77.2,Good
AST-00875,2024-06-29,79.5,Good
AST-00875,2024-09-27,78.2,Good
AST-00875,2024-12-26,70.3,Fair
AST-00875,2025-03-26,79.2,Good
AST-00875,2025-06-24,71.2,Fair
AST-00875,2025-09-22,73.9,Fair
AST-00875,2025-12-21,75.9,Good
AST-00875,2026-03-21,75.8,Good
AST-00875,2026-06-19,66.5,Fair
AST-00876,2024-01-01,72.6,Fair
AST-00876,2024-03-31,72.4,Fair
AST-00876,2024-06-29,69.7,Fair
AST-00876,2024-09-27,64.2,Fair
AST-00876,2024-12-26,74.6,Fair
AST-00876,2025-03-26,63.6,Fair
AST-00876,2025-06-24,63.5,Fair
AST-00876,2025-09-22,66.5,Fair
AST-00876,2025-12-21,62.6,Fair
AST-00876,2026-03-21,65.5,Fair
AST-00876,2026-06-19,54.2,Poor
AST-00877,2024-01-01,67.4,Fair
AST-00877,2024-03-31,65.3,Fair
AST-00877,2024-06-29,61.6,Fair
AST-00877,2024-09-27,69.0,Fair
AST-00877,2024-12-26,66.7,Fair
AST-00877,2025-03-26,66.0,Fair
AST-00877,2025-06-24,64.3,Fair
AST-00877,2025-09-22,64.3,Fair
AST-00877,2025-12-21,64.7,Fair
AST-00877,2026-03-21,59.7,Poor
AST-00877,2026-06-19,60.6,Fair
AST-00878,2024-01-01,57.8,Poor
AST-00878,2024-03-31,61.0,Fair
AST-00878,2024-06-29,53.9,Poor
AST-00878,2024-09-27,50.2,Poor
AST-00878,2024-12-26,58.8,Poor
AST-00878,2025-03-26,56.5,Poor
AST-00878,2025-06-24,52.2,Poor
AST-00878,2025-09-22,57.3,Poor
AST-00878,2025-12-21,59.4,Poor
AST-00878,2026-03-21,59.4,Poor
AST-00878,2026-06-19,53.8,Poor
AST-00879,2024-01-01,53.4,Poor
AST-00879,2024-03-31,50.8,Poor
AST-00879,2024-06-29,44.2,Critical
AST-00879,2024-09-27,51.0,Poor
AST-00879,2024-12-26,46.1,Poor
AST-00879,2025-03-26,39.7,Critical
AST-00879,2025-06-24,45.9,Poor
AST-00879,2025-09-22,46.4,Poor
AST-00879,2025-12-21,44.3,Critical
AST-00879,2026-03-21,43.0,Critical
AST-00879,2026-06-19,39.1,Critical
AST-00880,2024-01-01,43.6,Critical
AST-00880,2024-03-31,40.6,Critical
AST-00880,2024-06-29,43.1,Critical
AST-00880,2024-09-27,36.1,Critical
AST-00880,2024-12-26,39.4,Critical
AST-00880,2025-03-26,41.5,Critical
AST-00880,2025-06-24,42.6,Critical
AST-00880,2025-09-22,42.0,Critical
AST-00880,2025-12-21,34.3,Critical
AST-00880,2026-03-21,36.4,Critical
AST-00880,2026-06-19,33.0,Critical
AST-00881,2024-01-01,100.0,Good
AST-00881,2024-03-31,99.0,Good
AST-00881,2024-06-29,97.6,Good
AST-00881,2024-09-27,96.7,Good
AST-00881,2024-12-26,100.0,Good
AST-00881,2025-03-26,95.9,Good
AST-00881,2025-06-24,89.8,Good
AST-00881,2025-09-22,94.0,Good
AST-00881,2025-12-21,90.4,Good
AST-00881,2026-03-21,90.9,Good
AST-00881,2026-06-19,91.2,Good
AST-00882,2024-01-01,91.5,Good
AST-00882,2024-03-31,96.3,Good
AST-00882,2024-06-29,93.6,Good
AST-00882,2024-09-27,87.7,Good
AST-00882,2024-12-26,90.2,Good
AST-00882,2025-03-26,91.5,Good
AST-00882,2025-06-24,83.2,Good
AST-00882,2025-09-22,80.7,Good
AST-00882,2025-12-21,87.7,Good
AST-00882,2026-03-21,87.3,Good
AST-00882,2026-06-19,80.0,Good
AST-00883,2024-01-01,81.5,Good
AST-00883,2024-03-31,87.9,Good
AST-00883,2024-06-29,81.8,Good
AST-00883,2024-09-27,87.0,Good
AST-00883,2024-12-26,77.7,Good
AST-00883,2025-03-26,80.2,Good
AST-00883,2025-06-24,78.8,Good
AST-00883,2025-09-22,80.3,Good
AST-00883,2025-12-21,74.9,Fair
AST-00883,2026-03-21,76.8,Good
AST-00883,2026-06-19,76.5,Good
AST-00884,2024-01-01,100.0,Good
AST-00884,2024-03-31,97.3,Good
AST-00884,2024-06-29,94.3,Good
AST-00884,2024-09-27,96.7,Good
AST-00884,2024-12-26,98.9,Good
AST-00884,2025-03-26,99.3,Good
AST-00884,2025-06-24,89.0,Good
AST-00884,2025-09-22,97.9,Good
AST-00884,2025-12-21,99.8,Good
AST-00884,2026-03-21,95.2,Good
AST-00884,2026-06-19,95.6,Good
AST-00885,2024-01-01,73.8,Fair
AST-00885,2024-03-31,70.2,Fair
AST-00885,2024-06-29,70.2,Fair
AST-00885,2024-09-27,69.9,Fair
AST-00885,2024-12-26,65.2,Fair
AST-00885,2025-03-26,68.3,Fair
AST-00885,2025-06-24,64.1,Fair
AST-00885,2025-09-22,74.0,Fair
AST-00885,2025-12-21,60.4,Fair
AST-00885,2026-03-21,65.3,Fair
AST-00885,2026-06-19,59.1,Poor
AST-00886,2024-01-01,87.8,Good
AST-00886,2024-03-31,89.8,Good
AST-00886,2024-06-29,93.2,Good
AST-00886,2024-09-27,94.6,Good
AST-00886,2024-12-26,84.5,Good
AST-00886,2025-03-26,92.7,Good
AST-00886,2025-06-24,86.7,Good
AST-00886,2025-09-22,84.4,Good
AST-00886,2025-12-21,88.3,Good
AST-00886,2026-03-21,83.8,Good
AST-00886,2026-06-19,90.2,Good
AST-00887,2024-01-01,63.1,Fair
AST-00887,2024-03-31,63.9,Fair
AST-00887,2024-06-29,57.5,Poor
AST-00887,2024-09-27,57.6,Poor
AST-00887,2024-12-26,56.0,Poor
AST-00887,2025-03-26,53.5,Poor
AST-00887,2025-06-24,51.9,Poor
AST-00887,2025-09-22,51.0,Poor
AST-00887,2025-12-21,54.1,Poor
AST-00887,2026-03-21,48.2,Poor
AST-00887,2026-06-19,50.1,Poor
AST-00888,2024-01-01,96.7,Good
AST-00888,2024-03-31,92.9,Good
AST-00888,2024-06-29,96.4,Good
AST-00888,2024-09-27,100.0,Good
AST-00888,2024-12-26,95.8,Good
AST-00888,2025-03-26,92.8,Good
AST-00888,2025-06-24,88.0,Good
AST-00888,2025-09-22,88.7,Good
AST-00888,2025-12-21,95.2,Good
AST-00888,2026-03-21,81.8,Good
AST-00888,2026-06-19,86.8,Good
AST-00889,2024-01-01,100.0,Good
AST-00889,2024-03-31,96.4,Good
AST-00889,2024-06-29,95.0,Good
AST-00889,2024-09-27,90.6,Good
AST-00889,2024-12-26,97.0,Good
AST-00889,2025-03-26,90.8,Good
AST-00889,2025-06-24,91.6,Good
AST-00889,2025-09-22,83.5,Good
AST-00889,2025-12-21,90.9,Good
AST-00889,2026-03-21,91.9,Good
AST-00889,2026-06-19,88.8,Good
AST-00890,2024-01-01,83.3,Good
AST-00890,2024-03-31,84.4,Good
AST-00890,2024-06-29,83.2,Good
AST-00890,2024-09-27,81.7,Good
AST-00890,2024-12-26,85.2,Good
AST-00890,2025-03-26,78.8,Good
AST-00890,2025-06-24,74.5,Fair
AST-00890,2025-09-22,75.0,Good
AST-00890,2025-12-21,80.0,Good
AST-00890,2026-03-21,79.4,Good
AST-00890,2026-06-19,68.6,Fair
AST-00891,2024-01-01,92.2,Good
AST-00891,2024-03-31,96.3,Good
AST-00891,2024-06-29,91.7,Good
AST-00891,2024-09-27,100.0,Good
AST-00891,2024-12-26,89.2,Good
AST-00891,2025-03-26,86.3,Good
AST-00891,2025-06-24,91.9,Good
AST-00891,2025-09-22,88.7,Good
AST-00891,2025-12-21,90.6,Good
AST-00891,2026-03-21,88.8,Good
AST-00891,2026-06-19,90.3,Good
AST-00892,2024-01-01,72.8,Fair
AST-00892,2024-03-31,73.4,Fair
AST-00892,2024-06-29,69.1,Fair
AST-00892,2024-09-27,71.4,Fair
AST-00892,2024-12-26,67.2,Fair
AST-00892,2025-03-26,72.4,Fair
AST-00892,2025-06-24,76.3,Good
AST-00892,2025-09-22,67.4,Fair
AST-00892,2025-12-21,65.5,Fair
AST-00892,2026-03-21,62.1,Fair
AST-00892,2026-06-19,66.7,Fair
AST-00893,2024-01-01,92.0,Good
AST-00893,2024-03-31,91.5,Good
AST-00893,2024-06-29,88.2,Good
AST-00893,2024-09-27,83.2,Good
AST-00893,2024-12-26,87.4,Good
AST-00893,2025-03-26,80.9,Good
AST-00893,2025-06-24,80.7,Good
AST-00893,2025-09-22,84.5,Good
AST-00893,2025-12-21,82.5,Good
AST-00893,2026-03-21,81.8,Good
AST-00893,2026-06-19,77.8,Good
AST-00894,2024-01-01,52.0,Poor
AST-00894,2024-03-31,51.1,Poor
AST-00894,2024-06-29,50.4,Poor
AST-00894,2024-09-27,50.6,Poor
AST-00894,2024-12-26,50.6,Poor
AST-00894,2025-03-26,46.4,Poor
AST-00894,2025-06-24,47.1,Poor
AST-00894,2025-09-22,50.2,Poor
AST-00894,2025-12-21,50.5,Poor
AST-00894,2026-03-21,46.0,Poor
AST-00894,2026-06-19,45.1,Poor
AST-00895,2024-01-01,85.5,Good
AST-00895,2024-03-31,82.8,Good
AST-00895,2024-06-29,84.0,Good
AST-00895,2024-09-27,77.8,Good
AST-00895,2024-12-26,83.9,Good
AST-00895,2025-03-26,78.5,Good
AST-00895,2025-06-24,80.6,Good
AST-00895,2025-09-22,75.3,Good
AST-00895,2025-12-21,77.0,Good
AST-00895,2026-03-21,81.8,Good
AST-00895,2026-06-19,77.5,Good
AST-00896,2024-01-01,60.5,Fair
AST-00896,2024-03-31,53.6,Poor
AST-00896,2024-06-29,54.4,Poor
AST-00896,2024-09-27,52.3,Poor
AST-00896,2024-12-26,49.8,Poor
AST-00896,2025-03-26,44.7,Critical
AST-00896,2025-06-24,39.2,Critical
AST-00896,2025-09-22,49.6,Poor
AST-00896,2025-12-21,39.0,Critical
AST-00896,2026-03-21,44.9,Critical
AST-00896,2026-06-19,43.4,Critical
AST-00897,2024-01-01,67.9,Fair
AST-00897,2024-03-31,64.9,Fair
AST-00897,2024-06-29,63.6,Fair
AST-00897,2024-09-27,62.5,Fair
AST-00897,2024-12-26,60.4,Fair
AST-00897,2025-03-26,63.4,Fair
AST-00897,2025-06-24,64.8,Fair
AST-00897,2025-09-22,61.3,Fair
AST-00897,2025-12-21,63.3,Fair
AST-00897,2026-03-21,56.2,Poor
AST-00897,2026-06-19,59.0,Poor
AST-00898,2024-01-01,65.0,Fair
AST-00898,2024-03-31,63.5,Fair
AST-00898,2024-06-29,67.5,Fair
AST-00898,2024-09-27,63.6,Fair
AST-00898,2024-12-26,65.7,Fair
AST-00898,2025-03-26,61.4,Fair
AST-00898,2025-06-24,59.5,Poor
AST-00898,2025-09-22,59.3,Poor
AST-00898,2025-12-21,52.3,Poor
AST-00898,2026-03-21,55.9,Poor
AST-00898,2026-06-19,53.2,Poor
AST-00899,2024-01-01,53.3,Poor
AST-00899,2024-03-31,55.2,Poor
AST-00899,2024-06-29,50.8,Poor
AST-00899,2024-09-27,55.5,Poor
AST-00899,2024-12-26,46.5,Poor
AST-00899,2025-03-26,55.9,Poor
AST-00899,2025-06-24,46.6,Poor
AST-00899,2025-09-22,51.4,Poor
AST-00899,2025-12-21,48.9,Poor
AST-00899,2026-03-21,49.1,Poor
AST-00899,2026-06-19,42.5,Critical
AST-00900,2024-01-01,91.4,Good
AST-00900,2024-03-31,94.0,Good
AST-00900,2024-06-29,91.1,Good
AST-00900,2024-09-27,88.4,Good
AST-00900,2024-12-26,87.9,Good
AST-00900,2025-03-26,89.1,Good
AST-00900,2025-06-24,88.8,Good
AST-00900,2025-09-22,85.8,Good
AST-00900,2025-12-21,83.4,Good
AST-00900,2026-03-21,80.0,Good
AST-00900,2026-06-19,75.3,Good
AST-00901,2024-01-01,80.2,Good
AST-00901,2024-03-31,75.4,Good
AST-00901,2024-06-29,69.8,Fair
AST-00901,2024-09-27,69.3,Fair
AST-00901,2024-12-26,66.4,Fair
AST-00901,2025-03-26,71.2,Fair
AST-00901,2025-06-24,68.8,Fair
AST-00901,2025-09-22,64.6,Fair
AST-00901,2025-12-21,67.5,Fair
AST-00901,2026-03-21,64.8,Fair
AST-00901,2026-06-19,60.9,Fair
AST-00902,2024-01-01,46.2,Poor
AST-00902,2024-03-31,46.0,Poor
AST-00902,2024-06-29,45.4,Poor
AST-00902,2024-09-27,46.2,Poor
AST-00902,2024-12-26,42.9,Critical
AST-00902,2025-03-26,48.1,Poor
AST-00902,2025-06-24,44.3,Critical
AST-00902,2025-09-22,48.9,Poor
AST-00902,2025-12-21,42.3,Critical
AST-00902,2026-03-21,40.9,Critical
AST-00902,2026-06-19,39.1,Critical
AST-00903,2024-01-01,53.8,Poor
AST-00903,2024-03-31,61.5,Fair
AST-00903,2024-06-29,66.9,Fair
AST-00903,2024-09-27,58.5,Poor
AST-00903,2024-12-26,54.8,Poor
AST-00903,2025-03-26,57.1,Poor
AST-00903,2025-06-24,58.9,Poor
AST-00903,2025-09-22,56.4,Poor
AST-00903,2025-12-21,49.1,Poor
AST-00903,2026-03-21,49.9,Poor
AST-00903,2026-06-19,47.2,Poor
AST-00904,2024-01-01,68.9,Fair
AST-00904,2024-03-31,66.8,Fair
AST-00904,2024-06-29,65.7,Fair
AST-00904,2024-09-27,62.3,Fair
AST-00904,2024-12-26,56.3,Poor
AST-00904,2025-03-26,66.7,Fair
AST-00904,2025-06-24,63.7,Fair
AST-00904,2025-09-22,64.1,Fair
AST-00904,2025-12-21,57.4,Poor
AST-00904,2026-03-21,58.6,Poor
AST-00904,2026-06-19,63.4,Fair
AST-00905,2024-01-01,71.0,Fair
AST-00905,2024-03-31,75.5,Good
AST-00905,2024-06-29,68.2,Fair
AST-00905,2024-09-27,69.3,Fair
AST-00905,2024-12-26,71.2,Fair
AST-00905,2025-03-26,67.9,Fair
AST-00905,2025-06-24,66.0,Fair
AST-00905,2025-09-22,62.6,Fair
AST-00905,2025-12-21,66.6,Fair
AST-00905,2026-03-21,64.1,Fair
AST-00905,2026-06-19,63.1,Fair
AST-00906,2024-01-01,53.1,Poor
AST-00906,2024-03-31,49.9,Poor
AST-00906,2024-06-29,38.1,Critical
AST-00906,2024-09-27,39.3,Critical
AST-00906,2024-12-26,47.1,Poor
AST-00906,2025-03-26,45.9,Poor
AST-00906,2025-06-24,42.1,Critical
AST-00906,2025-09-22,41.2,Critical
AST-00906,2025-12-21,41.0,Critical
AST-00906,2026-03-21,44.5,Critical
AST-00906,2026-06-19,31.5,Critical
AST-00907,2024-01-01,71.7,Fair
AST-00907,2024-03-31,70.0,Fair
AST-00907,2024-06-29,66.2,Fair
AST-00907,2024-09-27,67.3,Fair
AST-00907,2024-12-26,69.0,Fair
AST-00907,2025-03-26,73.7,Fair
AST-00907,2025-06-24,73.0,Fair
AST-00907,2025-09-22,76.3,Good
AST-00907,2025-12-21,74.4,Fair
AST-00907,2026-03-21,67.6,Fair
AST-00907,2026-06-19,71.0,Fair
AST-00908,2024-01-01,54.9,Poor
AST-00908,2024-03-31,51.0,Poor
AST-00908,2024-06-29,50.7,Poor
AST-00908,2024-09-27,56.2,Poor
AST-00908,2024-12-26,47.4,Poor
AST-00908,2025-03-26,54.4,Poor
AST-00908,2025-06-24,47.3,Poor
AST-00908,2025-09-22,46.0,Poor
AST-00908,2025-12-21,43.4,Critical
AST-00908,2026-03-21,35.5,Critical
AST-00908,2026-06-19,40.7,Critical
AST-00909,2024-01-01,95.1,Good
AST-00909,2024-03-31,90.1,Good
AST-00909,2024-06-29,97.1,Good
AST-00909,2024-09-27,93.3,Good
AST-00909,2024-12-26,89.9,Good
AST-00909,2025-03-26,91.2,Good
AST-00909,2025-06-24,87.9,Good
AST-00909,2025-09-22,84.3,Good
AST-00909,2025-12-21,87.7,Good
AST-00909,2026-03-21,85.6,Good
AST-00909,2026-06-19,83.1,Good
AST-00910,2024-01-01,78.1,Good
AST-00910,2024-03-31,91.5,Good
AST-00910,2024-06-29,81.2,Good
AST-00910,2024-09-27,80.0,Good
AST-00910,2024-12-26,85.1,Good
AST-00910,2025-03-26,76.8,Good
AST-00910,2025-06-24,77.2,Good
AST-00910,2025-09-22,80.4,Good
AST-00910,2025-12-21,77.0,Good
AST-00910,2026-03-21,72.3,Fair
AST-00910,2026-06-19,80.8,Good
AST-00911,2024-01-01,91.4,Good
AST-00911,2024-03-31,95.4,Good
AST-00911,2024-06-29,95.5,Good
AST-00911,2024-09-27,92.2,Good
AST-00911,2024-12-26,89.3,Good
AST-00911,2025-03-26,88.0,Good
AST-00911,2025-06-24,86.8,Good
AST-00911,2025-09-22,93.2,Good
AST-00911,2025-12-21,91.8,Good
AST-00911,2026-03-21,95.7,Good
AST-00911,2026-06-19,90.1,Good
AST-00912,2024-01-01,88.5,Good
AST-00912,2024-03-31,82.2,Good
AST-00912,2024-06-29,88.5,Good
AST-00912,2024-09-27,84.0,Good
AST-00912,2024-12-26,80.7,Good
AST-00912,2025-03-26,83.8,Good
AST-00912,2025-06-24,80.0,Good
AST-00912,2025-09-22,85.7,Good
AST-00912,2025-12-21,73.1,Fair
AST-00912,2026-03-21,74.3,Fair
AST-00912,2026-06-19,80.9,Good
AST-00913,2024-01-01,59.6,Poor
AST-00913,2024-03-31,68.2,Fair
AST-00913,2024-06-29,63.4,Fair
AST-00913,2024-09-27,64.3,Fair
AST-00913,2024-12-26,64.1,Fair
AST-00913,2025-03-26,54.5,Poor
AST-00913,2025-06-24,66.7,Fair
AST-00913,2025-09-22,55.0,Poor
AST-00913,2025-12-21,65.6,Fair
AST-00913,2026-03-21,58.3,Poor
AST-00913,2026-06-19,59.4,Poor
AST-00914,2024-01-01,81.5,Good
AST-00914,2024-03-31,82.0,Good
AST-00914,2024-06-29,83.5,Good
AST-00914,2024-09-27,83.0,Good
AST-00914,2024-12-26,84.3,Good
AST-00914,2025-03-26,84.5,Good
AST-00914,2025-06-24,82.5,Good
AST-00914,2025-09-22,86.2,Good
AST-00914,2025-12-21,81.0,Good
AST-00914,2026-03-21,74.4,Fair
AST-00914,2026-06-19,81.4,Good
AST-00915,2024-01-01,74.0,Fair
AST-00915,2024-03-31,83.0,Good
AST-00915,2024-06-29,75.6,Good
AST-00915,2024-09-27,78.8,Good
AST-00915,2024-12-26,77.0,Good
AST-00915,2025-03-26,79.3,Good
AST-00915,2025-06-24,80.1,Good
AST-00915,2025-09-22,79.0,Good
AST-00915,2025-12-21,84.8,Good
AST-00915,2026-03-21,78.6,Good
AST-00915,2026-06-19,78.2,Good
AST-00916,2024-01-01,76.5,Good
AST-00916,2024-03-31,68.5,Fair
AST-00916,2024-06-29,69.3,Fair
AST-00916,2024-09-27,70.3,Fair
AST-00916,2024-12-26,69.1,Fair
AST-00916,2025-03-26,77.1,Good
AST-00916,2025-06-24,70.3,Fair
AST-00916,2025-09-22,73.1,Fair
AST-00916,2025-12-21,71.0,Fair
AST-00916,2026-03-21,73.9,Fair
AST-00916,2026-06-19,74.6,Fair
AST-00917,2024-01-01,77.2,Good
AST-00917,2024-03-31,68.8,Fair
AST-00917,2024-06-29,70.7,Fair
AST-00917,2024-09-27,76.6,Good
AST-00917,2024-12-26,71.0,Fair
AST-00917,2025-03-26,71.9,Fair
AST-00917,2025-06-24,69.8,Fair
AST-00917,2025-09-22,73.5,Fair
AST-00917,2025-12-21,75.5,Good
AST-00917,2026-03-21,64.9,Fair
AST-00917,2026-06-19,67.6,Fair
AST-00918,2024-01-01,57.8,Poor
AST-00918,2024-03-31,57.7,Poor
AST-00918,2024-06-29,54.1,Poor
AST-00918,2024-09-27,47.1,Poor
AST-00918,2024-12-26,46.0,Poor
AST-00918,2025-03-26,52.1,Poor
AST-00918,2025-06-24,44.5,Critical
AST-00918,2025-09-22,46.9,Poor
AST-00918,2025-12-21,49.5,Poor
AST-00918,2026-03-21,46.8,Poor
AST-00918,2026-06-19,47.3,Poor
AST-00919,2024-01-01,55.5,Poor
AST-00919,2024-03-31,51.9,Poor
AST-00919,2024-06-29,57.7,Poor
AST-00919,2024-09-27,50.1,Poor
AST-00919,2024-12-26,54.9,Poor
AST-00919,2025-03-26,52.2,Poor
AST-00919,2025-06-24,48.5,Poor
AST-00919,2025-09-22,54.7,Poor
AST-00919,2025-12-21,53.6,Poor
AST-00919,2026-03-21,54.0,Poor
AST-00919,2026-06-19,43.9,Critical
AST-00920,2024-01-01,79.1,Good
AST-00920,2024-03-31,80.1,Good
AST-00920,2024-06-29,73.6,Fair
AST-00920,2024-09-27,75.2,Good
AST-00920,2024-12-26,76.8,Good
AST-00920,2025-03-26,79.0,Good
AST-00920,2025-06-24,66.6,Fair
AST-00920,2025-09-22,66.5,Fair
AST-00920,2025-12-21,70.5,Fair
AST-00920,2026-03-21,74.7,Fair
AST-00920,2026-06-19,65.7,Fair
AST-00921,2024-01-01,87.4,Good
AST-00921,2024-03-31,83.3,Good
AST-00921,2024-06-29,79.3,Good
AST-00921,2024-09-27,81.8,Good
AST-00921,2024-12-26,83.5,Good
AST-00921,2025-03-26,82.0,Good
AST-00921,2025-06-24,84.9,Good
AST-00921,2025-09-22,72.3,Fair
AST-00921,2025-12-21,77.5,Good
AST-00921,2026-03-21,80.7,Good
AST-00921,2026-06-19,78.8,Good
AST-00922,2024-01-01,67.6,Fair
AST-00922,2024-03-31,64.8,Fair
AST-00922,2024-06-29,56.8,Poor
AST-00922,2024-09-27,64.7,Fair
AST-00922,2024-12-26,61.2,Fair
AST-00922,2025-03-26,67.6,Fair
AST-00922,2025-06-24,64.1,Fair
AST-00922,2025-09-22,65.8,Fair
AST-00922,2025-12-21,70.0,Fair
AST-00922,2026-03-21,62.7,Fair
AST-00922,2026-06-19,54.8,Poor
AST-00923,2024-01-01,100.0,Good
AST-00923,2024-03-31,96.9,Good
AST-00923,2024-06-29,97.3,Good
AST-00923,2024-09-27,93.7,Good
AST-00923,2024-12-26,92.8,Good
AST-00923,2025-03-26,93.3,Good
AST-00923,2025-06-24,88.7,Good
AST-00923,2025-09-22,95.5,Good
AST-00923,2025-12-21,94.6,Good
AST-00923,2026-03-21,85.0,Good
AST-00923,2026-06-19,86.3,Good
AST-00924,2024-01-01,70.8,Fair
AST-00924,2024-03-31,69.3,Fair
AST-00924,2024-06-29,74.4,Fair
AST-00924,2024-09-27,69.1,Fair
AST-00924,2024-12-26,66.1,Fair
AST-00924,2025-03-26,58.7,Poor
AST-00924,2025-06-24,61.9,Fair
AST-00924,2025-09-22,59.7,Poor
AST-00924,2025-12-21,67.2,Fair
AST-00924,2026-03-21,59.2,Poor
AST-00924,2026-06-19,63.0,Fair
AST-00925,2024-01-01,81.8,Good
AST-00925,2024-03-31,80.5,Good
AST-00925,2024-06-29,75.1,Good
AST-00925,2024-09-27,81.8,Good
AST-00925,2024-12-26,78.6,Good
AST-00925,2025-03-26,74.0,Fair
AST-00925,2025-06-24,75.4,Good
AST-00925,2025-09-22,75.8,Good
AST-00925,2025-12-21,77.1,Good
AST-00925,2026-03-21,74.7,Fair
AST-00925,2026-06-19,74.0,Fair
AST-00926,2024-01-01,93.7,Good
AST-00926,2024-03-31,95.8,Good
AST-00926,2024-06-29,89.1,Good
AST-00926,2024-09-27,90.1,Good
AST-00926,2024-12-26,91.8,Good
AST-00926,2025-03-26,88.4,Good
AST-00926,2025-06-24,95.9,Good
AST-00926,2025-09-22,89.0,Good
AST-00926,2025-12-21,86.7,Good
AST-00926,2026-03-21,85.5,Good
AST-00926,2026-06-19,88.1,Good
AST-00927,2024-01-01,71.5,Fair
AST-00927,2024-03-31,71.4,Fair
AST-00927,2024-06-29,65.2,Fair
AST-00927,2024-09-27,69.6,Fair
AST-00927,2024-12-26,66.0,Fair
AST-00927,2025-03-26,63.0,Fair
AST-00927,2025-06-24,54.7,Poor
AST-00927,2025-09-22,58.1,Poor
AST-00927,2025-12-21,62.4,Fair
AST-00927,2026-03-21,66.3,Fair
AST-00927,2026-06-19,58.4,Poor
AST-00928,2024-01-01,83.1,Good
AST-00928,2024-03-31,79.5,Good
AST-00928,2024-06-29,81.6,Good
AST-00928,2024-09-27,74.7,Fair
AST-00928,2024-12-26,72.0,Fair
AST-00928,2025-03-26,72.0,Fair
AST-00928,2025-06-24,74.7,Fair
AST-00928,2025-09-22,68.1,Fair
AST-00928,2025-12-21,69.2,Fair
AST-00928,2026-03-21,79.7,Good
AST-00928,2026-06-19,75.1,Good
AST-00929,2024-01-01,79.2,Good
AST-00929,2024-03-31,76.3,Good
AST-00929,2024-06-29,78.7,Good
AST-00929,2024-09-27,79.4,Good
AST-00929,2024-12-26,73.4,Fair
AST-00929,2025-03-26,68.3,Fair
AST-00929,2025-06-24,72.6,Fair
AST-00929,2025-09-22,73.1,Fair
AST-00929,2025-12-21,70.9,Fair
AST-00929,2026-03-21,73.7,Fair
AST-00929,2026-06-19,72.0,Fair
AST-00930,2024-01-01,69.1,Fair
AST-00930,2024-03-31,67.0,Fair
AST-00930,2024-06-29,65.2,Fair
AST-00930,2024-09-27,65.6,Fair
AST-00930,2024-12-26,59.8,Poor
AST-00930,2025-03-26,63.0,Fair
AST-00930,2025-06-24,59.1,Poor
AST-00930,2025-09-22,59.0,Poor
AST-00930,2025-12-21,64.7,Fair
AST-00930,2026-03-21,60.2,Fair
AST-00930,2026-06-19,60.5,Fair
AST-00931,2024-01-01,86.2,Good
AST-00931,2024-03-31,79.0,Good
AST-00931,2024-06-29,81.8,Good
AST-00931,2024-09-27,81.6,Good
AST-00931,2024-12-26,87.0,Good
AST-00931,2025-03-26,73.2,Fair
AST-00931,2025-06-24,68.5,Fair
AST-00931,2025-09-22,77.7,Good
AST-00931,2025-12-21,77.1,Good
AST-00931,2026-03-21,69.5,Fair
AST-00931,2026-06-19,74.0,Fair
AST-00932,2024-01-01,57.0,Poor
AST-00932,2024-03-31,51.3,Poor
AST-00932,2024-06-29,57.1,Poor
AST-00932,2024-09-27,55.3,Poor
AST-00932,2024-12-26,50.8,Poor
AST-00932,2025-03-26,51.0,Poor
AST-00932,2025-06-24,52.7,Poor
AST-00932,2025-09-22,52.8,Poor
AST-00932,2025-12-21,44.6,Critical
AST-00932,2026-03-21,48.3,Poor
AST-00932,2026-06-19,45.5,Poor
AST-00933,2024-01-01,84.8,Good
AST-00933,2024-03-31,85.7,Good
AST-00933,2024-06-29,84.1,Good
AST-00933,2024-09-27,86.6,Good
AST-00933,2024-12-26,81.7,Good
AST-00933,2025-03-26,81.2,Good
AST-00933,2025-06-24,75.1,Good
AST-00933,2025-09-22,75.8,Good
AST-00933,2025-12-21,74.6,Fair
AST-00933,2026-03-21,70.6,Fair
AST-00933,2026-06-19,75.0,Good
AST-00934,2024-01-01,74.3,Fair
AST-00934,2024-03-31,71.3,Fair
AST-00934,2024-06-29,68.5,Fair
AST-00934,2024-09-27,68.6,Fair
AST-00934,2024-12-26,62.8,Fair
AST-00934,2025-03-26,59.9,Poor
AST-00934,2025-06-24,61.5,Fair
AST-00934,2025-09-22,62.6,Fair
AST-00934,2025-12-21,57.7,Poor
AST-00934,2026-03-21,59.3,Poor
AST-00934,2026-06-19,58.3,Poor
AST-00935,2024-01-01,67.1,Fair
AST-00935,2024-03-31,64.8,Fair
AST-00935,2024-06-29,66.4,Fair
AST-00935,2024-09-27,62.1,Fair
AST-00935,2024-12-26,64.8,Fair
AST-00935,2025-03-26,59.5,Poor
AST-00935,2025-06-24,65.7,Fair
AST-00935,2025-09-22,63.5,Fair
AST-00935,2025-12-21,64.0,Fair
AST-00935,2026-03-21,60.9,Fair
AST-00935,2026-06-19,56.9,Poor
AST-00936,2024-01-01,95.8,Good
AST-00936,2024-03-31,91.3,Good
AST-00936,2024-06-29,84.9,Good
AST-00936,2024-09-27,89.1,Good
AST-00936,2024-12-26,92.7,Good
AST-00936,2025-03-26,86.5,Good
AST-00936,2025-06-24,83.3,Good
AST-00936,2025-09-22,90.3,Good
AST-00936,2025-12-21,84.8,Good
AST-00936,2026-03-21,82.7,Good
AST-00936,2026-06-19,80.9,Good
AST-00937,2024-01-01,62.5,Fair
AST-00937,2024-03-31,56.2,Poor
AST-00937,2024-06-29,63.9,Fair
AST-00937,2024-09-27,53.8,Poor
AST-00937,2024-12-26,64.1,Fair
AST-00937,2025-03-26,56.7,Poor
AST-00937,2025-06-24,55.7,Poor
AST-00937,2025-09-22,57.9,Poor
AST-00937,2025-12-21,60.3,Fair
AST-00937,2026-03-21,51.8,Poor
AST-00937,2026-06-19,49.8,Poor
AST-00938,2024-01-01,66.5,Fair
AST-00938,2024-03-31,64.0,Fair
AST-00938,2024-06-29,66.4,Fair
AST-00938,2024-09-27,61.2,Fair
AST-00938,2024-12-26,64.3,Fair
AST-00938,2025-03-26,55.6,Poor
AST-00938,2025-06-24,61.1,Fair
AST-00938,2025-09-22,59.1,Poor
AST-00938,2025-12-21,67.5,Fair
AST-00938,2026-03-21,61.4,Fair
AST-00938,2026-06-19,61.1,Fair
AST-00939,2024-01-01,45.3,Poor
AST-00939,2024-03-31,45.0,Critical
AST-00939,2024-06-29,44.3,Critical
AST-00939,2024-09-27,43.3,Critical
AST-00939,2024-12-26,35.9,Critical
AST-00939,2025-03-26,37.2,Critical
AST-00939,2025-06-24,35.6,Critical
AST-00939,2025-09-22,39.0,Critical
AST-00939,2025-12-21,43.2,Critical
AST-00939,2026-03-21,36.3,Critical
AST-00939,2026-06-19,29.4,Critical
AST-00940,2024-01-01,85.4,Good
AST-00940,2024-03-31,90.9,Good
AST-00940,2024-06-29,88.4,Good
AST-00940,2024-09-27,81.5,Good
AST-00940,2024-12-26,88.9,Good
AST-00940,2025-03-26,81.7,Good
AST-00940,2025-06-24,81.6,Good
AST-00940,2025-09-22,80.4,Good
AST-00940,2025-12-21,73.8,Fair
AST-00940,2026-03-21,84.2,Good
AST-00940,2026-06-19,77.4,Good
AST-00941,2024-01-01,70.8,Fair
AST-00941,2024-03-31,64.2,Fair
AST-00941,2024-06-29,71.3,Fair
AST-00941,2024-09-27,75.6,Good
AST-00941,2024-12-26,58.9,Poor
AST-00941,2025-03-26,59.8,Poor
AST-00941,2025-06-24,65.0,Fair
AST-00941,2025-09-22,61.0,Fair
AST-00941,2025-12-21,68.3,Fair
AST-00941,2026-03-21,57.3,Poor
AST-00941,2026-06-19,66.3,Fair
AST-00942,2024-01-01,64.4,Fair
AST-00942,2024-03-31,57.1,Poor
AST-00942,2024-06-29,58.9,Poor
AST-00942,2024-09-27,59.6,Poor
AST-00942,2024-12-26,63.9,Fair
AST-00942,2025-03-26,61.5,Fair
AST-00942,2025-06-24,56.9,Poor
AST-00942,2025-09-22,56.7,Poor
AST-00942,2025-12-21,54.4,Poor
AST-00942,2026-03-21,57.3,Poor
AST-00942,2026-06-19,60.6,Fair
AST-00943,2024-01-01,58.8,Poor
AST-00943,2024-03-31,54.9,Poor
AST-00943,2024-06-29,55.1,Poor
AST-00943,2024-09-27,56.9,Poor
AST-00943,2024-12-26,51.4,Poor
AST-00943,2025-03-26,51.3,Poor
AST-00943,2025-06-24,60.5,Fair
AST-00943,2025-09-22,47.3,Poor
AST-00943,2025-12-21,54.5,Poor
AST-00943,2026-03-21,48.5,Poor
AST-00943,2026-06-19,48.2,Poor
AST-00944,2024-01-01,99.9,Good
AST-00944,2024-03-31,98.9,Good
AST-00944,2024-06-29,95.5,Good
AST-00944,2024-09-27,93.6,Good
AST-00944,2024-12-26,94.4,Good
AST-00944,2025-03-26,92.8,Good
AST-00944,2025-06-24,88.2,Good
AST-00944,2025-09-22,92.1,Good
AST-00944,2025-12-21,87.5,Good
AST-00944,2026-03-21,85.8,Good
AST-00944,2026-06-19,82.9,Good
AST-00945,2024-01-01,44.8,Critical
AST-00945,2024-03-31,41.2,Critical
AST-00945,2024-06-29,43.7,Critical
AST-00945,2024-09-27,49.7,Poor
AST-00945,2024-12-26,48.6,Poor
AST-00945,2025-03-26,49.3,Poor
AST-00945,2025-06-24,40.9,Critical
AST-00945,2025-09-22,45.8,Poor
AST-00945,2025-12-21,46.1,Poor
AST-00945,2026-03-21,38.4,Critical
AST-00945,2026-06-19,40.5,Critical
AST-00946,2024-01-01,88.3,Good
AST-00946,2024-03-31,80.1,Good
AST-00946,2024-06-29,82.0,Good
AST-00946,2024-09-27,78.0,Good
AST-00946,2024-12-26,76.5,Good
AST-00946,2025-03-26,78.4,Good
AST-00946,2025-06-24,70.9,Fair
AST-00946,2025-09-22,75.6,Good
AST-00946,2025-12-21,73.6,Fair
AST-00946,2026-03-21,79.0,Good
AST-00946,2026-06-19,76.0,Good
AST-00947,2024-01-01,68.0,Fair
AST-00947,2024-03-31,78.2,Good
AST-00947,2024-06-29,77.6,Good
AST-00947,2024-09-27,67.9,Fair
AST-00947,2024-12-26,72.9,Fair
AST-00947,2025-03-26,65.7,Fair
AST-00947,2025-06-24,73.4,Fair
AST-00947,2025-09-22,69.1,Fair
AST-00947,2025-12-21,66.2,Fair
AST-00947,2026-03-21,64.5,Fair
AST-00947,2026-06-19,59.9,Poor
AST-00948,2024-01-01,85.4,Good
AST-00948,2024-03-31,88.2,Good
AST-00948,2024-06-29,81.6,Good
AST-00948,2024-09-27,84.8,Good
AST-00948,2024-12-26,88.6,Good
AST-00948,2025-03-26,84.8,Good
AST-00948,2025-06-24,83.3,Good
AST-00948,2025-09-22,83.4,Good
AST-00948,2025-12-21,86.5,Good
AST-00948,2026-03-21,84.4,Good
AST-00948,2026-06-19,88.1,Good
AST-00949,2024-01-01,82.0,Good
AST-00949,2024-03-31,72.9,Fair
AST-00949,2024-06-29,73.9,Fair
AST-00949,2024-09-27,72.3,Fair
AST-00949,2024-12-26,71.2,Fair
AST-00949,2025-03-26,73.9,Fair
AST-00949,2025-06-24,68.3,Fair
AST-00949,2025-09-22,63.1,Fair
AST-00949,2025-12-21,65.6,Fair
AST-00949,2026-03-21,75.3,Good
AST-00949,2026-06-19,70.1,Fair
AST-00950,2024-01-01,69.5,Fair
AST-00950,2024-03-31,80.7,Good
AST-00950,2024-06-29,76.8,Good
AST-00950,2024-09-27,69.3,Fair
AST-00950,2024-12-26,69.5,Fair
AST-00950,2025-03-26,75.8,Good
AST-00950,2025-06-24,67.5,Fair
AST-00950,2025-09-22,67.4,Fair
AST-00950,2025-12-21,65.6,Fair
AST-00950,2026-03-21,65.1,Fair
AST-00950,2026-06-19,56.4,Poor
AST-00951,2024-01-01,84.9,Good
AST-00951,2024-03-31,82.5,Good
AST-00951,2024-06-29,75.3,Good
AST-00951,2024-09-27,79.4,Good
AST-00951,2024-12-26,82.9,Good
AST-00951,2025-03-26,72.2,Fair
AST-00951,2025-06-24,73.6,Fair
AST-00951,2025-09-22,74.3,Fair
AST-00951,2025-12-21,72.3,Fair
AST-00951,2026-03-21,61.8,Fair
AST-00951,2026-06-19,71.6,Fair
AST-00952,2024-01-01,68.0,Fair
AST-00952,2024-03-31,56.9,Poor
AST-00952,2024-06-29,62.1,Fair
AST-00952,2024-09-27,63.1,Fair
AST-00952,2024-12-26,61.6,Fair
AST-00952,2025-03-26,56.1,Poor
AST-00952,2025-06-24,54.6,Poor
AST-00952,2025-09-22,53.1,Poor
AST-00952,2025-12-21,57.1,Poor
AST-00952,2026-03-21,58.2,Poor
AST-00952,2026-06-19,54.6,Poor
AST-00953,2024-01-01,62.3,Fair
AST-00953,2024-03-31,53.7,Poor
AST-00953,2024-06-29,59.9,Poor
AST-00953,2024-09-27,55.1,Poor
AST-00953,2024-12-26,54.5,Poor
AST-00953,2025-03-26,54.5,Poor
AST-00953,2025-06-24,50.5,Poor
AST-00953,2025-09-22,48.6,Poor
AST-00953,2025-12-21,49.4,Poor
AST-00953,2026-03-21,57.2,Poor
AST-00953,2026-06-19,52.2,Poor
AST-00954,2024-01-01,76.9,Good
AST-00954,2024-03-31,73.3,Fair
AST-00954,2024-06-29,77.5,Good
AST-00954,2024-09-27,78.1,Good
AST-00954,2024-12-26,66.0,Fair
AST-00954,2025-03-26,72.0,Fair
AST-00954,2025-06-24,67.6,Fair
AST-00954,2025-09-22,67.9,Fair
AST-00954,2025-12-21,72.5,Fair
AST-00954,2026-03-21,70.4,Fair
AST-00954,2026-06-19,69.7,Fair
AST-00955,2024-01-01,76.9,Good
AST-00955,2024-03-31,75.4,Good
AST-00955,2024-06-29,76.6,Good
AST-00955,2024-09-27,74.9,Fair
AST-00955,2024-12-26,80.0,Good
AST-00955,2025-03-26,77.7,Good
AST-00955,2025-06-24,79.4,Good
AST-00955,2025-09-22,74.1,Fair
AST-00955,2025-12-21,70.5,Fair
AST-00955,2026-03-21,68.9,Fair
AST-00955,2026-06-19,67.8,Fair
AST-00956,2024-01-01,55.2,Poor
AST-00956,2024-03-31,51.3,Poor
AST-00956,2024-06-29,50.4,Poor
AST-00956,2024-09-27,50.8,Poor
AST-00956,2024-12-26,55.9,Poor
AST-00956,2025-03-26,49.9,Poor
AST-00956,2025-06-24,45.9,Poor
AST-00956,2025-09-22,45.4,Poor
AST-00956,2025-12-21,40.0,Critical
AST-00956,2026-03-21,37.7,Critical
AST-00956,2026-06-19,36.5,Critical
AST-00957,2024-01-01,99.3,Good
AST-00957,2024-03-31,92.4,Good
AST-00957,2024-06-29,96.1,Good
AST-00957,2024-09-27,91.9,Good
AST-00957,2024-12-26,96.7,Good
AST-00957,2025-03-26,94.8,Good
AST-00957,2025-06-24,89.1,Good
AST-00957,2025-09-22,89.4,Good
AST-00957,2025-12-21,91.9,Good
AST-00957,2026-03-21,88.2,Good
AST-00957,2026-06-19,87.6,Good
AST-00958,2024-01-01,80.0,Good
AST-00958,2024-03-31,88.2,Good
AST-00958,2024-06-29,76.1,Good
AST-00958,2024-09-27,82.2,Good
AST-00958,2024-12-26,77.8,Good
AST-00958,2025-03-26,79.7,Good
AST-00958,2025-06-24,76.5,Good
AST-00958,2025-09-22,83.4,Good
AST-00958,2025-12-21,84.3,Good
AST-00958,2026-03-21,80.0,Good
AST-00958,2026-06-19,81.4,Good
AST-00959,2024-01-01,76.5,Good
AST-00959,2024-03-31,72.5,Fair
AST-00959,2024-06-29,74.6,Fair
AST-00959,2024-09-27,75.3,Good
AST-00959,2024-12-26,67.7,Fair
AST-00959,2025-03-26,63.7,Fair
AST-00959,2025-06-24,71.3,Fair
AST-00959,2025-09-22,72.2,Fair
AST-00959,2025-12-21,65.9,Fair
AST-00959,2026-03-21,59.2,Poor
AST-00959,2026-06-19,65.1,Fair
AST-00960,2024-01-01,77.4,Good
AST-00960,2024-03-31,84.3,Good
AST-00960,2024-06-29,80.0,Good
AST-00960,2024-09-27,80.2,Good
AST-00960,2024-12-26,88.3,Good
AST-00960,2025-03-26,73.2,Fair
AST-00960,2025-06-24,75.9,Good
AST-00960,2025-09-22,68.4,Fair
AST-00960,2025-12-21,71.9,Fair
AST-00960,2026-03-21,67.6,Fair
AST-00960,2026-06-19,73.3,Fair
AST-00961,2024-01-01,49.7,Poor
AST-00961,2024-03-31,54.9,Poor
AST-00961,2024-06-29,53.6,Poor
AST-00961,2024-09-27,60.4,Fair
AST-00961,2024-12-26,49.9,Poor
AST-00961,2025-03-26,46.9,Poor
AST-00961,2025-06-24,47.9,Poor
AST-00961,2025-09-22,52.1,Poor
AST-00961,2025-12-21,41.0,Critical
AST-00961,2026-03-21,44.7,Critical
AST-00961,2026-06-19,44.6,Critical
AST-00962,2024-01-01,80.6,Good
AST-00962,2024-03-31,77.9,Good
AST-00962,2024-06-29,76.1,Good
AST-00962,2024-09-27,73.2,Fair
AST-00962,2024-12-26,74.9,Fair
AST-00962,2025-03-26,80.6,Good
AST-00962,2025-06-24,82.7,Good
AST-00962,2025-09-22,78.6,Good
AST-00962,2025-12-21,74.6,Fair
AST-00962,2026-03-21,74.9,Fair
AST-00962,2026-06-19,78.9,Good
AST-00963,2024-01-01,63.4,Fair
AST-00963,2024-03-31,62.7,Fair
AST-00963,2024-06-29,62.1,Fair
AST-00963,2024-09-27,58.8,Poor
AST-00963,2024-12-26,53.1,Poor
AST-00963,2025-03-26,61.0,Fair
AST-00963,2025-06-24,58.5,Poor
AST-00963,2025-09-22,65.6,Fair
AST-00963,2025-12-21,60.3,Fair
AST-00963,2026-03-21,59.2,Poor
AST-00963,2026-06-19,57.9,Poor
AST-00964,2024-01-01,89.7,Good
AST-00964,2024-03-31,85.4,Good
AST-00964,2024-06-29,87.1,Good
AST-00964,2024-09-27,87.9,Good
AST-00964,2024-12-26,87.9,Good
AST-00964,2025-03-26,90.5,Good
AST-00964,2025-06-24,87.0,Good
AST-00964,2025-09-22,83.6,Good
AST-00964,2025-12-21,87.2,Good
AST-00964,2026-03-21,81.7,Good
AST-00964,2026-06-19,81.0,Good
AST-00965,2024-01-01,86.3,Good
AST-00965,2024-03-31,81.7,Good
AST-00965,2024-06-29,86.8,Good
AST-00965,2024-09-27,80.2,Good
AST-00965,2024-12-26,81.4,Good
AST-00965,2025-03-26,79.1,Good
AST-00965,2025-06-24,83.5,Good
AST-00965,2025-09-22,79.2,Good
AST-00965,2025-12-21,77.4,Good
AST-00965,2026-03-21,83.1,Good
AST-00965,2026-06-19,79.2,Good
AST-00966,2024-01-01,73.0,Fair
AST-00966,2024-03-31,75.5,Good
AST-00966,2024-06-29,69.9,Fair
AST-00966,2024-09-27,71.4,Fair
AST-00966,2024-12-26,68.0,Fair
AST-00966,2025-03-26,69.0,Fair
AST-00966,2025-06-24,66.8,Fair
AST-00966,2025-09-22,69.4,Fair
AST-00966,2025-12-21,71.9,Fair
AST-00966,2026-03-21,66.6,Fair
AST-00966,2026-06-19,68.6,Fair
AST-00967,2024-01-01,90.3,Good
AST-00967,2024-03-31,93.5,Good
AST-00967,2024-06-29,90.3,Good
AST-00967,2024-09-27,94.5,Good
AST-00967,2024-12-26,85.6,Good
AST-00967,2025-03-26,91.7,Good
AST-00967,2025-06-24,87.8,Good
AST-00967,2025-09-22,88.4,Good
AST-00967,2025-12-21,85.9,Good
AST-00967,2026-03-21,84.6,Good
AST-00967,2026-06-19,87.9,Good
AST-00968,2024-01-01,96.0,Good
AST-00968,2024-03-31,93.4,Good
AST-00968,2024-06-29,88.5,Good
AST-00968,2024-09-27,88.6,Good
AST-00968,2024-12-26,84.8,Good
AST-00968,2025-03-26,84.8,Good
AST-00968,2025-06-24,85.2,Good
AST-00968,2025-09-22,86.3,Good
AST-00968,2025-12-21,82.6,Good
AST-00968,2026-03-21,79.8,Good
AST-00968,2026-06-19,82.6,Good
AST-00969,2024-01-01,81.2,Good
AST-00969,2024-03-31,76.7,Good
AST-00969,2024-06-29,75.5,Good
AST-00969,2024-09-27,80.6,Good
AST-00969,2024-12-26,75.7,Good
AST-00969,2025-03-26,75.9,Good
AST-00969,2025-06-24,73.8,Fair
AST-00969,2025-09-22,72.1,Fair
AST-00969,2025-12-21,74.7,Fair
AST-00969,2026-03-21,72.3,Fair
AST-00969,2026-06-19,73.3,Fair
AST-00970,2024-01-01,71.4,Fair
AST-00970,2024-03-31,69.1,Fair
AST-00970,2024-06-29,73.0,Fair
AST-00970,2024-09-27,76.3,Good
AST-00970,2024-12-26,70.8,Fair
AST-00970,2025-03-26,69.3,Fair
AST-00970,2025-06-24,67.2,Fair
AST-00970,2025-09-22,66.8,Fair
AST-00970,2025-12-21,69.9,Fair
AST-00970,2026-03-21,64.3,Fair
AST-00970,2026-06-19,66.2,Fair
AST-00971,2024-01-01,57.5,Poor
AST-00971,2024-03-31,57.5,Poor
AST-00971,2024-06-29,60.4,Fair
AST-00971,2024-09-27,57.1,Poor
AST-00971,2024-12-26,58.4,Poor
AST-00971,2025-03-26,56.1,Poor
AST-00971,2025-06-24,55.2,Poor
AST-00971,2025-09-22,55.4,Poor
AST-00971,2025-12-21,53.1,Poor
AST-00971,2026-03-21,53.7,Poor
AST-00971,2026-06-19,53.1,Poor
AST-00972,2024-01-01,98.3,Good
AST-00972,2024-03-31,97.2,Good
AST-00972,2024-06-29,94.6,Good
AST-00972,2024-09-27,93.9,Good
AST-00972,2024-12-26,99.6,Good
AST-00972,2025-03-26,94.1,Good
AST-00972,2025-06-24,93.8,Good
AST-00972,2025-09-22,93.5,Good
AST-00972,2025-12-21,87.1,Good
AST-00972,2026-03-21,89.6,Good
AST-00972,2026-06-19,98.2,Good
AST-00973,2024-01-01,65.5,Fair
AST-00973,2024-03-31,64.7,Fair
AST-00973,2024-06-29,66.0,Fair
AST-00973,2024-09-27,69.7,Fair
AST-00973,2024-12-26,65.0,Fair
AST-00973,2025-03-26,66.0,Fair
AST-00973,2025-06-24,66.7,Fair
AST-00973,2025-09-22,57.1,Poor
AST-00973,2025-12-21,67.1,Fair
AST-00973,2026-03-21,60.3,Fair
AST-00973,2026-06-19,49.3,Poor
AST-00974,2024-01-01,56.0,Poor
AST-00974,2024-03-31,53.4,Poor
AST-00974,2024-06-29,55.7,Poor
AST-00974,2024-09-27,50.6,Poor
AST-00974,2024-12-26,44.9,Critical
AST-00974,2025-03-26,47.7,Poor
AST-00974,2025-06-24,45.4,Poor
AST-00974,2025-09-22,46.6,Poor
AST-00974,2025-12-21,44.8,Critical
AST-00974,2026-03-21,38.2,Critical
AST-00974,2026-06-19,45.3,Poor
AST-00975,2024-01-01,90.7,Good
AST-00975,2024-03-31,90.8,Good
AST-00975,2024-06-29,84.9,Good
AST-00975,2024-09-27,82.3,Good
AST-00975,2024-12-26,86.1,Good
AST-00975,2025-03-26,80.4,Good
AST-00975,2025-06-24,79.5,Good
AST-00975,2025-09-22,75.5,Good
AST-00975,2025-12-21,85.0,Good
AST-00975,2026-03-21,83.9,Good
AST-00975,2026-06-19,73.8,Fair
AST-00976,2024-01-01,82.7,Good
AST-00976,2024-03-31,80.1,Good
AST-00976,2024-06-29,81.4,Good
AST-00976,2024-09-27,76.1,Good
AST-00976,2024-12-26,82.7,Good
AST-00976,2025-03-26,79.8,Good
AST-00976,2025-06-24,78.8,Good
AST-00976,2025-09-22,79.4,Good
AST-00976,2025-12-21,74.2,Fair
AST-00976,2026-03-21,78.0,Good
AST-00976,2026-06-19,73.7,Fair
AST-00977,2024-01-01,72.0,Fair
AST-00977,2024-03-31,71.3,Fair
AST-00977,2024-06-29,73.4,Fair
AST-00977,2024-09-27,75.6,Good
AST-00977,2024-12-26,68.0,Fair
AST-00977,2025-03-26,68.6,Fair
AST-00977,2025-06-24,71.1,Fair
AST-00977,2025-09-22,72.3,Fair
AST-00977,2025-12-21,67.5,Fair
AST-00977,2026-03-21,68.4,Fair
AST-00977,2026-06-19,69.5,Fair
AST-00978,2024-01-01,58.8,Poor
AST-00978,2024-03-31,53.8,Poor
AST-00978,2024-06-29,56.3,Poor
AST-00978,2024-09-27,52.1,Poor
AST-00978,2024-12-26,55.3,Poor
AST-00978,2025-03-26,54.2,Poor
AST-00978,2025-06-24,49.4,Poor
AST-00978,2025-09-22,48.8,Poor
AST-00978,2025-12-21,53.0,Poor
AST-00978,2026-03-21,46.0,Poor
AST-00978,2026-06-19,38.5,Critical
AST-00979,2024-01-01,88.1,Good
AST-00979,2024-03-31,81.4,Good
AST-00979,2024-06-29,78.3,Good
AST-00979,2024-09-27,77.6,Good
AST-00979,2024-12-26,78.6,Good
AST-00979,2025-03-26,80.9,Good
AST-00979,2025-06-24,81.1,Good
AST-00979,2025-09-22,79.5,Good
AST-00979,2025-12-21,77.0,Good
AST-00979,2026-03-21,74.0,Fair
AST-00979,2026-06-19,79.4,Good
AST-00980,2024-01-01,87.5,Good
AST-00980,2024-03-31,88.9,Good
AST-00980,2024-06-29,86.6,Good
AST-00980,2024-09-27,86.7,Good
AST-00980,2024-12-26,83.7,Good
AST-00980,2025-03-26,87.7,Good
AST-00980,2025-06-24,87.8,Good
AST-00980,2025-09-22,84.0,Good
AST-00980,2025-12-21,87.9,Good
AST-00980,2026-03-21,85.5,Good
AST-00980,2026-06-19,87.4,Good
AST-00981,2024-01-01,83.4,Good
AST-00981,2024-03-31,82.8,Good
AST-00981,2024-06-29,79.8,Good
AST-00981,2024-09-27,78.4,Good
AST-00981,2024-12-26,80.5,Good
AST-00981,2025-03-26,76.0,Good
AST-00981,2025-06-24,71.7,Fair
AST-00981,2025-09-22,73.4,Fair
AST-00981,2025-12-21,68.6,Fair
AST-00981,2026-03-21,70.8,Fair
AST-00981,2026-06-19,71.6,Fair
AST-00982,2024-01-01,96.1,Good
AST-00982,2024-03-31,89.4,Good
AST-00982,2024-06-29,93.8,Good
AST-00982,2024-09-27,92.9,Good
AST-00982,2024-12-26,92.2,Good
AST-00982,2025-03-26,94.3,Good
AST-00982,2025-06-24,92.8,Good
AST-00982,2025-09-22,87.2,Good
AST-00982,2025-12-21,87.8,Good
AST-00982,2026-03-21,87.7,Good
AST-00982,2026-06-19,93.6,Good
AST-00983,2024-01-01,63.2,Fair
AST-00983,2024-03-31,65.8,Fair
AST-00983,2024-06-29,62.6,Fair
AST-00983,2024-09-27,61.8,Fair
AST-00983,2024-12-26,62.6,Fair
AST-00983,2025-03-26,55.4,Poor
AST-00983,2025-06-24,61.6,Fair
AST-00983,2025-09-22,58.9,Poor
AST-00983,2025-12-21,57.4,Poor
AST-00983,2026-03-21,52.3,Poor
AST-00983,2026-06-19,59.1,Poor
AST-00984,2024-01-01,63.6,Fair
AST-00984,2024-03-31,64.2,Fair
AST-00984,2024-06-29,57.7,Poor
AST-00984,2024-09-27,56.2,Poor
AST-00984,2024-12-26,64.7,Fair
AST-00984,2025-03-26,45.7,Poor
AST-00984,2025-06-24,54.3,Poor
AST-00984,2025-09-22,43.1,Critical
AST-00984,2025-12-21,53.8,Poor
AST-00984,2026-03-21,50.0,Poor
AST-00984,2026-06-19,48.4,Poor
AST-00985,2024-01-01,76.8,Good
AST-00985,2024-03-31,75.0,Good
AST-00985,2024-06-29,66.1,Fair
AST-00985,2024-09-27,68.0,Fair
AST-00985,2024-12-26,73.6,Fair
AST-00985,2025-03-26,70.3,Fair
AST-00985,2025-06-24,68.1,Fair
AST-00985,2025-09-22,71.6,Fair
AST-00985,2025-12-21,65.8,Fair
AST-00985,2026-03-21,64.5,Fair
AST-00985,2026-06-19,69.1,Fair
AST-00986,2024-01-01,67.6,Fair
AST-00986,2024-03-31,57.5,Poor
AST-00986,2024-06-29,73.3,Fair
AST-00986,2024-09-27,62.7,Fair
AST-00986,2024-12-26,58.1,Poor
AST-00986,2025-03-26,66.9,Fair
AST-00986,2025-06-24,64.2,Fair
AST-00986,2025-09-22,58.5,Poor
AST-00986,2025-12-21,60.6,Fair
AST-00986,2026-03-21,57.7,Poor
AST-00986,2026-06-19,52.5,Poor
AST-00987,2024-01-01,66.8,Fair
AST-00987,2024-03-31,59.6,Poor
AST-00987,2024-06-29,61.4,Fair
AST-00987,2024-09-27,58.6,Poor
AST-00987,2024-12-26,65.5,Fair
AST-00987,2025-03-26,55.4,Poor
AST-00987,2025-06-24,58.0,Poor
AST-00987,2025-09-22,49.8,Poor
AST-00987,2025-12-21,58.7,Poor
AST-00987,2026-03-21,52.3,Poor
AST-00987,2026-06-19,47.7,Poor
AST-00988,2024-01-01,75.0,Good
AST-00988,2024-03-31,68.6,Fair
AST-00988,2024-06-29,63.8,Fair
AST-00988,2024-09-27,66.7,Fair
AST-00988,2024-12-26,67.2,Fair
AST-00988,2025-03-26,63.7,Fair
AST-00988,2025-06-24,64.2,Fair
AST-00988,2025-09-22,70.2,Fair
AST-00988,2025-12-21,69.5,Fair
AST-00988,2026-03-21,60.5,Fair
AST-00988,2026-06-19,63.2,Fair
AST-00989,2024-01-01,54.0,Poor
AST-00989,2024-03-31,52.2,Poor
AST-00989,2024-06-29,51.1,Poor
AST-00989,2024-09-27,51.6,Poor
AST-00989,2024-12-26,54.4,Poor
AST-00989,2025-03-26,52.7,Poor
AST-00989,2025-06-24,50.5,Poor
AST-00989,2025-09-22,47.5,Poor
AST-00989,2025-12-21,48.5,Poor
AST-00989,2026-03-21,51.9,Poor
AST-00989,2026-06-19,46.6,Poor
AST-00990,2024-01-01,75.5,Good
AST-00990,2024-03-31,77.9,Good
AST-00990,2024-06-29,77.0,Good
AST-00990,2024-09-27,77.3,Good
AST-00990,2024-12-26,70.2,Fair
AST-00990,2025-03-26,77.7,Good
AST-00990,2025-06-24,66.5,Fair
AST-00990,2025-09-22,76.8,Good
AST-00990,2025-12-21,78.3,Good
AST-00990,2026-03-21,69.8,Fair
AST-00990,2026-06-19,72.0,Fair
AST-00991,2024-01-01,62.3,Fair
AST-00991,2024-03-31,70.0,Fair
AST-00991,2024-06-29,73.5,Fair
AST-00991,2024-09-27,66.7,Fair
AST-00991,2024-12-26,66.2,Fair
AST-00991,2025-03-26,60.7,Fair
AST-00991,2025-06-24,68.2,Fair
AST-00991,2025-09-22,57.8,Poor
AST-00991,2025-12-21,63.2,Fair
AST-00991,2026-03-21,55.5,Poor
AST-00991,2026-06-19,52.6,Poor
AST-00992,2024-01-01,73.8,Fair
AST-00992,2024-03-31,76.7,Good
AST-00992,2024-06-29,79.5,Good
AST-00992,2024-09-27,61.9,Fair
AST-00992,2024-12-26,68.7,Fair
AST-00992,2025-03-26,69.2,Fair
AST-00992,2025-06-24,63.8,Fair
AST-00992,2025-09-22,64.9,Fair
AST-00992,2025-12-21,63.7,Fair
AST-00992,2026-03-21,62.3,Fair
AST-00992,2026-06-19,60.8,Fair
AST-00993,2024-01-01,95.2,Good
AST-00993,2024-03-31,99.2,Good
AST-00993,2024-06-29,92.6,Good
AST-00993,2024-09-27,99.5,Good
AST-00993,2024-12-26,90.2,Good
AST-00993,2025-03-26,90.4,Good
AST-00993,2025-06-24,91.3,Good
AST-00993,2025-09-22,88.4,Good
AST-00993,2025-12-21,88.9,Good
AST-00993,2026-03-21,97.6,Good
AST-00993,2026-06-19,88.5,Good
AST-00994,2024-01-01,64.4,Fair
AST-00994,2024-03-31,63.7,Fair
AST-00994,2024-06-29,62.9,Fair
AST-00994,2024-09-27,56.9,Poor
AST-00994,2024-12-26,53.1,Poor
AST-00994,2025-03-26,57.4,Poor
AST-00994,2025-06-24,55.5,Poor
AST-00994,2025-09-22,60.4,Fair
AST-00994,2025-12-21,51.5,Poor
AST-00994,2026-03-21,53.3,Poor
AST-00994,2026-06-19,48.8,Poor
AST-00995,2024-01-01,78.0,Good
AST-00995,2024-03-31,72.2,Fair
AST-00995,2024-06-29,71.2,Fair
AST-00995,2024-09-27,75.3,Good
AST-00995,2024-12-26,67.8,Fair
AST-00995,2025-03-26,70.2,Fair
AST-00995,2025-06-24,74.4,Fair
AST-00995,2025-09-22,77.3,Good
AST-00995,2025-12-21,66.0,Fair
AST-00995,2026-03-21,68.0,Fair
AST-00995,2026-06-19,70.2,Fair
AST-00996,2024-01-01,68.4,Fair
AST-00996,2024-03-31,62.3,Fair
AST-00996,2024-06-29,61.5,Fair
AST-00996,2024-09-27,64.2,Fair
AST-00996,2024-12-26,60.0,Fair
AST-00996,2025-03-26,56.9,Poor
AST-00996,2025-06-24,53.5,Poor
AST-00996,2025-09-22,54.5,Poor
AST-00996,2025-12-21,55.2,Poor
AST-00996,2026-03-21,49.9,Poor
AST-00996,2026-06-19,52.1,Poor
AST-00997,2024-01-01,85.3,Good
AST-00997,2024-03-31,86.4,Good
AST-00997,2024-06-29,83.2,Good
AST-00997,2024-09-27,91.6,Good
AST-00997,2024-12-26,80.8,Good
AST-00997,2025-03-26,87.1,Good
AST-00997,2025-06-24,80.0,Good
AST-00997,2025-09-22,93.6,Good
AST-00997,2025-12-21,84.0,Good
AST-00997,2026-03-21,80.1,Good
AST-00997,2026-06-19,82.2,Good
AST-00998,2024-01-01,80.3,Good
AST-00998,2024-03-31,76.9,Good
AST-00998,2024-06-29,74.5,Fair
AST-00998,2024-09-27,71.2,Fair
AST-00998,2024-12-26,77.3,Good
AST-00998,2025-03-26,78.0,Good
AST-00998,2025-06-24,73.5,Fair
AST-00998,2025-09-22,72.3,Fair
AST-00998,2025-12-21,75.2,Good
AST-00998,2026-03-21,70.3,Fair
AST-00998,2026-06-19,70.8,Fair
AST-00999,2024-01-01,74.2,Fair
AST-00999,2024-03-31,75.3,Good
AST-00999,2024-06-29,78.4,Good
AST-00999,2024-09-27,77.1,Good
AST-00999,2024-12-26,72.5,Fair
AST-00999,2025-03-26,71.9,Fair
AST-00999,2025-06-24,74.5,Fair
AST-00999,2025-09-22,72.5,Fair
AST-00999,2025-12-21,69.9,Fair
AST-00999,2026-03-21,80.7,Good
AST-00999,2026-06-19,64.7,Fair
AST-01000,2024-01-01,76.5,Good
AST-01000,2024-03-31,70.8,Fair
AST-01000,2024-06-29,74.8,Fair
AST-01000,2024-09-27,67.8,Fair
AST-01000,2024-12-26,67.6,Fair
AST-01000,2025-03-26,72.4,Fair
AST-01000,2025-06-24,67.0,Fair
AST-01000,2025-09-22,67.3,Fair
AST-01000,2025-12-21,61.8,Fair
AST-01000,2026-03-21,68.2,Fair
AST-01000,2026-06-19,63.5,Fair
