work_order_id,asset_id,work_type,priority,created_date,sla_due_date,completed_date,status,estimated_hours,required_skill
WO-0000625,AST-00161,Preventive,Medium,2024-01-01,2024-01-11,2024-01-06,Completed,6.5,power
WO-0001671,AST-00426,Preventive,Medium,2024-01-01,2024-01-11,2024-01-05,Completed,5.0,third_rail
WO-0003004,AST-00765,Preventive,Medium,2024-01-01,2024-01-11,2024-01-06,Completed,2.9,third_rail
WO-0003222,AST-00821,Preventive,Medium,2024-01-01,2024-01-11,2024-01-05,Completed,2.6,power
WO-0000492,AST-00128,Preventive,Medium,2024-01-02,2024-01-12,2024-01-04,Completed,8.1,power
WO-0001002,AST-00257,Preventive,Medium,2024-01-02,2024-01-12,2024-01-06,Completed,6.6,third_rail
WO-0003302,AST-00837,Preventive,Medium,2024-01-02,2024-01-12,2024-01-04,Completed,6.9,third_rail
WO-0003400,AST-00860,Preventive,Medium,2024-01-02,2024-01-12,2024-01-09,Completed,6.1,cable
WO-0004552,AST-00403,Corrective,High,2024-01-02,2024-01-07,2024-01-08,Completed,4.9,third_rail
WO-0005070,AST-00781,Corrective,Medium,2024-01-02,2024-01-12,2024-01-06,Completed,7.2,breaker
WO-0005391,AST-00001,Corrective,Medium,2024-01-02,2024-01-12,2024-01-05,Completed,5.0,third_rail
WO-0005432,AST-00091,Corrective,High,2024-01-02,2024-01-07,2024-01-08,Completed,5.5,power
WO-0005485,AST-00148,Corrective,Medium,2024-01-02,2024-01-12,2024-01-06,Completed,6.3,cable
WO-0005492,AST-00150,Corrective,Medium,2024-01-02,2024-01-12,2024-01-03,Completed,2.7,power
WO-0005585,AST-00260,Corrective,Medium,2024-01-02,2024-01-12,2024-01-05,Completed,7.0,cable
WO-0005628,AST-00338,Corrective,Medium,2024-01-02,2024-01-12,2024-01-07,Completed,3.3,cable
WO-0005707,AST-00476,Corrective,Medium,2024-01-02,2024-01-12,2024-01-07,Completed,6.2,breaker
WO-0005710,AST-00493,Corrective,Medium,2024-01-02,2024-01-12,2024-01-05,Completed,5.9,cable
WO-0005772,AST-00589,Corrective,Medium,2024-01-02,2024-01-12,2024-01-02,Completed,6.2,breaker
WO-0005821,AST-00649,Corrective,Medium,2024-01-02,2024-01-12,2024-01-03,Completed,5.0,cable
WO-0005909,AST-00757,Corrective,Medium,2024-01-02,2024-01-12,2024-01-04,Completed,2.0,breaker
WO-0006034,AST-00903,Corrective,Medium,2024-01-02,2024-01-12,2024-01-03,Completed,5.4,power
WO-0001289,AST-00330,Preventive,Medium,2024-01-03,2024-01-13,2024-01-08,Completed,6.7,breaker
WO-0002190,AST-00561,Preventive,Medium,2024-01-03,2024-01-13,2024-01-05,Completed,3.0,power
WO-0002677,AST-00682,Preventive,Medium,2024-01-03,2024-01-13,2024-01-04,Completed,5.8,breaker
WO-0002873,AST-00731,Preventive,Medium,2024-01-03,2024-01-13,2024-01-06,Completed,2.7,breaker
WO-0005694,AST-00439,Corrective,Medium,2024-01-03,2024-01-13,2024-01-05,Completed,4.1,cable
WO-0005698,AST-00446,Corrective,Medium,2024-01-03,2024-01-13,2024-01-05,Completed,5.0,cable
WO-0005817,AST-00640,Corrective,Medium,2024-01-03,2024-01-13,2024-01-06,Completed,6.2,third_rail
WO-0005834,AST-00668,Corrective,Medium,2024-01-03,2024-01-13,2024-01-05,Completed,6.3,third_rail
WO-0005838,AST-00670,Corrective,Medium,2024-01-03,2024-01-13,2024-01-08,Completed,3.4,cable
WO-0005975,AST-00840,Corrective,Medium,2024-01-03,2024-01-13,2024-01-04,Completed,4.2,cable
WO-0006004,AST-00880,Corrective,High,2024-01-03,2024-01-08,2024-01-12,Completed,5.2,cable
WO-0000100,AST-00027,Preventive,Medium,2024-01-04,2024-01-14,2024-01-07,Completed,6.1,cable
WO-0000699,AST-00179,Preventive,Medium,2024-01-04,2024-01-14,2024-01-07,Completed,5.2,third_rail
WO-0001678,AST-00428,Preventive,Medium,2024-01-04,2024-01-14,2024-01-06,Completed,2.8,third_rail
WO-0002333,AST-00596,Preventive,Medium,2024-01-04,2024-01-14,2024-01-08,Completed,6.0,breaker
WO-0004402,AST-00290,Corrective,Medium,2024-01-04,2024-01-14,2024-01-09,Completed,4.5,power
WO-0004720,AST-00527,Corrective,Medium,2024-01-04,2024-01-14,2024-01-05,Completed,7.4,third_rail
WO-0005463,AST-00117,Corrective,Medium,2024-01-04,2024-01-14,2024-01-07,Completed,8.1,third_rail
WO-0005958,AST-00814,Corrective,Medium,2024-01-04,2024-01-14,2024-01-06,Completed,7.0,cable
WO-0006052,AST-00932,Corrective,Medium,2024-01-04,2024-01-14,2024-01-11,Completed,5.9,breaker
WO-0000957,AST-00246,Preventive,Medium,2024-01-05,2024-01-15,2024-01-09,Completed,5.2,third_rail
WO-0001124,AST-00289,Preventive,Medium,2024-01-05,2024-01-15,2024-01-07,Completed,4.8,cable
WO-0001259,AST-00323,Preventive,Medium,2024-01-05,2024-01-15,2024-01-13,Completed,4.0,breaker
WO-0002088,AST-00537,Preventive,Medium,2024-01-05,2024-01-15,2024-01-09,Completed,5.3,cable
WO-0004659,AST-00480,Corrective,High,2024-01-05,2024-01-10,2024-01-17,Completed,6.3,cable
WO-0005444,AST-00097,Corrective,High,2024-01-05,2024-01-10,2024-01-06,Completed,3.9,breaker
WO-0005533,AST-00173,Corrective,Medium,2024-01-05,2024-01-15,2024-01-05,Completed,7.1,breaker
WO-0005543,AST-00198,Corrective,Medium,2024-01-05,2024-01-15,2024-01-09,Completed,6.6,third_rail
WO-0005859,AST-00695,Corrective,Medium,2024-01-05,2024-01-15,2024-01-08,Completed,5.4,third_rail
WO-0005897,AST-00750,Corrective,Medium,2024-01-05,2024-01-15,2024-01-07,Completed,5.5,third_rail
WO-0005972,AST-00838,Corrective,Medium,2024-01-05,2024-01-15,2024-01-11,Completed,4.0,third_rail
WO-0006060,AST-00939,Corrective,Medium,2024-01-05,2024-01-15,2024-01-05,Completed,6.8,third_rail
WO-0006068,AST-00945,Corrective,High,2024-01-05,2024-01-10,2024-01-10,Completed,7.6,cable
WO-0001028,AST-00264,Preventive,Medium,2024-01-06,2024-01-16,2024-01-08,Completed,5.3,power
WO-0001052,AST-00270,Preventive,Medium,2024-01-06,2024-01-16,2024-01-11,Completed,6.2,power
WO-0001196,AST-00308,Preventive,Medium,2024-01-06,2024-01-16,2024-01-11,Completed,3.9,cable
WO-0002289,AST-00587,Preventive,Medium,2024-01-06,2024-01-16,2024-01-08,Completed,5.6,power
WO-0002990,AST-00760,Preventive,Medium,2024-01-06,2024-01-16,2024-01-12,Completed,3.1,cable
WO-0004104,AST-00093,Corrective,High,2024-01-06,2024-01-11,2024-01-09,Completed,4.0,cable
WO-0004755,AST-00549,Corrective,High,2024-01-06,2024-01-11,2024-01-13,Completed,7.3,third_rail
WO-0005563,AST-00230,Corrective,High,2024-01-06,2024-01-11,2024-01-08,Completed,7.3,power
WO-0005569,AST-00233,Corrective,Medium,2024-01-06,2024-01-16,2024-01-06,Completed,3.9,third_rail
WO-0005609,AST-00289,Corrective,Medium,2024-01-06,2024-01-16,2024-01-17,Completed,8.1,cable
WO-0005845,AST-00675,Corrective,Medium,2024-01-06,2024-01-16,2024-01-10,Completed,6.3,cable
WO-0005988,AST-00869,Corrective,Medium,2024-01-06,2024-01-16,2024-01-06,Completed,4.7,power
WO-0006028,AST-00902,Corrective,Medium,2024-01-06,2024-01-16,2024-01-16,Completed,9.3,breaker
WO-0006040,AST-00908,Corrective,Medium,2024-01-06,2024-01-16,2024-01-08,Completed,6.7,power
WO-0000432,AST-00112,Preventive,Medium,2024-01-07,2024-01-17,2024-01-11,Completed,5.4,breaker
WO-0000963,AST-00247,Preventive,Medium,2024-01-07,2024-01-17,2024-01-09,Completed,4.4,cable
WO-0001720,AST-00439,Preventive,Medium,2024-01-07,2024-01-17,2024-01-09,Completed,6.1,cable
WO-0001827,AST-00466,Preventive,Medium,2024-01-07,2024-01-17,2024-01-08,Completed,3.2,cable
WO-0002835,AST-00721,Preventive,Medium,2024-01-07,2024-01-17,2024-01-19,Completed,6.0,cable
WO-0004502,AST-00363,Corrective,High,2024-01-07,2024-01-12,2024-01-08,Completed,3.1,power
WO-0000543,AST-00141,Preventive,Medium,2024-01-08,2024-01-18,2024-01-20,Completed,4.0,cable
WO-0001302,AST-00333,Preventive,Medium,2024-01-08,2024-01-18,2024-01-10,Completed,6.6,cable
WO-0001360,AST-00350,Preventive,Medium,2024-01-08,2024-01-18,2024-01-09,Completed,5.4,power
WO-0002867,AST-00730,Preventive,Medium,2024-01-08,2024-01-18,2024-01-09,Completed,4.9,cable
WO-0003069,AST-00782,Preventive,Medium,2024-01-08,2024-01-18,2024-01-20,Completed,3.0,third_rail
WO-0004213,AST-00156,Corrective,Medium,2024-01-08,2024-01-18,2024-01-10,Completed,4.5,cable
WO-0004229,AST-00168,Corrective,High,2024-01-08,2024-01-13,2024-01-10,Completed,4.3,third_rail
WO-0004669,AST-00490,Corrective,High,2024-01-08,2024-01-13,2024-01-12,Completed,6.7,cable
WO-0004987,AST-00719,Corrective,Medium,2024-01-08,2024-01-18,2024-01-14,Completed,8.1,cable
WO-0005371,AST-00986,Corrective,Medium,2024-01-08,2024-01-18,2024-01-08,Completed,6.2,third_rail
WO-0000338,AST-00086,Preventive,Medium,2024-01-09,2024-01-19,2024-01-10,Completed,5.5,power
WO-0000799,AST-00204,Preventive,Medium,2024-01-09,2024-01-19,2024-01-20,Completed,3.6,power
WO-0000995,AST-00255,Preventive,Medium,2024-01-09,2024-01-19,2024-01-11,Completed,4.2,breaker
WO-0002727,AST-00695,Preventive,Medium,2024-01-09,2024-01-19,2024-01-09,Completed,5.2,third_rail
WO-0003238,AST-00824,Preventive,Medium,2024-01-09,2024-01-19,2024-01-13,Completed,5.4,cable
WO-0003394,AST-00859,Preventive,Medium,2024-01-09,2024-01-19,2024-01-12,Completed,5.4,breaker
WO-0003960,AST-00996,Preventive,Medium,2024-01-09,2024-01-19,2024-01-14,Completed,2.3,cable
WO-0004529,AST-00383,Corrective,Critical,2024-01-09,2024-01-11,2024-01-13,Completed,10.6,third_rail
WO-0004535,AST-00387,Corrective,Critical,2024-01-09,2024-01-11,2024-01-09,Completed,11.2,cable
WO-0000092,AST-00025,Preventive,Medium,2024-01-10,2024-01-20,2024-01-15,Completed,5.4,third_rail
WO-0000365,AST-00094,Preventive,Medium,2024-01-10,2024-01-20,2024-01-10,Completed,6.9,breaker
WO-0001782,AST-00454,Preventive,Medium,2024-01-10,2024-01-20,2024-01-22,Completed,5.9,power
WO-0004684,AST-00497,Corrective,High,2024-01-10,2024-01-15,2024-01-13,Completed,7.0,cable
WO-0004854,AST-00623,Corrective,Medium,2024-01-10,2024-01-20,2024-01-11,Completed,5.9,third_rail
WO-0001265,AST-00325,Preventive,Medium,2024-01-11,2024-01-21,2024-01-12,Completed,5.2,third_rail
WO-0001576,AST-00403,Preventive,Medium,2024-01-11,2024-01-21,2024-01-12,Completed,4.6,third_rail
WO-0002442,AST-00625,Preventive,Medium,2024-01-11,2024-01-21,2024-01-12,Completed,4.7,third_rail
WO-0003746,AST-00943,Preventive,Medium,2024-01-11,2024-01-21,2024-01-18,Completed,7.6,power
WO-0004065,AST-00058,Corrective,Medium,2024-01-11,2024-01-21,2024-01-16,Completed,10.3,cable
WO-0000521,AST-00136,Preventive,Medium,2024-01-12,2024-01-22,2024-01-16,Completed,5.8,power
WO-0001567,AST-00401,Preventive,Medium,2024-01-12,2024-01-22,2024-01-13,Completed,3.7,breaker
WO-0001714,AST-00438,Preventive,Medium,2024-01-12,2024-01-22,2024-01-15,Completed,2.9,cable
WO-0004243,AST-00176,Corrective,Medium,2024-01-12,2024-01-22,2024-01-17,Completed,7.3,power
WO-0005060,AST-00770,Corrective,Medium,2024-01-12,2024-01-22,2024-01-14,Completed,6.4,cable
WO-0002494,AST-00637,Preventive,Medium,2024-01-13,2024-01-23,2024-01-18,Completed,5.5,cable
WO-0003707,AST-00933,Preventive,Medium,2024-01-13,2024-01-23,2024-01-14,Completed,8.1,cable
WO-0004483,AST-00354,Corrective,Medium,2024-01-13,2024-01-23,2024-01-14,Completed,8.8,cable
WO-0000146,AST-00039,Preventive,Medium,2024-01-14,2024-01-24,2024-01-16,Completed,2.6,breaker
WO-0001295,AST-00331,Preventive,Medium,2024-01-14,2024-01-24,2024-01-15,Completed,4.3,cable
WO-0001433,AST-00367,Preventive,Medium,2024-01-14,2024-01-24,2024-01-15,Completed,4.8,third_rail
WO-0002811,AST-00716,Preventive,Medium,2024-01-14,2024-01-24,2024-01-15,Completed,4.3,breaker
WO-0003512,AST-00886,Preventive,Medium,2024-01-14,2024-01-24,2024-01-14,Completed,5.8,breaker
WO-0003557,AST-00897,Preventive,Medium,2024-01-14,2024-01-24,2024-01-15,Completed,6.4,breaker
WO-0003753,AST-00945,Preventive,Medium,2024-01-14,2024-01-24,2024-01-21,Completed,7.3,cable
WO-0001520,AST-00390,Preventive,Medium,2024-01-15,2024-01-25,2024-01-16,Completed,6.2,third_rail
WO-0003954,AST-00994,Preventive,Medium,2024-01-15,2024-01-25,2024-01-27,Completed,1.8,breaker
WO-0004317,AST-00226,Corrective,Medium,2024-01-15,2024-01-25,2024-01-17,Completed,4.6,third_rail
WO-0000498,AST-00129,Preventive,Medium,2024-01-16,2024-01-26,2024-01-19,Completed,6.6,power
WO-0000835,AST-00214,Preventive,Medium,2024-01-16,2024-01-26,2024-01-24,Completed,5.8,third_rail
WO-0002119,AST-00544,Preventive,Medium,2024-01-16,2024-01-26,2024-01-16,Completed,4.4,third_rail
WO-0002942,AST-00749,Preventive,Medium,2024-01-16,2024-01-26,2024-01-20,Completed,3.0,third_rail
WO-0004708,AST-00513,Corrective,Medium,2024-01-16,2024-01-26,2024-01-20,Completed,2.0,power
WO-0005048,AST-00767,Corrective,Medium,2024-01-16,2024-01-26,2024-01-19,Completed,7.5,breaker
WO-0005071,AST-00782,Corrective,High,2024-01-16,2024-01-21,2024-01-19,Completed,7.1,third_rail
WO-0000108,AST-00029,Preventive,Medium,2024-01-17,2024-01-27,2024-01-20,Completed,5.7,power
WO-0000616,AST-00159,Preventive,Medium,2024-01-17,2024-01-27,2024-01-19,Completed,4.7,cable
WO-0000793,AST-00202,Preventive,Medium,2024-01-17,2024-01-27,2024-01-22,Completed,5.8,third_rail
WO-0002933,AST-00747,Preventive,Medium,2024-01-17,2024-01-27,2024-01-17,Completed,3.3,breaker
WO-0004575,AST-00421,Corrective,High,2024-01-17,2024-01-22,2024-01-20,Completed,3.5,cable
WO-0004655,AST-00474,Corrective,High,2024-01-17,2024-01-22,2024-01-18,Completed,2.1,power
WO-0002051,AST-00528,Preventive,Medium,2024-01-18,2024-01-28,2024-01-24,Completed,4.0,third_rail
WO-0002604,AST-00665,Preventive,Medium,2024-01-18,2024-01-28,2024-01-19,Completed,4.3,breaker
WO-0002642,AST-00674,Preventive,Medium,2024-01-18,2024-01-28,2024-01-18,Completed,3.2,cable
WO-0004205,AST-00150,Corrective,Medium,2024-01-18,2024-01-28,2024-01-19,Completed,7.4,power
WO-0000441,AST-00114,Preventive,Medium,2024-01-19,2024-01-29,2024-01-21,Completed,7.0,cable
WO-0001462,AST-00374,Preventive,Medium,2024-01-19,2024-01-29,2024-01-26,Completed,5.0,breaker
WO-0002184,AST-00560,Preventive,Medium,2024-01-19,2024-01-29,2024-01-20,Completed,3.9,cable
WO-0003586,AST-00903,Preventive,Medium,2024-01-19,2024-01-29,2024-01-21,Completed,6.3,power
WO-0004873,AST-00645,Corrective,High,2024-01-19,2024-01-24,2024-01-20,Completed,10.4,cable
WO-0004991,AST-00722,Corrective,Medium,2024-01-19,2024-01-29,2024-01-22,Completed,7.5,cable
WO-0000939,AST-00241,Preventive,Medium,2024-01-20,2024-01-30,2024-01-24,Completed,5.9,third_rail
WO-0003371,AST-00854,Preventive,Medium,2024-01-20,2024-01-30,2024-01-20,Completed,5.6,third_rail
WO-0004073,AST-00064,Corrective,Medium,2024-01-20,2024-01-30,2024-01-21,Completed,5.9,third_rail
WO-0005207,AST-00866,Corrective,Medium,2024-01-20,2024-01-30,2024-01-24,Completed,6.8,third_rail
WO-0005285,AST-00919,Corrective,Medium,2024-01-20,2024-01-30,2024-01-22,Completed,7.9,breaker
WO-0000673,AST-00172,Preventive,Medium,2024-01-21,2024-01-31,2024-01-23,Completed,5.3,cable
WO-0000879,AST-00225,Preventive,Medium,2024-01-21,2024-01-31,2024-01-23,Completed,4.1,breaker
WO-0001219,AST-00313,Preventive,Medium,2024-01-21,2024-01-31,2024-01-26,Completed,6.4,breaker
WO-0001468,AST-00375,Preventive,Medium,2024-01-21,2024-01-31,2024-01-24,Completed,5.7,power
WO-0001971,AST-00507,Preventive,Medium,2024-01-21,2024-01-31,2024-01-26,Completed,6.1,breaker
WO-0002589,AST-00661,Preventive,Medium,2024-01-21,2024-01-31,2024-01-25,Completed,4.9,breaker
WO-0002743,AST-00698,Preventive,Medium,2024-01-21,2024-01-31,2024-01-23,Completed,4.1,cable
WO-0003252,AST-00827,Preventive,Medium,2024-01-21,2024-01-31,2024-01-26,Completed,2.8,cable
WO-0004092,AST-00081,Corrective,High,2024-01-21,2024-01-26,2024-01-21,Completed,5.0,cable
WO-0005262,AST-00905,Corrective,High,2024-01-21,2024-01-26,2024-01-22,Completed,2.8,third_rail
WO-0000565,AST-00146,Preventive,Medium,2024-01-22,2024-02-01,2024-01-26,Completed,5.3,breaker
WO-0000778,AST-00199,Preventive,Medium,2024-01-22,2024-02-01,2024-01-29,Completed,7.2,breaker
WO-0001886,AST-00482,Preventive,Medium,2024-01-22,2024-02-01,2024-01-23,Completed,3.0,breaker
WO-0002004,AST-00515,Preventive,Medium,2024-01-22,2024-02-01,2024-01-31,Completed,5.3,breaker
WO-0002155,AST-00553,Preventive,Medium,2024-01-22,2024-02-01,2024-01-22,Completed,6.0,breaker
WO-0003551,AST-00895,Preventive,Medium,2024-01-22,2024-02-01,2024-01-23,Completed,5.1,third_rail
WO-0003821,AST-00963,Preventive,Medium,2024-01-22,2024-02-01,2024-01-29,Completed,4.0,power
WO-0000472,AST-00122,Preventive,Medium,2024-01-23,2024-02-02,2024-01-31,Completed,4.4,cable
WO-0001995,AST-00513,Preventive,Medium,2024-01-23,2024-02-02,2024-01-24,Completed,4.6,power
WO-0002321,AST-00594,Preventive,Medium,2024-01-23,2024-02-02,2024-01-25,Completed,4.5,cable
WO-0003296,AST-00836,Preventive,Medium,2024-01-23,2024-02-02,2024-01-24,Completed,2.5,cable
WO-0000167,AST-00044,Preventive,Medium,2024-01-24,2024-02-03,2024-01-24,Completed,5.7,breaker
WO-0000267,AST-00070,Preventive,Medium,2024-01-24,2024-02-03,2024-01-25,Completed,5.4,cable
WO-0000552,AST-00143,Preventive,Medium,2024-01-24,2024-02-03,2024-01-27,Completed,4.0,third_rail
WO-0002074,AST-00534,Preventive,Medium,2024-01-24,2024-02-03,2024-01-25,Completed,3.7,cable
WO-0004572,AST-00417,Corrective,High,2024-01-24,2024-01-29,2024-02-04,Completed,4.2,power
WO-0001865,AST-00476,Preventive,Medium,2024-01-25,2024-02-04,2024-02-03,Completed,4.9,breaker
WO-0002243,AST-00575,Preventive,Medium,2024-01-25,2024-02-04,2024-01-28,Completed,5.6,third_rail
WO-0003577,AST-00901,Preventive,Medium,2024-01-25,2024-02-04,2024-01-26,Completed,4.4,cable
WO-0004294,AST-00214,Corrective,Medium,2024-01-25,2024-02-04,2024-01-28,Completed,7.9,third_rail
WO-0004845,AST-00617,Corrective,High,2024-01-25,2024-01-30,2024-01-29,Completed,6.0,cable
WO-0004983,AST-00717,Corrective,Critical,2024-01-25,2024-01-27,2024-01-26,Completed,6.7,cable
WO-0002430,AST-00622,Preventive,Medium,2024-01-26,2024-02-05,2024-01-28,Completed,7.0,cable
WO-0003426,AST-00866,Preventive,Medium,2024-01-26,2024-02-05,2024-01-29,Completed,4.3,third_rail
WO-0004786,AST-00571,Corrective,Medium,2024-01-26,2024-02-05,2024-02-01,Completed,4.8,breaker
WO-0004876,AST-00649,Corrective,High,2024-01-26,2024-01-31,2024-02-07,Completed,6.7,cable
WO-0000953,AST-00245,Preventive,Medium,2024-01-27,2024-02-06,2024-01-29,Completed,3.8,cable
WO-0001456,AST-00372,Preventive,Medium,2024-01-27,2024-02-06,2024-01-31,Completed,5.6,breaker
WO-0002295,AST-00588,Preventive,Medium,2024-01-28,2024-02-07,2024-01-29,Completed,3.8,breaker
WO-0004062,AST-00056,Corrective,Medium,2024-01-28,2024-02-07,2024-02-03,Completed,5.3,third_rail
WO-0000077,AST-00022,Preventive,Medium,2024-01-29,2024-02-08,2024-01-29,Completed,4.5,breaker
WO-0001414,AST-00363,Preventive,Medium,2024-01-29,2024-02-08,2024-01-29,Completed,4.4,power
WO-0003138,AST-00800,Preventive,Medium,2024-01-29,2024-02-08,2024-02-05,Completed,5.1,cable
WO-0004914,AST-00672,Corrective,Medium,2024-01-29,2024-02-08,2024-02-07,Completed,7.2,cable
WO-0004944,AST-00690,Corrective,Medium,2024-01-29,2024-02-08,2024-01-31,Completed,2.3,cable
WO-0000071,AST-00021,Preventive,Medium,2024-01-30,2024-02-09,2024-01-30,Completed,3.7,third_rail
WO-0000221,AST-00057,Preventive,Medium,2024-01-30,2024-02-09,2024-02-01,Completed,5.0,cable
WO-0000332,AST-00085,Preventive,Medium,2024-01-30,2024-02-09,2024-02-01,Completed,4.2,power
WO-0000919,AST-00236,Preventive,Medium,2024-01-30,2024-02-09,2024-01-30,Completed,6.6,third_rail
WO-0001211,AST-00311,Preventive,Medium,2024-01-30,2024-02-09,2024-02-03,Completed,4.8,cable
WO-0002035,AST-00523,Preventive,Medium,2024-01-30,2024-02-09,2024-02-07,Completed,5.3,power
WO-0002858,AST-00728,Preventive,Medium,2024-01-30,2024-02-09,2024-02-01,Completed,5.1,power
WO-0003721,AST-00937,Preventive,Medium,2024-01-30,2024-02-09,2024-02-07,Completed,5.6,third_rail
WO-0004142,AST-00119,Corrective,Medium,2024-01-30,2024-02-09,2024-02-03,Completed,7.2,cable
WO-0005034,AST-00755,Corrective,Medium,2024-01-30,2024-02-09,2024-02-02,Completed,7.5,cable
WO-0000017,AST-00005,Preventive,Medium,2024-01-31,2024-02-10,2024-02-05,Completed,5.6,power
WO-0001385,AST-00357,Preventive,Medium,2024-01-31,2024-02-10,2024-02-02,Completed,3.8,third_rail
WO-0002281,AST-00584,Preventive,Medium,2024-01-31,2024-02-10,2024-01-31,Completed,7.5,breaker
WO-0002488,AST-00636,Preventive,Medium,2024-01-31,2024-02-10,2024-01-31,Completed,5.4,power
WO-0003074,AST-00784,Preventive,Medium,2024-01-31,2024-02-10,2024-02-01,Completed,6.7,cable
WO-0003454,AST-00873,Preventive,Medium,2024-01-31,2024-02-10,2024-02-01,Completed,5.5,third_rail
WO-0003547,AST-00894,Preventive,Medium,2024-01-31,2024-02-10,2024-02-02,Completed,6.1,power
WO-0003561,AST-00898,Preventive,Medium,2024-01-31,2024-02-10,2024-02-02,Completed,4.9,breaker
WO-0004413,AST-00300,Corrective,Medium,2024-01-31,2024-02-10,2024-02-05,Completed,7.0,cable
WO-0000083,AST-00023,Preventive,Medium,2024-02-01,2024-02-11,2024-02-04,Completed,6.4,third_rail
WO-0000212,AST-00054,Preventive,Medium,2024-02-01,2024-02-11,2024-02-04,Completed,4.8,cable
WO-0001205,AST-00310,Preventive,Medium,2024-02-01,2024-02-11,2024-02-08,Completed,4.5,power
WO-0001595,AST-00407,Preventive,Medium,2024-02-01,2024-02-11,2024-02-04,Completed,5.2,breaker
WO-0002362,AST-00604,Preventive,Medium,2024-02-01,2024-02-11,2024-02-02,Completed,4.7,cable
WO-0002630,AST-00671,Preventive,Medium,2024-02-01,2024-02-11,2024-02-02,Completed,5.8,power
WO-0002737,AST-00697,Preventive,Medium,2024-02-01,2024-02-11,2024-02-02,Completed,4.2,cable
WO-0003840,AST-00967,Preventive,Medium,2024-02-01,2024-02-11,2024-02-03,Completed,5.4,third_rail
WO-0003882,AST-00978,Preventive,Medium,2024-02-01,2024-02-11,2024-02-02,Completed,5.1,cable
WO-0000848,AST-00217,Preventive,Medium,2024-02-02,2024-02-12,2024-02-04,Completed,4.5,power
WO-0001742,AST-00444,Preventive,Medium,2024-02-02,2024-02-12,2024-02-04,Completed,5.0,breaker
WO-0002815,AST-00717,Preventive,Medium,2024-02-02,2024-02-12,2024-02-04,Completed,4.1,cable
WO-0000128,AST-00034,Preventive,Medium,2024-02-03,2024-02-13,2024-02-06,Completed,3.1,breaker
WO-0001420,AST-00364,Preventive,Medium,2024-02-03,2024-02-13,2024-02-09,Completed,5.8,power
WO-0001675,AST-00427,Preventive,Medium,2024-02-03,2024-02-13,2024-02-16,Completed,3.6,breaker
WO-0003190,AST-00813,Preventive,Medium,2024-02-03,2024-02-13,2024-02-08,Completed,7.3,third_rail
WO-0003696,AST-00930,Preventive,Medium,2024-02-03,2024-02-13,2024-02-03,Completed,5.1,cable
WO-0003788,AST-00955,Preventive,Medium,2024-02-03,2024-02-13,2024-02-06,Completed,9.0,third_rail
WO-0003817,AST-00962,Preventive,Medium,2024-02-03,2024-02-13,2024-02-06,Completed,6.0,cable
WO-0004313,AST-00226,Corrective,Medium,2024-02-03,2024-02-13,2024-02-04,Completed,8.2,third_rail
WO-0001375,AST-00354,Preventive,Medium,2024-02-04,2024-02-14,2024-02-14,Completed,4.2,cable
WO-0003179,AST-00810,Preventive,Medium,2024-02-04,2024-02-14,2024-02-05,Completed,6.3,third_rail
WO-0003654,AST-00920,Preventive,Medium,2024-02-04,2024-02-14,2024-02-09,Completed,5.2,cable
WO-0003945,AST-00992,Preventive,Medium,2024-02-04,2024-02-14,2024-02-06,Completed,6.7,third_rail
WO-0004956,AST-00695,Corrective,Critical,2024-02-04,2024-02-06,2024-02-08,Completed,8.0,third_rail
WO-0000622,AST-00160,Preventive,Medium,2024-02-05,2024-02-15,2024-02-11,Completed,4.3,third_rail
WO-0000682,AST-00175,Preventive,Medium,2024-02-05,2024-02-15,2024-02-09,Completed,5.4,power
WO-0002239,AST-00574,Preventive,Medium,2024-02-05,2024-02-15,2024-02-06,Completed,3.7,third_rail
WO-0002788,AST-00709,Preventive,Medium,2024-02-05,2024-02-15,2024-02-09,Completed,5.3,cable
WO-0003010,AST-00767,Preventive,Medium,2024-02-05,2024-02-15,2024-02-09,Completed,6.9,breaker
WO-0003852,AST-00970,Preventive,Medium,2024-02-05,2024-02-15,2024-02-06,Completed,6.1,breaker
WO-0004850,AST-00621,Corrective,Medium,2024-02-05,2024-02-15,2024-02-12,Completed,5.5,third_rail
WO-0000428,AST-00111,Preventive,Medium,2024-02-06,2024-02-16,2024-02-12,Completed,6.3,cable
WO-0000461,AST-00120,Preventive,Medium,2024-02-06,2024-02-16,2024-02-09,Completed,5.6,cable
WO-0001215,AST-00312,Preventive,Medium,2024-02-06,2024-02-16,2024-02-07,Completed,3.6,cable
WO-0003313,AST-00840,Preventive,Medium,2024-02-06,2024-02-16,2024-02-12,Completed,4.9,cable
WO-0003414,AST-00863,Preventive,Medium,2024-02-06,2024-02-16,2024-02-09,Completed,7.0,third_rail
WO-0004329,AST-00234,Corrective,High,2024-02-06,2024-02-11,2024-02-07,Completed,8.4,cable
WO-0001484,AST-00379,Preventive,Medium,2024-02-07,2024-02-17,2024-02-12,Completed,5.3,breaker
WO-0001599,AST-00408,Preventive,Medium,2024-02-07,2024-02-17,2024-02-08,Completed,3.8,third_rail
WO-0003443,AST-00870,Preventive,Medium,2024-02-07,2024-02-17,2024-02-10,Completed,6.5,breaker
WO-0003583,AST-00902,Preventive,Medium,2024-02-07,2024-02-17,2024-02-07,Completed,3.4,breaker
WO-0004003,AST-00017,Corrective,Medium,2024-02-07,2024-02-17,2024-02-11,Completed,6.4,cable
WO-0004248,AST-00182,Corrective,Critical,2024-02-07,2024-02-09,2024-02-10,Completed,6.6,third_rail
WO-0004676,AST-00494,Corrective,High,2024-02-07,2024-02-12,2024-02-08,Completed,7.8,breaker
WO-0004694,AST-00506,Corrective,Medium,2024-02-07,2024-02-17,2024-02-17,Completed,7.4,third_rail
WO-0004731,AST-00535,Corrective,High,2024-02-07,2024-02-12,2024-02-09,Completed,8.4,power
WO-0002402,AST-00614,Preventive,Medium,2024-02-08,2024-02-18,2024-02-10,Completed,4.8,third_rail
WO-0002535,AST-00648,Preventive,Medium,2024-02-08,2024-02-18,2024-02-12,Completed,4.4,cable
WO-0003662,AST-00922,Preventive,Medium,2024-02-08,2024-02-18,2024-02-13,Completed,4.6,third_rail
WO-0004235,AST-00170,Corrective,High,2024-02-08,2024-02-13,2024-02-15,Completed,6.9,third_rail
WO-0000425,AST-00110,Preventive,Medium,2024-02-09,2024-02-19,2024-02-17,Completed,4.6,third_rail
WO-0001623,AST-00414,Preventive,Medium,2024-02-09,2024-02-19,2024-02-14,Completed,6.0,third_rail
WO-0001991,AST-00512,Preventive,Medium,2024-02-09,2024-02-19,2024-02-16,Completed,4.7,third_rail
WO-0004699,AST-00507,Corrective,Medium,2024-02-09,2024-02-19,2024-02-11,Completed,2.3,breaker
WO-0004791,AST-00572,Corrective,Critical,2024-02-09,2024-02-11,2024-02-12,Completed,6.5,third_rail
WO-0005189,AST-00852,Corrective,Medium,2024-02-09,2024-02-19,2024-02-15,Completed,5.5,breaker
WO-0000255,AST-00067,Preventive,Medium,2024-02-10,2024-02-20,2024-02-10,Completed,4.3,cable
WO-0000571,AST-00147,Preventive,Medium,2024-02-10,2024-02-20,2024-02-12,Completed,3.5,breaker
WO-0000717,AST-00184,Preventive,Medium,2024-02-10,2024-02-20,2024-02-12,Completed,4.5,breaker
WO-0001243,AST-00319,Preventive,Medium,2024-02-10,2024-02-20,2024-02-16,Completed,4.8,breaker
WO-0001558,AST-00399,Preventive,Medium,2024-02-10,2024-02-20,2024-02-12,Completed,3.3,cable
WO-0001736,AST-00443,Preventive,Medium,2024-02-10,2024-02-20,2024-02-13,Completed,4.4,cable
WO-0001811,AST-00462,Preventive,Medium,2024-02-10,2024-02-20,2024-02-13,Completed,5.6,power
WO-0002668,AST-00680,Preventive,Medium,2024-02-10,2024-02-20,2024-02-15,Completed,6.2,breaker
WO-0003063,AST-00781,Preventive,Medium,2024-02-10,2024-02-20,2024-02-24,Completed,7.5,breaker
WO-0003903,AST-00983,Preventive,Medium,2024-02-10,2024-02-20,2024-02-14,Completed,3.6,cable
WO-0001636,AST-00418,Preventive,Medium,2024-02-11,2024-02-21,2024-02-16,Completed,4.6,third_rail
WO-0002149,AST-00552,Preventive,Medium,2024-02-11,2024-02-21,2024-02-16,Completed,3.9,power
WO-0003478,AST-00879,Preventive,Medium,2024-02-11,2024-02-21,2024-02-14,Completed,4.1,cable
WO-0000883,AST-00226,Preventive,Medium,2024-02-12,2024-02-22,2024-02-18,Completed,5.0,third_rail
WO-0000686,AST-00176,Preventive,Medium,2024-02-13,2024-02-23,2024-02-19,Completed,3.8,power
WO-0001656,AST-00422,Preventive,Medium,2024-02-13,2024-02-23,2024-02-21,Completed,3.8,power
WO-0001797,AST-00458,Preventive,Medium,2024-02-13,2024-02-23,2024-02-14,Completed,6.0,cable
WO-0002315,AST-00593,Preventive,Medium,2024-02-13,2024-02-23,2024-02-19,Completed,4.0,breaker
WO-0003420,AST-00864,Preventive,Medium,2024-02-13,2024-02-23,2024-02-16,Completed,6.1,cable
WO-0004095,AST-00083,Corrective,Medium,2024-02-13,2024-02-23,2024-02-16,Completed,5.8,third_rail
WO-0002716,AST-00692,Preventive,Medium,2024-02-15,2024-02-25,2024-02-21,Completed,4.8,third_rail
WO-0003039,AST-00774,Preventive,Medium,2024-02-15,2024-02-25,2024-02-18,Completed,4.8,third_rail
WO-0003762,AST-00948,Preventive,Medium,2024-02-15,2024-02-25,2024-02-16,Completed,5.7,third_rail
WO-0004770,AST-00560,Corrective,Critical,2024-02-15,2024-02-17,2024-02-18,Completed,8.7,cable
WO-0005245,AST-00890,Corrective,High,2024-02-16,2024-02-21,2024-02-17,Completed,8.1,cable
WO-0000300,AST-00077,Preventive,Medium,2024-02-17,2024-02-27,2024-02-18,Completed,3.8,breaker
WO-0001447,AST-00370,Preventive,Medium,2024-02-17,2024-02-27,2024-02-25,Completed,5.3,third_rail
WO-0001920,AST-00493,Preventive,Medium,2024-02-17,2024-02-27,2024-02-24,Completed,4.0,cable
WO-0002233,AST-00573,Preventive,Medium,2024-02-17,2024-02-27,2024-02-21,Completed,5.8,cable
WO-0005218,AST-00872,Corrective,Medium,2024-02-17,2024-02-27,2024-02-19,Completed,7.2,power
WO-0000215,AST-00055,Preventive,Medium,2024-02-18,2024-02-28,2024-02-22,Completed,3.6,cable
WO-0002345,AST-00599,Preventive,Medium,2024-02-18,2024-02-28,2024-02-20,Completed,3.2,third_rail
WO-0002570,AST-00656,Preventive,Medium,2024-02-18,2024-02-28,2024-02-25,Completed,2.0,breaker
WO-0004717,AST-00519,Corrective,Medium,2024-02-18,2024-02-28,2024-03-01,Completed,4.6,power
WO-0004847,AST-00617,Corrective,Medium,2024-02-18,2024-02-28,2024-02-18,Completed,3.5,cable
WO-0005375,AST-00989,Corrective,Medium,2024-02-18,2024-02-28,2024-02-28,Completed,7.2,breaker
WO-0001233,AST-00316,Preventive,Medium,2024-02-19,2024-02-29,2024-02-20,Completed,5.6,breaker
WO-0001701,AST-00434,Preventive,Medium,2024-02-19,2024-02-29,2024-02-24,Completed,3.3,third_rail
WO-0002574,AST-00657,Preventive,Medium,2024-02-19,2024-02-29,2024-02-23,Completed,6.1,third_rail
WO-0002770,AST-00705,Preventive,Medium,2024-02-19,2024-02-29,2024-02-23,Completed,4.5,breaker
WO-0004081,AST-00067,Corrective,Medium,2024-02-19,2024-02-29,2024-02-24,Completed,9.0,cable
WO-0004567,AST-00412,Corrective,Medium,2024-02-19,2024-02-29,2024-02-22,Completed,7.3,cable
WO-0001769,AST-00451,Preventive,Medium,2024-02-20,2024-03-01,2024-03-03,Completed,5.2,power
WO-0001862,AST-00475,Preventive,Medium,2024-02-20,2024-03-01,2024-02-20,Completed,4.6,breaker
WO-0003122,AST-00796,Preventive,Medium,2024-02-20,2024-03-01,2024-02-26,Completed,5.0,breaker
WO-0003323,AST-00843,Preventive,Medium,2024-02-20,2024-03-01,2024-02-27,Completed,5.5,cable
WO-0000458,AST-00119,Preventive,Medium,2024-02-21,2024-03-02,2024-02-23,Completed,3.3,cable
WO-0001187,AST-00305,Preventive,Medium,2024-02-21,2024-03-02,2024-02-22,Completed,4.9,third_rail
WO-0004183,AST-00140,Corrective,Medium,2024-02-21,2024-03-02,2024-02-25,Completed,3.7,power
WO-0001391,AST-00358,Preventive,Medium,2024-02-22,2024-03-03,2024-02-24,Completed,4.3,third_rail
WO-0002113,AST-00543,Preventive,Medium,2024-02-22,2024-03-03,2024-02-24,Completed,4.7,third_rail
WO-0003228,AST-00822,Preventive,Medium,2024-02-22,2024-03-03,2024-02-26,Completed,2.9,cable
WO-0003543,AST-00893,Preventive,Medium,2024-02-22,2024-03-03,2024-02-23,Completed,4.4,breaker
WO-0004774,AST-00564,Corrective,Medium,2024-02-22,2024-03-03,2024-02-23,Completed,6.0,cable
WO-0000261,AST-00068,Preventive,Medium,2024-02-23,2024-03-04,2024-02-29,Completed,4.6,breaker
WO-0000328,AST-00084,Preventive,Medium,2024-02-23,2024-03-04,2024-02-23,Completed,7.5,power
WO-0000726,AST-00186,Preventive,Medium,2024-02-23,2024-03-04,2024-02-25,Completed,4.4,cable
WO-0000805,AST-00205,Preventive,Medium,2024-02-23,2024-03-04,2024-02-28,Completed,5.4,power
WO-0001685,AST-00430,Preventive,Medium,2024-02-23,2024-03-04,2024-03-02,Completed,5.0,third_rail
WO-0001842,AST-00470,Preventive,Medium,2024-02-23,2024-03-04,2024-02-24,Completed,4.7,cable
WO-0002662,AST-00679,Preventive,Medium,2024-02-23,2024-03-04,2024-02-24,Completed,7.6,power
WO-0003935,AST-00990,Preventive,Medium,2024-02-23,2024-03-04,2024-02-25,Completed,6.8,third_rail
WO-0000198,AST-00051,Preventive,Medium,2024-02-24,2024-03-05,2024-02-29,Completed,3.4,breaker
WO-0001754,AST-00447,Preventive,Medium,2024-02-24,2024-03-05,2024-03-01,Completed,3.9,third_rail
WO-0004513,AST-00371,Corrective,Medium,2024-02-24,2024-03-05,2024-03-07,Completed,8.2,third_rail
WO-0004544,AST-00394,Corrective,Medium,2024-02-24,2024-03-05,2024-02-24,Completed,5.4,cable
WO-0000769,AST-00197,Preventive,Medium,2024-02-25,2024-03-06,2024-02-27,Completed,4.1,cable
WO-0001322,AST-00339,Preventive,Medium,2024-02-25,2024-03-06,2024-02-26,Completed,4.7,power
WO-0003490,AST-00881,Preventive,Medium,2024-02-25,2024-03-06,2024-02-27,Completed,3.1,cable
WO-0003973,AST-00999,Preventive,Medium,2024-02-25,2024-03-06,2024-02-26,Completed,2.9,third_rail
WO-0004013,AST-00026,Corrective,Medium,2024-02-25,2024-03-06,2024-02-26,Completed,8.8,breaker
WO-0005066,AST-00774,Corrective,Critical,2024-02-25,2024-02-27,2024-02-26,Completed,6.6,third_rail
WO-0000759,AST-00194,Preventive,Medium,2024-02-26,2024-03-07,2024-03-03,Completed,6.2,third_rail
WO-0001180,AST-00303,Preventive,Medium,2024-02-26,2024-03-07,2024-03-01,Completed,4.3,cable
WO-0001647,AST-00420,Preventive,Medium,2024-02-26,2024-03-07,2024-02-29,Completed,5.4,third_rail
WO-0003033,AST-00772,Preventive,Medium,2024-02-26,2024-03-07,2024-02-29,Completed,5.0,cable
WO-0005342,AST-00962,Corrective,Critical,2024-02-26,2024-02-28,2024-02-28,Completed,9.0,cable
WO-0001682,AST-00429,Preventive,Medium,2024-02-27,2024-03-08,2024-03-06,Completed,4.6,power
WO-0001790,AST-00456,Preventive,Medium,2024-02-27,2024-03-08,2024-03-04,Completed,3.4,breaker
WO-0002415,AST-00618,Preventive,Medium,2024-02-27,2024-03-08,2024-03-03,Completed,4.4,breaker
WO-0003024,AST-00770,Preventive,Medium,2024-02-27,2024-03-08,2024-03-02,Completed,4.9,cable
WO-0003051,AST-00777,Preventive,Medium,2024-02-27,2024-03-08,2024-03-07,Completed,5.4,cable
WO-0003080,AST-00785,Preventive,Medium,2024-02-27,2024-03-08,2024-02-27,Completed,8.1,third_rail
WO-0001406,AST-00361,Preventive,Medium,2024-02-28,2024-03-09,2024-02-29,Completed,4.2,third_rail
WO-0001877,AST-00479,Preventive,Medium,2024-02-28,2024-03-09,2024-03-01,Completed,5.0,cable
WO-0002015,AST-00518,Preventive,Medium,2024-02-28,2024-03-09,2024-03-01,Completed,7.8,cable
WO-0002436,AST-00623,Preventive,Medium,2024-02-28,2024-03-09,2024-03-03,Completed,6.3,third_rail
WO-0003506,AST-00885,Preventive,Medium,2024-02-28,2024-03-09,2024-03-11,Completed,6.6,breaker
WO-0002204,AST-00565,Preventive,Medium,2024-02-29,2024-03-10,2024-03-03,Completed,5.8,cable
WO-0003361,AST-00852,Preventive,Medium,2024-02-29,2024-03-10,2024-03-06,Completed,8.7,breaker
WO-0003776,AST-00952,Preventive,Medium,2024-02-29,2024-03-10,2024-03-02,Completed,3.0,breaker
WO-0000912,AST-00234,Preventive,Medium,2024-03-01,2024-03-11,2024-03-04,Completed,6.4,cable
WO-0003496,AST-00882,Preventive,Medium,2024-03-01,2024-03-11,2024-03-05,Completed,3.0,cable
WO-0001072,AST-00276,Preventive,Medium,2024-03-02,2024-03-12,2024-03-10,Completed,6.2,breaker
WO-0001923,AST-00494,Preventive,Medium,2024-03-02,2024-03-12,2024-03-07,Completed,5.3,breaker
WO-0003201,AST-00815,Preventive,Medium,2024-03-02,2024-03-12,2024-03-06,Completed,4.0,power
WO-0003210,AST-00818,Preventive,Medium,2024-03-02,2024-03-12,2024-03-12,Completed,6.7,cable
WO-0005159,AST-00838,Corrective,Medium,2024-03-02,2024-03-12,2024-03-07,Completed,8.0,third_rail
WO-0000176,AST-00046,Preventive,Medium,2024-03-03,2024-03-13,2024-03-03,Completed,5.4,third_rail
WO-0001650,AST-00421,Preventive,Medium,2024-03-03,2024-03-13,2024-03-04,Completed,7.0,cable
WO-0003872,AST-00975,Preventive,Medium,2024-03-03,2024-03-13,2024-03-05,Completed,4.3,breaker
WO-0004909,AST-00671,Corrective,Critical,2024-03-03,2024-03-05,2024-03-03,Completed,6.9,power
WO-0004967,AST-00706,Corrective,Medium,2024-03-03,2024-03-13,2024-03-06,Completed,6.4,cable
WO-0001933,AST-00497,Preventive,Medium,2024-03-04,2024-03-14,2024-03-06,Completed,4.4,cable
WO-0002821,AST-00718,Preventive,Medium,2024-03-04,2024-03-14,2024-03-05,Completed,7.4,power
WO-0003912,AST-00985,Preventive,Medium,2024-03-04,2024-03-14,2024-03-06,Completed,4.4,power
WO-0004673,AST-00493,Corrective,High,2024-03-04,2024-03-09,2024-03-06,Completed,9.5,cable
WO-0004923,AST-00676,Corrective,High,2024-03-04,2024-03-09,2024-03-05,Completed,9.8,breaker
WO-0004999,AST-00731,Corrective,High,2024-03-04,2024-03-09,2024-03-05,Completed,6.6,breaker
WO-0005172,AST-00843,Corrective,High,2024-03-04,2024-03-09,2024-03-06,Completed,7.4,cable
WO-0005173,AST-00843,Corrective,Medium,2024-03-04,2024-03-14,2024-03-05,Completed,4.1,cable
WO-0002549,AST-00652,Preventive,Medium,2024-03-05,2024-03-15,2024-03-10,Completed,7.3,third_rail
WO-0002564,AST-00655,Preventive,Medium,2024-03-05,2024-03-15,2024-03-07,Completed,6.5,third_rail
WO-0003153,AST-00804,Preventive,Medium,2024-03-05,2024-03-15,2024-03-07,Completed,3.4,cable
WO-0003484,AST-00880,Preventive,Medium,2024-03-05,2024-03-15,2024-03-11,Completed,4.7,cable
WO-0003802,AST-00958,Preventive,Medium,2024-03-05,2024-03-15,2024-03-07,Completed,6.0,cable
WO-0003858,AST-00971,Preventive,Medium,2024-03-05,2024-03-15,2024-03-05,Completed,2.5,breaker
WO-0004220,AST-00163,Corrective,Critical,2024-03-05,2024-03-07,2024-03-13,Completed,7.9,breaker
WO-0004498,AST-00361,Corrective,Medium,2024-03-05,2024-03-15,2024-03-07,Completed,5.6,third_rail
WO-0000515,AST-00135,Preventive,Medium,2024-03-06,2024-03-16,2024-03-08,Completed,7.1,cable
WO-0003375,AST-00855,Preventive,Medium,2024-03-06,2024-03-16,2024-03-14,Completed,4.9,breaker
WO-0003906,AST-00984,Preventive,Medium,2024-03-06,2024-03-16,2024-03-06,Completed,4.3,cable
WO-0004215,AST-00158,Corrective,Medium,2024-03-06,2024-03-16,2024-03-08,Completed,7.2,cable
WO-0005040,AST-00757,Corrective,High,2024-03-06,2024-03-11,2024-03-14,Completed,7.5,breaker
WO-0005106,AST-00809,Corrective,Medium,2024-03-06,2024-03-16,2024-03-18,Completed,4.4,cable
WO-0005315,AST-00939,Corrective,Medium,2024-03-06,2024-03-16,2024-03-18,Completed,6.5,third_rail
WO-0000407,AST-00105,Preventive,Medium,2024-03-07,2024-03-17,2024-03-11,Completed,4.7,third_rail
WO-0000784,AST-00200,Preventive,Medium,2024-03-07,2024-03-17,2024-03-08,Completed,4.3,breaker
WO-0001153,AST-00296,Preventive,Medium,2024-03-07,2024-03-17,2024-03-19,Completed,6.5,third_rail
WO-0001309,AST-00335,Preventive,Medium,2024-03-07,2024-03-17,2024-03-07,Completed,2.9,power
WO-0002327,AST-00595,Preventive,Medium,2024-03-07,2024-03-17,2024-03-10,Completed,3.0,power
WO-0003590,AST-00904,Preventive,Medium,2024-03-07,2024-03-17,2024-03-08,Completed,3.7,cable
WO-0005321,AST-00942,Corrective,Medium,2024-03-07,2024-03-17,2024-03-14,Completed,8.7,third_rail
WO-0000946,AST-00243,Preventive,Medium,2024-03-08,2024-03-18,2024-03-08,Completed,6.4,breaker
WO-0001881,AST-00480,Preventive,Medium,2024-03-08,2024-03-18,2024-03-14,Completed,3.2,cable
WO-0002699,AST-00688,Preventive,Medium,2024-03-08,2024-03-18,2024-03-08,Completed,6.2,third_rail
WO-0002731,AST-00696,Preventive,Medium,2024-03-08,2024-03-18,2024-03-20,Completed,5.5,cable
WO-0003527,AST-00890,Preventive,Medium,2024-03-08,2024-03-18,2024-03-08,Completed,6.7,cable
WO-0004555,AST-00406,Corrective,High,2024-03-08,2024-03-13,2024-03-09,Completed,3.7,third_rail
WO-0000384,AST-00099,Preventive,Medium,2024-03-09,2024-03-19,2024-03-13,Completed,5.9,power
WO-0001830,AST-00467,Preventive,Medium,2024-03-09,2024-03-19,2024-03-23,Completed,5.3,cable
WO-0001939,AST-00498,Preventive,Medium,2024-03-09,2024-03-19,2024-03-15,Completed,4.3,cable
WO-0002422,AST-00620,Preventive,Medium,2024-03-09,2024-03-19,2024-03-12,Completed,5.2,power
WO-0003347,AST-00849,Preventive,Medium,2024-03-09,2024-03-19,2024-03-11,Completed,5.6,power
WO-0000401,AST-00103,Preventive,Medium,2024-03-10,2024-03-20,2024-03-14,Completed,4.2,breaker
WO-0002224,AST-00571,Preventive,Medium,2024-03-10,2024-03-20,2024-03-12,Completed,5.5,breaker
WO-0003095,AST-00789,Preventive,Medium,2024-03-10,2024-03-20,2024-03-11,Completed,7.6,third_rail
WO-0003232,AST-00823,Preventive,Medium,2024-03-10,2024-03-20,2024-03-15,Completed,5.0,breaker
WO-0003290,AST-00835,Preventive,Medium,2024-03-10,2024-03-20,2024-03-19,Completed,4.5,cable
WO-0004111,AST-00099,Corrective,Critical,2024-03-10,2024-03-12,2024-03-10,Completed,9.8,power
WO-0001222,AST-00314,Preventive,Medium,2024-03-11,2024-03-21,2024-03-11,Completed,5.0,breaker
WO-0004033,AST-00038,Corrective,Critical,2024-03-11,2024-03-13,2024-03-14,Completed,5.6,cable
WO-0004515,AST-00372,Corrective,Medium,2024-03-11,2024-03-21,2024-03-13,Completed,3.3,breaker
WO-0000235,AST-00061,Preventive,Medium,2024-03-12,2024-03-22,2024-03-13,Completed,4.1,cable
WO-0000283,AST-00073,Preventive,Medium,2024-03-12,2024-03-22,2024-03-12,Completed,4.4,third_rail
WO-0002380,AST-00608,Preventive,Medium,2024-03-12,2024-03-22,2024-03-15,Completed,4.6,power
WO-0002543,AST-00651,Preventive,Medium,2024-03-12,2024-03-22,2024-03-13,Completed,7.7,cable
WO-0003365,AST-00853,Preventive,Medium,2024-03-12,2024-03-22,2024-03-14,Completed,4.4,third_rail
WO-0003596,AST-00905,Preventive,Medium,2024-03-12,2024-03-22,2024-03-14,Completed,2.3,third_rail
WO-0004895,AST-00660,Corrective,Medium,2024-03-12,2024-03-22,2024-03-14,Completed,5.9,breaker
WO-0004897,AST-00662,Corrective,Critical,2024-03-12,2024-03-14,2024-03-17,Completed,7.1,third_rail
WO-0000708,AST-00182,Preventive,Medium,2024-03-13,2024-03-23,2024-03-16,Completed,5.0,third_rail
WO-0001913,AST-00491,Preventive,Medium,2024-03-13,2024-03-23,2024-03-15,Completed,8.5,cable
WO-0002693,AST-00686,Preventive,Medium,2024-03-13,2024-03-23,2024-03-14,Completed,4.1,breaker
WO-0003679,AST-00926,Preventive,Medium,2024-03-13,2024-03-23,2024-03-16,Completed,3.7,breaker
WO-0004044,AST-00048,Corrective,Medium,2024-03-13,2024-03-23,2024-03-13,Completed,8.6,breaker
WO-0004276,AST-00205,Corrective,Medium,2024-03-13,2024-03-23,2024-03-17,Completed,7.6,power
WO-0002194,AST-00562,Preventive,Medium,2024-03-14,2024-03-24,2024-03-18,Completed,3.5,breaker
WO-0002619,AST-00669,Preventive,Medium,2024-03-14,2024-03-24,2024-03-24,Completed,3.7,breaker
WO-0004795,AST-00576,Corrective,Medium,2024-03-14,2024-03-24,2024-03-17,Completed,5.9,cable
WO-0005064,AST-00772,Corrective,Medium,2024-03-14,2024-03-24,2024-03-16,Completed,4.5,cable
WO-0005242,AST-00889,Corrective,Medium,2024-03-14,2024-03-24,2024-03-15,Completed,11.8,power
WO-0000775,AST-00198,Preventive,Medium,2024-03-15,2024-03-25,2024-03-16,Completed,6.9,third_rail
WO-0001017,AST-00261,Preventive,Medium,2024-03-15,2024-03-25,2024-03-19,Completed,5.7,power
WO-0001777,AST-00453,Preventive,Medium,2024-03-15,2024-03-25,2024-03-20,Completed,6.2,cable
WO-0002247,AST-00576,Preventive,Medium,2024-03-15,2024-03-25,2024-03-17,Completed,4.3,cable
WO-0002841,AST-00722,Preventive,Medium,2024-03-15,2024-03-25,2024-03-22,Completed,3.7,cable
WO-0004056,AST-00052,Corrective,High,2024-03-15,2024-03-20,2024-03-15,Completed,4.4,power
WO-0001078,AST-00277,Preventive,Medium,2024-03-16,2024-03-26,2024-03-16,Completed,4.9,breaker
WO-0001136,AST-00292,Preventive,Medium,2024-03-16,2024-03-26,2024-03-17,Completed,5.0,power
WO-0001608,AST-00410,Preventive,Medium,2024-03-16,2024-03-26,2024-03-20,Completed,4.5,third_rail
WO-0002136,AST-00549,Preventive,Medium,2024-03-16,2024-03-26,2024-03-19,Completed,2.6,third_rail
WO-0004686,AST-00501,Corrective,Medium,2024-03-16,2024-03-26,2024-03-17,Completed,5.3,cable
WO-0005160,AST-00839,Corrective,High,2024-03-16,2024-03-21,2024-03-18,Completed,3.2,cable
WO-0001582,AST-00404,Preventive,Medium,2024-03-17,2024-03-27,2024-03-21,Completed,5.1,power
WO-0001591,AST-00406,Preventive,Medium,2024-03-17,2024-03-27,2024-03-23,Completed,4.6,third_rail
WO-0003247,AST-00826,Preventive,Medium,2024-03-17,2024-03-27,2024-03-18,Completed,4.8,power
WO-0004255,AST-00191,Corrective,Medium,2024-03-17,2024-03-27,2024-03-17,Completed,3.9,third_rail
WO-0004839,AST-00612,Corrective,Medium,2024-03-17,2024-03-27,2024-03-20,Completed,4.7,cable
WO-0000967,AST-00248,Preventive,Medium,2024-03-18,2024-03-28,2024-03-19,Completed,5.8,cable
WO-0002109,AST-00542,Preventive,Medium,2024-03-18,2024-03-28,2024-03-21,Completed,5.7,cable
WO-0002419,AST-00619,Preventive,Medium,2024-03-18,2024-03-28,2024-03-20,Completed,6.2,power
WO-0003258,AST-00828,Preventive,Medium,2024-03-18,2024-03-28,2024-03-20,Completed,2.2,breaker
WO-0003381,AST-00856,Preventive,Medium,2024-03-18,2024-03-28,2024-03-19,Completed,4.1,cable
WO-0003607,AST-00907,Preventive,Medium,2024-03-18,2024-03-28,2024-03-18,Completed,3.3,cable
WO-0003969,AST-00998,Preventive,Medium,2024-03-18,2024-03-28,2024-03-19,Completed,6.6,power
WO-0004908,AST-00671,Corrective,Medium,2024-03-18,2024-03-28,2024-03-21,Completed,7.6,power
WO-0001068,AST-00275,Preventive,Medium,2024-03-19,2024-03-29,2024-03-22,Completed,6.3,cable
WO-0001348,AST-00347,Preventive,Medium,2024-03-19,2024-03-29,2024-03-24,Completed,7.0,third_rail
WO-0004082,AST-00067,Corrective,Medium,2024-03-19,2024-03-29,2024-03-22,Completed,5.6,cable
WO-0000714,AST-00183,Preventive,Medium,2024-03-20,2024-03-30,2024-03-25,Completed,3.8,cable
WO-0001144,AST-00294,Preventive,Medium,2024-03-20,2024-03-30,2024-03-24,Completed,3.7,power
WO-0001184,AST-00304,Preventive,Medium,2024-03-20,2024-03-30,2024-03-23,Completed,5.4,cable
WO-0002555,AST-00653,Preventive,Medium,2024-03-20,2024-03-30,2024-03-22,Completed,4.5,cable
WO-0003271,AST-00831,Preventive,Medium,2024-03-20,2024-03-30,2024-04-01,Completed,6.2,cable
WO-0004034,AST-00039,Corrective,High,2024-03-20,2024-03-25,2024-03-24,Completed,6.2,breaker
WO-0005002,AST-00731,Corrective,Critical,2024-03-20,2024-03-22,2024-03-21,Completed,9.4,breaker
WO-0000390,AST-00100,Preventive,Medium,2024-03-21,2024-03-31,2024-03-24,Completed,7.5,third_rail
WO-0000527,AST-00137,Preventive,Medium,2024-03-21,2024-03-31,2024-03-29,Completed,6.1,third_rail
WO-0000788,AST-00201,Preventive,Medium,2024-03-21,2024-03-31,2024-03-21,Completed,3.3,third_rail
WO-0001140,AST-00293,Preventive,Medium,2024-03-21,2024-03-31,2024-03-21,Completed,3.9,third_rail
WO-0001284,AST-00329,Preventive,Medium,2024-03-21,2024-03-31,2024-03-21,Completed,6.0,cable
WO-0001318,AST-00338,Preventive,Medium,2024-03-21,2024-03-31,2024-03-26,Completed,4.1,cable
WO-0002197,AST-00563,Preventive,Medium,2024-03-21,2024-03-31,2024-03-22,Completed,7.7,third_rail
WO-0003028,AST-00771,Preventive,Medium,2024-03-21,2024-03-31,2024-03-24,Completed,3.8,breaker
WO-0003769,AST-00950,Preventive,Medium,2024-03-21,2024-03-31,2024-03-28,Completed,6.5,breaker
WO-0005246,AST-00890,Corrective,Medium,2024-03-21,2024-03-31,2024-03-25,Completed,7.9,cable
WO-0002915,AST-00743,Preventive,Medium,2024-03-22,2024-04-01,2024-03-29,Completed,4.2,third_rail
WO-0003650,AST-00919,Preventive,Medium,2024-03-22,2024-04-01,2024-03-25,Completed,3.8,breaker
WO-0004586,AST-00431,Corrective,High,2024-03-22,2024-03-27,2024-03-24,Completed,5.4,third_rail
WO-0004769,AST-00560,Corrective,High,2024-03-22,2024-03-27,2024-03-24,Completed,5.3,cable
WO-0000224,AST-00058,Preventive,Medium,2024-03-23,2024-04-02,2024-03-23,Completed,6.2,cable
WO-0000410,AST-00106,Preventive,Medium,2024-03-23,2024-04-02,2024-03-24,Completed,4.6,cable
WO-0001133,AST-00291,Preventive,Medium,2024-03-23,2024-04-02,2024-03-28,Completed,4.4,third_rail
WO-0004108,AST-00096,Corrective,Medium,2024-03-23,2024-04-02,2024-03-25,Completed,3.8,cable
WO-0004469,AST-00343,Corrective,Medium,2024-03-23,2024-04-02,2024-03-26,Completed,6.8,third_rail
WO-0004899,AST-00664,Corrective,High,2024-03-23,2024-03-28,2024-04-04,Completed,5.8,power
WO-0000023,AST-00006,Preventive,Medium,2024-03-24,2024-04-03,2024-03-26,Completed,4.8,third_rail
WO-0000898,AST-00230,Preventive,Medium,2024-03-24,2024-04-03,2024-03-27,Completed,4.1,power
WO-0001495,AST-00382,Preventive,Medium,2024-03-24,2024-04-03,2024-03-30,Completed,5.6,third_rail
WO-0001564,AST-00400,Preventive,Medium,2024-03-24,2024-04-03,2024-04-05,Completed,3.8,cable
WO-0002044,AST-00526,Preventive,Medium,2024-03-24,2024-04-03,2024-03-25,Completed,6.3,breaker
WO-0003286,AST-00834,Preventive,Medium,2024-03-24,2024-04-03,2024-03-29,Completed,4.0,cable
WO-0004693,AST-00504,Corrective,High,2024-03-24,2024-03-29,2024-03-26,Completed,6.0,cable
WO-0005101,AST-00799,Corrective,Critical,2024-03-24,2024-03-26,2024-03-26,Completed,11.3,cable
WO-0000634,AST-00163,Preventive,Medium,2024-03-25,2024-04-04,2024-03-27,Completed,5.4,breaker
WO-0002463,AST-00630,Preventive,Medium,2024-03-25,2024-04-04,2024-04-01,Completed,2.7,third_rail
WO-0003432,AST-00867,Preventive,Medium,2024-03-25,2024-04-04,2024-03-26,Completed,5.6,third_rail
WO-0004019,AST-00028,Corrective,Medium,2024-03-25,2024-04-04,2024-03-31,Completed,2.7,power
WO-0004107,AST-00096,Corrective,High,2024-03-25,2024-03-30,2024-04-03,Completed,9.1,cable
WO-0005161,AST-00839,Corrective,High,2024-03-25,2024-03-30,2024-03-28,Completed,5.5,cable
WO-0005361,AST-00976,Corrective,Medium,2024-03-25,2024-04-04,2024-03-25,Completed,6.6,cable
WO-0000273,AST-00071,Preventive,Medium,2024-03-26,2024-04-05,2024-03-28,Completed,5.4,breaker
WO-0000656,AST-00168,Preventive,Medium,2024-03-26,2024-04-05,2024-03-30,Completed,4.0,third_rail
WO-0002471,AST-00632,Preventive,Medium,2024-03-26,2024-04-05,2024-04-07,Completed,5.7,third_rail
WO-0002448,AST-00626,Preventive,Medium,2024-03-27,2024-04-06,2024-03-28,Completed,6.1,cable
WO-0002803,AST-00714,Preventive,Medium,2024-03-27,2024-04-06,2024-03-29,Completed,4.9,third_rail
WO-0003602,AST-00906,Preventive,Medium,2024-03-27,2024-04-06,2024-03-28,Completed,5.2,cable
WO-0003691,AST-00929,Preventive,Medium,2024-03-27,2024-04-06,2024-03-27,Completed,6.2,cable
WO-0004245,AST-00178,Corrective,Critical,2024-03-27,2024-03-29,2024-03-30,Completed,6.1,third_rail
WO-0004392,AST-00283,Corrective,High,2024-03-28,2024-04-02,2024-04-01,Completed,6.1,breaker
WO-0004635,AST-00459,Corrective,High,2024-03-28,2024-04-02,2024-04-02,Completed,6.4,third_rail
WO-0004945,AST-00690,Corrective,High,2024-03-28,2024-04-02,2024-03-28,Completed,6.1,cable
WO-0001772,AST-00452,Preventive,Medium,2024-03-29,2024-04-08,2024-04-03,Completed,6.4,third_rail
WO-0002929,AST-00746,Preventive,Medium,2024-03-29,2024-04-08,2024-03-30,Completed,5.8,cable
WO-0002986,AST-00759,Preventive,Medium,2024-03-29,2024-04-08,2024-04-06,Completed,5.3,power
WO-0000118,AST-00031,Preventive,Medium,2024-03-30,2024-04-09,2024-04-02,Completed,5.7,cable
WO-0002349,AST-00600,Preventive,Medium,2024-03-30,2024-04-09,2024-04-11,Completed,5.3,cable
WO-0003725,AST-00938,Preventive,Medium,2024-03-30,2024-04-09,2024-04-06,Completed,3.9,power
WO-0004074,AST-00064,Corrective,Medium,2024-03-30,2024-04-09,2024-04-02,Completed,4.6,third_rail
WO-0004505,AST-00365,Corrective,High,2024-03-30,2024-04-04,2024-04-06,Completed,6.1,cable
WO-0005344,AST-00963,Corrective,Medium,2024-03-30,2024-04-09,2024-04-01,Completed,5.3,power
WO-0003048,AST-00776,Preventive,Medium,2024-03-31,2024-04-10,2024-04-06,Completed,4.4,third_rail
WO-0003099,AST-00790,Preventive,Medium,2024-03-31,2024-04-10,2024-04-02,Completed,5.1,cable
WO-0003642,AST-00917,Preventive,Medium,2024-03-31,2024-04-10,2024-04-01,Completed,8.4,power
WO-0000347,AST-00089,Preventive,Medium,2024-04-01,2024-04-11,2024-04-04,Completed,6.6,power
WO-0000991,AST-00254,Preventive,Medium,2024-04-01,2024-04-11,2024-04-08,Completed,5.8,breaker
WO-0001945,AST-00500,Preventive,Medium,2024-04-01,2024-04-11,2024-04-03,Completed,6.6,cable
WO-0002760,AST-00703,Preventive,Medium,2024-04-01,2024-04-11,2024-04-02,Completed,5.3,power
WO-0002967,AST-00754,Preventive,Medium,2024-04-01,2024-04-11,2024-04-03,Completed,4.9,cable
WO-0003092,AST-00788,Preventive,Medium,2024-04-01,2024-04-11,2024-04-09,Completed,2.7,breaker
WO-0003876,AST-00976,Preventive,Medium,2024-04-01,2024-04-11,2024-04-05,Completed,6.3,cable
WO-0005503,AST-00161,Corrective,Medium,2024-04-01,2024-04-11,2024-04-03,Completed,4.6,power
WO-0005518,AST-00169,Corrective,Medium,2024-04-01,2024-04-11,2024-04-01,Completed,4.3,breaker
WO-0005924,AST-00782,Corrective,Medium,2024-04-01,2024-04-11,2024-04-05,Completed,6.2,third_rail
WO-0005976,AST-00840,Corrective,Medium,2024-04-01,2024-04-11,2024-04-04,Completed,10.7,cable
WO-0005989,AST-00869,Corrective,Medium,2024-04-01,2024-04-11,2024-04-06,Completed,6.2,power
WO-0000306,AST-00078,Preventive,Medium,2024-04-02,2024-04-12,2024-04-02,Completed,3.1,cable
WO-0000344,AST-00088,Preventive,Medium,2024-04-02,2024-04-12,2024-04-07,Completed,6.0,cable
WO-0001927,AST-00495,Preventive,Medium,2024-04-02,2024-04-12,2024-04-14,Completed,3.9,third_rail
WO-0002962,AST-00753,Preventive,Medium,2024-04-02,2024-04-12,2024-04-03,Completed,3.9,breaker
WO-0003964,AST-00997,Preventive,Medium,2024-04-02,2024-04-12,2024-04-04,Completed,4.0,cable
WO-0004182,AST-00139,Corrective,High,2024-04-02,2024-04-07,2024-04-09,Completed,3.0,third_rail
WO-0005406,AST-00028,Corrective,Medium,2024-04-02,2024-04-12,2024-04-03,Completed,3.4,power
WO-0005410,AST-00039,Corrective,Medium,2024-04-02,2024-04-12,2024-04-07,Completed,5.0,breaker
WO-0005433,AST-00091,Corrective,Medium,2024-04-02,2024-04-12,2024-04-11,Completed,4.6,power
WO-0005458,AST-00114,Corrective,Medium,2024-04-02,2024-04-12,2024-04-07,Completed,7.7,cable
WO-0005464,AST-00117,Corrective,High,2024-04-02,2024-04-07,2024-04-03,Completed,5.6,third_rail
WO-0005582,AST-00246,Corrective,Medium,2024-04-02,2024-04-12,2024-04-08,Completed,7.3,third_rail
WO-0005646,AST-00377,Corrective,Medium,2024-04-02,2024-04-12,2024-04-03,Completed,8.8,third_rail
WO-0006014,AST-00894,Corrective,Medium,2024-04-02,2024-04-12,2024-04-09,Completed,6.2,power
WO-0006053,AST-00932,Corrective,Medium,2024-04-02,2024-04-12,2024-04-05,Completed,6.5,breaker
WO-0000162,AST-00043,Preventive,Medium,2024-04-03,2024-04-13,2024-04-08,Completed,4.6,cable
WO-0000207,AST-00053,Preventive,Medium,2024-04-03,2024-04-13,2024-04-04,Completed,3.4,third_rail
WO-0003464,AST-00876,Preventive,Medium,2024-04-03,2024-04-13,2024-04-10,Completed,3.4,third_rail
WO-0004174,AST-00136,Corrective,High,2024-04-03,2024-04-08,2024-04-05,Completed,2.5,power
WO-0005540,AST-00196,Corrective,Medium,2024-04-03,2024-04-13,2024-04-09,Completed,4.8,power
WO-0005627,AST-00334,Corrective,Medium,2024-04-03,2024-04-13,2024-04-03,Completed,5.7,third_rail
WO-0005773,AST-00589,Corrective,Medium,2024-04-03,2024-04-13,2024-04-05,Completed,5.1,breaker
WO-0005857,AST-00693,Corrective,Medium,2024-04-03,2024-04-13,2024-04-07,Completed,6.9,breaker
WO-0006005,AST-00880,Corrective,High,2024-04-03,2024-04-08,2024-04-05,Completed,7.8,cable
WO-0006065,AST-00943,Corrective,Medium,2024-04-03,2024-04-13,2024-04-11,Completed,5.0,power
WO-0006073,AST-00952,Corrective,Medium,2024-04-03,2024-04-13,2024-04-05,Completed,7.9,breaker
WO-0006092,AST-00986,Corrective,Medium,2024-04-03,2024-04-13,2024-04-07,Completed,5.8,third_rail
WO-0000404,AST-00104,Preventive,Medium,2024-04-04,2024-04-14,2024-04-07,Completed,4.8,third_rail
WO-0002007,AST-00516,Preventive,Medium,2024-04-04,2024-04-14,2024-04-07,Completed,4.4,power
WO-0002179,AST-00559,Preventive,Medium,2024-04-04,2024-04-14,2024-04-05,Completed,5.1,cable
WO-0003554,AST-00896,Preventive,Medium,2024-04-04,2024-04-14,2024-04-05,Completed,3.8,third_rail
WO-0003632,AST-00914,Preventive,Medium,2024-04-04,2024-04-14,2024-04-05,Completed,3.5,third_rail
WO-0005437,AST-00093,Corrective,Medium,2024-04-04,2024-04-14,2024-04-08,Completed,5.2,cable
WO-0005501,AST-00155,Corrective,Medium,2024-04-04,2024-04-14,2024-04-14,Completed,8.0,power
WO-0005583,AST-00256,Corrective,Medium,2024-04-04,2024-04-14,2024-04-08,Completed,5.1,cable
WO-0005689,AST-00429,Corrective,Medium,2024-04-04,2024-04-14,2024-04-08,Completed,4.2,power
WO-0005764,AST-00572,Corrective,Medium,2024-04-04,2024-04-14,2024-04-08,Completed,4.9,third_rail
WO-0005852,AST-00690,Corrective,Medium,2024-04-04,2024-04-14,2024-04-11,Completed,7.8,cable
WO-0001169,AST-00299,Preventive,Medium,2024-04-05,2024-04-15,2024-04-06,Completed,7.6,third_rail
WO-0001356,AST-00349,Preventive,Medium,2024-04-05,2024-04-15,2024-04-05,Completed,3.7,cable
WO-0002827,AST-00719,Preventive,Medium,2024-04-05,2024-04-15,2024-04-08,Completed,2.3,cable
WO-0004712,AST-00516,Corrective,High,2024-04-05,2024-04-10,2024-04-09,Completed,6.5,power
WO-0005093,AST-00796,Corrective,Medium,2024-04-05,2024-04-15,2024-04-11,Completed,6.4,breaker
WO-0005493,AST-00150,Corrective,High,2024-04-05,2024-04-10,2024-04-16,Completed,4.5,power
WO-0005555,AST-00227,Corrective,High,2024-04-05,2024-04-10,2024-04-06,Completed,2.0,power
WO-0005599,AST-00284,Corrective,Medium,2024-04-05,2024-04-15,2024-04-06,Completed,3.6,breaker
WO-0005661,AST-00388,Corrective,Medium,2024-04-05,2024-04-15,2024-04-06,Completed,6.9,third_rail
WO-0005675,AST-00406,Corrective,High,2024-04-05,2024-04-10,2024-04-08,Completed,5.5,third_rail
WO-0005695,AST-00439,Corrective,Medium,2024-04-05,2024-04-15,2024-04-07,Completed,7.0,cable
WO-0005775,AST-00598,Corrective,Medium,2024-04-05,2024-04-15,2024-04-07,Completed,3.3,cable
WO-0005802,AST-00624,Corrective,Medium,2024-04-05,2024-04-15,2024-04-11,Completed,4.8,cable
WO-0005863,AST-00701,Corrective,Medium,2024-04-05,2024-04-15,2024-04-07,Completed,6.7,breaker
WO-0005898,AST-00750,Corrective,Medium,2024-04-05,2024-04-15,2024-04-08,Completed,5.6,third_rail
WO-0005913,AST-00768,Corrective,Medium,2024-04-05,2024-04-15,2024-04-08,Completed,5.9,power
WO-0006082,AST-00974,Corrective,Medium,2024-04-05,2024-04-15,2024-04-09,Completed,4.4,third_rail
WO-0002399,AST-00613,Preventive,Medium,2024-04-06,2024-04-16,2024-04-06,Completed,2.4,third_rail
WO-0003086,AST-00786,Preventive,Medium,2024-04-06,2024-04-16,2024-04-10,Completed,6.0,breaker
WO-0003733,AST-00940,Preventive,Medium,2024-04-06,2024-04-16,2024-04-12,Completed,6.2,power
WO-0003794,AST-00956,Preventive,Medium,2024-04-06,2024-04-16,2024-04-06,Completed,8.3,third_rail
WO-0004099,AST-00087,Corrective,Medium,2024-04-06,2024-04-16,2024-04-11,Completed,4.1,cable
WO-0000316,AST-00081,Preventive,Medium,2024-04-07,2024-04-17,2024-04-07,Completed,6.4,cable
WO-0001480,AST-00378,Preventive,Medium,2024-04-07,2024-04-17,2024-04-12,Completed,5.2,cable
WO-0001711,AST-00437,Preventive,Medium,2024-04-07,2024-04-17,2024-04-08,Completed,2.6,power
WO-0001960,AST-00504,Preventive,Medium,2024-04-07,2024-04-17,2024-04-10,Completed,7.2,cable
WO-0002252,AST-00577,Preventive,Medium,2024-04-07,2024-04-17,2024-04-07,Completed,3.5,third_rail
WO-0003861,AST-00972,Preventive,Medium,2024-04-07,2024-04-17,2024-04-10,Completed,6.1,power
WO-0003898,AST-00982,Preventive,Medium,2024-04-07,2024-04-17,2024-04-13,Completed,6.7,third_rail
WO-0005339,AST-00959,Corrective,High,2024-04-07,2024-04-12,2024-04-10,Completed,2.0,cable
WO-0000292,AST-00075,Preventive,Medium,2024-04-08,2024-04-18,2024-04-11,Completed,5.9,power
WO-0001271,AST-00326,Preventive,Medium,2024-04-08,2024-04-18,2024-04-13,Completed,3.9,cable
WO-0003162,AST-00806,Preventive,Medium,2024-04-08,2024-04-18,2024-04-12,Completed,4.3,power
WO-0004509,AST-00368,Corrective,Medium,2024-04-08,2024-04-18,2024-04-11,Completed,6.9,cable
WO-0004970,AST-00709,Corrective,High,2024-04-08,2024-04-13,2024-04-09,Completed,8.5,cable
WO-0002791,AST-00710,Preventive,Medium,2024-04-09,2024-04-19,2024-04-11,Completed,2.2,cable
WO-0004901,AST-00668,Corrective,High,2024-04-09,2024-04-14,2024-04-11,Completed,7.3,third_rail
WO-0000509,AST-00133,Preventive,Medium,2024-04-10,2024-04-20,2024-04-13,Completed,6.7,cable
WO-0001949,AST-00501,Preventive,Medium,2024-04-10,2024-04-20,2024-04-11,Completed,3.4,cable
WO-0003389,AST-00858,Preventive,Medium,2024-04-10,2024-04-20,2024-04-14,Completed,7.1,third_rail
WO-0003806,AST-00959,Preventive,Medium,2024-04-10,2024-04-20,2024-04-17,Completed,5.3,cable
WO-0003988,AST-00008,Corrective,High,2024-04-10,2024-04-15,2024-04-12,Completed,6.4,third_rail
WO-0005133,AST-00825,Corrective,Medium,2024-04-10,2024-04-20,2024-04-15,Completed,6.5,third_rail
WO-0000155,AST-00041,Preventive,Medium,2024-04-11,2024-04-21,2024-04-13,Completed,7.5,cable
WO-0001239,AST-00318,Preventive,Medium,2024-04-11,2024-04-21,2024-04-12,Completed,3.0,cable
WO-0001541,AST-00395,Preventive,Medium,2024-04-11,2024-04-21,2024-04-19,Completed,3.4,power
WO-0002751,AST-00700,Preventive,Medium,2024-04-11,2024-04-21,2024-04-15,Completed,5.3,breaker
WO-0002948,AST-00750,Preventive,Medium,2024-04-11,2024-04-21,2024-04-11,Completed,1.5,third_rail
WO-0003811,AST-00960,Preventive,Medium,2024-04-11,2024-04-21,2024-04-12,Completed,4.5,cable
WO-0004753,AST-00547,Corrective,Medium,2024-04-11,2024-04-21,2024-04-12,Completed,6.3,breaker
WO-0001409,AST-00362,Preventive,Medium,2024-04-12,2024-04-22,2024-04-22,Completed,4.5,power
WO-0001668,AST-00425,Preventive,Medium,2024-04-12,2024-04-22,2024-04-15,Completed,4.1,cable
WO-0002083,AST-00536,Preventive,Medium,2024-04-12,2024-04-22,2024-04-15,Completed,5.9,breaker
WO-0002220,AST-00570,Preventive,Medium,2024-04-12,2024-04-22,2024-04-14,Completed,4.8,cable
WO-0002952,AST-00751,Preventive,Medium,2024-04-13,2024-04-23,2024-04-17,Completed,5.4,breaker
WO-0003019,AST-00769,Preventive,Medium,2024-04-13,2024-04-23,2024-04-18,Completed,1.5,power
WO-0004930,AST-00678,Corrective,Medium,2024-04-13,2024-04-23,2024-04-16,Completed,8.2,cable
WO-0000547,AST-00142,Preventive,Medium,2024-04-14,2024-04-24,2024-04-18,Completed,3.0,cable
WO-0000558,AST-00144,Preventive,Medium,2024-04-14,2024-04-24,2024-04-15,Completed,5.2,cable
WO-0000859,AST-00219,Preventive,Medium,2024-04-14,2024-04-24,2024-04-14,Completed,6.8,third_rail
WO-0003729,AST-00939,Preventive,Medium,2024-04-14,2024-04-24,2024-04-16,Completed,3.2,third_rail
WO-0004794,AST-00575,Corrective,Medium,2024-04-14,2024-04-24,2024-04-17,Completed,5.8,third_rail
WO-0001516,AST-00389,Preventive,Medium,2024-04-15,2024-04-25,2024-04-17,Completed,4.9,power
WO-0001536,AST-00394,Preventive,Medium,2024-04-15,2024-04-25,2024-04-16,Completed,3.7,cable
WO-0001857,AST-00474,Preventive,Medium,2024-04-15,2024-04-25,2024-04-22,Completed,4.5,power
WO-0001903,AST-00488,Preventive,Medium,2024-04-15,2024-04-25,2024-04-16,Completed,6.6,breaker
WO-0003886,AST-00979,Preventive,Medium,2024-04-15,2024-04-25,2024-04-19,Completed,5.0,cable
WO-0004653,AST-00471,Corrective,Medium,2024-04-15,2024-04-25,2024-04-18,Completed,6.5,cable
WO-0004922,AST-00675,Corrective,High,2024-04-15,2024-04-20,2024-04-15,Completed,6.0,cable
WO-0001108,AST-00285,Preventive,Medium,2024-04-16,2024-04-26,2024-04-28,Completed,6.9,cable
WO-0001298,AST-00332,Preventive,Medium,2024-04-16,2024-04-26,2024-04-17,Completed,6.5,breaker
WO-0002094,AST-00538,Preventive,Medium,2024-04-16,2024-04-26,2024-04-20,Completed,4.1,power
WO-0002305,AST-00590,Preventive,Medium,2024-04-16,2024-04-26,2024-04-16,Completed,5.8,power
WO-0002799,AST-00713,Preventive,Medium,2024-04-16,2024-04-26,2024-04-20,Completed,4.2,third_rail
WO-0003196,AST-00814,Preventive,Medium,2024-04-17,2024-04-27,2024-04-20,Completed,3.8,cable
WO-0003918,AST-00986,Preventive,Medium,2024-04-17,2024-04-27,2024-04-17,Completed,5.1,third_rail
WO-0004450,AST-00325,Corrective,Medium,2024-04-17,2024-04-27,2024-04-20,Completed,5.8,third_rail
WO-0002611,AST-00667,Preventive,Medium,2024-04-18,2024-04-28,2024-04-21,Completed,6.7,third_rail
WO-0003686,AST-00928,Preventive,Medium,2024-04-18,2024-04-28,2024-04-18,Completed,4.8,third_rail
WO-0003981,AST-00001,Corrective,Medium,2024-04-18,2024-04-28,2024-04-19,Completed,10.9,third_rail
WO-0004160,AST-00128,Corrective,High,2024-04-18,2024-04-23,2024-04-21,Completed,5.7,power
WO-0000320,AST-00082,Preventive,Medium,2024-04-19,2024-04-29,2024-04-25,Completed,6.5,cable
WO-0000694,AST-00178,Preventive,Medium,2024-04-19,2024-04-29,2024-04-24,Completed,6.7,third_rail
WO-0001193,AST-00307,Preventive,Medium,2024-04-19,2024-04-29,2024-04-21,Completed,4.6,breaker
WO-0003036,AST-00773,Preventive,Medium,2024-04-19,2024-04-29,2024-04-21,Completed,6.6,cable
WO-0004250,AST-00183,Corrective,Medium,2024-04-19,2024-04-29,2024-04-27,Completed,7.6,cable
WO-0004592,AST-00438,Corrective,Medium,2024-04-19,2024-04-29,2024-04-21,Completed,6.1,cable
WO-0000185,AST-00048,Preventive,Medium,2024-04-20,2024-04-30,2024-04-24,Completed,3.5,breaker
WO-0002453,AST-00627,Preventive,Medium,2024-04-20,2024-04-30,2024-04-27,Completed,5.3,third_rail
WO-0002657,AST-00678,Preventive,Medium,2024-04-20,2024-04-30,2024-04-20,Completed,6.6,cable
WO-0003343,AST-00848,Preventive,Medium,2024-04-20,2024-04-30,2024-04-22,Completed,4.6,cable
WO-0003468,AST-00877,Preventive,Medium,2024-04-20,2024-04-30,2024-04-20,Completed,6.5,breaker
WO-0004307,AST-00223,Corrective,High,2024-04-20,2024-04-25,2024-04-22,Completed,5.1,cable
WO-0004745,AST-00543,Corrective,Medium,2024-04-20,2024-04-30,2024-04-21,Completed,5.4,third_rail
WO-0005237,AST-00882,Corrective,Medium,2024-04-20,2024-04-30,2024-04-21,Completed,5.5,cable
WO-0000909,AST-00233,Preventive,Medium,2024-04-21,2024-05-01,2024-04-24,Completed,5.4,third_rail
WO-0001039,AST-00266,Preventive,Medium,2024-04-21,2024-05-01,2024-04-26,Completed,7.2,power
WO-0003356,AST-00851,Preventive,Medium,2024-04-21,2024-05-01,2024-04-21,Completed,6.7,power
WO-0000066,AST-00020,Preventive,Medium,2024-04-22,2024-05-02,2024-04-23,Completed,4.1,cable
WO-0000489,AST-00127,Preventive,Medium,2024-04-22,2024-05-02,2024-04-26,Completed,5.0,breaker
WO-0001727,AST-00441,Preventive,Medium,2024-04-22,2024-05-02,2024-04-23,Completed,3.2,third_rail
WO-0002560,AST-00654,Preventive,Medium,2024-04-22,2024-05-02,2024-04-30,Completed,4.9,breaker
WO-0003702,AST-00932,Preventive,Medium,2024-04-22,2024-05-02,2024-04-24,Completed,3.1,breaker
WO-0003219,AST-00820,Preventive,Medium,2024-04-23,2024-05-03,2024-04-27,Completed,6.1,breaker
WO-0003281,AST-00833,Preventive,Medium,2024-04-23,2024-05-03,2024-04-26,Completed,4.6,breaker
WO-0004066,AST-00058,Corrective,High,2024-04-23,2024-04-28,2024-04-25,Completed,2.0,cable
WO-0004286,AST-00211,Corrective,Medium,2024-04-23,2024-05-03,2024-04-24,Completed,6.2,cable
WO-0000950,AST-00244,Preventive,Medium,2024-04-24,2024-05-04,2024-04-26,Completed,4.4,cable
WO-0001281,AST-00328,Preventive,Medium,2024-04-24,2024-05-04,2024-04-25,Completed,4.2,cable
WO-0003409,AST-00862,Preventive,Medium,2024-04-24,2024-05-04,2024-04-28,Completed,3.0,cable
WO-0003538,AST-00892,Preventive,Medium,2024-04-24,2024-05-04,2024-04-26,Completed,2.5,third_rail
WO-0000044,AST-00013,Preventive,Medium,2024-04-25,2024-05-05,2024-05-01,Completed,3.8,cable
WO-0000436,AST-00113,Preventive,Medium,2024-04-25,2024-05-05,2024-04-26,Completed,3.4,breaker
WO-0000467,AST-00121,Preventive,Medium,2024-04-25,2024-05-05,2024-04-25,Completed,7.9,cable
WO-0001048,AST-00269,Preventive,Medium,2024-04-25,2024-05-05,2024-04-30,Completed,6.0,power
WO-0001251,AST-00321,Preventive,Medium,2024-04-25,2024-05-05,2024-04-29,Completed,5.5,third_rail
WO-0004261,AST-00193,Corrective,Medium,2024-04-25,2024-05-05,2024-04-29,Completed,4.2,power
WO-0000194,AST-00050,Preventive,Medium,2024-04-26,2024-05-06,2024-05-08,Completed,4.3,power
WO-0002907,AST-00741,Preventive,Medium,2024-04-26,2024-05-06,2024-05-09,Completed,1.5,power
WO-0002975,AST-00756,Preventive,Medium,2024-04-26,2024-05-06,2024-04-29,Completed,3.7,breaker
WO-0004369,AST-00264,Corrective,High,2024-04-26,2024-05-01,2024-04-30,Completed,3.3,power
WO-0000453,AST-00118,Preventive,Medium,2024-04-27,2024-05-07,2024-05-03,Completed,7.8,cable
WO-0000506,AST-00132,Preventive,Medium,2024-04-27,2024-05-07,2024-04-29,Completed,5.7,third_rail
WO-0000874,AST-00224,Preventive,Medium,2024-04-27,2024-05-07,2024-05-04,Completed,5.5,third_rail
WO-0001439,AST-00368,Preventive,Medium,2024-04-27,2024-05-07,2024-05-01,Completed,5.8,cable
WO-0002209,AST-00567,Preventive,Medium,2024-04-27,2024-05-07,2024-04-27,Completed,3.3,third_rail
WO-0004462,AST-00337,Corrective,Medium,2024-04-27,2024-05-07,2024-05-02,Completed,5.2,power
WO-0005193,AST-00855,Corrective,Medium,2024-04-27,2024-05-07,2024-04-29,Completed,2.0,breaker
WO-0000009,AST-00003,Preventive,Medium,2024-04-28,2024-05-08,2024-05-02,Completed,2.4,third_rail
WO-0001987,AST-00511,Preventive,Medium,2024-04-28,2024-05-08,2024-04-29,Completed,5.5,power
WO-0004191,AST-00144,Corrective,Critical,2024-04-28,2024-04-30,2024-05-02,Completed,7.0,cable
WO-0004870,AST-00640,Corrective,Medium,2024-04-28,2024-05-08,2024-04-28,Completed,7.8,third_rail
WO-0001966,AST-00506,Preventive,Medium,2024-04-29,2024-05-09,2024-05-05,Completed,5.7,third_rail
WO-0001978,AST-00509,Preventive,Medium,2024-04-29,2024-05-09,2024-05-03,Completed,6.2,cable
WO-0003831,AST-00965,Preventive,Medium,2024-04-29,2024-05-09,2024-05-01,Completed,2.6,third_rail
WO-0004992,AST-00722,Corrective,Medium,2024-04-29,2024-05-09,2024-05-02,Completed,5.5,cable
WO-0005278,AST-00917,Corrective,High,2024-04-29,2024-05-04,2024-05-08,Completed,5.6,power
WO-0000087,AST-00024,Preventive,Medium,2024-04-30,2024-05-10,2024-05-02,Completed,6.0,third_rail
WO-0000114,AST-00030,Preventive,Medium,2024-04-30,2024-05-10,2024-04-30,Completed,8.2,cable
WO-0000644,AST-00165,Preventive,Medium,2024-04-30,2024-05-10,2024-05-01,Completed,4.9,cable
WO-0001022,AST-00262,Preventive,Medium,2024-04-30,2024-05-10,2024-05-02,Completed,3.6,third_rail
WO-0002060,AST-00531,Preventive,Medium,2024-04-30,2024-05-10,2024-05-02,Completed,7.0,cable
WO-0002384,AST-00609,Preventive,Medium,2024-04-30,2024-05-10,2024-04-30,Completed,3.9,cable
WO-0003133,AST-00799,Preventive,Medium,2024-04-30,2024-05-10,2024-05-02,Completed,3.5,cable
WO-0004491,AST-00358,Corrective,Critical,2024-04-30,2024-05-02,2024-05-01,Completed,7.6,third_rail
WO-0004540,AST-00391,Corrective,Medium,2024-04-30,2024-05-10,2024-05-06,Completed,5.4,cable
WO-0005016,AST-00739,Corrective,High,2024-04-30,2024-05-05,2024-05-03,Completed,6.7,breaker
WO-0005054,AST-00768,Corrective,Medium,2024-04-30,2024-05-10,2024-05-02,Completed,5.3,power
WO-0000841,AST-00215,Preventive,Medium,2024-05-01,2024-05-11,2024-05-03,Completed,3.9,cable
WO-0002526,AST-00646,Preventive,Medium,2024-05-01,2024-05-11,2024-05-03,Completed,7.0,third_rail
WO-0001631,AST-00417,Preventive,Medium,2024-05-02,2024-05-12,2024-05-07,Completed,6.7,power
WO-0002746,AST-00699,Preventive,Medium,2024-05-02,2024-05-12,2024-05-05,Completed,6.0,cable
WO-0002911,AST-00742,Preventive,Medium,2024-05-02,2024-05-12,2024-05-04,Completed,5.5,power
WO-0004176,AST-00136,Corrective,Critical,2024-05-02,2024-05-04,2024-05-04,Completed,7.4,power
WO-0004651,AST-00470,Corrective,Medium,2024-05-02,2024-05-12,2024-05-05,Completed,11.0,cable
WO-0000754,AST-00193,Preventive,Medium,2024-05-03,2024-05-13,2024-05-12,Completed,5.2,power
WO-0002598,AST-00663,Preventive,Medium,2024-05-03,2024-05-13,2024-05-06,Completed,6.7,breaker
WO-0002625,AST-00670,Preventive,Medium,2024-05-03,2024-05-13,2024-05-05,Completed,5.3,cable
WO-0004054,AST-00052,Corrective,Medium,2024-05-03,2024-05-13,2024-05-10,Completed,7.2,power
WO-0005291,AST-00922,Corrective,Critical,2024-05-03,2024-05-05,2024-05-08,Completed,5.2,third_rail
WO-0000372,AST-00096,Preventive,Medium,2024-05-04,2024-05-14,2024-05-06,Completed,4.5,cable
WO-0000639,AST-00164,Preventive,Medium,2024-05-04,2024-05-14,2024-05-07,Completed,5.7,power
WO-0002368,AST-00605,Preventive,Medium,2024-05-04,2024-05-14,2024-05-07,Completed,6.0,third_rail
WO-0003167,AST-00807,Preventive,Medium,2024-05-04,2024-05-14,2024-05-05,Completed,4.9,cable
WO-0004580,AST-00424,Corrective,Medium,2024-05-04,2024-05-14,2024-05-04,Completed,5.3,power
WO-0004915,AST-00672,Corrective,Medium,2024-05-04,2024-05-14,2024-05-06,Completed,6.9,cable
WO-0000182,AST-00047,Preventive,Medium,2024-05-05,2024-05-15,2024-05-06,Completed,4.9,breaker
WO-0001262,AST-00324,Preventive,Medium,2024-05-05,2024-05-15,2024-05-07,Completed,3.5,cable
WO-0002101,AST-00540,Preventive,Medium,2024-05-05,2024-05-15,2024-05-11,Completed,5.7,third_rail
WO-0003710,AST-00934,Preventive,Medium,2024-05-05,2024-05-15,2024-05-07,Completed,5.2,third_rail
WO-0004145,AST-00120,Corrective,Medium,2024-05-05,2024-05-15,2024-05-17,Completed,7.6,cable
WO-0004150,AST-00122,Corrective,Medium,2024-05-05,2024-05-15,2024-05-08,Completed,8.3,cable
WO-0005355,AST-00971,Corrective,Medium,2024-05-05,2024-05-15,2024-05-06,Completed,8.9,breaker
WO-0000131,AST-00035,Preventive,Medium,2024-05-06,2024-05-16,2024-05-08,Completed,8.0,cable
WO-0000394,AST-00101,Preventive,Medium,2024-05-06,2024-05-16,2024-05-07,Completed,3.8,third_rail
WO-0001085,AST-00279,Preventive,Medium,2024-05-06,2024-05-16,2024-05-11,Completed,5.0,third_rail
WO-0001100,AST-00283,Preventive,Medium,2024-05-06,2024-05-16,2024-05-14,Completed,4.7,breaker
WO-0001871,AST-00477,Preventive,Medium,2024-05-06,2024-05-16,2024-05-09,Completed,5.5,cable
WO-0002019,AST-00519,Preventive,Medium,2024-05-06,2024-05-16,2024-05-10,Completed,4.4,power
WO-0004204,AST-00149,Corrective,High,2024-05-06,2024-05-11,2024-05-07,Completed,3.7,cable
WO-0004856,AST-00625,Corrective,Medium,2024-05-06,2024-05-16,2024-05-13,Completed,4.5,third_rail
WO-0000189,AST-00049,Preventive,Medium,2024-05-07,2024-05-17,2024-05-19,Completed,2.7,cable
WO-0001006,AST-00258,Preventive,Medium,2024-05-07,2024-05-17,2024-05-07,Completed,4.6,power
WO-0005264,AST-00905,Corrective,Medium,2024-05-07,2024-05-17,2024-05-10,Completed,7.3,third_rail
WO-0000483,AST-00125,Preventive,Medium,2024-05-08,2024-05-18,2024-05-12,Completed,5.3,power
WO-0000741,AST-00190,Preventive,Medium,2024-05-08,2024-05-18,2024-05-16,Completed,4.6,breaker
WO-0002895,AST-00737,Preventive,Medium,2024-05-08,2024-05-18,2024-05-08,Completed,4.5,breaker
WO-0003242,AST-00825,Preventive,Medium,2024-05-08,2024-05-18,2024-05-10,Completed,5.4,third_rail
WO-0003827,AST-00964,Preventive,Medium,2024-05-08,2024-05-18,2024-05-10,Completed,5.1,power
WO-0004146,AST-00120,Corrective,High,2024-05-08,2024-05-13,2024-05-12,Completed,3.5,cable
WO-0000733,AST-00188,Preventive,Medium,2024-05-09,2024-05-19,2024-05-12,Completed,5.3,power
WO-0002396,AST-00612,Preventive,Medium,2024-05-09,2024-05-19,2024-05-16,Completed,2.8,cable
WO-0005349,AST-00966,Corrective,Critical,2024-05-09,2024-05-11,2024-05-16,Completed,8.6,cable
WO-0000031,AST-00009,Preventive,Medium,2024-05-10,2024-05-20,2024-05-13,Completed,1.6,power
WO-0000648,AST-00166,Preventive,Medium,2024-05-10,2024-05-20,2024-05-21,Completed,4.1,breaker
WO-0002888,AST-00735,Preventive,Medium,2024-05-10,2024-05-20,2024-05-11,Completed,5.3,power
WO-0003001,AST-00764,Preventive,Medium,2024-05-10,2024-05-20,2024-05-12,Completed,5.8,power
WO-0003338,AST-00847,Preventive,Medium,2024-05-10,2024-05-20,2024-05-16,Completed,7.5,breaker
WO-0004609,AST-00449,Corrective,Critical,2024-05-10,2024-05-12,2024-05-13,Completed,7.7,power
WO-0000854,AST-00218,Preventive,Medium,2024-05-11,2024-05-21,2024-05-20,Completed,3.6,power
WO-0000903,AST-00231,Preventive,Medium,2024-05-11,2024-05-21,2024-05-12,Completed,5.6,power
WO-0001119,AST-00288,Preventive,Medium,2024-05-11,2024-05-21,2024-05-15,Completed,4.1,breaker
WO-0002301,AST-00589,Preventive,Medium,2024-05-11,2024-05-21,2024-05-14,Completed,5.4,breaker
WO-0002709,AST-00690,Preventive,Medium,2024-05-11,2024-05-21,2024-05-11,Completed,3.2,cable
WO-0003879,AST-00977,Preventive,Medium,2024-05-11,2024-05-21,2024-05-11,Completed,6.7,cable
WO-0004173,AST-00136,Corrective,Medium,2024-05-11,2024-05-21,2024-05-11,Completed,3.9,power
WO-0002892,AST-00736,Preventive,Medium,2024-05-12,2024-05-22,2024-05-17,Completed,4.5,cable
WO-0003522,AST-00889,Preventive,Medium,2024-05-12,2024-05-22,2024-05-13,Completed,3.8,power
WO-0003741,AST-00942,Preventive,Medium,2024-05-12,2024-05-22,2024-05-16,Completed,6.9,third_rail
WO-0005352,AST-00969,Corrective,High,2024-05-12,2024-05-17,2024-05-12,Completed,5.5,cable
WO-0000376,AST-00097,Preventive,Medium,2024-05-13,2024-05-23,2024-05-14,Completed,4.7,breaker
WO-0000600,AST-00155,Preventive,Medium,2024-05-13,2024-05-23,2024-05-16,Completed,5.9,power
WO-0002054,AST-00529,Preventive,Medium,2024-05-13,2024-05-23,2024-05-17,Completed,4.3,third_rail
WO-0002479,AST-00634,Preventive,Medium,2024-05-13,2024-05-23,2024-05-19,Completed,5.8,breaker
WO-0002982,AST-00758,Preventive,Medium,2024-05-13,2024-05-23,2024-05-16,Completed,4.4,third_rail
WO-0003334,AST-00846,Preventive,Medium,2024-05-13,2024-05-23,2024-05-20,Completed,3.5,third_rail
WO-0004048,AST-00050,Corrective,Medium,2024-05-13,2024-05-23,2024-05-14,Completed,5.2,power
WO-0004433,AST-00315,Corrective,Medium,2024-05-13,2024-05-23,2024-05-14,Completed,7.1,breaker
WO-0000202,AST-00052,Preventive,Medium,2024-05-14,2024-05-24,2024-05-18,Completed,5.6,power
WO-0000971,AST-00249,Preventive,Medium,2024-05-14,2024-05-24,2024-05-24,Completed,4.9,breaker
WO-0001091,AST-00281,Preventive,Medium,2024-05-14,2024-05-24,2024-05-18,Completed,2.9,power
WO-0001764,AST-00450,Preventive,Medium,2024-05-14,2024-05-24,2024-05-15,Completed,3.4,cable
WO-0001848,AST-00471,Preventive,Medium,2024-05-14,2024-05-24,2024-05-15,Completed,5.3,cable
WO-0002530,AST-00647,Preventive,Medium,2024-05-14,2024-05-24,2024-05-17,Completed,4.5,power
WO-0001159,AST-00297,Preventive,Medium,2024-05-15,2024-05-25,2024-05-17,Completed,3.0,third_rail
WO-0002012,AST-00517,Preventive,Medium,2024-05-15,2024-05-25,2024-05-24,Completed,5.5,breaker
WO-0005370,AST-00986,Corrective,Medium,2024-05-15,2024-05-25,2024-05-19,Completed,10.3,third_rail
WO-0000998,AST-00256,Preventive,Medium,2024-05-16,2024-05-26,2024-05-18,Completed,7.1,cable
WO-0001837,AST-00469,Preventive,Medium,2024-05-17,2024-05-27,2024-05-26,Completed,3.3,power
WO-0003014,AST-00768,Preventive,Medium,2024-05-17,2024-05-27,2024-05-19,Completed,6.9,power
WO-0003276,AST-00832,Preventive,Medium,2024-05-17,2024-05-27,2024-05-19,Completed,5.0,cable
WO-0004463,AST-00338,Corrective,Medium,2024-05-17,2024-05-27,2024-05-21,Completed,6.0,cable
WO-0004900,AST-00668,Corrective,Medium,2024-05-17,2024-05-27,2024-05-19,Completed,6.0,third_rail
WO-0000476,AST-00123,Preventive,Medium,2024-05-18,2024-05-28,2024-05-20,Completed,4.5,power
WO-0000925,AST-00237,Preventive,Medium,2024-05-18,2024-05-28,2024-05-18,Completed,4.7,cable
WO-0001793,AST-00457,Preventive,Medium,2024-05-18,2024-05-28,2024-05-25,Completed,5.5,third_rail
WO-0001854,AST-00473,Preventive,Medium,2024-05-18,2024-05-28,2024-05-20,Completed,4.7,power
WO-0002125,AST-00546,Preventive,Medium,2024-05-18,2024-05-28,2024-05-30,Completed,5.1,cable
WO-0004533,AST-00385,Corrective,Critical,2024-05-18,2024-05-20,2024-05-21,Completed,10.2,breaker
WO-0004577,AST-00422,Corrective,Critical,2024-05-18,2024-05-20,2024-05-22,Completed,10.2,power
WO-0004867,AST-00635,Corrective,Medium,2024-05-18,2024-05-28,2024-05-18,Completed,3.3,power
WO-0005100,AST-00799,Corrective,High,2024-05-18,2024-05-23,2024-05-20,Completed,5.2,cable
WO-0005204,AST-00866,Corrective,High,2024-05-18,2024-05-23,2024-05-22,Completed,9.2,third_rail
WO-0000311,AST-00080,Preventive,Medium,2024-05-19,2024-05-29,2024-06-02,Completed,2.8,third_rail
WO-0000379,AST-00098,Preventive,Medium,2024-05-19,2024-05-29,2024-05-19,Completed,4.9,power
WO-0001999,AST-00514,Preventive,Medium,2024-05-19,2024-05-29,2024-05-21,Completed,2.4,breaker
WO-0002256,AST-00578,Preventive,Medium,2024-05-19,2024-05-29,2024-05-24,Completed,7.0,cable
WO-0002354,AST-00602,Preventive,Medium,2024-05-19,2024-05-29,2024-05-19,Completed,6.0,third_rail
WO-0003172,AST-00808,Preventive,Medium,2024-05-19,2024-05-29,2024-05-19,Completed,4.1,power
WO-0003567,AST-00899,Preventive,Medium,2024-05-19,2024-05-29,2024-05-21,Completed,6.9,breaker
WO-0005058,AST-00769,Corrective,Critical,2024-05-19,2024-05-21,2024-05-21,Completed,8.2,power
WO-0000589,AST-00152,Preventive,Medium,2024-05-20,2024-05-30,2024-05-24,Completed,6.0,third_rail
WO-0001128,AST-00290,Preventive,Medium,2024-05-20,2024-05-30,2024-05-22,Completed,5.4,power
WO-0002284,AST-00585,Preventive,Medium,2024-05-20,2024-05-30,2024-05-31,Completed,3.6,third_rail
WO-0002862,AST-00729,Preventive,Medium,2024-05-20,2024-05-30,2024-05-24,Completed,4.6,cable
WO-0004156,AST-00123,Corrective,Medium,2024-05-20,2024-05-30,2024-05-23,Completed,6.9,power
WO-0000138,AST-00037,Preventive,Medium,2024-05-21,2024-05-31,2024-05-23,Completed,4.1,power
WO-0000278,AST-00072,Preventive,Medium,2024-05-21,2024-05-31,2024-05-22,Completed,4.3,cable
WO-0002425,AST-00621,Preventive,Medium,2024-05-21,2024-05-31,2024-05-22,Completed,3.6,third_rail
WO-0001953,AST-00502,Preventive,Medium,2024-05-22,2024-06-01,2024-05-26,Completed,5.3,third_rail
WO-0001982,AST-00510,Preventive,Medium,2024-05-22,2024-06-01,2024-05-22,Completed,4.3,power
WO-0002705,AST-00689,Preventive,Medium,2024-05-22,2024-06-01,2024-05-26,Completed,4.8,third_rail
WO-0002854,AST-00727,Preventive,Medium,2024-05-22,2024-06-01,2024-05-24,Completed,4.2,breaker
WO-0003658,AST-00921,Preventive,Medium,2024-05-22,2024-06-01,2024-05-24,Completed,1.5,power
WO-0004749,AST-00546,Corrective,Medium,2024-05-22,2024-06-01,2024-05-25,Completed,4.6,cable
WO-0005182,AST-00848,Corrective,High,2024-05-22,2024-05-27,2024-05-29,Completed,7.5,cable
WO-0000983,AST-00252,Preventive,Medium,2024-05-23,2024-06-02,2024-05-28,Completed,8.0,third_rail
WO-0001698,AST-00433,Preventive,Medium,2024-05-23,2024-06-02,2024-05-25,Completed,5.5,cable
WO-0003104,AST-00791,Preventive,Medium,2024-05-23,2024-06-02,2024-05-27,Completed,7.4,breaker
WO-0003317,AST-00841,Preventive,Medium,2024-05-23,2024-06-02,2024-05-25,Completed,4.7,power
WO-0004258,AST-00192,Corrective,High,2024-05-23,2024-05-28,2024-05-23,Completed,6.6,breaker
WO-0001369,AST-00352,Preventive,Medium,2024-05-24,2024-06-03,2024-05-26,Completed,4.5,power
WO-0001731,AST-00442,Preventive,Medium,2024-05-24,2024-06-03,2024-05-29,Completed,4.5,power
WO-0001908,AST-00490,Preventive,Medium,2024-05-24,2024-06-03,2024-05-28,Completed,2.5,cable
WO-0002070,AST-00533,Preventive,Medium,2024-05-24,2024-06-03,2024-05-29,Completed,3.6,breaker
WO-0003718,AST-00936,Preventive,Medium,2024-05-24,2024-06-03,2024-05-25,Completed,5.0,breaker
WO-0004282,AST-00206,Corrective,High,2024-05-24,2024-05-29,2024-05-26,Completed,8.1,breaker
WO-0004606,AST-00448,Corrective,Medium,2024-05-24,2024-06-03,2024-05-24,Completed,5.9,cable
WO-0004948,AST-00692,Corrective,High,2024-05-24,2024-05-29,2024-05-25,Completed,7.3,third_rail
WO-0000942,AST-00242,Preventive,Medium,2024-05-25,2024-06-04,2024-05-26,Completed,2.7,third_rail
WO-0002634,AST-00672,Preventive,Medium,2024-05-25,2024-06-04,2024-05-26,Completed,4.2,cable
WO-0002681,AST-00683,Preventive,Medium,2024-05-25,2024-06-04,2024-05-25,Completed,6.2,power
WO-0001546,AST-00396,Preventive,Medium,2024-05-26,2024-06-05,2024-05-27,Completed,6.6,cable
WO-0004619,AST-00452,Corrective,Critical,2024-05-26,2024-05-28,2024-05-27,Completed,6.8,third_rail
WO-0001612,AST-00411,Preventive,Medium,2024-05-27,2024-06-06,2024-05-30,Completed,3.7,cable
WO-0004924,AST-00676,Corrective,Medium,2024-05-27,2024-06-06,2024-05-29,Completed,6.5,breaker
WO-0005252,AST-00894,Corrective,Medium,2024-05-27,2024-06-06,2024-05-27,Completed,11.0,power
WO-0000862,AST-00220,Preventive,Medium,2024-05-28,2024-06-07,2024-05-28,Completed,4.2,breaker
WO-0001451,AST-00371,Preventive,Medium,2024-05-28,2024-06-07,2024-06-01,Completed,4.3,third_rail
WO-0002164,AST-00555,Preventive,Medium,2024-05-28,2024-06-07,2024-05-28,Completed,7.1,power
WO-0004624,AST-00454,Corrective,Critical,2024-05-28,2024-05-30,2024-05-29,Completed,7.5,power
WO-0005043,AST-00759,Corrective,Medium,2024-05-28,2024-06-07,2024-06-03,Completed,7.2,power
WO-0000420,AST-00109,Preventive,Medium,2024-05-29,2024-06-08,2024-05-29,Completed,3.3,power
WO-0000540,AST-00140,Preventive,Medium,2024-05-29,2024-06-08,2024-06-02,Completed,7.5,power
WO-0000561,AST-00145,Preventive,Medium,2024-05-29,2024-06-08,2024-06-01,Completed,4.4,cable
WO-0002169,AST-00556,Preventive,Medium,2024-05-29,2024-06-08,2024-05-31,Completed,5.0,breaker
WO-0003941,AST-00991,Preventive,Medium,2024-05-29,2024-06-08,2024-05-29,Completed,4.8,cable
WO-0004597,AST-00442,Corrective,Medium,2024-05-29,2024-06-08,2024-06-01,Completed,5.4,power
WO-0000666,AST-00170,Preventive,Medium,2024-05-30,2024-06-09,2024-06-07,Completed,5.8,third_rail
WO-0003263,AST-00829,Preventive,Medium,2024-05-30,2024-06-09,2024-06-01,Completed,5.0,third_rail
WO-0003533,AST-00891,Preventive,Medium,2024-05-30,2024-06-09,2024-05-31,Completed,6.2,breaker
WO-0004827,AST-00605,Corrective,Medium,2024-05-30,2024-06-09,2024-06-02,Completed,7.3,third_rail
WO-0004898,AST-00663,Corrective,High,2024-05-30,2024-06-04,2024-06-03,Completed,9.3,breaker
WO-0005192,AST-00853,Corrective,High,2024-05-30,2024-06-04,2024-06-01,Completed,6.7,third_rail
WO-0001148,AST-00295,Preventive,Medium,2024-05-31,2024-06-10,2024-05-31,Completed,2.7,third_rail
WO-0001724,AST-00440,Preventive,Medium,2024-05-31,2024-06-10,2024-05-31,Completed,4.6,cable
WO-0003268,AST-00830,Preventive,Medium,2024-05-31,2024-06-10,2024-06-04,Completed,5.2,breaker
WO-0005229,AST-00878,Corrective,High,2024-05-31,2024-06-05,2024-06-04,Completed,7.9,breaker
WO-0002505,AST-00640,Preventive,Medium,2024-06-01,2024-06-11,2024-06-02,Completed,4.8,third_rail
WO-0003835,AST-00966,Preventive,Medium,2024-06-01,2024-06-11,2024-06-07,Completed,5.3,cable
WO-0003987,AST-00005,Corrective,Medium,2024-06-01,2024-06-11,2024-06-02,Completed,6.2,power
WO-0000246,AST-00065,Preventive,Medium,2024-06-02,2024-06-12,2024-06-04,Completed,4.0,cable
WO-0001081,AST-00278,Preventive,Medium,2024-06-02,2024-06-12,2024-06-05,Completed,5.8,cable
WO-0001553,AST-00398,Preventive,Medium,2024-06-02,2024-06-12,2024-06-03,Completed,2.8,breaker
WO-0002024,AST-00520,Preventive,Medium,2024-06-02,2024-06-12,2024-06-03,Completed,4.6,third_rail
WO-0002214,AST-00568,Preventive,Medium,2024-06-02,2024-06-12,2024-06-08,Completed,2.6,power
WO-0002266,AST-00581,Preventive,Medium,2024-06-02,2024-06-12,2024-06-05,Completed,3.2,cable
WO-0002339,AST-00597,Preventive,Medium,2024-06-02,2024-06-12,2024-06-07,Completed,4.6,cable
WO-0002781,AST-00707,Preventive,Medium,2024-06-02,2024-06-12,2024-06-02,Completed,4.5,third_rail
WO-0004025,AST-00032,Corrective,High,2024-06-02,2024-06-07,2024-06-07,Completed,5.6,third_rail
WO-0004226,AST-00166,Corrective,Medium,2024-06-02,2024-06-12,2024-06-04,Completed,8.0,breaker
WO-0005001,AST-00731,Corrective,Critical,2024-06-02,2024-06-04,2024-06-14,Completed,10.7,breaker
WO-0003329,AST-00845,Preventive,Medium,2024-06-03,2024-06-13,2024-06-04,Completed,5.0,power
WO-0003766,AST-00949,Preventive,Medium,2024-06-03,2024-06-13,2024-06-05,Completed,6.1,third_rail
WO-0004642,AST-00464,Corrective,Medium,2024-06-03,2024-06-13,2024-06-03,Completed,3.4,breaker
WO-0003117,AST-00795,Preventive,Medium,2024-06-04,2024-06-14,2024-06-12,Completed,6.9,power
WO-0003923,AST-00987,Preventive,Medium,2024-06-04,2024-06-14,2024-06-06,Completed,5.1,breaker
WO-0005025,AST-00746,Corrective,High,2024-06-04,2024-06-09,2024-06-06,Completed,5.4,cable
WO-0005041,AST-00757,Corrective,Medium,2024-06-04,2024-06-14,2024-06-10,Completed,9.2,breaker
WO-0005111,AST-00812,Corrective,Medium,2024-06-04,2024-06-14,2024-06-06,Completed,5.7,power
WO-0000820,AST-00209,Preventive,Medium,2024-06-05,2024-06-15,2024-06-05,Completed,5.3,power
WO-0001428,AST-00366,Preventive,Medium,2024-06-05,2024-06-15,2024-06-09,Completed,3.0,cable
WO-0003404,AST-00861,Preventive,Medium,2024-06-05,2024-06-15,2024-06-07,Completed,4.9,cable
WO-0004149,AST-00122,Corrective,Medium,2024-06-05,2024-06-15,2024-06-07,Completed,7.1,cable
WO-0004430,AST-00313,Corrective,Medium,2024-06-05,2024-06-15,2024-06-12,Completed,7.9,breaker
WO-0005223,AST-00877,Corrective,Medium,2024-06-05,2024-06-15,2024-06-06,Completed,7.5,breaker
WO-0005226,AST-00878,Corrective,High,2024-06-05,2024-06-10,2024-06-10,Completed,5.1,breaker
WO-0002392,AST-00611,Preventive,Medium,2024-06-06,2024-06-16,2024-06-14,Completed,3.5,cable
WO-0003930,AST-00989,Preventive,Medium,2024-06-06,2024-06-16,2024-06-12,Completed,4.3,breaker
WO-0001402,AST-00360,Preventive,Medium,2024-06-07,2024-06-17,2024-06-18,Completed,4.1,cable
WO-0002765,AST-00704,Preventive,Medium,2024-06-07,2024-06-17,2024-06-10,Completed,3.6,third_rail
WO-0004628,AST-00457,Corrective,Medium,2024-06-07,2024-06-17,2024-06-10,Completed,9.3,third_rail
WO-0004862,AST-00632,Corrective,Critical,2024-06-07,2024-06-09,2024-06-07,Completed,9.4,third_rail
WO-0002806,AST-00715,Preventive,Medium,2024-06-08,2024-06-18,2024-06-09,Completed,3.5,third_rail
WO-0003515,AST-00887,Preventive,Medium,2024-06-08,2024-06-18,2024-06-12,Completed,4.5,breaker
WO-0004547,AST-00400,Corrective,High,2024-06-08,2024-06-13,2024-06-13,Completed,7.7,cable
WO-0004725,AST-00533,Corrective,High,2024-06-08,2024-06-13,2024-06-09,Completed,6.0,breaker
WO-0000449,AST-00117,Preventive,Medium,2024-06-09,2024-06-19,2024-06-15,Completed,6.7,third_rail
WO-0000979,AST-00251,Preventive,Medium,2024-06-09,2024-06-19,2024-06-11,Completed,4.0,cable
WO-0001397,AST-00359,Preventive,Medium,2024-06-09,2024-06-19,2024-06-16,Completed,4.2,cable
WO-0001532,AST-00393,Preventive,Medium,2024-06-09,2024-06-19,2024-06-09,Completed,4.8,cable
WO-0002375,AST-00607,Preventive,Medium,2024-06-09,2024-06-19,2024-06-10,Completed,4.2,third_rail
WO-0003125,AST-00797,Preventive,Medium,2024-06-09,2024-06-19,2024-06-13,Completed,3.3,power
WO-0004321,AST-00227,Corrective,Critical,2024-06-09,2024-06-11,2024-06-12,Completed,6.1,power
WO-0004557,AST-00406,Corrective,Medium,2024-06-09,2024-06-19,2024-06-09,Completed,6.3,third_rail
WO-0000596,AST-00154,Preventive,Medium,2024-06-10,2024-06-20,2024-06-12,Completed,3.1,cable
WO-0000745,AST-00191,Preventive,Medium,2024-06-10,2024-06-20,2024-06-13,Completed,4.2,third_rail
WO-0001587,AST-00405,Preventive,Medium,2024-06-10,2024-06-20,2024-06-16,Completed,6.7,third_rail
WO-0002518,AST-00644,Preventive,Medium,2024-06-10,2024-06-20,2024-06-22,Completed,3.7,breaker
WO-0003572,AST-00900,Preventive,Medium,2024-06-10,2024-06-20,2024-06-16,Completed,3.7,cable
WO-0004083,AST-00068,Corrective,High,2024-06-10,2024-06-15,2024-06-10,Completed,7.5,breaker
WO-0004890,AST-00657,Corrective,High,2024-06-10,2024-06-15,2024-06-11,Completed,7.5,third_rail
WO-0003891,AST-00980,Preventive,Medium,2024-06-11,2024-06-21,2024-06-18,Completed,5.1,breaker
WO-0004070,AST-00061,Corrective,Medium,2024-06-11,2024-06-21,2024-06-18,Completed,5.4,cable
WO-0000352,AST-00090,Preventive,Medium,2024-06-12,2024-06-22,2024-06-14,Completed,6.6,cable
WO-0000535,AST-00139,Preventive,Medium,2024-06-12,2024-06-22,2024-06-20,Completed,6.1,third_rail
WO-0000986,AST-00253,Preventive,Medium,2024-06-12,2024-06-22,2024-06-12,Completed,1.5,cable
WO-0001707,AST-00436,Preventive,Medium,2024-06-12,2024-06-22,2024-06-15,Completed,6.0,breaker
WO-0002276,AST-00583,Preventive,Medium,2024-06-12,2024-06-22,2024-06-12,Completed,7.3,power
WO-0002484,AST-00635,Preventive,Medium,2024-06-12,2024-06-22,2024-06-24,Completed,5.9,power
WO-0002584,AST-00660,Preventive,Medium,2024-06-12,2024-06-22,2024-06-16,Completed,4.3,breaker
WO-0003183,AST-00811,Preventive,Medium,2024-06-12,2024-06-22,2024-06-14,Completed,5.1,power
WO-0004126,AST-00107,Corrective,High,2024-06-12,2024-06-17,2024-06-18,Completed,6.0,cable
WO-0005152,AST-00835,Corrective,Medium,2024-06-12,2024-06-22,2024-06-21,Completed,7.8,cable
WO-0000604,AST-00156,Preventive,Medium,2024-06-13,2024-06-23,2024-06-13,Completed,6.5,cable
WO-0001851,AST-00472,Preventive,Medium,2024-06-13,2024-06-23,2024-06-15,Completed,2.6,cable
WO-0003629,AST-00913,Preventive,Medium,2024-06-13,2024-06-23,2024-06-14,Completed,3.2,third_rail
WO-0004410,AST-00298,Corrective,Medium,2024-06-13,2024-06-23,2024-06-14,Completed,5.5,third_rail
WO-0004921,AST-00675,Corrective,High,2024-06-13,2024-06-18,2024-06-17,Completed,6.2,cable
WO-0005272,AST-00910,Corrective,Medium,2024-06-13,2024-06-23,2024-06-13,Completed,9.4,breaker
WO-0000056,AST-00017,Preventive,Medium,2024-06-14,2024-06-24,2024-06-15,Completed,3.5,cable
WO-0000832,AST-00213,Preventive,Medium,2024-06-14,2024-06-24,2024-06-15,Completed,5.0,breaker
WO-0001228,AST-00315,Preventive,Medium,2024-06-14,2024-06-24,2024-06-15,Completed,4.2,breaker
WO-0002146,AST-00551,Preventive,Medium,2024-06-14,2024-06-24,2024-06-15,Completed,6.7,cable
WO-0002601,AST-00664,Preventive,Medium,2024-06-14,2024-06-24,2024-06-20,Completed,3.0,power
WO-0002993,AST-00761,Preventive,Medium,2024-06-14,2024-06-24,2024-06-15,Completed,5.2,cable
WO-0003435,AST-00868,Preventive,Medium,2024-06-14,2024-06-24,2024-06-19,Completed,4.5,third_rail
WO-0000001,AST-00001,Preventive,Medium,2024-06-15,2024-06-25,2024-06-18,Completed,4.1,third_rail
WO-0000593,AST-00153,Preventive,Medium,2024-06-15,2024-06-25,2024-06-22,Completed,4.7,power
WO-0001095,AST-00282,Preventive,Medium,2024-06-15,2024-06-25,2024-06-17,Completed,5.8,breaker
WO-0001332,AST-00342,Preventive,Medium,2024-06-15,2024-06-25,2024-06-19,Completed,5.8,third_rail
WO-0001550,AST-00397,Preventive,Medium,2024-06-15,2024-06-25,2024-06-16,Completed,5.3,third_rail
WO-0000609,AST-00157,Preventive,Medium,2024-06-16,2024-06-26,2024-06-23,Completed,4.7,breaker
WO-0002308,AST-00591,Preventive,Medium,2024-06-16,2024-06-26,2024-06-18,Completed,4.1,third_rail
WO-0002457,AST-00628,Preventive,Medium,2024-06-16,2024-06-26,2024-06-17,Completed,3.6,power
WO-0003674,AST-00925,Preventive,Medium,2024-06-16,2024-06-26,2024-06-18,Completed,3.2,power
WO-0004719,AST-00525,Corrective,Medium,2024-06-16,2024-06-26,2024-06-28,Completed,8.5,power
WO-0000359,AST-00092,Preventive,Medium,2024-06-17,2024-06-27,2024-06-29,Completed,5.4,cable
WO-0000501,AST-00130,Preventive,Medium,2024-06-17,2024-06-27,2024-06-18,Completed,3.7,cable
WO-0002924,AST-00745,Preventive,Medium,2024-06-17,2024-06-27,2024-06-22,Completed,3.6,cable
WO-0003618,AST-00910,Preventive,Medium,2024-06-17,2024-06-27,2024-06-20,Completed,4.4,breaker
WO-0004098,AST-00085,Corrective,High,2024-06-17,2024-06-22,2024-06-17,Completed,5.4,power
WO-0004223,AST-00165,Corrective,Medium,2024-06-17,2024-06-27,2024-06-19,Completed,10.2,cable
WO-0005271,AST-00910,Corrective,Critical,2024-06-17,2024-06-19,2024-06-20,Completed,6.3,breaker
WO-0000289,AST-00074,Preventive,Medium,2024-06-18,2024-06-28,2024-06-20,Completed,6.3,breaker
WO-0000889,AST-00227,Preventive,Medium,2024-06-18,2024-06-28,2024-06-22,Completed,5.3,power
WO-0002048,AST-00527,Preventive,Medium,2024-06-18,2024-06-28,2024-06-20,Completed,4.2,third_rail
WO-0002141,AST-00550,Preventive,Medium,2024-06-18,2024-06-28,2024-06-26,Completed,5.7,cable
WO-0002616,AST-00668,Preventive,Medium,2024-06-18,2024-06-28,2024-06-19,Completed,2.4,third_rail
WO-0004584,AST-00430,Corrective,Medium,2024-06-18,2024-06-28,2024-06-20,Completed,8.0,third_rail
WO-0000661,AST-00169,Preventive,Medium,2024-06-19,2024-06-29,2024-06-20,Completed,4.3,breaker
WO-0001010,AST-00259,Preventive,Medium,2024-06-19,2024-06-29,2024-06-27,Completed,6.0,power
WO-0001034,AST-00265,Preventive,Medium,2024-06-19,2024-06-29,2024-06-21,Completed,3.0,third_rail
WO-0001172,AST-00300,Preventive,Medium,2024-06-19,2024-06-29,2024-06-23,Completed,4.4,cable
WO-0001506,AST-00385,Preventive,Medium,2024-06-19,2024-06-29,2024-06-21,Completed,7.2,breaker
WO-0002389,AST-00610,Preventive,Medium,2024-06-19,2024-06-29,2024-06-22,Completed,6.5,cable
WO-0002513,AST-00642,Preventive,Medium,2024-06-19,2024-06-29,2024-06-20,Completed,7.0,third_rail
WO-0002919,AST-00744,Preventive,Medium,2024-06-19,2024-06-29,2024-06-21,Completed,2.0,power
WO-0003326,AST-00844,Preventive,Medium,2024-06-19,2024-06-29,2024-06-22,Completed,5.1,cable
WO-0000398,AST-00102,Preventive,Medium,2024-06-20,2024-06-30,2024-06-24,Completed,4.3,cable
WO-0000827,AST-00211,Preventive,Medium,2024-06-20,2024-06-30,2024-06-24,Completed,6.5,cable
WO-0002176,AST-00558,Preventive,Medium,2024-06-20,2024-06-30,2024-06-23,Completed,5.3,cable
WO-0003461,AST-00875,Preventive,Medium,2024-06-20,2024-06-30,2024-06-20,Completed,6.9,cable
WO-0000814,AST-00207,Preventive,Medium,2024-06-21,2024-07-01,2024-06-21,Completed,3.5,power
WO-0001626,AST-00415,Preventive,Medium,2024-06-21,2024-07-01,2024-06-25,Completed,3.6,power
WO-0001746,AST-00445,Preventive,Medium,2024-06-21,2024-07-01,2024-07-03,Completed,3.6,breaker
WO-0002065,AST-00532,Preventive,Medium,2024-06-21,2024-07-01,2024-06-21,Completed,5.3,cable
WO-0002098,AST-00539,Preventive,Medium,2024-06-21,2024-07-01,2024-06-22,Completed,6.6,power
WO-0002937,AST-00748,Preventive,Medium,2024-06-21,2024-07-01,2024-06-22,Completed,6.3,cable
WO-0003147,AST-00802,Preventive,Medium,2024-06-21,2024-07-01,2024-06-21,Completed,4.5,breaker
WO-0003150,AST-00803,Preventive,Medium,2024-06-21,2024-07-01,2024-06-24,Completed,4.7,third_rail
WO-0004456,AST-00332,Corrective,High,2024-06-21,2024-06-26,2024-06-27,Completed,2.9,breaker
WO-0004625,AST-00455,Corrective,Critical,2024-06-21,2024-06-23,2024-06-23,Completed,6.9,power
WO-0000676,AST-00173,Preventive,Medium,2024-06-22,2024-07-02,2024-06-22,Completed,4.6,breaker
WO-0000845,AST-00216,Preventive,Medium,2024-06-22,2024-07-02,2024-06-23,Completed,4.9,cable
WO-0001276,AST-00327,Preventive,Medium,2024-06-22,2024-07-02,2024-06-23,Completed,3.8,third_rail
WO-0001691,AST-00431,Preventive,Medium,2024-06-23,2024-07-03,2024-06-27,Completed,5.5,third_rail
WO-0001917,AST-00492,Preventive,Medium,2024-06-23,2024-07-03,2024-06-24,Completed,2.5,cable
WO-0004151,AST-00123,Corrective,Medium,2024-06-23,2024-07-03,2024-06-25,Completed,5.7,power
WO-0000063,AST-00019,Preventive,Medium,2024-06-24,2024-07-04,2024-06-25,Completed,4.2,third_rail
WO-0000631,AST-00162,Preventive,Medium,2024-06-24,2024-07-04,2024-07-06,Completed,8.7,third_rail
WO-0001246,AST-00320,Preventive,Medium,2024-06-24,2024-07-04,2024-06-24,Completed,3.9,third_rail
WO-0001499,AST-00383,Preventive,Medium,2024-06-24,2024-07-04,2024-06-25,Completed,6.3,third_rail
WO-0001785,AST-00455,Preventive,Medium,2024-06-24,2024-07-04,2024-06-24,Completed,6.2,power
WO-0004201,AST-00148,Corrective,High,2024-06-24,2024-06-29,2024-06-24,Completed,2.0,cable
WO-0004224,AST-00166,Corrective,High,2024-06-24,2024-06-29,2024-06-27,Completed,7.4,breaker
WO-0004925,AST-00676,Corrective,High,2024-06-24,2024-06-29,2024-06-25,Completed,4.0,breaker
WO-0005306,AST-00935,Corrective,Critical,2024-06-24,2024-06-26,2024-06-30,Completed,9.8,third_rail
WO-0002686,AST-00684,Preventive,Medium,2024-06-25,2024-07-05,2024-06-26,Completed,5.5,cable
WO-0003473,AST-00878,Preventive,Medium,2024-06-25,2024-07-05,2024-06-26,Completed,4.1,breaker
WO-0003949,AST-00993,Preventive,Medium,2024-06-25,2024-07-05,2024-06-25,Completed,5.1,third_rail
WO-0000583,AST-00150,Preventive,Medium,2024-06-26,2024-07-06,2024-06-30,Completed,4.3,power
WO-0000749,AST-00192,Preventive,Medium,2024-06-26,2024-07-06,2024-07-01,Completed,4.1,breaker
WO-0001164,AST-00298,Preventive,Medium,2024-06-26,2024-07-06,2024-06-27,Completed,6.3,third_rail
WO-0002271,AST-00582,Preventive,Medium,2024-06-26,2024-07-06,2024-06-28,Completed,7.9,cable
WO-0002651,AST-00676,Preventive,Medium,2024-06-26,2024-07-06,2024-06-26,Completed,7.1,breaker
WO-0003110,AST-00793,Preventive,Medium,2024-06-26,2024-07-06,2024-06-27,Completed,1.5,breaker
WO-0003799,AST-00957,Preventive,Medium,2024-06-26,2024-07-06,2024-06-28,Completed,6.1,third_rail
WO-0005017,AST-00740,Corrective,High,2024-06-26,2024-07-01,2024-07-01,Completed,3.8,cable
WO-0000012,AST-00004,Preventive,Medium,2024-06-27,2024-07-07,2024-06-29,Completed,5.3,cable
WO-0000250,AST-00066,Preventive,Medium,2024-06-27,2024-07-07,2024-07-09,Completed,8.0,cable
WO-0000916,AST-00235,Preventive,Medium,2024-06-27,2024-07-07,2024-07-01,Completed,6.3,third_rail
WO-0000929,AST-00238,Preventive,Medium,2024-06-27,2024-07-07,2024-06-30,Completed,4.1,third_rail
WO-0001366,AST-00351,Preventive,Medium,2024-06-27,2024-07-07,2024-07-02,Completed,2.2,cable
WO-0001642,AST-00419,Preventive,Medium,2024-06-27,2024-07-07,2024-07-02,Completed,6.3,breaker
WO-0001819,AST-00464,Preventive,Medium,2024-06-27,2024-07-07,2024-07-03,Completed,5.1,breaker
WO-0002957,AST-00752,Preventive,Medium,2024-06-27,2024-07-07,2024-06-30,Completed,6.6,breaker
WO-0003157,AST-00805,Preventive,Medium,2024-06-27,2024-07-07,2024-06-29,Completed,2.5,power
WO-0000039,AST-00012,Preventive,Medium,2024-06-28,2024-07-08,2024-07-02,Completed,4.3,third_rail
WO-0000796,AST-00203,Preventive,Medium,2024-06-28,2024-07-08,2024-07-06,Completed,6.0,cable
WO-0002057,AST-00530,Preventive,Medium,2024-06-28,2024-07-08,2024-06-30,Completed,6.5,breaker
WO-0002639,AST-00673,Preventive,Medium,2024-06-28,2024-07-08,2024-07-01,Completed,5.1,third_rail
WO-0002776,AST-00706,Preventive,Medium,2024-06-28,2024-07-08,2024-06-29,Completed,4.7,cable
WO-0003785,AST-00954,Preventive,Medium,2024-06-28,2024-07-08,2024-06-29,Completed,4.8,power
WO-0000050,AST-00015,Preventive,Medium,2024-06-29,2024-07-09,2024-07-01,Completed,7.3,cable
WO-0000626,AST-00161,Preventive,Medium,2024-06-29,2024-07-09,2024-07-02,Completed,4.9,power
WO-0000766,AST-00196,Preventive,Medium,2024-06-29,2024-07-09,2024-07-09,Completed,4.9,power
WO-0001492,AST-00381,Preventive,Medium,2024-06-29,2024-07-09,2024-07-01,Completed,5.7,cable
WO-0002106,AST-00541,Preventive,Medium,2024-06-29,2024-07-09,2024-06-30,Completed,1.6,third_rail
WO-0003223,AST-00821,Preventive,Medium,2024-06-29,2024-07-09,2024-07-14,Completed,8.6,power
WO-0004379,AST-00270,Corrective,High,2024-06-29,2024-07-04,2024-07-05,Completed,6.6,power
WO-0005184,AST-00849,Corrective,Critical,2024-06-29,2024-07-01,2024-07-01,Completed,8.0,power
WO-0000493,AST-00128,Preventive,Medium,2024-06-30,2024-07-10,2024-07-04,Completed,3.6,power
WO-0001202,AST-00309,Preventive,Medium,2024-06-30,2024-07-10,2024-07-02,Completed,5.7,breaker
WO-0001758,AST-00448,Preventive,Medium,2024-06-30,2024-07-10,2024-07-03,Completed,5.6,cable
WO-0001892,AST-00484,Preventive,Medium,2024-06-30,2024-07-10,2024-07-03,Completed,5.3,breaker
WO-0002510,AST-00641,Preventive,Medium,2024-06-30,2024-07-10,2024-07-02,Completed,3.9,cable
WO-0003303,AST-00837,Preventive,Medium,2024-06-30,2024-07-10,2024-07-01,Completed,6.3,third_rail
WO-0003782,AST-00953,Preventive,Medium,2024-06-30,2024-07-10,2024-07-02,Completed,5.5,breaker
WO-0005411,AST-00039,Corrective,Medium,2024-06-30,2024-07-10,2024-07-05,Completed,4.7,breaker
WO-0005494,AST-00150,Corrective,Medium,2024-06-30,2024-07-10,2024-07-02,Completed,9.4,power
WO-0005571,AST-00240,Corrective,Medium,2024-06-30,2024-07-10,2024-07-03,Completed,4.9,power
WO-0005652,AST-00386,Corrective,Medium,2024-06-30,2024-07-10,2024-07-01,Completed,6.3,third_rail
WO-0005731,AST-00536,Corrective,Medium,2024-06-30,2024-07-10,2024-07-03,Completed,6.5,breaker
WO-0006054,AST-00932,Corrective,Medium,2024-06-30,2024-07-10,2024-07-03,Completed,6.4,breaker
WO-0006069,AST-00945,Corrective,High,2024-06-30,2024-07-05,2024-07-02,Completed,5.3,cable
WO-0006077,AST-00956,Corrective,Medium,2024-06-30,2024-07-10,2024-07-01,Completed,7.0,third_rail
WO-0001290,AST-00330,Preventive,Medium,2024-07-01,2024-07-11,2024-07-04,Completed,6.0,breaker
WO-0002874,AST-00731,Preventive,Medium,2024-07-01,2024-07-11,2024-07-02,Completed,6.3,breaker
WO-0003738,AST-00941,Preventive,Medium,2024-07-01,2024-07-11,2024-07-02,Completed,5.4,breaker
WO-0005434,AST-00091,Corrective,High,2024-07-01,2024-07-06,2024-07-02,Completed,7.4,power
WO-0005519,AST-00169,Corrective,Medium,2024-07-01,2024-07-11,2024-07-05,Completed,4.5,breaker
WO-0005534,AST-00173,Corrective,Medium,2024-07-01,2024-07-11,2024-07-05,Completed,7.2,breaker
WO-0005637,AST-00352,Corrective,Medium,2024-07-01,2024-07-11,2024-07-06,Completed,5.9,power
WO-0005749,AST-00557,Corrective,Medium,2024-07-01,2024-07-11,2024-07-06,Completed,3.6,breaker
WO-0005839,AST-00670,Corrective,Medium,2024-07-01,2024-07-11,2024-07-06,Completed,8.6,cable
WO-0005938,AST-00797,Corrective,Medium,2024-07-01,2024-07-11,2024-07-02,Completed,8.2,power
WO-0005961,AST-00818,Corrective,High,2024-07-01,2024-07-06,2024-07-13,Completed,5.3,cable
WO-0006041,AST-00908,Corrective,Medium,2024-07-01,2024-07-11,2024-07-02,Completed,4.3,power
WO-0000101,AST-00027,Preventive,Medium,2024-07-02,2024-07-12,2024-07-02,Completed,5.6,cable
WO-0002334,AST-00596,Preventive,Medium,2024-07-02,2024-07-12,2024-07-10,Completed,3.3,breaker
WO-0005396,AST-00005,Corrective,Medium,2024-07-02,2024-07-12,2024-07-03,Completed,6.3,power
WO-0005507,AST-00164,Corrective,Medium,2024-07-02,2024-07-12,2024-07-08,Completed,4.2,power
WO-0005596,AST-00281,Corrective,Medium,2024-07-02,2024-07-12,2024-07-05,Completed,5.5,power
WO-0005625,AST-00332,Corrective,Medium,2024-07-02,2024-07-12,2024-07-05,Completed,7.8,breaker
WO-0005644,AST-00376,Corrective,Medium,2024-07-02,2024-07-12,2024-07-06,Completed,8.8,power
WO-0005676,AST-00406,Corrective,Medium,2024-07-02,2024-07-12,2024-07-03,Completed,8.3,third_rail
WO-0005687,AST-00417,Corrective,Medium,2024-07-02,2024-07-12,2024-07-08,Completed,6.3,power
WO-0005718,AST-00513,Corrective,Medium,2024-07-02,2024-07-12,2024-07-02,Completed,2.8,power
WO-0005778,AST-00599,Corrective,High,2024-07-02,2024-07-07,2024-07-03,Completed,3.3,third_rail
WO-0005887,AST-00731,Corrective,High,2024-07-02,2024-07-07,2024-07-10,Completed,7.8,breaker
WO-0005915,AST-00770,Corrective,Medium,2024-07-02,2024-07-12,2024-07-03,Completed,7.3,cable
WO-0005934,AST-00793,Corrective,Medium,2024-07-02,2024-07-12,2024-07-02,Completed,7.7,breaker
WO-0005995,AST-00873,Corrective,Medium,2024-07-02,2024-07-12,2024-07-03,Completed,3.4,third_rail
WO-0006026,AST-00899,Corrective,Medium,2024-07-02,2024-07-12,2024-07-14,Completed,10.4,breaker
WO-0006029,AST-00902,Corrective,Medium,2024-07-02,2024-07-12,2024-07-05,Completed,9.4,breaker
WO-0000958,AST-00246,Preventive,Medium,2024-07-03,2024-07-13,2024-07-11,Completed,5.4,third_rail
WO-0001088,AST-00280,Preventive,Medium,2024-07-03,2024-07-13,2024-07-10,Completed,6.5,third_rail
WO-0001662,AST-00423,Preventive,Medium,2024-07-03,2024-07-13,2024-07-09,Completed,5.9,power
WO-0002089,AST-00537,Preventive,Medium,2024-07-03,2024-07-13,2024-07-05,Completed,6.2,cable
WO-0004332,AST-00235,Corrective,Critical,2024-07-03,2024-07-05,2024-07-03,Completed,6.8,third_rail
WO-0005548,AST-00206,Corrective,Medium,2024-07-03,2024-07-13,2024-07-05,Completed,4.3,breaker
WO-0005593,AST-00270,Corrective,High,2024-07-03,2024-07-08,2024-07-06,Completed,4.9,power
WO-0005753,AST-00560,Corrective,Medium,2024-07-03,2024-07-13,2024-07-09,Completed,3.8,cable
WO-0005842,AST-00672,Corrective,Medium,2024-07-03,2024-07-13,2024-07-06,Completed,4.7,cable
WO-0005930,AST-00785,Corrective,Medium,2024-07-03,2024-07-13,2024-07-04,Completed,8.4,third_rail
WO-0006061,AST-00939,Corrective,High,2024-07-03,2024-07-08,2024-07-08,Completed,7.5,third_rail
WO-0001029,AST-00264,Preventive,Medium,2024-07-04,2024-07-14,2024-07-07,Completed,6.9,power
WO-0001197,AST-00308,Preventive,Medium,2024-07-04,2024-07-14,2024-07-07,Completed,4.7,cable
WO-0001474,AST-00376,Preventive,Medium,2024-07-04,2024-07-14,2024-07-06,Completed,4.2,power
WO-0002290,AST-00587,Preventive,Medium,2024-07-04,2024-07-14,2024-07-06,Completed,5.3,power
WO-0004892,AST-00658,Corrective,Critical,2024-07-04,2024-07-06,2024-07-08,Completed,10.2,breaker
WO-0005730,AST-00535,Corrective,Medium,2024-07-04,2024-07-14,2024-07-15,Completed,4.2,power
WO-0005740,AST-00545,Corrective,Medium,2024-07-04,2024-07-14,2024-07-06,Completed,7.5,power
WO-0005768,AST-00579,Corrective,Medium,2024-07-04,2024-07-14,2024-07-08,Completed,5.9,third_rail
WO-0005808,AST-00625,Corrective,Medium,2024-07-04,2024-07-14,2024-07-06,Completed,6.2,third_rail
WO-0005925,AST-00782,Corrective,Medium,2024-07-04,2024-07-14,2024-07-05,Completed,5.0,third_rail
WO-0005968,AST-00837,Corrective,Medium,2024-07-04,2024-07-14,2024-07-04,Completed,5.8,third_rail
WO-0000143,AST-00038,Preventive,Medium,2024-07-05,2024-07-15,2024-07-12,Completed,4.2,cable
WO-0001957,AST-00503,Preventive,Medium,2024-07-05,2024-07-15,2024-07-08,Completed,5.3,third_rail
WO-0002523,AST-00645,Preventive,Medium,2024-07-05,2024-07-15,2024-07-06,Completed,4.8,cable
WO-0002595,AST-00662,Preventive,Medium,2024-07-05,2024-07-15,2024-07-07,Completed,6.1,third_rail
WO-0002836,AST-00721,Preventive,Medium,2024-07-05,2024-07-15,2024-07-06,Completed,5.6,cable
WO-0003814,AST-00961,Preventive,Medium,2024-07-05,2024-07-15,2024-07-08,Completed,4.2,cable
WO-0004802,AST-00583,Corrective,High,2024-07-05,2024-07-10,2024-07-06,Completed,3.8,power
WO-0001361,AST-00350,Preventive,Medium,2024-07-06,2024-07-16,2024-07-06,Completed,5.2,power
WO-0002039,AST-00524,Preventive,Medium,2024-07-06,2024-07-16,2024-07-08,Completed,5.8,cable
WO-0002130,AST-00547,Preventive,Medium,2024-07-06,2024-07-16,2024-07-12,Completed,5.3,breaker
WO-0002581,AST-00659,Preventive,Medium,2024-07-06,2024-07-16,2024-07-08,Completed,6.3,cable
WO-0002868,AST-00730,Preventive,Medium,2024-07-06,2024-07-16,2024-07-12,Completed,6.5,cable
WO-0004164,AST-00131,Corrective,Critical,2024-07-06,2024-07-08,2024-07-09,Completed,8.4,power
WO-0004355,AST-00249,Corrective,Medium,2024-07-06,2024-07-16,2024-07-08,Completed,6.1,breaker
WO-0000325,AST-00083,Preventive,Medium,2024-07-07,2024-07-17,2024-07-12,Completed,5.6,third_rail
WO-0000800,AST-00204,Preventive,Medium,2024-07-07,2024-07-17,2024-07-08,Completed,5.8,power
WO-0001056,AST-00271,Preventive,Medium,2024-07-07,2024-07-17,2024-07-10,Completed,4.6,power
WO-0003395,AST-00859,Preventive,Medium,2024-07-07,2024-07-17,2024-07-07,Completed,3.1,breaker
WO-0004714,AST-00517,Corrective,Medium,2024-07-07,2024-07-17,2024-07-08,Completed,8.8,breaker
WO-0000093,AST-00025,Preventive,Medium,2024-07-08,2024-07-18,2024-07-08,Completed,2.9,third_rail
WO-0000369,AST-00095,Preventive,Medium,2024-07-08,2024-07-18,2024-07-12,Completed,5.3,breaker
WO-0001665,AST-00424,Preventive,Medium,2024-07-08,2024-07-18,2024-07-14,Completed,6.6,power
WO-0004748,AST-00545,Corrective,High,2024-07-08,2024-07-13,2024-07-10,Completed,4.8,power
WO-0000152,AST-00040,Preventive,Medium,2024-07-09,2024-07-19,2024-07-13,Completed,6.4,cable
WO-0001266,AST-00325,Preventive,Medium,2024-07-09,2024-07-19,2024-07-10,Completed,5.6,third_rail
WO-0001577,AST-00403,Preventive,Medium,2024-07-09,2024-07-19,2024-07-16,Completed,7.1,third_rail
WO-0001975,AST-00508,Preventive,Medium,2024-07-09,2024-07-19,2024-07-11,Completed,3.3,third_rail
WO-0002443,AST-00625,Preventive,Medium,2024-07-09,2024-07-19,2024-07-09,Completed,5.2,third_rail
WO-0002460,AST-00629,Preventive,Medium,2024-07-09,2024-07-19,2024-07-13,Completed,5.8,cable
WO-0005389,AST-01000,Corrective,Medium,2024-07-09,2024-07-19,2024-07-16,Completed,7.2,breaker
WO-0000522,AST-00136,Preventive,Medium,2024-07-10,2024-07-20,2024-07-11,Completed,5.3,power
WO-0001568,AST-00401,Preventive,Medium,2024-07-10,2024-07-20,2024-07-15,Completed,5.5,breaker
WO-0001715,AST-00438,Preventive,Medium,2024-07-10,2024-07-20,2024-07-12,Completed,3.2,cable
WO-0001834,AST-00468,Preventive,Medium,2024-07-10,2024-07-20,2024-07-14,Completed,4.2,third_rail
WO-0003386,AST-00857,Preventive,Medium,2024-07-10,2024-07-20,2024-07-12,Completed,4.9,cable
WO-0003519,AST-00888,Preventive,Medium,2024-07-10,2024-07-20,2024-07-18,Completed,6.4,power
WO-0005155,AST-00836,Corrective,High,2024-07-10,2024-07-15,2024-07-11,Completed,5.8,cable
WO-0005164,AST-00840,Corrective,Critical,2024-07-10,2024-07-12,2024-07-13,Completed,6.7,cable
WO-0000936,AST-00240,Preventive,Medium,2024-07-11,2024-07-21,2024-07-14,Completed,6.1,power
WO-0001256,AST-00322,Preventive,Medium,2024-07-11,2024-07-21,2024-07-12,Completed,5.3,cable
WO-0001353,AST-00348,Preventive,Medium,2024-07-11,2024-07-21,2024-07-13,Completed,3.5,breaker
WO-0002495,AST-00637,Preventive,Medium,2024-07-11,2024-07-21,2024-07-14,Completed,3.8,cable
WO-0003440,AST-00869,Preventive,Medium,2024-07-11,2024-07-21,2024-07-20,Completed,5.7,power
WO-0004447,AST-00320,Corrective,High,2024-07-11,2024-07-16,2024-07-13,Completed,5.5,third_rail
WO-0000147,AST-00039,Preventive,Medium,2024-07-12,2024-07-22,2024-07-12,Completed,4.3,breaker
WO-0000824,AST-00210,Preventive,Medium,2024-07-12,2024-07-22,2024-07-13,Completed,4.6,cable
WO-0001434,AST-00367,Preventive,Medium,2024-07-12,2024-07-22,2024-07-12,Completed,3.9,third_rail
WO-0001529,AST-00392,Preventive,Medium,2024-07-12,2024-07-22,2024-07-15,Completed,5.2,power
WO-0002032,AST-00522,Preventive,Medium,2024-07-12,2024-07-22,2024-07-12,Completed,4.0,breaker
WO-0005364,AST-00981,Corrective,Medium,2024-07-12,2024-07-22,2024-07-14,Completed,4.1,third_rail
WO-0005373,AST-00988,Corrective,Critical,2024-07-12,2024-07-14,2024-07-16,Completed,9.2,power
WO-0005379,AST-00992,Corrective,Medium,2024-07-12,2024-07-22,2024-07-13,Completed,9.2,third_rail
WO-0000362,AST-00093,Preventive,Medium,2024-07-13,2024-07-23,2024-07-16,Completed,3.0,cable
WO-0001340,AST-00344,Preventive,Medium,2024-07-13,2024-07-23,2024-07-18,Completed,7.4,cable
WO-0001521,AST-00390,Preventive,Medium,2024-07-13,2024-07-23,2024-07-16,Completed,2.2,third_rail
WO-0002217,AST-00569,Preventive,Medium,2024-07-13,2024-07-23,2024-07-19,Completed,2.7,breaker
WO-0003503,AST-00884,Preventive,Medium,2024-07-13,2024-07-23,2024-07-13,Completed,5.4,cable
WO-0004212,AST-00156,Corrective,Critical,2024-07-13,2024-07-15,2024-07-14,Completed,6.4,cable
WO-0000738,AST-00189,Preventive,Medium,2024-07-14,2024-07-24,2024-07-19,Completed,6.2,cable
WO-0000836,AST-00214,Preventive,Medium,2024-07-14,2024-07-24,2024-07-17,Completed,5.9,third_rail
WO-0001900,AST-00487,Preventive,Medium,2024-07-14,2024-07-24,2024-07-15,Completed,5.3,cable
WO-0002943,AST-00749,Preventive,Medium,2024-07-14,2024-07-24,2024-07-15,Completed,4.6,third_rail
WO-0003846,AST-00968,Preventive,Medium,2024-07-14,2024-07-24,2024-07-22,Completed,6.2,power
WO-0000109,AST-00029,Preventive,Medium,2024-07-15,2024-07-25,2024-07-23,Completed,5.0,power
WO-0000617,AST-00159,Preventive,Medium,2024-07-15,2024-07-25,2024-07-16,Completed,7.7,cable
WO-0001045,AST-00268,Preventive,Medium,2024-07-15,2024-07-25,2024-07-16,Completed,7.1,power
WO-0001444,AST-00369,Preventive,Medium,2024-07-15,2024-07-25,2024-07-17,Completed,2.8,breaker
WO-0003045,AST-00775,Preventive,Medium,2024-07-15,2024-07-25,2024-07-15,Completed,5.3,power
WO-0003759,AST-00947,Preventive,Medium,2024-07-15,2024-07-25,2024-07-18,Completed,4.7,cable
WO-0005115,AST-00814,Corrective,Medium,2024-07-15,2024-07-25,2024-07-21,Completed,6.6,cable
WO-0005338,AST-00959,Corrective,Medium,2024-07-15,2024-07-25,2024-07-20,Completed,8.1,cable
WO-0002263,AST-00580,Preventive,Medium,2024-07-16,2024-07-26,2024-07-18,Completed,6.8,breaker
WO-0002643,AST-00674,Preventive,Medium,2024-07-16,2024-07-26,2024-07-16,Completed,4.3,cable
WO-0003668,AST-00923,Preventive,Medium,2024-07-16,2024-07-26,2024-07-16,Completed,5.9,cable
WO-0003849,AST-00969,Preventive,Medium,2024-07-16,2024-07-26,2024-07-28,Completed,3.4,cable
WO-0001463,AST-00374,Preventive,Medium,2024-07-17,2024-07-27,2024-07-29,Completed,4.2,breaker
WO-0002185,AST-00560,Preventive,Medium,2024-07-17,2024-07-27,2024-07-22,Completed,6.6,cable
WO-0002713,AST-00691,Preventive,Medium,2024-07-17,2024-07-27,2024-07-20,Completed,5.6,breaker
WO-0005077,AST-00785,Corrective,Medium,2024-07-17,2024-07-27,2024-07-21,Completed,7.5,third_rail
WO-0000159,AST-00042,Preventive,Medium,2024-07-18,2024-07-28,2024-07-18,Completed,4.1,third_rail
WO-0001526,AST-00391,Preventive,Medium,2024-07-18,2024-07-28,2024-07-22,Completed,2.9,cable
WO-0002080,AST-00535,Preventive,Medium,2024-07-18,2024-07-28,2024-07-23,Completed,7.6,power
WO-0002972,AST-00755,Preventive,Medium,2024-07-18,2024-07-28,2024-07-18,Completed,5.0,cable
WO-0005162,AST-00839,Corrective,Medium,2024-07-18,2024-07-28,2024-07-18,Completed,7.6,cable
WO-0001469,AST-00375,Preventive,Medium,2024-07-19,2024-07-29,2024-07-31,Completed,5.4,power
WO-0002590,AST-00661,Preventive,Medium,2024-07-19,2024-07-29,2024-07-23,Completed,5.5,breaker
WO-0003253,AST-00827,Preventive,Medium,2024-07-19,2024-07-29,2024-07-20,Completed,4.1,cable
WO-0003310,AST-00839,Preventive,Medium,2024-07-19,2024-07-29,2024-07-20,Completed,2.6,cable
WO-0004549,AST-00400,Corrective,Medium,2024-07-19,2024-07-29,2024-07-21,Completed,3.8,cable
WO-0004982,AST-00717,Corrective,High,2024-07-19,2024-07-24,2024-07-21,Completed,5.7,cable
WO-0000566,AST-00146,Preventive,Medium,2024-07-20,2024-07-30,2024-07-23,Completed,5.7,breaker
WO-0000779,AST-00199,Preventive,Medium,2024-07-20,2024-07-30,2024-07-21,Completed,4.7,breaker
WO-0002156,AST-00553,Preventive,Medium,2024-07-20,2024-07-30,2024-07-22,Completed,5.0,breaker
WO-0002724,AST-00694,Preventive,Medium,2024-07-20,2024-07-30,2024-07-22,Completed,5.8,breaker
WO-0003822,AST-00963,Preventive,Medium,2024-07-20,2024-07-30,2024-08-01,Completed,3.4,power
WO-0003869,AST-00974,Preventive,Medium,2024-07-20,2024-07-30,2024-07-22,Completed,3.2,third_rail
WO-0004218,AST-00160,Corrective,High,2024-07-20,2024-07-25,2024-07-27,Completed,8.8,third_rail
WO-0004678,AST-00495,Corrective,Critical,2024-07-20,2024-07-22,2024-07-24,Completed,7.8,third_rail
WO-0002322,AST-00594,Preventive,Medium,2024-07-21,2024-07-31,2024-07-22,Completed,5.2,cable
WO-0003297,AST-00836,Preventive,Medium,2024-07-21,2024-07-31,2024-07-22,Completed,4.5,cable
WO-0003750,AST-00944,Preventive,Medium,2024-07-21,2024-07-31,2024-07-26,Completed,5.9,cable
WO-0004568,AST-00412,Corrective,Medium,2024-07-21,2024-07-31,2024-07-28,Completed,5.3,cable
WO-0000036,AST-00011,Preventive,Medium,2024-07-22,2024-08-01,2024-07-23,Completed,6.3,breaker
WO-0000168,AST-00044,Preventive,Medium,2024-07-22,2024-08-01,2024-07-25,Completed,5.0,breaker
WO-0000268,AST-00070,Preventive,Medium,2024-07-22,2024-08-01,2024-07-22,Completed,3.6,cable
WO-0000553,AST-00143,Preventive,Medium,2024-07-22,2024-08-01,2024-07-22,Completed,3.4,third_rail
WO-0002075,AST-00534,Preventive,Medium,2024-07-22,2024-08-01,2024-07-23,Completed,3.9,cable
WO-0002902,AST-00739,Preventive,Medium,2024-07-22,2024-08-01,2024-07-24,Completed,4.1,breaker
WO-0003623,AST-00911,Preventive,Medium,2024-07-22,2024-08-01,2024-07-22,Completed,3.5,third_rail
WO-0005119,AST-00818,Corrective,Medium,2024-07-22,2024-08-01,2024-08-03,Completed,6.7,cable
WO-0001866,AST-00476,Preventive,Medium,2024-07-23,2024-08-02,2024-07-27,Completed,4.9,breaker
WO-0001942,AST-00499,Preventive,Medium,2024-07-23,2024-08-02,2024-07-26,Completed,6.8,breaker
WO-0002979,AST-00757,Preventive,Medium,2024-07-23,2024-08-02,2024-08-06,Completed,4.7,breaker
WO-0003216,AST-00819,Preventive,Medium,2024-07-23,2024-08-02,2024-07-26,Completed,9.0,cable
WO-0003353,AST-00850,Preventive,Medium,2024-07-23,2024-08-02,2024-07-30,Completed,4.3,third_rail
WO-0003578,AST-00901,Preventive,Medium,2024-07-23,2024-08-02,2024-07-23,Completed,1.5,cable
WO-0003683,AST-00927,Preventive,Medium,2024-07-23,2024-08-02,2024-07-26,Completed,5.7,power
WO-0004141,AST-00118,Corrective,High,2024-07-23,2024-07-28,2024-07-25,Completed,5.7,cable
WO-0004179,AST-00139,Corrective,High,2024-07-23,2024-07-28,2024-07-27,Completed,4.0,third_rail
WO-0004273,AST-00201,Corrective,Medium,2024-07-23,2024-08-02,2024-07-26,Completed,8.2,third_rail
WO-0001803,AST-00459,Preventive,Medium,2024-07-24,2024-08-03,2024-08-05,Completed,6.6,third_rail
WO-0002431,AST-00622,Preventive,Medium,2024-07-24,2024-08-03,2024-08-01,Completed,4.1,cable
WO-0003427,AST-00866,Preventive,Medium,2024-07-24,2024-08-03,2024-07-29,Completed,7.2,third_rail
WO-0004455,AST-00330,Corrective,Medium,2024-07-24,2024-08-03,2024-08-02,Completed,4.0,breaker
WO-0003176,AST-00809,Preventive,Medium,2024-07-25,2024-08-04,2024-07-26,Completed,5.8,cable
WO-0000723,AST-00185,Preventive,Medium,2024-07-26,2024-08-05,2024-07-29,Completed,5.7,third_rail
WO-0002296,AST-00588,Preventive,Medium,2024-07-26,2024-08-05,2024-07-27,Completed,4.6,breaker
WO-0004400,AST-00288,Corrective,Medium,2024-07-26,2024-08-05,2024-08-02,Completed,8.5,breaker
WO-0000078,AST-00022,Preventive,Medium,2024-07-27,2024-08-06,2024-07-29,Completed,4.8,breaker
WO-0000229,AST-00059,Preventive,Medium,2024-07-27,2024-08-06,2024-07-28,Completed,4.9,power
WO-0000417,AST-00108,Preventive,Medium,2024-07-27,2024-08-06,2024-07-29,Completed,3.6,breaker
WO-0001415,AST-00363,Preventive,Medium,2024-07-27,2024-08-06,2024-07-31,Completed,6.3,power
WO-0003139,AST-00800,Preventive,Medium,2024-07-27,2024-08-06,2024-07-31,Completed,5.7,cable
WO-0000006,AST-00002,Preventive,Medium,2024-07-28,2024-08-07,2024-07-28,Completed,4.7,cable
WO-0000072,AST-00021,Preventive,Medium,2024-07-28,2024-08-07,2024-07-29,Completed,6.3,third_rail
WO-0000333,AST-00085,Preventive,Medium,2024-07-28,2024-08-07,2024-07-28,Completed,7.3,power
WO-0000871,AST-00223,Preventive,Medium,2024-07-28,2024-08-07,2024-08-04,Completed,3.8,cable
WO-0000895,AST-00229,Preventive,Medium,2024-07-28,2024-08-07,2024-07-30,Completed,4.8,cable
WO-0000920,AST-00236,Preventive,Medium,2024-07-28,2024-08-07,2024-07-29,Completed,2.2,third_rail
WO-0000976,AST-00250,Preventive,Medium,2024-07-28,2024-08-07,2024-07-29,Completed,3.9,cable
WO-0002882,AST-00733,Preventive,Medium,2024-07-28,2024-08-07,2024-07-31,Completed,3.7,power
WO-0003626,AST-00912,Preventive,Medium,2024-07-28,2024-08-07,2024-08-09,Completed,4.8,third_rail
WO-0004766,AST-00558,Corrective,High,2024-07-28,2024-08-02,2024-07-30,Completed,7.5,cable
WO-0005239,AST-00885,Corrective,Medium,2024-07-28,2024-08-07,2024-08-04,Completed,4.1,breaker
WO-0000018,AST-00005,Preventive,Medium,2024-07-29,2024-08-08,2024-07-29,Completed,4.0,power
WO-0001386,AST-00357,Preventive,Medium,2024-07-29,2024-08-08,2024-08-08,Completed,3.4,third_rail
WO-0002489,AST-00636,Preventive,Medium,2024-07-29,2024-08-08,2024-08-01,Completed,5.5,power
WO-0003075,AST-00784,Preventive,Medium,2024-07-29,2024-08-08,2024-07-31,Completed,4.2,cable
WO-0003449,AST-00871,Preventive,Medium,2024-07-29,2024-08-08,2024-07-30,Completed,5.1,cable
WO-0003562,AST-00898,Preventive,Medium,2024-07-29,2024-08-08,2024-08-03,Completed,4.1,breaker
WO-0004646,AST-00465,Corrective,Medium,2024-07-29,2024-08-08,2024-08-02,Completed,6.3,cable
WO-0000763,AST-00195,Preventive,Medium,2024-07-30,2024-08-09,2024-07-31,Completed,5.1,power
WO-0001206,AST-00310,Preventive,Medium,2024-07-30,2024-08-09,2024-08-03,Completed,4.6,power
WO-0002363,AST-00604,Preventive,Medium,2024-07-30,2024-08-09,2024-08-01,Completed,7.1,cable
WO-0002738,AST-00697,Preventive,Medium,2024-07-30,2024-08-09,2024-08-03,Completed,3.9,cable
WO-0002899,AST-00738,Preventive,Medium,2024-07-30,2024-08-09,2024-07-30,Completed,4.6,breaker
WO-0003205,AST-00816,Preventive,Medium,2024-07-30,2024-08-09,2024-08-01,Completed,4.2,third_rail
WO-0003841,AST-00967,Preventive,Medium,2024-07-30,2024-08-09,2024-07-31,Completed,7.0,third_rail
WO-0003976,AST-01000,Preventive,Medium,2024-07-30,2024-08-09,2024-08-04,Completed,9.1,breaker
WO-0004399,AST-00287,Corrective,Medium,2024-07-30,2024-08-09,2024-08-01,Completed,6.4,power
WO-0000849,AST-00217,Preventive,Medium,2024-07-31,2024-08-10,2024-08-03,Completed,5.6,power
WO-0002029,AST-00521,Preventive,Medium,2024-07-31,2024-08-10,2024-08-02,Completed,6.0,third_rail
WO-0002161,AST-00554,Preventive,Medium,2024-07-31,2024-08-10,2024-08-05,Completed,6.9,third_rail
WO-0002816,AST-00717,Preventive,Medium,2024-07-31,2024-08-10,2024-08-03,Completed,5.6,cable
WO-0003715,AST-00935,Preventive,Medium,2024-07-31,2024-08-10,2024-08-02,Completed,6.2,third_rail
WO-0005305,AST-00934,Corrective,High,2024-07-31,2024-08-05,2024-08-02,Completed,6.6,third_rail
WO-0001421,AST-00364,Preventive,Medium,2024-08-01,2024-08-11,2024-08-02,Completed,4.9,power
WO-0001761,AST-00449,Preventive,Medium,2024-08-01,2024-08-11,2024-08-04,Completed,8.5,power
WO-0002757,AST-00702,Preventive,Medium,2024-08-01,2024-08-11,2024-08-02,Completed,3.2,breaker
WO-0003191,AST-00813,Preventive,Medium,2024-08-01,2024-08-11,2024-08-06,Completed,4.1,third_rail
WO-0003789,AST-00955,Preventive,Medium,2024-08-01,2024-08-11,2024-08-03,Completed,3.6,third_rail
WO-0004460,AST-00336,Corrective,High,2024-08-01,2024-08-06,2024-08-03,Completed,5.7,cable
WO-0005139,AST-00828,Corrective,High,2024-08-01,2024-08-06,2024-08-02,Completed,4.3,breaker
WO-0005201,AST-00862,Corrective,High,2024-08-01,2024-08-06,2024-08-05,Completed,5.0,cable
WO-0003107,AST-00792,Preventive,Medium,2024-08-02,2024-08-12,2024-08-04,Completed,6.2,cable
WO-0004177,AST-00138,Corrective,Medium,2024-08-02,2024-08-12,2024-08-03,Completed,3.9,cable
WO-0004638,AST-00461,Corrective,Critical,2024-08-02,2024-08-04,2024-08-08,Completed,8.9,cable
WO-0001025,AST-00263,Preventive,Medium,2024-08-03,2024-08-13,2024-08-12,Completed,3.7,breaker
WO-0002885,AST-00734,Preventive,Medium,2024-08-03,2024-08-13,2024-08-07,Completed,3.7,breaker
WO-0003853,AST-00970,Preventive,Medium,2024-08-03,2024-08-13,2024-08-15,Completed,2.2,breaker
WO-0004660,AST-00481,Corrective,Critical,2024-08-03,2024-08-05,2024-08-03,Completed,9.5,cable
WO-0004701,AST-00509,Corrective,Medium,2024-08-03,2024-08-13,2024-08-05,Completed,7.0,cable
WO-0004889,AST-00657,Corrective,High,2024-08-03,2024-08-08,2024-08-09,Completed,9.3,third_rail
WO-0005362,AST-00979,Corrective,High,2024-08-03,2024-08-08,2024-08-07,Completed,2.0,cable
WO-0000135,AST-00036,Preventive,Medium,2024-08-04,2024-08-14,2024-08-05,Completed,4.1,breaker
WO-0000462,AST-00120,Preventive,Medium,2024-08-04,2024-08-14,2024-08-16,Completed,5.5,cable
WO-0003415,AST-00863,Preventive,Medium,2024-08-04,2024-08-14,2024-08-06,Completed,1.5,third_rail
WO-0004832,AST-00607,Corrective,High,2024-08-04,2024-08-09,2024-08-12,Completed,3.6,third_rail
WO-0005198,AST-00860,Corrective,Medium,2024-08-04,2024-08-14,2024-08-07,Completed,5.0,cable
WO-0001485,AST-00379,Preventive,Medium,2024-08-05,2024-08-15,2024-08-06,Completed,5.0,breaker
WO-0001600,AST-00408,Preventive,Medium,2024-08-05,2024-08-15,2024-08-14,Completed,6.6,third_rail
WO-0003444,AST-00870,Preventive,Medium,2024-08-05,2024-08-15,2024-08-06,Completed,3.6,breaker
WO-0003615,AST-00909,Preventive,Medium,2024-08-05,2024-08-15,2024-08-16,Completed,4.7,breaker
WO-0003130,AST-00798,Preventive,Medium,2024-08-06,2024-08-16,2024-08-08,Completed,3.9,power
WO-0003500,AST-00883,Preventive,Medium,2024-08-06,2024-08-16,2024-08-09,Completed,3.8,third_rail
WO-0003663,AST-00922,Preventive,Medium,2024-08-06,2024-08-16,2024-08-08,Completed,2.2,third_rail
WO-0000243,AST-00064,Preventive,Medium,2024-08-07,2024-08-17,2024-08-10,Completed,4.8,third_rail
WO-0005104,AST-00807,Corrective,High,2024-08-07,2024-08-12,2024-08-08,Completed,4.2,cable
WO-0005324,AST-00943,Corrective,Medium,2024-08-07,2024-08-17,2024-08-11,Completed,2.0,power
WO-0000256,AST-00067,Preventive,Medium,2024-08-08,2024-08-18,2024-08-11,Completed,3.4,cable
WO-0000572,AST-00147,Preventive,Medium,2024-08-08,2024-08-18,2024-08-10,Completed,4.2,breaker
WO-0000718,AST-00184,Preventive,Medium,2024-08-08,2024-08-18,2024-08-12,Completed,4.0,breaker
WO-0001113,AST-00286,Preventive,Medium,2024-08-08,2024-08-18,2024-08-10,Completed,4.5,cable
WO-0001559,AST-00399,Preventive,Medium,2024-08-08,2024-08-18,2024-08-12,Completed,3.6,cable
WO-0001737,AST-00443,Preventive,Medium,2024-08-08,2024-08-18,2024-08-14,Completed,3.7,cable
WO-0001812,AST-00462,Preventive,Medium,2024-08-08,2024-08-18,2024-08-09,Completed,6.1,power
WO-0002669,AST-00680,Preventive,Medium,2024-08-08,2024-08-18,2024-08-08,Completed,6.7,breaker
WO-0003064,AST-00781,Preventive,Medium,2024-08-08,2024-08-18,2024-08-11,Completed,6.2,breaker
WO-0003637,AST-00915,Preventive,Medium,2024-08-08,2024-08-18,2024-08-11,Completed,4.7,third_rail
WO-0003866,AST-00973,Preventive,Medium,2024-08-08,2024-08-18,2024-08-13,Completed,5.6,power
WO-0004927,AST-00676,Corrective,High,2024-08-08,2024-08-13,2024-08-13,Completed,5.3,breaker
WO-0000122,AST-00032,Preventive,Medium,2024-08-09,2024-08-19,2024-08-14,Completed,5.6,third_rail
WO-0001637,AST-00418,Preventive,Medium,2024-08-09,2024-08-19,2024-08-14,Completed,4.1,third_rail
WO-0002150,AST-00552,Preventive,Medium,2024-08-09,2024-08-19,2024-08-11,Completed,7.8,power
WO-0002468,AST-00631,Preventive,Medium,2024-08-09,2024-08-19,2024-08-17,Completed,5.5,third_rail
WO-0003458,AST-00874,Preventive,Medium,2024-08-09,2024-08-19,2024-08-13,Completed,5.1,breaker
WO-0003479,AST-00879,Preventive,Medium,2024-08-09,2024-08-19,2024-08-16,Completed,4.6,cable
WO-0004247,AST-00179,Corrective,High,2024-08-09,2024-08-14,2024-08-13,Completed,9.2,third_rail
WO-0005326,AST-00948,Corrective,Medium,2024-08-09,2024-08-19,2024-08-16,Completed,6.8,third_rail
WO-0000884,AST-00226,Preventive,Medium,2024-08-10,2024-08-20,2024-08-13,Completed,4.5,third_rail
WO-0001065,AST-00274,Preventive,Medium,2024-08-10,2024-08-20,2024-08-12,Completed,4.7,cable
WO-0002648,AST-00675,Preventive,Medium,2024-08-10,2024-08-20,2024-08-12,Completed,4.5,cable
WO-0003647,AST-00918,Preventive,Medium,2024-08-10,2024-08-20,2024-08-16,Completed,8.6,power
WO-0004015,AST-00027,Corrective,High,2024-08-10,2024-08-15,2024-08-19,Completed,8.2,cable
WO-0000414,AST-00107,Preventive,Medium,2024-08-11,2024-08-21,2024-08-13,Completed,6.3,cable
WO-0000687,AST-00176,Preventive,Medium,2024-08-11,2024-08-21,2024-08-12,Completed,5.6,power
WO-0001657,AST-00422,Preventive,Medium,2024-08-11,2024-08-21,2024-08-12,Completed,3.4,power
WO-0001798,AST-00458,Preventive,Medium,2024-08-11,2024-08-21,2024-08-14,Completed,4.3,cable
WO-0002316,AST-00593,Preventive,Medium,2024-08-11,2024-08-21,2024-08-11,Completed,3.8,breaker
WO-0003144,AST-00801,Preventive,Medium,2024-08-11,2024-08-21,2024-08-12,Completed,5.3,cable
WO-0001751,AST-00446,Preventive,Medium,2024-08-12,2024-08-22,2024-08-16,Completed,2.8,cable
WO-0002879,AST-00732,Preventive,Medium,2024-08-12,2024-08-22,2024-08-18,Completed,4.7,power
WO-0004784,AST-00570,Corrective,Medium,2024-08-12,2024-08-22,2024-08-17,Completed,5.2,cable
WO-0004817,AST-00595,Corrective,High,2024-08-12,2024-08-17,2024-08-24,Completed,6.5,power
WO-0002654,AST-00677,Preventive,Medium,2024-08-13,2024-08-23,2024-08-20,Completed,4.8,third_rail
WO-0002717,AST-00692,Preventive,Medium,2024-08-13,2024-08-23,2024-08-16,Completed,5.6,third_rail
WO-0003040,AST-00774,Preventive,Medium,2024-08-13,2024-08-23,2024-08-14,Completed,4.7,third_rail
WO-0004657,AST-00477,Corrective,High,2024-08-13,2024-08-18,2024-08-14,Completed,3.5,cable
WO-0000297,AST-00076,Preventive,Medium,2024-08-14,2024-08-24,2024-08-18,Completed,6.6,breaker
WO-0001190,AST-00306,Preventive,Medium,2024-08-14,2024-08-24,2024-08-26,Completed,6.2,cable
WO-0002578,AST-00658,Preventive,Medium,2024-08-14,2024-08-24,2024-08-15,Completed,7.2,breaker
WO-0004187,AST-00142,Corrective,High,2024-08-14,2024-08-19,2024-08-17,Completed,7.1,cable
WO-0004562,AST-00409,Corrective,Medium,2024-08-14,2024-08-24,2024-08-20,Completed,8.0,power
WO-0004824,AST-00601,Corrective,Medium,2024-08-14,2024-08-24,2024-08-16,Completed,6.7,cable
WO-0000301,AST-00077,Preventive,Medium,2024-08-15,2024-08-25,2024-08-18,Completed,3.1,breaker
WO-0002234,AST-00573,Preventive,Medium,2024-08-15,2024-08-25,2024-08-16,Completed,4.0,cable
WO-0003756,AST-00946,Preventive,Medium,2024-08-15,2024-08-25,2024-08-15,Completed,4.4,breaker
WO-0004166,AST-00133,Corrective,Medium,2024-08-15,2024-08-25,2024-08-18,Completed,7.6,cable
WO-0000580,AST-00149,Preventive,Medium,2024-08-16,2024-08-26,2024-08-16,Completed,1.5,cable
WO-0001326,AST-00340,Preventive,Medium,2024-08-16,2024-08-26,2024-08-20,Completed,6.2,third_rail
WO-0004153,AST-00123,Corrective,High,2024-08-16,2024-08-21,2024-08-21,Completed,4.9,power
WO-0004465,AST-00339,Corrective,Medium,2024-08-16,2024-08-26,2024-08-20,Completed,2.4,power
WO-0004981,AST-00716,Corrective,Medium,2024-08-16,2024-08-26,2024-08-17,Completed,8.9,breaker
WO-0005294,AST-00924,Corrective,High,2024-08-16,2024-08-21,2024-08-16,Completed,7.8,cable
WO-0001808,AST-00461,Preventive,Medium,2024-08-17,2024-08-27,2024-08-17,Completed,4.3,cable
WO-0002771,AST-00705,Preventive,Medium,2024-08-17,2024-08-27,2024-08-18,Completed,3.5,breaker
WO-0004361,AST-00262,Corrective,Medium,2024-08-17,2024-08-27,2024-08-25,Completed,6.8,third_rail
WO-0000868,AST-00222,Preventive,Medium,2024-08-20,2024-08-30,2024-08-21,Completed,3.1,cable
WO-0001392,AST-00358,Preventive,Medium,2024-08-20,2024-08-30,2024-08-20,Completed,5.2,third_rail
WO-0002114,AST-00543,Preventive,Medium,2024-08-20,2024-08-30,2024-08-20,Completed,5.1,third_rail
WO-0002359,AST-00603,Preventive,Medium,2024-08-20,2024-08-30,2024-08-22,Completed,4.6,third_rail
WO-0004289,AST-00212,Corrective,High,2024-08-20,2024-08-25,2024-08-26,Completed,4.7,cable
WO-0000577,AST-00148,Preventive,Medium,2024-08-21,2024-08-31,2024-08-31,Completed,5.7,cable
WO-0000653,AST-00167,Preventive,Medium,2024-08-21,2024-08-31,2024-08-24,Completed,5.5,third_rail
WO-0000806,AST-00205,Preventive,Medium,2024-08-21,2024-08-31,2024-08-26,Completed,5.7,power
WO-0001686,AST-00430,Preventive,Medium,2024-08-21,2024-08-31,2024-08-22,Completed,4.4,third_rail
WO-0001843,AST-00470,Preventive,Medium,2024-08-21,2024-08-31,2024-08-25,Completed,5.9,cable
WO-0002502,AST-00639,Preventive,Medium,2024-08-21,2024-08-31,2024-08-26,Completed,5.2,third_rail
WO-0002663,AST-00679,Preventive,Medium,2024-08-21,2024-08-31,2024-08-24,Completed,5.7,power
WO-0003936,AST-00990,Preventive,Medium,2024-08-21,2024-08-31,2024-08-26,Completed,7.1,third_rail
WO-0004414,AST-00300,Corrective,Medium,2024-08-21,2024-08-31,2024-08-22,Completed,6.8,cable
WO-0004534,AST-00386,Corrective,Medium,2024-08-21,2024-08-31,2024-08-23,Completed,6.3,third_rail
WO-0004612,AST-00449,Corrective,Medium,2024-08-21,2024-08-31,2024-08-24,Completed,6.3,power
WO-0005023,AST-00744,Corrective,Medium,2024-08-21,2024-08-31,2024-08-24,Completed,8.3,power
WO-0001617,AST-00412,Preventive,Medium,2024-08-22,2024-09-01,2024-08-24,Completed,3.4,cable
WO-0001620,AST-00413,Preventive,Medium,2024-08-22,2024-09-01,2024-08-25,Completed,5.7,power
WO-0004008,AST-00021,Corrective,High,2024-08-22,2024-08-27,2024-08-23,Completed,6.4,third_rail
WO-0004610,AST-00449,Corrective,High,2024-08-22,2024-08-27,2024-08-23,Completed,5.3,power
WO-0005341,AST-00961,Corrective,Medium,2024-08-22,2024-09-01,2024-08-23,Completed,5.5,cable
WO-0000770,AST-00197,Preventive,Medium,2024-08-23,2024-09-02,2024-08-25,Completed,6.0,cable
WO-0001105,AST-00284,Preventive,Medium,2024-08-23,2024-09-02,2024-08-30,Completed,6.5,breaker
WO-0002372,AST-00606,Preventive,Medium,2024-08-23,2024-09-02,2024-08-26,Completed,5.2,third_rail
WO-0003491,AST-00881,Preventive,Medium,2024-08-23,2024-09-02,2024-08-26,Completed,6.7,cable
WO-0003773,AST-00951,Preventive,Medium,2024-08-23,2024-09-02,2024-08-31,Completed,5.0,cable
WO-0004780,AST-00567,Corrective,Medium,2024-08-23,2024-09-02,2024-08-28,Completed,5.1,third_rail
WO-0001059,AST-00272,Preventive,Medium,2024-08-25,2024-09-04,2024-09-02,Completed,4.4,power
WO-0001511,AST-00387,Preventive,Medium,2024-08-25,2024-09-04,2024-08-25,Completed,5.8,cable
WO-0002476,AST-00633,Preventive,Medium,2024-08-25,2024-09-04,2024-08-31,Completed,5.6,power
WO-0003081,AST-00785,Preventive,Medium,2024-08-25,2024-09-04,2024-08-27,Completed,5.3,third_rail
WO-0004376,AST-00268,Corrective,Medium,2024-08-25,2024-09-04,2024-08-27,Completed,4.4,power
WO-0004849,AST-00620,Corrective,Medium,2024-08-25,2024-09-04,2024-08-30,Completed,6.4,power
WO-0002133,AST-00548,Preventive,Medium,2024-08-26,2024-09-05,2024-08-26,Completed,4.9,power
WO-0002409,AST-00616,Preventive,Medium,2024-08-26,2024-09-05,2024-08-26,Completed,4.7,cable
WO-0002608,AST-00666,Preventive,Medium,2024-08-26,2024-09-05,2024-09-11,Completed,4.1,cable
WO-0003507,AST-00885,Preventive,Medium,2024-08-26,2024-09-05,2024-08-27,Completed,5.0,breaker
WO-0004630,AST-00458,Corrective,Medium,2024-08-26,2024-09-05,2024-08-27,Completed,7.0,cable
WO-0005069,AST-00780,Corrective,Critical,2024-08-26,2024-08-28,2024-08-30,Completed,8.2,third_rail
WO-0000232,AST-00060,Preventive,Medium,2024-08-27,2024-09-06,2024-09-02,Completed,5.3,power
WO-0001573,AST-00402,Preventive,Medium,2024-08-27,2024-09-06,2024-08-29,Completed,5.7,third_rail
WO-0003055,AST-00778,Preventive,Medium,2024-08-27,2024-09-06,2024-08-28,Completed,4.7,power
WO-0003777,AST-00952,Preventive,Medium,2024-08-27,2024-09-06,2024-09-08,Completed,2.8,breaker
WO-0004060,AST-00055,Corrective,High,2024-08-27,2024-09-01,2024-08-27,Completed,5.3,cable
WO-0005263,AST-00905,Corrective,Medium,2024-08-27,2024-09-06,2024-09-08,Completed,6.9,third_rail
WO-0005298,AST-00929,Corrective,High,2024-08-27,2024-09-01,2024-08-31,Completed,2.0,cable
WO-0001895,AST-00485,Preventive,Medium,2024-08-28,2024-09-07,2024-08-29,Completed,5.4,power
WO-0004830,AST-00606,Corrective,High,2024-08-28,2024-09-02,2024-08-29,Completed,7.2,third_rail
WO-0001073,AST-00276,Preventive,Medium,2024-08-29,2024-09-08,2024-09-02,Completed,6.7,breaker
WO-0002201,AST-00564,Preventive,Medium,2024-08-29,2024-09-08,2024-08-31,Completed,5.5,cable
WO-0003211,AST-00818,Preventive,Medium,2024-08-29,2024-09-08,2024-08-30,Completed,4.3,cable
WO-0000177,AST-00046,Preventive,Medium,2024-08-30,2024-09-09,2024-09-13,Completed,4.7,third_rail
WO-0000892,AST-00228,Preventive,Medium,2024-08-30,2024-09-09,2024-09-09,Completed,5.5,cable
WO-0001177,AST-00302,Preventive,Medium,2024-08-30,2024-09-09,2024-09-01,Completed,6.0,power
WO-0001651,AST-00421,Preventive,Medium,2024-08-30,2024-09-09,2024-09-05,Completed,3.2,cable
WO-0002173,AST-00557,Preventive,Medium,2024-08-30,2024-09-09,2024-09-03,Completed,5.6,breaker
WO-0002832,AST-00720,Preventive,Medium,2024-08-30,2024-09-09,2024-09-03,Completed,3.1,third_rail
WO-0003927,AST-00988,Preventive,Medium,2024-08-30,2024-09-09,2024-09-04,Completed,5.6,power
WO-0004147,AST-00120,Corrective,High,2024-08-30,2024-09-04,2024-09-07,Completed,5.3,cable
WO-0004236,AST-00170,Corrective,Critical,2024-08-30,2024-09-01,2024-08-30,Completed,6.7,third_rail
WO-0001934,AST-00497,Preventive,Medium,2024-08-31,2024-09-10,2024-09-04,Completed,5.0,cable
WO-0002822,AST-00718,Preventive,Medium,2024-08-31,2024-09-10,2024-09-07,Completed,3.7,power
WO-0003913,AST-00985,Preventive,Medium,2024-08-31,2024-09-10,2024-09-07,Completed,4.9,power
WO-0005332,AST-00954,Corrective,Medium,2024-08-31,2024-09-10,2024-09-01,Completed,6.1,power
WO-0002550,AST-00652,Preventive,Medium,2024-09-01,2024-09-11,2024-09-02,Completed,7.5,third_rail
WO-0002565,AST-00655,Preventive,Medium,2024-09-01,2024-09-11,2024-09-03,Completed,5.1,third_rail
WO-0003485,AST-00880,Preventive,Medium,2024-09-01,2024-09-11,2024-09-02,Completed,5.6,cable
WO-0005227,AST-00878,Corrective,Medium,2024-09-01,2024-09-11,2024-09-04,Completed,3.9,breaker
WO-0000516,AST-00135,Preventive,Medium,2024-09-02,2024-09-12,2024-09-03,Completed,6.1,cable
WO-0003376,AST-00855,Preventive,Medium,2024-09-02,2024-09-12,2024-09-06,Completed,2.4,breaker
WO-0003907,AST-00984,Preventive,Medium,2024-09-02,2024-09-12,2024-09-04,Completed,9.4,cable
WO-0004667,AST-00489,Corrective,High,2024-09-02,2024-09-07,2024-09-05,Completed,6.3,cable
WO-0004934,AST-00681,Corrective,High,2024-09-02,2024-09-07,2024-09-03,Completed,3.8,power
WO-0001154,AST-00296,Preventive,Medium,2024-09-03,2024-09-13,2024-09-05,Completed,6.4,third_rail
WO-0002328,AST-00595,Preventive,Medium,2024-09-03,2024-09-13,2024-09-07,Completed,5.7,power
WO-0002797,AST-00712,Preventive,Medium,2024-09-03,2024-09-13,2024-09-05,Completed,2.6,cable
WO-0003591,AST-00904,Preventive,Medium,2024-09-03,2024-09-13,2024-09-04,Completed,3.5,cable
WO-0003612,AST-00908,Preventive,Medium,2024-09-03,2024-09-13,2024-09-08,Completed,5.1,power
WO-0004004,AST-00017,Corrective,High,2024-09-03,2024-09-08,2024-09-10,Completed,5.4,cable
WO-0004016,AST-00028,Corrective,Medium,2024-09-03,2024-09-13,2024-09-12,Completed,6.0,power
WO-0004017,AST-00028,Corrective,Medium,2024-09-03,2024-09-13,2024-09-06,Completed,5.2,power
WO-0005068,AST-00775,Corrective,Medium,2024-09-03,2024-09-13,2024-09-05,Completed,6.9,power
WO-0000173,AST-00045,Preventive,Medium,2024-09-04,2024-09-14,2024-09-04,Completed,4.1,third_rail
WO-0002700,AST-00688,Preventive,Medium,2024-09-04,2024-09-14,2024-09-04,Completed,5.5,third_rail
WO-0002732,AST-00696,Preventive,Medium,2024-09-04,2024-09-14,2024-09-08,Completed,4.3,cable
WO-0003528,AST-00890,Preventive,Medium,2024-09-04,2024-09-14,2024-09-07,Completed,4.5,cable
WO-0004045,AST-00048,Corrective,Medium,2024-09-04,2024-09-14,2024-09-10,Completed,7.5,breaker
WO-0000385,AST-00099,Preventive,Medium,2024-09-05,2024-09-15,2024-09-10,Completed,5.2,power
WO-0000706,AST-00181,Preventive,Medium,2024-09-05,2024-09-15,2024-09-07,Completed,6.3,third_rail
WO-0001306,AST-00334,Preventive,Medium,2024-09-05,2024-09-15,2024-09-07,Completed,6.6,third_rail
WO-0001379,AST-00355,Preventive,Medium,2024-09-05,2024-09-15,2024-09-05,Completed,4.7,cable
WO-0003348,AST-00849,Preventive,Medium,2024-09-05,2024-09-15,2024-09-08,Completed,5.4,power
WO-0003671,AST-00924,Preventive,Medium,2024-09-05,2024-09-15,2024-09-15,Completed,3.9,cable
WO-0004468,AST-00342,Corrective,High,2024-09-05,2024-09-10,2024-09-13,Completed,8.8,third_rail
WO-0005318,AST-00939,Corrective,Critical,2024-09-05,2024-09-07,2024-09-06,Completed,11.6,third_rail
WO-0001062,AST-00273,Preventive,Medium,2024-09-06,2024-09-16,2024-09-13,Completed,6.5,power
WO-0002225,AST-00571,Preventive,Medium,2024-09-06,2024-09-16,2024-09-08,Completed,3.6,breaker
WO-0002439,AST-00624,Preventive,Medium,2024-09-06,2024-09-16,2024-09-13,Completed,4.3,cable
WO-0002540,AST-00650,Preventive,Medium,2024-09-06,2024-09-16,2024-09-13,Completed,7.5,power
WO-0003233,AST-00823,Preventive,Medium,2024-09-06,2024-09-16,2024-09-09,Completed,5.7,breaker
WO-0003291,AST-00835,Preventive,Medium,2024-09-06,2024-09-16,2024-09-08,Completed,6.7,cable
WO-0000817,AST-00208,Preventive,Medium,2024-09-07,2024-09-17,2024-09-09,Completed,5.4,cable
WO-0001223,AST-00314,Preventive,Medium,2024-09-07,2024-09-17,2024-09-09,Completed,6.0,breaker
WO-0003060,AST-00780,Preventive,Medium,2024-09-07,2024-09-17,2024-09-12,Completed,3.9,third_rail
WO-0004251,AST-00184,Corrective,Medium,2024-09-07,2024-09-17,2024-09-09,Completed,8.5,breaker
WO-0000284,AST-00073,Preventive,Medium,2024-09-08,2024-09-18,2024-09-12,Completed,4.6,third_rail
WO-0002207,AST-00566,Preventive,Medium,2024-09-08,2024-09-18,2024-09-10,Completed,6.3,cable
WO-0002544,AST-00651,Preventive,Medium,2024-09-08,2024-09-18,2024-09-19,Completed,6.3,cable
WO-0002674,AST-00681,Preventive,Medium,2024-09-08,2024-09-18,2024-09-08,Completed,4.5,power
WO-0003366,AST-00853,Preventive,Medium,2024-09-08,2024-09-18,2024-09-09,Completed,3.8,third_rail
WO-0003597,AST-00905,Preventive,Medium,2024-09-08,2024-09-18,2024-09-08,Completed,6.5,third_rail
WO-0000709,AST-00182,Preventive,Medium,2024-09-09,2024-09-19,2024-09-10,Completed,4.6,third_rail
WO-0001329,AST-00341,Preventive,Medium,2024-09-09,2024-09-19,2024-09-21,Completed,6.1,power
WO-0005289,AST-00922,Corrective,Medium,2024-09-09,2024-09-19,2024-09-10,Completed,9.1,third_rail
WO-0005372,AST-00987,Corrective,Medium,2024-09-09,2024-09-19,2024-09-15,Completed,9.4,breaker
WO-0000586,AST-00151,Preventive,Medium,2024-09-10,2024-09-20,2024-09-12,Completed,4.1,third_rail
WO-0002620,AST-00669,Preventive,Medium,2024-09-10,2024-09-20,2024-09-15,Completed,5.5,breaker
WO-0004114,AST-00101,Corrective,Medium,2024-09-10,2024-09-20,2024-09-10,Completed,6.7,third_rail
WO-0004256,AST-00191,Corrective,High,2024-09-10,2024-09-15,2024-09-11,Completed,6.9,third_rail
WO-0004607,AST-00448,Corrective,Medium,2024-09-10,2024-09-20,2024-09-13,Completed,5.8,cable
WO-0000218,AST-00056,Preventive,Medium,2024-09-11,2024-09-21,2024-09-15,Completed,4.0,third_rail
WO-0000811,AST-00206,Preventive,Medium,2024-09-11,2024-09-21,2024-09-15,Completed,7.0,breaker
WO-0001018,AST-00261,Preventive,Medium,2024-09-11,2024-09-21,2024-09-15,Completed,4.6,power
WO-0001778,AST-00453,Preventive,Medium,2024-09-11,2024-09-21,2024-09-13,Completed,7.6,cable
WO-0002248,AST-00576,Preventive,Medium,2024-09-11,2024-09-21,2024-09-11,Completed,4.4,cable
WO-0000053,AST-00016,Preventive,Medium,2024-09-12,2024-09-22,2024-09-16,Completed,6.7,breaker
WO-0000730,AST-00187,Preventive,Medium,2024-09-12,2024-09-22,2024-09-15,Completed,4.5,breaker
WO-0001514,AST-00388,Preventive,Medium,2024-09-12,2024-09-22,2024-09-13,Completed,5.2,third_rail
WO-0002137,AST-00549,Preventive,Medium,2024-09-12,2024-09-22,2024-09-14,Completed,3.7,third_rail
WO-0002998,AST-00763,Preventive,Medium,2024-09-12,2024-09-22,2024-09-12,Completed,7.1,power
WO-0004263,AST-00195,Corrective,High,2024-09-12,2024-09-17,2024-09-14,Completed,2.8,power
WO-0005021,AST-00743,Corrective,Medium,2024-09-12,2024-09-22,2024-09-17,Completed,3.9,third_rail
WO-0005363,AST-00981,Corrective,High,2024-09-12,2024-09-17,2024-09-25,Completed,6.1,third_rail
WO-0001372,AST-00353,Preventive,Medium,2024-09-13,2024-09-23,2024-09-24,Completed,4.3,cable
WO-0001583,AST-00404,Preventive,Medium,2024-09-13,2024-09-23,2024-09-14,Completed,6.0,power
WO-0003248,AST-00826,Preventive,Medium,2024-09-13,2024-09-23,2024-09-13,Completed,3.9,power
WO-0005335,AST-00956,Corrective,Medium,2024-09-13,2024-09-23,2024-09-14,Completed,9.7,third_rail
WO-0001605,AST-00409,Preventive,Medium,2024-09-14,2024-09-24,2024-09-17,Completed,4.0,power
WO-0002795,AST-00711,Preventive,Medium,2024-09-14,2024-09-24,2024-09-26,Completed,5.0,third_rail
WO-0003259,AST-00828,Preventive,Medium,2024-09-14,2024-09-24,2024-09-19,Completed,5.8,breaker
WO-0003382,AST-00856,Preventive,Medium,2024-09-14,2024-09-24,2024-09-15,Completed,5.3,cable
WO-0003608,AST-00907,Preventive,Medium,2024-09-14,2024-09-24,2024-09-17,Completed,6.1,cable
WO-0004027,AST-00035,Corrective,High,2024-09-14,2024-09-19,2024-09-18,Completed,7.2,cable
WO-0005076,AST-00785,Corrective,Medium,2024-09-14,2024-09-24,2024-09-15,Completed,7.4,third_rail
WO-0000125,AST-00033,Preventive,Medium,2024-09-15,2024-09-25,2024-09-18,Completed,2.2,breaker
WO-0001349,AST-00347,Preventive,Medium,2024-09-15,2024-09-25,2024-09-17,Completed,6.1,third_rail
WO-0004219,AST-00161,Corrective,Medium,2024-09-15,2024-09-25,2024-09-16,Completed,3.6,power
WO-0004445,AST-00320,Corrective,High,2024-09-15,2024-09-20,2024-09-18,Completed,6.4,third_rail
WO-0004989,AST-00720,Corrective,Medium,2024-09-15,2024-09-25,2024-09-19,Completed,8.6,third_rail
WO-0005209,AST-00867,Corrective,Critical,2024-09-15,2024-09-17,2024-09-17,Completed,8.2,third_rail
WO-0001315,AST-00337,Preventive,Medium,2024-09-16,2024-09-26,2024-09-16,Completed,5.3,power
WO-0002556,AST-00653,Preventive,Medium,2024-09-16,2024-09-26,2024-09-21,Completed,5.7,cable
WO-0003007,AST-00766,Preventive,Medium,2024-09-16,2024-09-26,2024-09-20,Completed,4.0,power
WO-0003272,AST-00831,Preventive,Medium,2024-09-16,2024-09-26,2024-09-23,Completed,8.3,cable
WO-0004629,AST-00458,Corrective,Medium,2024-09-16,2024-09-26,2024-09-25,Completed,3.9,cable
WO-0004634,AST-00459,Corrective,Medium,2024-09-16,2024-09-26,2024-09-25,Completed,7.8,third_rail
WO-0000528,AST-00137,Preventive,Medium,2024-09-17,2024-09-27,2024-09-24,Completed,1.6,third_rail
WO-0000789,AST-00201,Preventive,Medium,2024-09-17,2024-09-27,2024-09-18,Completed,8.0,third_rail
WO-0001285,AST-00329,Preventive,Medium,2024-09-17,2024-09-27,2024-09-21,Completed,3.9,cable
WO-0001312,AST-00336,Preventive,Medium,2024-09-17,2024-09-27,2024-09-23,Completed,3.4,cable
WO-0003029,AST-00771,Preventive,Medium,2024-09-17,2024-09-27,2024-09-21,Completed,5.9,breaker
WO-0003895,AST-00981,Preventive,Medium,2024-09-17,2024-09-27,2024-09-23,Completed,3.7,third_rail
WO-0004163,AST-00131,Corrective,Medium,2024-09-17,2024-09-27,2024-09-19,Completed,8.1,power
WO-0004290,AST-00212,Corrective,High,2024-09-17,2024-09-22,2024-09-20,Completed,3.5,cable
WO-0004536,AST-00388,Corrective,High,2024-09-17,2024-09-22,2024-09-18,Completed,6.5,third_rail
WO-0000532,AST-00138,Preventive,Medium,2024-09-18,2024-09-28,2024-09-25,Completed,5.1,cable
WO-0001824,AST-00465,Preventive,Medium,2024-09-18,2024-09-28,2024-09-24,Completed,6.4,cable
WO-0002851,AST-00726,Preventive,Medium,2024-09-18,2024-09-28,2024-09-18,Completed,5.6,power
WO-0004103,AST-00093,Corrective,Medium,2024-09-18,2024-09-28,2024-09-21,Completed,6.0,cable
WO-0004342,AST-00240,Corrective,Medium,2024-09-18,2024-09-28,2024-09-19,Completed,7.5,power
WO-0000225,AST-00058,Preventive,Medium,2024-09-19,2024-09-29,2024-09-23,Completed,5.5,cable
WO-0001806,AST-00460,Preventive,Medium,2024-09-19,2024-09-29,2024-09-21,Completed,5.9,cable
WO-0002845,AST-00723,Preventive,Medium,2024-09-19,2024-09-29,2024-09-21,Completed,6.0,power
WO-0004093,AST-00081,Corrective,High,2024-09-19,2024-09-24,2024-09-23,Completed,3.1,cable
WO-0000679,AST-00174,Preventive,Medium,2024-09-20,2024-09-30,2024-09-24,Completed,4.5,third_rail
WO-0000899,AST-00230,Preventive,Medium,2024-09-20,2024-09-30,2024-09-26,Completed,5.3,power
WO-0001704,AST-00435,Preventive,Medium,2024-09-20,2024-09-30,2024-09-22,Completed,4.6,power
WO-0002123,AST-00545,Preventive,Medium,2024-09-20,2024-09-30,2024-09-20,Completed,2.5,power
WO-0002230,AST-00572,Preventive,Medium,2024-09-20,2024-09-30,2024-09-21,Completed,5.2,third_rail
WO-0004703,AST-00509,Corrective,Medium,2024-09-20,2024-09-30,2024-09-22,Completed,6.6,cable
WO-0000481,AST-00124,Preventive,Medium,2024-09-21,2024-10-01,2024-09-24,Completed,3.5,cable
WO-0000635,AST-00163,Preventive,Medium,2024-09-21,2024-10-01,2024-09-26,Completed,3.0,breaker
WO-0001116,AST-00287,Preventive,Medium,2024-09-21,2024-10-01,2024-09-25,Completed,6.4,power
WO-0002464,AST-00630,Preventive,Medium,2024-09-21,2024-10-01,2024-09-25,Completed,3.7,third_rail
WO-0003957,AST-00995,Preventive,Medium,2024-09-21,2024-10-01,2024-09-26,Completed,3.9,third_rail
WO-0004957,AST-00697,Corrective,Medium,2024-09-21,2024-10-01,2024-09-23,Completed,7.0,cable
WO-0000274,AST-00071,Preventive,Medium,2024-09-22,2024-10-02,2024-10-01,Completed,6.6,breaker
WO-0000614,AST-00158,Preventive,Medium,2024-09-22,2024-10-02,2024-09-25,Completed,7.3,cable
WO-0000657,AST-00168,Preventive,Medium,2024-09-22,2024-10-02,2024-09-25,Completed,5.1,third_rail
WO-0001343,AST-00345,Preventive,Medium,2024-09-22,2024-10-02,2024-09-22,Completed,5.1,third_rail
WO-0002472,AST-00632,Preventive,Medium,2024-09-22,2024-10-02,2024-09-28,Completed,2.7,third_rail
WO-0002754,AST-00701,Preventive,Medium,2024-09-22,2024-10-02,2024-09-23,Completed,5.4,breaker
WO-0004237,AST-00171,Corrective,Critical,2024-09-22,2024-09-24,2024-09-25,Completed,7.0,breaker
WO-0000240,AST-00063,Preventive,Medium,2024-09-23,2024-10-03,2024-09-28,Completed,6.2,cable
WO-0001337,AST-00343,Preventive,Medium,2024-09-23,2024-10-03,2024-09-28,Completed,1.5,third_rail
WO-0001382,AST-00356,Preventive,Medium,2024-09-23,2024-10-03,2024-09-24,Completed,4.5,cable
WO-0002449,AST-00626,Preventive,Medium,2024-09-23,2024-10-03,2024-09-28,Completed,6.4,cable
WO-0003603,AST-00906,Preventive,Medium,2024-09-23,2024-10-03,2024-09-27,Completed,5.8,cable
WO-0003692,AST-00929,Preventive,Medium,2024-09-23,2024-10-03,2024-09-24,Completed,6.2,cable
WO-0000098,AST-00026,Preventive,Medium,2024-09-24,2024-10-04,2024-09-30,Completed,4.9,breaker
WO-0005356,AST-00974,Corrective,Medium,2024-09-24,2024-10-04,2024-09-29,Completed,5.5,third_rail
WO-0001015,AST-00260,Preventive,Medium,2024-09-25,2024-10-05,2024-09-29,Completed,2.9,cable
WO-0001477,AST-00377,Preventive,Medium,2024-09-25,2024-10-05,2024-09-27,Completed,3.2,third_rail
WO-0001773,AST-00452,Preventive,Medium,2024-09-25,2024-10-05,2024-09-29,Completed,5.7,third_rail
WO-0001906,AST-00489,Preventive,Medium,2024-09-25,2024-10-05,2024-09-28,Completed,5.2,cable
WO-0002406,AST-00615,Preventive,Medium,2024-09-25,2024-10-05,2024-10-02,Completed,5.0,breaker
WO-0000703,AST-00180,Preventive,Medium,2024-09-26,2024-10-06,2024-09-30,Completed,5.7,cable
WO-0002412,AST-00617,Preventive,Medium,2024-09-26,2024-10-06,2024-09-28,Completed,6.7,cable
WO-0004947,AST-00692,Corrective,Medium,2024-09-26,2024-10-06,2024-10-01,Completed,4.1,third_rail
WO-0001672,AST-00426,Preventive,Medium,2024-09-27,2024-10-07,2024-09-28,Completed,4.3,third_rail
WO-0003100,AST-00790,Preventive,Medium,2024-09-27,2024-10-07,2024-09-28,Completed,4.4,cable
WO-0003452,AST-00872,Preventive,Medium,2024-09-27,2024-10-07,2024-09-30,Completed,3.3,power
WO-0003643,AST-00917,Preventive,Medium,2024-09-27,2024-10-07,2024-10-02,Completed,5.3,power
WO-0000348,AST-00089,Preventive,Medium,2024-09-28,2024-10-08,2024-09-29,Completed,5.3,power
WO-0000671,AST-00171,Preventive,Medium,2024-09-28,2024-10-08,2024-09-28,Completed,4.4,breaker
WO-0001003,AST-00257,Preventive,Medium,2024-09-28,2024-10-08,2024-09-28,Completed,4.3,third_rail
WO-0002761,AST-00703,Preventive,Medium,2024-09-28,2024-10-08,2024-09-28,Completed,4.7,power
WO-0002968,AST-00754,Preventive,Medium,2024-09-28,2024-10-08,2024-09-29,Completed,3.7,cable
WO-0003401,AST-00860,Preventive,Medium,2024-09-28,2024-10-08,2024-10-02,Completed,7.8,cable
WO-0004545,AST-00394,Corrective,Medium,2024-09-28,2024-10-08,2024-10-03,Completed,7.8,cable
WO-0005169,AST-00842,Corrective,High,2024-09-28,2024-10-03,2024-10-02,Completed,7.6,third_rail
WO-0005445,AST-00097,Corrective,High,2024-09-28,2024-10-03,2024-09-30,Completed,2.0,breaker
WO-0005482,AST-00143,Corrective,Medium,2024-09-28,2024-10-08,2024-09-28,Completed,2.5,third_rail
WO-0005572,AST-00240,Corrective,Medium,2024-09-28,2024-10-08,2024-09-28,Completed,7.3,power
WO-0005630,AST-00344,Corrective,Medium,2024-09-28,2024-10-08,2024-09-30,Completed,5.1,cable
WO-0005690,AST-00429,Corrective,Medium,2024-09-28,2024-10-08,2024-10-05,Completed,5.5,power
WO-0005792,AST-00617,Corrective,Medium,2024-09-28,2024-10-08,2024-09-29,Completed,4.0,cable
WO-0005822,AST-00649,Corrective,Medium,2024-09-28,2024-10-08,2024-10-10,Completed,5.5,cable
WO-0005828,AST-00653,Corrective,Medium,2024-09-28,2024-10-08,2024-09-30,Completed,6.4,cable
WO-0005874,AST-00710,Corrective,Medium,2024-09-28,2024-10-08,2024-09-30,Completed,3.5,cable
WO-0006006,AST-00880,Corrective,High,2024-09-28,2024-10-03,2024-10-06,Completed,6.4,cable
WO-0006030,AST-00902,Corrective,Medium,2024-09-28,2024-10-08,2024-10-10,Completed,4.9,breaker
WO-0006090,AST-00984,Corrective,Medium,2024-09-28,2024-10-08,2024-10-03,Completed,6.1,cable
WO-0001890,AST-00483,Preventive,Medium,2024-09-29,2024-10-09,2024-10-01,Completed,3.8,cable
WO-0002191,AST-00561,Preventive,Medium,2024-09-29,2024-10-09,2024-09-30,Completed,3.3,power
WO-0002678,AST-00682,Preventive,Medium,2024-09-29,2024-10-09,2024-09-30,Completed,3.7,breaker
WO-0002963,AST-00753,Preventive,Medium,2024-09-29,2024-10-09,2024-09-30,Completed,1.7,breaker
WO-0003965,AST-00997,Preventive,Medium,2024-09-29,2024-10-09,2024-09-30,Completed,3.1,cable
WO-0004843,AST-00616,Corrective,High,2024-09-29,2024-10-04,2024-10-05,Completed,8.4,cable
WO-0005281,AST-00918,Corrective,High,2024-09-29,2024-10-04,2024-10-07,Completed,8.2,power
WO-0005471,AST-00131,Corrective,Medium,2024-09-29,2024-10-09,2024-10-01,Completed,8.9,power
WO-0005612,AST-00296,Corrective,Medium,2024-09-29,2024-10-09,2024-10-09,Completed,9.5,third_rail
WO-0005703,AST-00471,Corrective,Medium,2024-09-29,2024-10-09,2024-10-02,Completed,10.1,cable
WO-0005750,AST-00557,Corrective,Medium,2024-09-29,2024-10-09,2024-10-01,Completed,2.1,breaker
WO-0005803,AST-00624,Corrective,Medium,2024-09-29,2024-10-09,2024-10-06,Completed,6.6,cable
WO-0005846,AST-00675,Corrective,Medium,2024-09-29,2024-10-09,2024-10-02,Completed,7.4,cable
WO-0005868,AST-00707,Corrective,Medium,2024-09-29,2024-10-09,2024-10-05,Completed,5.5,third_rail
WO-0005969,AST-00837,Corrective,Medium,2024-09-29,2024-10-09,2024-09-29,Completed,6.5,third_rail
WO-0005990,AST-00869,Corrective,Medium,2024-09-29,2024-10-09,2024-10-01,Completed,5.0,power
WO-0006048,AST-00919,Corrective,Medium,2024-09-29,2024-10-09,2024-10-01,Completed,5.1,breaker
WO-0000163,AST-00043,Preventive,Medium,2024-09-30,2024-10-10,2024-10-02,Completed,5.5,cable
WO-0000208,AST-00053,Preventive,Medium,2024-09-30,2024-10-10,2024-09-30,Completed,4.2,third_rail
WO-0000700,AST-00179,Preventive,Medium,2024-09-30,2024-10-10,2024-10-02,Completed,5.0,third_rail
WO-0001679,AST-00428,Preventive,Medium,2024-09-30,2024-10-10,2024-09-30,Completed,4.5,third_rail
WO-0005465,AST-00117,Corrective,High,2024-09-30,2024-10-05,2024-10-05,Completed,6.2,third_rail
WO-0005699,AST-00449,Corrective,Medium,2024-09-30,2024-10-10,2024-10-05,Completed,5.1,power
WO-0005835,AST-00668,Corrective,Medium,2024-09-30,2024-10-10,2024-10-08,Completed,7.3,third_rail
WO-0005916,AST-00770,Corrective,High,2024-09-30,2024-10-05,2024-09-30,Completed,2.1,cable
WO-0001125,AST-00289,Preventive,Medium,2024-10-01,2024-10-11,2024-10-06,Completed,3.4,cable
WO-0002008,AST-00516,Preventive,Medium,2024-10-01,2024-10-11,2024-10-06,Completed,4.2,power
WO-0002180,AST-00559,Preventive,Medium,2024-10-01,2024-10-11,2024-10-03,Completed,7.2,cable
WO-0003633,AST-00914,Preventive,Medium,2024-10-01,2024-10-11,2024-10-13,Completed,2.7,third_rail
WO-0004117,AST-00103,Corrective,Medium,2024-10-01,2024-10-11,2024-10-03,Completed,2.9,breaker
WO-0005514,AST-00166,Corrective,Medium,2024-10-01,2024-10-11,2024-10-03,Completed,7.5,breaker
WO-0005568,AST-00231,Corrective,Medium,2024-10-01,2024-10-11,2024-10-01,Completed,5.7,power
WO-0005640,AST-00353,Corrective,Medium,2024-10-01,2024-10-11,2024-10-07,Completed,7.8,cable
WO-0005883,AST-00721,Corrective,Medium,2024-10-01,2024-10-11,2024-10-02,Completed,8.4,cable
WO-0005939,AST-00797,Corrective,Medium,2024-10-01,2024-10-11,2024-10-03,Completed,4.7,power
WO-0001053,AST-00270,Preventive,Medium,2024-10-02,2024-10-12,2024-10-04,Completed,3.7,power
WO-0002828,AST-00719,Preventive,Medium,2024-10-02,2024-10-12,2024-10-05,Completed,3.0,cable
WO-0004007,AST-00020,Corrective,Medium,2024-10-02,2024-10-12,2024-10-11,Completed,8.4,cable
WO-0004707,AST-00513,Corrective,High,2024-10-02,2024-10-07,2024-10-07,Completed,5.6,power
WO-0005424,AST-00068,Corrective,High,2024-10-02,2024-10-07,2024-10-05,Completed,5.9,breaker
WO-0005486,AST-00148,Corrective,Medium,2024-10-02,2024-10-12,2024-10-08,Completed,6.8,cable
WO-0005549,AST-00208,Corrective,Medium,2024-10-02,2024-10-12,2024-10-07,Completed,2.0,cable
WO-0005586,AST-00260,Corrective,High,2024-10-02,2024-10-07,2024-10-06,Completed,5.5,cable
WO-0005600,AST-00284,Corrective,Medium,2024-10-02,2024-10-12,2024-10-02,Completed,5.3,breaker
WO-0005662,AST-00388,Corrective,Medium,2024-10-02,2024-10-12,2024-10-02,Completed,5.6,third_rail
WO-0005727,AST-00533,Corrective,Medium,2024-10-02,2024-10-12,2024-10-03,Completed,4.5,breaker
WO-0005732,AST-00536,Corrective,High,2024-10-02,2024-10-07,2024-10-06,Completed,4.5,breaker
WO-0005774,AST-00589,Corrective,Medium,2024-10-02,2024-10-12,2024-10-07,Completed,6.6,breaker
WO-0005788,AST-00611,Corrective,Medium,2024-10-02,2024-10-12,2024-10-04,Completed,6.3,cable
WO-0005810,AST-00627,Corrective,High,2024-10-02,2024-10-07,2024-10-05,Completed,6.2,third_rail
WO-0005910,AST-00757,Corrective,High,2024-10-02,2024-10-07,2024-10-04,Completed,3.5,breaker
WO-0005962,AST-00818,Corrective,Medium,2024-10-02,2024-10-12,2024-10-04,Completed,6.4,cable
WO-0005992,AST-00872,Corrective,Medium,2024-10-02,2024-10-12,2024-10-06,Completed,5.1,power
WO-0006037,AST-00906,Corrective,High,2024-10-02,2024-10-07,2024-10-08,Completed,8.5,cable
WO-0000433,AST-00112,Preventive,Medium,2024-10-03,2024-10-13,2024-10-04,Completed,4.0,breaker
WO-0000964,AST-00247,Preventive,Medium,2024-10-03,2024-10-13,2024-10-04,Completed,3.6,cable
WO-0001237,AST-00317,Preventive,Medium,2024-10-03,2024-10-13,2024-10-03,Completed,7.4,breaker
WO-0001346,AST-00346,Preventive,Medium,2024-10-03,2024-10-13,2024-10-14,Completed,5.0,third_rail
WO-0001721,AST-00439,Preventive,Medium,2024-10-03,2024-10-13,2024-10-08,Completed,1.6,cable
WO-0003734,AST-00940,Preventive,Medium,2024-10-03,2024-10-13,2024-10-10,Completed,4.5,power
WO-0003795,AST-00956,Preventive,Medium,2024-10-03,2024-10-13,2024-10-05,Completed,6.5,third_rail
WO-0004130,AST-00113,Corrective,High,2024-10-03,2024-10-08,2024-10-03,Completed,8.4,breaker
WO-0004690,AST-00503,Corrective,Critical,2024-10-03,2024-10-05,2024-10-07,Completed,7.0,third_rail
WO-0004855,AST-00624,Corrective,High,2024-10-03,2024-10-08,2024-10-03,Completed,5.6,cable
WO-0000544,AST-00141,Preventive,Medium,2024-10-04,2024-10-14,2024-10-09,Completed,4.8,cable
WO-0001303,AST-00333,Preventive,Medium,2024-10-04,2024-10-14,2024-10-06,Completed,5.5,cable
WO-0002313,AST-00592,Preventive,Medium,2024-10-04,2024-10-14,2024-10-08,Completed,5.2,cable
WO-0003862,AST-00972,Preventive,Medium,2024-10-04,2024-10-14,2024-10-11,Completed,7.0,power
WO-0003899,AST-00982,Preventive,Medium,2024-10-04,2024-10-14,2024-10-11,Completed,4.7,third_rail
WO-0004009,AST-00022,Corrective,Medium,2024-10-04,2024-10-14,2024-10-10,Completed,8.8,breaker
WO-0004421,AST-00305,Corrective,Medium,2024-10-04,2024-10-14,2024-10-05,Completed,6.5,third_rail
WO-0004578,AST-00423,Corrective,Medium,2024-10-04,2024-10-14,2024-10-05,Completed,7.8,power
WO-0005188,AST-00852,Corrective,Medium,2024-10-04,2024-10-14,2024-10-04,Completed,6.4,breaker
WO-0000293,AST-00075,Preventive,Medium,2024-10-05,2024-10-15,2024-10-06,Completed,4.2,power
WO-0000339,AST-00086,Preventive,Medium,2024-10-05,2024-10-15,2024-10-06,Completed,4.1,power
WO-0001272,AST-00326,Preventive,Medium,2024-10-05,2024-10-15,2024-10-10,Completed,7.0,cable
WO-0002728,AST-00695,Preventive,Medium,2024-10-05,2024-10-15,2024-10-07,Completed,3.7,third_rail
WO-0003163,AST-00806,Preventive,Medium,2024-10-05,2024-10-15,2024-10-09,Completed,8.1,power
WO-0003239,AST-00824,Preventive,Medium,2024-10-05,2024-10-15,2024-10-08,Completed,3.8,cable
WO-0003961,AST-00996,Preventive,Medium,2024-10-05,2024-10-15,2024-10-11,Completed,6.6,cable
WO-0004966,AST-00705,Corrective,High,2024-10-05,2024-10-10,2024-10-06,Completed,7.1,breaker
WO-0000366,AST-00094,Preventive,Medium,2024-10-06,2024-10-16,2024-10-06,Completed,2.5,breaker
WO-0004542,AST-00393,Corrective,Medium,2024-10-06,2024-10-16,2024-10-08,Completed,6.9,cable
WO-0005116,AST-00814,Corrective,High,2024-10-06,2024-10-11,2024-10-08,Completed,2.0,cable
WO-0005137,AST-00827,Corrective,Medium,2024-10-06,2024-10-16,2024-10-08,Completed,6.8,cable
WO-0005387,AST-00999,Corrective,Medium,2024-10-06,2024-10-16,2024-10-18,Completed,9.8,third_rail
WO-0003390,AST-00858,Preventive,Medium,2024-10-07,2024-10-17,2024-10-08,Completed,4.8,third_rail
WO-0003747,AST-00943,Preventive,Medium,2024-10-07,2024-10-17,2024-10-08,Completed,6.0,power
WO-0003807,AST-00959,Preventive,Medium,2024-10-07,2024-10-17,2024-10-10,Completed,6.2,cable
WO-0004467,AST-00342,Corrective,Medium,2024-10-07,2024-10-17,2024-10-08,Completed,5.3,third_rail
WO-0005277,AST-00917,Corrective,High,2024-10-07,2024-10-12,2024-10-09,Completed,6.1,power
WO-0001542,AST-00395,Preventive,Medium,2024-10-08,2024-10-18,2024-10-21,Completed,3.5,power
WO-0002722,AST-00693,Preventive,Medium,2024-10-08,2024-10-18,2024-10-12,Completed,2.6,breaker
WO-0000061,AST-00018,Preventive,Medium,2024-10-09,2024-10-19,2024-10-11,Completed,4.8,power
WO-0001410,AST-00362,Preventive,Medium,2024-10-09,2024-10-19,2024-10-11,Completed,7.0,power
WO-0002084,AST-00536,Preventive,Medium,2024-10-09,2024-10-19,2024-10-11,Completed,6.2,breaker
WO-0002691,AST-00685,Preventive,Medium,2024-10-09,2024-10-19,2024-10-12,Completed,5.5,cable
WO-0004880,AST-00652,Corrective,High,2024-10-09,2024-10-14,2024-10-13,Completed,7.6,third_rail
WO-0004911,AST-00671,Corrective,High,2024-10-09,2024-10-14,2024-10-14,Completed,3.5,power
WO-0002812,AST-00716,Preventive,Medium,2024-10-10,2024-10-20,2024-10-11,Completed,5.1,breaker
WO-0002953,AST-00751,Preventive,Medium,2024-10-10,2024-10-20,2024-10-10,Completed,4.7,breaker
WO-0003020,AST-00769,Preventive,Medium,2024-10-10,2024-10-20,2024-10-19,Completed,4.5,power
WO-0003558,AST-00897,Preventive,Medium,2024-10-10,2024-10-20,2024-10-14,Completed,4.5,breaker
WO-0004269,AST-00201,Corrective,High,2024-10-10,2024-10-15,2024-10-11,Completed,4.3,third_rail
WO-0004466,AST-00341,Corrective,High,2024-10-10,2024-10-15,2024-10-16,Completed,5.2,power
WO-0004929,AST-00677,Corrective,Medium,2024-10-10,2024-10-20,2024-10-15,Completed,4.3,third_rail
WO-0000548,AST-00142,Preventive,Medium,2024-10-11,2024-10-21,2024-10-14,Completed,3.6,cable
WO-0003090,AST-00787,Preventive,Medium,2024-10-11,2024-10-21,2024-10-17,Completed,5.9,third_rail
WO-0004401,AST-00289,Corrective,Medium,2024-10-11,2024-10-21,2024-10-14,Completed,6.8,cable
WO-0005130,AST-00825,Corrective,High,2024-10-11,2024-10-16,2024-10-12,Completed,5.0,third_rail
WO-0001537,AST-00394,Preventive,Medium,2024-10-12,2024-10-22,2024-10-13,Completed,4.1,cable
WO-0001858,AST-00474,Preventive,Medium,2024-10-12,2024-10-22,2024-10-12,Completed,4.3,power
WO-0002120,AST-00544,Preventive,Medium,2024-10-12,2024-10-22,2024-10-14,Completed,1.5,third_rail
WO-0003887,AST-00979,Preventive,Medium,2024-10-12,2024-10-22,2024-10-14,Completed,6.9,cable
WO-0004288,AST-00212,Corrective,Medium,2024-10-12,2024-10-22,2024-10-15,Completed,8.4,cable
WO-0005103,AST-00806,Corrective,Medium,2024-10-12,2024-10-22,2024-10-18,Completed,4.8,power
WO-0000309,AST-00079,Preventive,Medium,2024-10-13,2024-10-23,2024-10-19,Completed,6.4,cable
WO-0001109,AST-00285,Preventive,Medium,2024-10-13,2024-10-23,2024-10-22,Completed,4.3,cable
WO-0002934,AST-00747,Preventive,Medium,2024-10-13,2024-10-23,2024-10-15,Completed,4.8,breaker
WO-0004194,AST-00146,Corrective,Medium,2024-10-13,2024-10-23,2024-10-26,Completed,8.5,breaker
WO-0001490,AST-00380,Preventive,Medium,2024-10-14,2024-10-24,2024-10-16,Completed,3.6,cable
WO-0002605,AST-00665,Preventive,Medium,2024-10-14,2024-10-24,2024-10-16,Completed,3.9,breaker
WO-0003197,AST-00814,Preventive,Medium,2024-10-14,2024-10-24,2024-10-17,Completed,5.1,cable
WO-0003919,AST-00986,Preventive,Medium,2024-10-14,2024-10-24,2024-10-20,Completed,4.4,third_rail
WO-0004268,AST-00201,Corrective,Medium,2024-10-14,2024-10-24,2024-10-21,Completed,5.6,third_rail
WO-0004600,AST-00445,Corrective,Medium,2024-10-14,2024-10-24,2024-10-16,Completed,7.1,breaker
WO-0004959,AST-00698,Corrective,High,2024-10-14,2024-10-19,2024-10-17,Completed,4.5,cable
WO-0004979,AST-00715,Corrective,Medium,2024-10-14,2024-10-24,2024-10-16,Completed,5.5,third_rail
WO-0000442,AST-00114,Preventive,Medium,2024-10-15,2024-10-25,2024-10-18,Completed,5.9,cable
WO-0002612,AST-00667,Preventive,Medium,2024-10-15,2024-10-25,2024-10-23,Completed,6.0,third_rail
WO-0003587,AST-00903,Preventive,Medium,2024-10-15,2024-10-25,2024-10-19,Completed,4.8,power
WO-0003687,AST-00928,Preventive,Medium,2024-10-15,2024-10-25,2024-10-15,Completed,3.0,third_rail
WO-0000034,AST-00010,Preventive,Medium,2024-10-16,2024-10-26,2024-10-21,Completed,4.9,cable
WO-0000321,AST-00082,Preventive,Medium,2024-10-16,2024-10-26,2024-10-16,Completed,3.0,cable
WO-0000504,AST-00131,Preventive,Medium,2024-10-16,2024-10-26,2024-10-28,Completed,4.6,power
WO-0000695,AST-00178,Preventive,Medium,2024-10-16,2024-10-26,2024-10-20,Completed,5.3,third_rail
WO-0001817,AST-00463,Preventive,Medium,2024-10-16,2024-10-26,2024-10-17,Completed,6.1,third_rail
WO-0003372,AST-00854,Preventive,Medium,2024-10-16,2024-10-26,2024-10-18,Completed,4.6,third_rail
WO-0005019,AST-00743,Corrective,Critical,2024-10-16,2024-10-18,2024-10-17,Completed,6.9,third_rail
WO-0005368,AST-00983,Corrective,High,2024-10-16,2024-10-21,2024-10-19,Completed,5.9,cable
WO-0000880,AST-00225,Preventive,Medium,2024-10-17,2024-10-27,2024-10-18,Completed,4.8,breaker
WO-0001972,AST-00507,Preventive,Medium,2024-10-17,2024-10-27,2024-10-18,Completed,3.8,breaker
WO-0002658,AST-00678,Preventive,Medium,2024-10-17,2024-10-27,2024-10-17,Completed,7.6,cable
WO-0003469,AST-00877,Preventive,Medium,2024-10-17,2024-10-27,2024-10-29,Completed,6.8,breaker
WO-0005114,AST-00814,Corrective,Medium,2024-10-17,2024-10-27,2024-10-20,Completed,6.3,cable
WO-0001887,AST-00482,Preventive,Medium,2024-10-18,2024-10-28,2024-10-21,Completed,3.3,breaker
WO-0002343,AST-00598,Preventive,Medium,2024-10-18,2024-10-28,2024-10-19,Completed,4.2,cable
WO-0003357,AST-00851,Preventive,Medium,2024-10-18,2024-10-28,2024-10-22,Completed,6.3,power
WO-0000067,AST-00020,Preventive,Medium,2024-10-19,2024-10-29,2024-10-24,Completed,7.3,cable
WO-0000473,AST-00122,Preventive,Medium,2024-10-19,2024-10-29,2024-10-21,Completed,4.8,cable
WO-0001996,AST-00513,Preventive,Medium,2024-10-19,2024-10-29,2024-10-20,Completed,4.2,power
WO-0003703,AST-00932,Preventive,Medium,2024-10-19,2024-10-29,2024-10-24,Completed,5.4,breaker
WO-0003282,AST-00833,Preventive,Medium,2024-10-20,2024-10-30,2024-10-29,Completed,5.5,breaker
WO-0004302,AST-00220,Corrective,Critical,2024-10-20,2024-10-22,2024-10-20,Completed,10.2,breaker
WO-0004446,AST-00320,Corrective,Medium,2024-10-20,2024-10-30,2024-10-21,Completed,4.6,third_rail
WO-0004531,AST-00383,Corrective,Medium,2024-10-20,2024-10-30,2024-11-05,Completed,8.0,third_rail
WO-0005301,AST-00931,Corrective,Medium,2024-10-20,2024-10-30,2024-10-22,Completed,7.2,breaker
WO-0002244,AST-00575,Preventive,Medium,2024-10-21,2024-10-31,2024-10-24,Completed,2.8,third_rail
WO-0003410,AST-00862,Preventive,Medium,2024-10-21,2024-10-31,2024-10-25,Completed,4.8,cable
WO-0003539,AST-00892,Preventive,Medium,2024-10-21,2024-10-31,2024-10-22,Completed,6.1,third_rail
WO-0004234,AST-00170,Corrective,Medium,2024-10-21,2024-10-31,2024-10-23,Completed,5.4,third_rail
WO-0005081,AST-00790,Corrective,Medium,2024-10-21,2024-10-31,2024-10-26,Completed,6.8,cable
WO-0000437,AST-00113,Preventive,Medium,2024-10-22,2024-11-01,2024-10-24,Completed,4.4,breaker
WO-0000468,AST-00121,Preventive,Medium,2024-10-22,2024-11-01,2024-10-23,Completed,3.2,cable
WO-0001252,AST-00321,Preventive,Medium,2024-10-22,2024-11-01,2024-10-22,Completed,6.9,third_rail
WO-0001884,AST-00481,Preventive,Medium,2024-10-22,2024-11-01,2024-10-24,Completed,7.1,cable
WO-0004751,AST-00547,Corrective,High,2024-10-22,2024-10-27,2024-10-23,Completed,5.3,breaker
WO-0005050,AST-00767,Corrective,High,2024-10-22,2024-10-27,2024-10-22,Completed,4.7,breaker
WO-0000954,AST-00245,Preventive,Medium,2024-10-23,2024-11-02,2024-10-27,Completed,8.4,cable
WO-0001457,AST-00372,Preventive,Medium,2024-10-23,2024-11-02,2024-10-25,Completed,8.0,breaker
WO-0004228,AST-00168,Corrective,Critical,2024-10-23,2024-10-25,2024-10-25,Completed,5.0,third_rail
WO-0000454,AST-00118,Preventive,Medium,2024-10-24,2024-11-03,2024-11-01,Completed,2.6,cable
WO-0000875,AST-00224,Preventive,Medium,2024-10-24,2024-11-03,2024-10-31,Completed,2.5,third_rail
WO-0001440,AST-00368,Preventive,Medium,2024-10-24,2024-11-03,2024-10-24,Completed,1.7,cable
WO-0002210,AST-00567,Preventive,Medium,2024-10-24,2024-11-03,2024-10-31,Completed,3.9,third_rail
WO-0005234,AST-00880,Corrective,Medium,2024-10-25,2024-11-04,2024-10-26,Completed,6.7,cable
WO-0000029,AST-00008,Preventive,Medium,2024-10-26,2024-11-05,2024-11-03,Completed,6.9,third_rail
WO-0001212,AST-00311,Preventive,Medium,2024-10-26,2024-11-05,2024-10-28,Completed,4.5,cable
WO-0001967,AST-00506,Preventive,Medium,2024-10-26,2024-11-05,2024-10-26,Completed,5.6,third_rail
WO-0002036,AST-00523,Preventive,Medium,2024-10-26,2024-11-05,2024-10-31,Completed,3.5,power
WO-0002859,AST-00728,Preventive,Medium,2024-10-26,2024-11-05,2024-10-27,Completed,7.0,power
WO-0003722,AST-00937,Preventive,Medium,2024-10-26,2024-11-05,2024-10-27,Completed,3.3,third_rail
WO-0004010,AST-00023,Corrective,High,2024-10-26,2024-10-31,2024-10-28,Completed,7.7,third_rail
WO-0005351,AST-00969,Corrective,Medium,2024-10-26,2024-11-05,2024-10-27,Completed,8.0,cable
WO-0000027,AST-00007,Preventive,Medium,2024-10-27,2024-11-06,2024-10-28,Completed,6.6,third_rail
WO-0000088,AST-00024,Preventive,Medium,2024-10-27,2024-11-06,2024-10-29,Completed,9.6,third_rail
WO-0002061,AST-00531,Preventive,Medium,2024-10-27,2024-11-06,2024-10-29,Completed,5.0,cable
WO-0002385,AST-00609,Preventive,Medium,2024-10-27,2024-11-06,2024-11-01,Completed,4.2,cable
WO-0003134,AST-00799,Preventive,Medium,2024-10-27,2024-11-06,2024-10-29,Completed,4.2,cable
WO-0003455,AST-00873,Preventive,Medium,2024-10-27,2024-11-06,2024-10-28,Completed,6.1,third_rail
WO-0003548,AST-00894,Preventive,Medium,2024-10-27,2024-11-06,2024-10-30,Completed,4.0,power
WO-0000084,AST-00023,Preventive,Medium,2024-10-28,2024-11-07,2024-11-01,Completed,4.6,third_rail
WO-0001596,AST-00407,Preventive,Medium,2024-10-28,2024-11-07,2024-10-29,Completed,4.8,breaker
WO-0002631,AST-00671,Preventive,Medium,2024-10-28,2024-11-07,2024-10-28,Completed,6.3,power
WO-0003883,AST-00978,Preventive,Medium,2024-10-28,2024-11-07,2024-10-29,Completed,2.9,cable
WO-0004643,AST-00464,Corrective,High,2024-10-28,2024-11-02,2024-10-29,Completed,7.4,breaker
WO-0001632,AST-00417,Preventive,Medium,2024-10-29,2024-11-08,2024-11-02,Completed,7.4,power
WO-0001743,AST-00444,Preventive,Medium,2024-10-29,2024-11-08,2024-11-02,Completed,3.6,breaker
WO-0002747,AST-00699,Preventive,Medium,2024-10-29,2024-11-08,2024-11-05,Completed,5.5,cable
WO-0000755,AST-00193,Preventive,Medium,2024-10-30,2024-11-09,2024-11-05,Completed,6.0,power
WO-0001931,AST-00496,Preventive,Medium,2024-10-30,2024-11-09,2024-10-31,Completed,4.7,cable
WO-0002626,AST-00670,Preventive,Medium,2024-10-30,2024-11-09,2024-11-02,Completed,3.1,cable
WO-0003697,AST-00930,Preventive,Medium,2024-10-30,2024-11-09,2024-10-31,Completed,3.2,cable
WO-0003818,AST-00962,Preventive,Medium,2024-10-30,2024-11-09,2024-11-01,Completed,5.8,cable
WO-0004672,AST-00492,Corrective,High,2024-10-30,2024-11-04,2024-11-01,Completed,6.2,cable
WO-0000640,AST-00164,Preventive,Medium,2024-10-31,2024-11-10,2024-11-05,Completed,6.7,power
WO-0001376,AST-00354,Preventive,Medium,2024-10-31,2024-11-10,2024-11-03,Completed,3.3,cable
WO-0003168,AST-00807,Preventive,Medium,2024-10-31,2024-11-10,2024-11-02,Completed,4.2,cable
WO-0003180,AST-00810,Preventive,Medium,2024-10-31,2024-11-10,2024-11-02,Completed,5.5,third_rail
WO-0003655,AST-00920,Preventive,Medium,2024-10-31,2024-11-10,2024-11-01,Completed,5.7,cable
WO-0003946,AST-00992,Preventive,Medium,2024-10-31,2024-11-10,2024-11-05,Completed,7.7,third_rail
WO-0004005,AST-00019,Corrective,Medium,2024-10-31,2024-11-10,2024-11-03,Completed,7.7,third_rail
WO-0000106,AST-00028,Preventive,Medium,2024-11-01,2024-11-11,2024-11-01,Completed,6.5,power
WO-0000683,AST-00175,Preventive,Medium,2024-11-01,2024-11-11,2024-11-05,Completed,5.4,power
WO-0002102,AST-00540,Preventive,Medium,2024-11-01,2024-11-11,2024-11-03,Completed,5.3,third_rail
WO-0002240,AST-00574,Preventive,Medium,2024-11-01,2024-11-11,2024-11-03,Completed,7.8,third_rail
WO-0003011,AST-00767,Preventive,Medium,2024-11-01,2024-11-11,2024-11-04,Completed,4.4,breaker
WO-0003711,AST-00934,Preventive,Medium,2024-11-01,2024-11-11,2024-11-03,Completed,3.9,third_rail
WO-0004029,AST-00037,Corrective,High,2024-11-01,2024-11-06,2024-11-05,Completed,3.7,power
WO-0004253,AST-00184,Corrective,High,2024-11-01,2024-11-06,2024-11-01,Completed,5.8,breaker
WO-0004649,AST-00467,Corrective,Medium,2024-11-01,2024-11-11,2024-11-03,Completed,6.5,cable
WO-0000429,AST-00111,Preventive,Medium,2024-11-02,2024-11-12,2024-11-04,Completed,3.4,cable
WO-0001101,AST-00283,Preventive,Medium,2024-11-02,2024-11-12,2024-11-03,Completed,2.6,breaker
WO-0001216,AST-00312,Preventive,Medium,2024-11-02,2024-11-12,2024-11-05,Completed,5.2,cable
WO-0002020,AST-00519,Preventive,Medium,2024-11-02,2024-11-12,2024-11-09,Completed,5.7,power
WO-0003314,AST-00840,Preventive,Medium,2024-11-02,2024-11-12,2024-11-03,Completed,6.8,cable
WO-0004154,AST-00123,Corrective,Critical,2024-11-02,2024-11-04,2024-11-09,Completed,8.9,power
WO-0004563,AST-00409,Corrective,Medium,2024-11-02,2024-11-12,2024-11-10,Completed,6.2,power
WO-0005378,AST-00992,Corrective,Medium,2024-11-02,2024-11-12,2024-11-04,Completed,7.8,third_rail
WO-0005381,AST-00994,Corrective,High,2024-11-02,2024-11-07,2024-11-05,Completed,2.0,breaker
WO-0000190,AST-00049,Preventive,Medium,2024-11-03,2024-11-13,2024-11-05,Completed,9.7,cable
WO-0000357,AST-00091,Preventive,Medium,2024-11-03,2024-11-13,2024-11-10,Completed,1.5,power
WO-0003115,AST-00794,Preventive,Medium,2024-11-03,2024-11-13,2024-11-06,Completed,5.8,power
WO-0004038,AST-00041,Corrective,High,2024-11-03,2024-11-08,2024-11-05,Completed,6.7,cable
WO-0005145,AST-00831,Corrective,High,2024-11-03,2024-11-08,2024-11-06,Completed,4.4,cable
WO-0002403,AST-00614,Preventive,Medium,2024-11-04,2024-11-14,2024-11-05,Completed,8.4,third_rail
WO-0003058,AST-00779,Preventive,Medium,2024-11-04,2024-11-14,2024-11-12,Completed,1.5,third_rail
WO-0003243,AST-00825,Preventive,Medium,2024-11-04,2024-11-14,2024-11-11,Completed,2.8,third_rail
WO-0004337,AST-00237,Corrective,High,2024-11-04,2024-11-09,2024-11-07,Completed,7.1,cable
WO-0004965,AST-00704,Corrective,Medium,2024-11-04,2024-11-14,2024-11-06,Completed,3.9,third_rail
WO-0000734,AST-00188,Preventive,Medium,2024-11-05,2024-11-15,2024-11-24,Completed,3.3,power
WO-0001992,AST-00512,Preventive,Medium,2024-11-05,2024-11-15,2024-11-05,Completed,5.4,third_rail
WO-0004370,AST-00265,Corrective,High,2024-11-05,2024-11-10,2024-11-07,Completed,2.9,third_rail
WO-0000649,AST-00166,Preventive,Medium,2024-11-06,2024-11-16,2024-11-07,Completed,4.9,breaker
WO-0002849,AST-00725,Preventive,Medium,2024-11-06,2024-11-16,2024-11-08,Completed,4.0,power
WO-0003339,AST-00847,Preventive,Medium,2024-11-06,2024-11-16,2024-11-08,Completed,3.5,breaker
WO-0004109,AST-00097,Corrective,Medium,2024-11-06,2024-11-16,2024-11-11,Completed,6.4,breaker
WO-0000855,AST-00218,Preventive,Medium,2024-11-07,2024-11-17,2024-11-08,Completed,4.0,power
WO-0001120,AST-00288,Preventive,Medium,2024-11-07,2024-11-17,2024-11-15,Completed,5.3,breaker
WO-0001696,AST-00432,Preventive,Medium,2024-11-07,2024-11-17,2024-11-12,Completed,2.8,third_rail
WO-0004920,AST-00673,Corrective,High,2024-11-07,2024-11-12,2024-11-09,Completed,8.4,third_rail
WO-0005032,AST-00754,Corrective,Medium,2024-11-07,2024-11-17,2024-11-12,Completed,8.4,cable
WO-0000447,AST-00116,Preventive,Medium,2024-11-08,2024-11-18,2024-11-09,Completed,6.1,third_rail
WO-0003321,AST-00842,Preventive,Medium,2024-11-08,2024-11-18,2024-11-13,Completed,4.1,third_rail
WO-0003523,AST-00889,Preventive,Medium,2024-11-08,2024-11-18,2024-11-10,Completed,4.7,power
WO-0003742,AST-00942,Preventive,Medium,2024-11-08,2024-11-18,2024-11-11,Completed,5.9,third_rail
WO-0004063,AST-00057,Corrective,Medium,2024-11-08,2024-11-18,2024-11-13,Completed,5.6,cable
WO-0002480,AST-00634,Preventive,Medium,2024-11-09,2024-11-19,2024-11-11,Completed,4.1,breaker
WO-0003421,AST-00864,Preventive,Medium,2024-11-09,2024-11-19,2024-11-12,Completed,7.1,cable
WO-0003995,AST-00011,Corrective,Medium,2024-11-09,2024-11-19,2024-11-13,Completed,6.5,breaker
WO-0000203,AST-00052,Preventive,Medium,2024-11-10,2024-11-20,2024-11-12,Completed,7.3,power
WO-0000972,AST-00249,Preventive,Medium,2024-11-10,2024-11-20,2024-11-10,Completed,8.1,breaker
WO-0001765,AST-00450,Preventive,Medium,2024-11-10,2024-11-20,2024-11-22,Completed,3.6,cable
WO-0002531,AST-00647,Preventive,Medium,2024-11-10,2024-11-20,2024-11-11,Completed,7.3,power
WO-0004196,AST-00146,Corrective,High,2024-11-10,2024-11-15,2024-11-11,Completed,6.7,breaker
WO-0005075,AST-00785,Corrective,Medium,2024-11-10,2024-11-20,2024-11-12,Completed,4.5,third_rail
WO-0001160,AST-00297,Preventive,Medium,2024-11-11,2024-11-21,2024-11-12,Completed,4.9,third_rail
WO-0002261,AST-00579,Preventive,Medium,2024-11-11,2024-11-21,2024-11-13,Completed,5.5,third_rail
WO-0003763,AST-00948,Preventive,Medium,2024-11-11,2024-11-21,2024-11-13,Completed,4.0,third_rail
WO-0004047,AST-00049,Corrective,Medium,2024-11-11,2024-11-21,2024-11-13,Completed,4.4,cable
WO-0001504,AST-00384,Preventive,Medium,2024-11-12,2024-11-22,2024-11-20,Completed,6.8,cable
WO-0004208,AST-00152,Corrective,High,2024-11-12,2024-11-17,2024-11-22,Completed,2.7,third_rail
WO-0004296,AST-00216,Corrective,Medium,2024-11-12,2024-11-22,2024-11-23,Completed,5.1,cable
WO-0000830,AST-00212,Preventive,Medium,2024-11-13,2024-11-23,2024-11-24,Completed,7.5,cable
WO-0001448,AST-00370,Preventive,Medium,2024-11-13,2024-11-23,2024-11-19,Completed,4.2,third_rail
WO-0001838,AST-00469,Preventive,Medium,2024-11-13,2024-11-23,2024-11-18,Completed,4.0,power
WO-0003015,AST-00768,Preventive,Medium,2024-11-13,2024-11-23,2024-11-17,Completed,4.3,power
WO-0003277,AST-00832,Preventive,Medium,2024-11-13,2024-11-23,2024-11-13,Completed,3.6,cable
WO-0004310,AST-00225,Corrective,Medium,2024-11-13,2024-11-23,2024-11-16,Completed,5.1,breaker
WO-0000477,AST-00123,Preventive,Medium,2024-11-14,2024-11-24,2024-11-19,Completed,4.8,power
WO-0002126,AST-00546,Preventive,Medium,2024-11-14,2024-11-24,2024-11-18,Completed,4.7,cable
WO-0002346,AST-00599,Preventive,Medium,2024-11-14,2024-11-24,2024-11-14,Completed,3.6,third_rail
WO-0002571,AST-00656,Preventive,Medium,2024-11-14,2024-11-24,2024-11-15,Completed,8.0,breaker
WO-0003640,AST-00916,Preventive,Medium,2024-11-14,2024-11-24,2024-11-21,Completed,3.6,third_rail
WO-0004327,AST-00230,Corrective,Medium,2024-11-14,2024-11-24,2024-11-15,Completed,5.2,power
WO-0004884,AST-00655,Corrective,Medium,2024-11-14,2024-11-24,2024-11-15,Completed,3.8,third_rail
WO-0000312,AST-00080,Preventive,Medium,2024-11-15,2024-11-25,2024-11-17,Completed,3.5,third_rail
WO-0000380,AST-00098,Preventive,Medium,2024-11-15,2024-11-25,2024-11-19,Completed,4.1,power
WO-0001234,AST-00316,Preventive,Medium,2024-11-15,2024-11-25,2024-11-18,Completed,5.7,breaker
WO-0002000,AST-00514,Preventive,Medium,2024-11-15,2024-11-25,2024-11-17,Completed,5.2,breaker
WO-0002257,AST-00578,Preventive,Medium,2024-11-15,2024-11-25,2024-11-16,Completed,2.1,cable
WO-0002355,AST-00602,Preventive,Medium,2024-11-15,2024-11-25,2024-11-15,Completed,4.5,third_rail
WO-0002575,AST-00657,Preventive,Medium,2024-11-15,2024-11-25,2024-11-17,Completed,6.2,third_rail
WO-0003568,AST-00899,Preventive,Medium,2024-11-15,2024-11-25,2024-11-16,Completed,6.0,breaker
WO-0004746,AST-00543,Corrective,High,2024-11-15,2024-11-20,2024-11-15,Completed,5.3,third_rail
WO-0000265,AST-00069,Preventive,Medium,2024-11-16,2024-11-26,2024-11-17,Completed,4.9,power
WO-0001129,AST-00290,Preventive,Medium,2024-11-16,2024-11-26,2024-11-20,Completed,5.6,power
WO-0002863,AST-00729,Preventive,Medium,2024-11-16,2024-11-26,2024-11-16,Completed,5.0,cable
WO-0004252,AST-00184,Corrective,High,2024-11-16,2024-11-21,2024-11-18,Completed,6.9,breaker
WO-0004864,AST-00633,Corrective,Medium,2024-11-16,2024-11-26,2024-11-16,Completed,5.8,power
WO-0004935,AST-00681,Corrective,Medium,2024-11-16,2024-11-26,2024-11-21,Completed,8.4,power
WO-0000139,AST-00037,Preventive,Medium,2024-11-17,2024-11-27,2024-11-23,Completed,5.4,power
WO-0000279,AST-00072,Preventive,Medium,2024-11-17,2024-11-27,2024-11-20,Completed,5.1,cable
WO-0000445,AST-00115,Preventive,Medium,2024-11-17,2024-11-27,2024-11-21,Completed,5.3,power
WO-0002426,AST-00621,Preventive,Medium,2024-11-17,2024-11-27,2024-11-23,Completed,7.2,third_rail
WO-0002538,AST-00649,Preventive,Medium,2024-11-17,2024-11-27,2024-11-22,Completed,2.8,cable
WO-0001983,AST-00510,Preventive,Medium,2024-11-18,2024-11-28,2024-11-18,Completed,4.6,power
WO-0003229,AST-00822,Preventive,Medium,2024-11-18,2024-11-28,2024-11-21,Completed,5.4,cable
WO-0003544,AST-00893,Preventive,Medium,2024-11-18,2024-11-28,2024-11-19,Completed,5.9,breaker
WO-0004162,AST-00131,Corrective,Medium,2024-11-18,2024-11-28,2024-11-19,Completed,9.3,power
WO-0004259,AST-00192,Corrective,High,2024-11-18,2024-11-23,2024-11-23,Completed,6.7,breaker
WO-0004796,AST-00579,Corrective,Medium,2024-11-18,2024-11-28,2024-11-21,Completed,6.9,third_rail
WO-0004811,AST-00589,Corrective,High,2024-11-18,2024-11-23,2024-11-20,Completed,4.7,breaker
WO-0005049,AST-00767,Corrective,Medium,2024-11-18,2024-11-28,2024-11-20,Completed,5.8,breaker
WO-0000262,AST-00068,Preventive,Medium,2024-11-19,2024-11-29,2024-11-19,Completed,3.9,breaker
WO-0000329,AST-00084,Preventive,Medium,2024-11-19,2024-11-29,2024-11-22,Completed,5.3,power
WO-0000727,AST-00186,Preventive,Medium,2024-11-19,2024-11-29,2024-11-22,Completed,2.7,cable
WO-0004818,AST-00596,Corrective,High,2024-11-19,2024-11-24,2024-11-20,Completed,8.4,breaker
WO-0000199,AST-00051,Preventive,Medium,2024-11-20,2024-11-30,2024-11-21,Completed,3.1,breaker
WO-0001732,AST-00442,Preventive,Medium,2024-11-20,2024-11-30,2024-11-22,Completed,4.0,power
WO-0001755,AST-00447,Preventive,Medium,2024-11-20,2024-11-30,2024-11-25,Completed,4.3,third_rail
WO-0001909,AST-00490,Preventive,Medium,2024-11-20,2024-11-30,2024-11-21,Completed,5.0,cable
WO-0002042,AST-00525,Preventive,Medium,2024-11-20,2024-11-30,2024-11-23,Completed,4.9,power
WO-0002847,AST-00724,Preventive,Medium,2024-11-20,2024-11-30,2024-11-25,Completed,6.8,third_rail
WO-0004195,AST-00146,Corrective,High,2024-11-20,2024-11-25,2024-11-24,Completed,6.6,breaker
WO-0004677,AST-00495,Corrective,Medium,2024-11-20,2024-11-30,2024-11-27,Completed,4.5,third_rail
WO-0000238,AST-00062,Preventive,Medium,2024-11-21,2024-12-01,2024-11-24,Completed,6.3,cable
WO-0001323,AST-00339,Preventive,Medium,2024-11-21,2024-12-01,2024-11-24,Completed,3.5,power
WO-0002635,AST-00672,Preventive,Medium,2024-11-21,2024-12-01,2024-11-21,Completed,7.0,cable
WO-0002682,AST-00683,Preventive,Medium,2024-11-21,2024-12-01,2024-11-22,Completed,4.1,power
WO-0005190,AST-00853,Corrective,High,2024-11-21,2024-11-26,2024-11-27,Completed,5.5,third_rail
WO-0000760,AST-00194,Preventive,Medium,2024-11-22,2024-12-02,2024-11-23,Completed,4.3,third_rail
WO-0001181,AST-00303,Preventive,Medium,2024-11-22,2024-12-02,2024-12-03,Completed,3.7,cable
WO-0005003,AST-00732,Corrective,Medium,2024-11-22,2024-12-02,2024-11-24,Completed,4.0,power
WO-0005059,AST-00770,Corrective,High,2024-11-22,2024-11-27,2024-11-24,Completed,10.9,cable
WO-0001613,AST-00411,Preventive,Medium,2024-11-23,2024-12-03,2024-11-24,Completed,4.0,cable
WO-0002416,AST-00618,Preventive,Medium,2024-11-23,2024-12-03,2024-11-24,Completed,5.2,breaker
WO-0002516,AST-00643,Preventive,Medium,2024-11-23,2024-12-03,2024-11-25,Completed,5.0,power
WO-0003025,AST-00770,Preventive,Medium,2024-11-23,2024-12-03,2024-11-24,Completed,4.8,cable
WO-0003052,AST-00777,Preventive,Medium,2024-11-23,2024-12-03,2024-11-28,Completed,4.4,cable
WO-0001452,AST-00371,Preventive,Medium,2024-11-24,2024-12-04,2024-11-26,Completed,1.5,third_rail
WO-0001878,AST-00479,Preventive,Medium,2024-11-24,2024-12-04,2024-12-09,Completed,6.5,cable
WO-0002016,AST-00518,Preventive,Medium,2024-11-24,2024-12-04,2024-11-25,Completed,5.0,cable
WO-0002165,AST-00555,Preventive,Medium,2024-11-24,2024-12-04,2024-11-27,Completed,1.5,power
WO-0004852,AST-00622,Corrective,Medium,2024-11-24,2024-12-04,2024-12-02,Completed,2.5,cable
WO-0005015,AST-00738,Corrective,Medium,2024-11-24,2024-12-04,2024-11-28,Completed,7.4,breaker
WO-0005250,AST-00893,Corrective,Medium,2024-11-24,2024-12-04,2024-12-07,Completed,5.4,breaker
WO-0000421,AST-00109,Preventive,Medium,2024-11-25,2024-12-05,2024-11-26,Completed,6.3,power
WO-0000934,AST-00239,Preventive,Medium,2024-11-25,2024-12-05,2024-11-26,Completed,8.0,power
WO-0003362,AST-00852,Preventive,Medium,2024-11-25,2024-12-05,2024-11-26,Completed,2.3,breaker
WO-0005217,AST-00872,Corrective,High,2024-11-25,2024-11-30,2024-11-27,Completed,3.8,power
WO-0000667,AST-00170,Preventive,Medium,2024-11-26,2024-12-06,2024-11-26,Completed,6.9,third_rail
WO-0000913,AST-00234,Preventive,Medium,2024-11-26,2024-12-06,2024-11-28,Completed,3.2,cable
WO-0001964,AST-00505,Preventive,Medium,2024-11-26,2024-12-06,2024-11-28,Completed,3.7,cable
WO-0002352,AST-00601,Preventive,Medium,2024-11-26,2024-12-06,2024-11-30,Completed,2.9,cable
WO-0002786,AST-00708,Preventive,Medium,2024-11-26,2024-12-06,2024-12-03,Completed,4.5,third_rail
WO-0003264,AST-00829,Preventive,Medium,2024-11-26,2024-12-06,2024-11-26,Completed,5.2,third_rail
WO-0003497,AST-00882,Preventive,Medium,2024-11-26,2024-12-06,2024-11-29,Completed,5.7,cable
WO-0003534,AST-00891,Preventive,Medium,2024-11-26,2024-12-06,2024-11-28,Completed,4.3,breaker
WO-0001149,AST-00295,Preventive,Medium,2024-11-27,2024-12-07,2024-11-29,Completed,5.3,third_rail
WO-0001629,AST-00416,Preventive,Medium,2024-11-27,2024-12-07,2024-11-29,Completed,5.4,breaker
WO-0001924,AST-00494,Preventive,Medium,2024-11-27,2024-12-07,2024-12-04,Completed,6.2,breaker
WO-0003202,AST-00815,Preventive,Medium,2024-11-27,2024-12-07,2024-11-29,Completed,3.5,power
WO-0002506,AST-00640,Preventive,Medium,2024-11-28,2024-12-08,2024-11-30,Completed,3.1,third_rail
WO-0003836,AST-00966,Preventive,Medium,2024-11-28,2024-12-08,2024-11-29,Completed,3.3,cable
WO-0003873,AST-00975,Preventive,Medium,2024-11-28,2024-12-08,2024-12-01,Completed,6.0,breaker
WO-0004335,AST-00236,Corrective,High,2024-11-28,2024-12-03,2024-11-29,Completed,5.9,third_rail
WO-0001175,AST-00301,Preventive,Medium,2024-11-29,2024-12-09,2024-12-04,Completed,5.6,third_rail
WO-0001554,AST-00398,Preventive,Medium,2024-11-29,2024-12-09,2024-12-01,Completed,5.0,breaker
WO-0002025,AST-00520,Preventive,Medium,2024-11-29,2024-12-09,2024-12-07,Completed,2.9,third_rail
WO-0002267,AST-00581,Preventive,Medium,2024-11-29,2024-12-09,2024-12-02,Completed,6.5,cable
WO-0002782,AST-00707,Preventive,Medium,2024-11-29,2024-12-09,2024-12-01,Completed,4.5,third_rail
WO-0000866,AST-00221,Preventive,Medium,2024-11-30,2024-12-10,2024-12-02,Completed,5.8,breaker
WO-0003154,AST-00804,Preventive,Medium,2024-11-30,2024-12-10,2024-12-02,Completed,4.7,cable
WO-0003330,AST-00845,Preventive,Medium,2024-11-30,2024-12-10,2024-12-02,Completed,3.6,power
WO-0003803,AST-00958,Preventive,Medium,2024-11-30,2024-12-10,2024-12-04,Completed,3.7,cable
WO-0004283,AST-00208,Corrective,High,2024-11-30,2024-12-05,2024-12-01,Completed,4.0,cable
WO-0004311,AST-00225,Corrective,Medium,2024-11-30,2024-12-10,2024-12-02,Completed,3.2,breaker
WO-0000513,AST-00134,Preventive,Medium,2024-12-01,2024-12-11,2024-12-02,Completed,4.3,breaker
WO-0003118,AST-00795,Preventive,Medium,2024-12-01,2024-12-11,2024-12-04,Completed,5.7,power
WO-0004264,AST-00197,Corrective,High,2024-12-01,2024-12-06,2024-12-02,Completed,5.6,cable
WO-0004639,AST-00461,Corrective,Medium,2024-12-01,2024-12-11,2024-12-04,Completed,5.7,cable
WO-0005283,AST-00919,Corrective,Medium,2024-12-01,2024-12-11,2024-12-07,Completed,7.9,breaker
WO-0000785,AST-00200,Preventive,Medium,2024-12-02,2024-12-12,2024-12-07,Completed,4.2,breaker
WO-0001429,AST-00366,Preventive,Medium,2024-12-02,2024-12-12,2024-12-05,Completed,5.6,cable
WO-0001509,AST-00386,Preventive,Medium,2024-12-02,2024-12-12,2024-12-04,Completed,4.4,third_rail
WO-0003405,AST-00861,Preventive,Medium,2024-12-02,2024-12-12,2024-12-03,Completed,4.4,cable
WO-0004393,AST-00283,Corrective,High,2024-12-02,2024-12-07,2024-12-08,Completed,5.1,breaker
WO-0005027,AST-00747,Corrective,High,2024-12-02,2024-12-07,2024-12-05,Completed,7.9,breaker
WO-0000947,AST-00243,Preventive,Medium,2024-12-03,2024-12-13,2024-12-04,Completed,5.1,breaker
WO-0001875,AST-00478,Preventive,Medium,2024-12-03,2024-12-13,2024-12-05,Completed,6.1,cable
WO-0003931,AST-00989,Preventive,Medium,2024-12-03,2024-12-13,2024-12-05,Completed,5.2,breaker
WO-0003985,AST-00005,Corrective,Medium,2024-12-03,2024-12-13,2024-12-04,Completed,6.0,power
WO-0001831,AST-00467,Preventive,Medium,2024-12-04,2024-12-14,2024-12-08,Completed,7.2,cable
WO-0001898,AST-00486,Preventive,Medium,2024-12-04,2024-12-14,2024-12-07,Completed,4.9,cable
WO-0002766,AST-00704,Preventive,Medium,2024-12-04,2024-12-14,2024-12-04,Completed,4.9,third_rail
WO-0003188,AST-00812,Preventive,Medium,2024-12-04,2024-12-14,2024-12-10,Completed,6.2,power
WO-0003700,AST-00931,Preventive,Medium,2024-12-04,2024-12-14,2024-12-07,Completed,4.6,breaker
WO-0004374,AST-00267,Corrective,Medium,2024-12-04,2024-12-14,2024-12-07,Completed,2.8,breaker
WO-0004384,AST-00274,Corrective,High,2024-12-04,2024-12-09,2024-12-10,Completed,3.6,cable
WO-0001043,AST-00267,Preventive,Medium,2024-12-05,2024-12-15,2024-12-10,Completed,5.7,breaker
WO-0002807,AST-00715,Preventive,Medium,2024-12-05,2024-12-15,2024-12-06,Completed,3.8,third_rail
WO-0003096,AST-00789,Preventive,Medium,2024-12-05,2024-12-15,2024-12-06,Completed,5.2,third_rail
WO-0003990,AST-00008,Corrective,High,2024-12-05,2024-12-10,2024-12-05,Completed,8.4,third_rail
WO-0004265,AST-00197,Corrective,Critical,2024-12-05,2024-12-07,2024-12-17,Completed,3.7,cable
WO-0001398,AST-00359,Preventive,Medium,2024-12-06,2024-12-16,2024-12-10,Completed,3.0,cable
WO-0001426,AST-00365,Preventive,Medium,2024-12-06,2024-12-16,2024-12-09,Completed,5.3,cable
WO-0002376,AST-00607,Preventive,Medium,2024-12-06,2024-12-16,2024-12-07,Completed,5.9,third_rail
WO-0003126,AST-00797,Preventive,Medium,2024-12-06,2024-12-16,2024-12-10,Completed,5.2,power
WO-0004133,AST-00114,Corrective,Medium,2024-12-06,2024-12-16,2024-12-08,Completed,4.9,cable
WO-0004407,AST-00296,Corrective,Medium,2024-12-06,2024-12-16,2024-12-08,Completed,9.2,third_rail
WO-0001460,AST-00373,Preventive,Medium,2024-12-07,2024-12-17,2024-12-13,Completed,4.7,breaker
WO-0002381,AST-00608,Preventive,Medium,2024-12-07,2024-12-17,2024-12-13,Completed,5.2,power
WO-0002519,AST-00644,Preventive,Medium,2024-12-07,2024-12-17,2024-12-14,Completed,6.0,breaker
WO-0003308,AST-00838,Preventive,Medium,2024-12-07,2024-12-17,2024-12-10,Completed,8.6,third_rail
WO-0003573,AST-00900,Preventive,Medium,2024-12-07,2024-12-17,2024-12-10,Completed,5.5,cable
WO-0004200,AST-00148,Corrective,Medium,2024-12-07,2024-12-17,2024-12-07,Completed,2.2,cable
WO-0004773,AST-00562,Corrective,Medium,2024-12-07,2024-12-17,2024-12-09,Completed,7.3,breaker
WO-0001914,AST-00491,Preventive,Medium,2024-12-08,2024-12-18,2024-12-09,Completed,4.7,cable
WO-0002694,AST-00686,Preventive,Medium,2024-12-08,2024-12-18,2024-12-10,Completed,5.2,breaker
WO-0002996,AST-00762,Preventive,Medium,2024-12-08,2024-12-18,2024-12-09,Completed,7.3,power
WO-0003680,AST-00926,Preventive,Medium,2024-12-08,2024-12-18,2024-12-20,Completed,6.1,breaker
WO-0004461,AST-00336,Corrective,High,2024-12-08,2024-12-13,2024-12-10,Completed,4.2,cable
WO-0000048,AST-00014,Preventive,Medium,2024-12-09,2024-12-19,2024-12-11,Completed,4.4,third_rail
WO-0000353,AST-00090,Preventive,Medium,2024-12-09,2024-12-19,2024-12-15,Completed,4.4,cable
WO-0000536,AST-00139,Preventive,Medium,2024-12-09,2024-12-19,2024-12-09,Completed,4.9,third_rail
WO-0000987,AST-00253,Preventive,Medium,2024-12-09,2024-12-19,2024-12-18,Completed,5.4,cable
WO-0002277,AST-00583,Preventive,Medium,2024-12-09,2024-12-19,2024-12-10,Completed,5.4,power
WO-0002585,AST-00660,Preventive,Medium,2024-12-09,2024-12-19,2024-12-11,Completed,7.0,breaker
WO-0003184,AST-00811,Preventive,Medium,2024-12-09,2024-12-19,2024-12-10,Completed,5.5,power
WO-0004244,AST-00177,Corrective,Medium,2024-12-09,2024-12-19,2024-12-18,Completed,8.7,cable
WO-0000605,AST-00156,Preventive,Medium,2024-12-10,2024-12-20,2024-12-12,Completed,5.6,cable
WO-0002842,AST-00722,Preventive,Medium,2024-12-10,2024-12-20,2024-12-12,Completed,5.3,cable
WO-0004011,AST-00025,Corrective,Medium,2024-12-10,2024-12-20,2024-12-12,Completed,2.9,third_rail
WO-0004671,AST-00491,Corrective,Medium,2024-12-10,2024-12-20,2024-12-11,Completed,4.9,cable
WO-0005045,AST-00762,Corrective,Medium,2024-12-10,2024-12-20,2024-12-10,Completed,5.0,power
WO-0000057,AST-00017,Preventive,Medium,2024-12-11,2024-12-21,2024-12-23,Completed,6.3,cable
WO-0001137,AST-00292,Preventive,Medium,2024-12-11,2024-12-21,2024-12-13,Completed,3.3,power
WO-0001229,AST-00315,Preventive,Medium,2024-12-11,2024-12-21,2024-12-14,Completed,6.2,breaker
WO-0001609,AST-00410,Preventive,Medium,2024-12-11,2024-12-21,2024-12-13,Completed,3.2,third_rail
WO-0003436,AST-00868,Preventive,Medium,2024-12-11,2024-12-21,2024-12-13,Completed,4.4,third_rail
WO-0004740,AST-00540,Corrective,Medium,2024-12-11,2024-12-21,2024-12-15,Completed,7.4,third_rail
WO-0000002,AST-00001,Preventive,Medium,2024-12-12,2024-12-22,2024-12-16,Completed,5.7,third_rail
WO-0000692,AST-00177,Preventive,Medium,2024-12-12,2024-12-22,2024-12-14,Completed,7.6,cable
WO-0001096,AST-00282,Preventive,Medium,2024-12-12,2024-12-22,2024-12-16,Completed,4.5,breaker
WO-0001333,AST-00342,Preventive,Medium,2024-12-12,2024-12-22,2024-12-18,Completed,6.1,third_rail
WO-0001592,AST-00406,Preventive,Medium,2024-12-12,2024-12-22,2024-12-16,Completed,7.1,third_rail
WO-0004319,AST-00227,Corrective,Medium,2024-12-12,2024-12-22,2024-12-14,Completed,3.1,power
WO-0000610,AST-00157,Preventive,Medium,2024-12-13,2024-12-23,2024-12-16,Completed,5.2,breaker
WO-0000968,AST-00248,Preventive,Medium,2024-12-13,2024-12-23,2024-12-14,Completed,4.4,cable
WO-0002110,AST-00542,Preventive,Medium,2024-12-13,2024-12-23,2024-12-13,Completed,6.4,cable
WO-0002309,AST-00591,Preventive,Medium,2024-12-13,2024-12-23,2024-12-14,Completed,3.3,third_rail
WO-0003675,AST-00925,Preventive,Medium,2024-12-13,2024-12-23,2024-12-16,Completed,3.7,power
WO-0003970,AST-00998,Preventive,Medium,2024-12-13,2024-12-23,2024-12-14,Completed,5.2,power
WO-0004217,AST-00159,Corrective,Medium,2024-12-13,2024-12-23,2024-12-14,Completed,4.1,cable
WO-0001069,AST-00275,Preventive,Medium,2024-12-14,2024-12-24,2024-12-20,Completed,6.1,cable
WO-0002287,AST-00586,Preventive,Medium,2024-12-14,2024-12-24,2024-12-22,Completed,5.7,cable
WO-0002925,AST-00745,Preventive,Medium,2024-12-14,2024-12-24,2024-12-20,Completed,3.3,cable
WO-0003619,AST-00910,Preventive,Medium,2024-12-14,2024-12-24,2024-12-20,Completed,2.8,breaker
WO-0001145,AST-00294,Preventive,Medium,2024-12-15,2024-12-25,2024-12-24,Completed,3.7,power
WO-0002142,AST-00550,Preventive,Medium,2024-12-15,2024-12-25,2024-12-27,Completed,2.5,cable
WO-0004123,AST-00106,Corrective,High,2024-12-15,2024-12-20,2024-12-16,Completed,5.4,cable
WO-0004517,AST-00373,Corrective,High,2024-12-15,2024-12-20,2024-12-19,Completed,6.7,breaker
WO-0004799,AST-00581,Corrective,Medium,2024-12-15,2024-12-25,2024-12-21,Completed,6.6,cable
WO-0000391,AST-00100,Preventive,Medium,2024-12-16,2024-12-26,2024-12-16,Completed,6.9,third_rail
WO-0000662,AST-00169,Preventive,Medium,2024-12-16,2024-12-26,2024-12-17,Completed,3.2,breaker
WO-0000907,AST-00232,Preventive,Medium,2024-12-16,2024-12-26,2024-12-17,Completed,6.3,cable
WO-0001011,AST-00259,Preventive,Medium,2024-12-16,2024-12-26,2024-12-17,Completed,7.0,power
WO-0001035,AST-00265,Preventive,Medium,2024-12-16,2024-12-26,2024-12-19,Completed,2.4,third_rail
WO-0001141,AST-00293,Preventive,Medium,2024-12-16,2024-12-26,2024-12-16,Completed,4.1,third_rail
WO-0001319,AST-00338,Preventive,Medium,2024-12-16,2024-12-26,2024-12-17,Completed,5.3,cable
WO-0002198,AST-00563,Preventive,Medium,2024-12-16,2024-12-26,2024-12-17,Completed,3.4,third_rail
WO-0002920,AST-00744,Preventive,Medium,2024-12-16,2024-12-26,2024-12-21,Completed,3.6,power
WO-0003424,AST-00865,Preventive,Medium,2024-12-16,2024-12-26,2024-12-20,Completed,6.0,power
WO-0003770,AST-00950,Preventive,Medium,2024-12-16,2024-12-26,2024-12-17,Completed,1.5,breaker
WO-0004207,AST-00151,Corrective,High,2024-12-16,2024-12-21,2024-12-28,Completed,5.4,third_rail
WO-0004883,AST-00655,Corrective,High,2024-12-16,2024-12-21,2024-12-28,Completed,9.9,third_rail
WO-0005129,AST-00825,Corrective,High,2024-12-16,2024-12-21,2024-12-23,Completed,10.1,third_rail
WO-0000487,AST-00126,Preventive,Medium,2024-12-17,2024-12-27,2024-12-19,Completed,3.4,cable
WO-0002916,AST-00743,Preventive,Medium,2024-12-17,2024-12-27,2024-12-20,Completed,6.7,third_rail
WO-0003651,AST-00919,Preventive,Medium,2024-12-17,2024-12-27,2024-12-18,Completed,5.5,breaker
WO-0004700,AST-00508,Corrective,Critical,2024-12-17,2024-12-19,2024-12-25,Completed,8.5,third_rail
WO-0000411,AST-00106,Preventive,Medium,2024-12-18,2024-12-28,2024-12-30,Completed,5.4,cable
WO-0001747,AST-00445,Preventive,Medium,2024-12-18,2024-12-28,2024-12-23,Completed,3.7,breaker
WO-0002066,AST-00532,Preventive,Medium,2024-12-18,2024-12-28,2024-12-20,Completed,4.2,cable
WO-0002938,AST-00748,Preventive,Medium,2024-12-18,2024-12-28,2024-12-26,Completed,4.9,cable
WO-0000024,AST-00006,Preventive,Medium,2024-12-19,2024-12-29,2024-12-25,Completed,3.7,third_rail
WO-0001277,AST-00327,Preventive,Medium,2024-12-19,2024-12-29,2024-12-19,Completed,3.8,third_rail
WO-0001496,AST-00382,Preventive,Medium,2024-12-19,2024-12-29,2024-12-20,Completed,4.3,third_rail
WO-0002045,AST-00526,Preventive,Medium,2024-12-19,2024-12-29,2024-12-22,Completed,3.8,breaker
WO-0002500,AST-00638,Preventive,Medium,2024-12-19,2024-12-29,2024-12-28,Completed,5.2,cable
WO-0003287,AST-00834,Preventive,Medium,2024-12-19,2024-12-29,2024-12-22,Completed,5.2,cable
WO-0001692,AST-00431,Preventive,Medium,2024-12-20,2024-12-30,2024-12-20,Completed,5.0,third_rail
WO-0003208,AST-00817,Preventive,Medium,2024-12-20,2024-12-30,2024-12-20,Completed,4.6,third_rail
WO-0004495,AST-00360,Corrective,Medium,2024-12-20,2024-12-30,2024-12-22,Completed,4.2,cable
WO-0001247,AST-00320,Preventive,Medium,2024-12-21,2024-12-31,2024-12-23,Completed,4.7,third_rail
WO-0001500,AST-00383,Preventive,Medium,2024-12-21,2024-12-31,2024-12-24,Completed,4.4,third_rail
WO-0001786,AST-00455,Preventive,Medium,2024-12-21,2024-12-31,2024-12-22,Completed,4.9,power
WO-0002905,AST-00740,Preventive,Medium,2024-12-21,2024-12-31,2024-12-30,Completed,5.8,cable
WO-0005195,AST-00858,Corrective,High,2024-12-21,2024-12-26,2024-12-27,Completed,5.0,third_rail
WO-0002687,AST-00684,Preventive,Medium,2024-12-22,2025-01-01,2024-12-22,Completed,5.4,cable
WO-0003474,AST-00878,Preventive,Medium,2024-12-22,2025-01-01,2024-12-24,Completed,4.5,breaker
WO-0003950,AST-00993,Preventive,Medium,2024-12-22,2025-01-01,2025-01-03,Completed,4.8,third_rail
WO-0000750,AST-00192,Preventive,Medium,2024-12-23,2025-01-02,2024-12-23,Completed,5.4,breaker
WO-0001165,AST-00298,Preventive,Medium,2024-12-23,2025-01-02,2024-12-26,Completed,5.2,third_rail
WO-0002272,AST-00582,Preventive,Medium,2024-12-23,2025-01-02,2025-01-04,Completed,2.7,cable
WO-0002697,AST-00687,Preventive,Medium,2024-12-23,2025-01-02,2024-12-26,Completed,1.5,cable
WO-0003072,AST-00783,Preventive,Medium,2024-12-23,2025-01-02,2024-12-24,Completed,4.8,cable
WO-0003111,AST-00793,Preventive,Medium,2024-12-23,2025-01-02,2024-12-27,Completed,5.9,breaker
WO-0004697,AST-00507,Corrective,Medium,2024-12-23,2025-01-02,2024-12-27,Completed,6.3,breaker
WO-0000013,AST-00004,Preventive,Medium,2024-12-24,2025-01-03,2024-12-24,Completed,5.6,cable
WO-0000251,AST-00066,Preventive,Medium,2024-12-24,2025-01-03,2024-12-25,Completed,5.3,cable
WO-0000930,AST-00238,Preventive,Medium,2024-12-24,2025-01-03,2024-12-26,Completed,6.0,third_rail
WO-0001643,AST-00419,Preventive,Medium,2024-12-24,2025-01-03,2024-12-25,Completed,6.6,breaker
WO-0001820,AST-00464,Preventive,Medium,2024-12-24,2025-01-03,2024-12-25,Completed,1.7,breaker
WO-0002930,AST-00746,Preventive,Medium,2024-12-24,2025-01-03,2024-12-26,Completed,4.9,cable
WO-0002958,AST-00752,Preventive,Medium,2024-12-24,2025-01-03,2024-12-26,Completed,4.7,breaker
WO-0002987,AST-00759,Preventive,Medium,2024-12-24,2025-01-03,2024-12-27,Completed,5.3,power
WO-0003158,AST-00805,Preventive,Medium,2024-12-24,2025-01-03,2025-01-03,Completed,5.3,power
WO-0000040,AST-00012,Preventive,Medium,2024-12-25,2025-01-04,2024-12-26,Completed,7.6,third_rail
WO-0000119,AST-00031,Preventive,Medium,2024-12-25,2025-01-04,2024-12-29,Completed,5.7,cable
WO-0002777,AST-00706,Preventive,Medium,2024-12-25,2025-01-04,2024-12-26,Completed,2.3,cable
WO-0003726,AST-00938,Preventive,Medium,2024-12-25,2025-01-04,2025-01-06,Completed,7.0,power
WO-0004702,AST-00509,Corrective,Medium,2024-12-25,2025-01-04,2024-12-26,Completed,5.8,cable
WO-0004813,AST-00592,Corrective,High,2024-12-25,2024-12-30,2024-12-27,Completed,8.0,cable
WO-0004851,AST-00621,Corrective,Medium,2024-12-25,2025-01-04,2024-12-28,Completed,6.1,third_rail
WO-0005052,AST-00768,Corrective,Medium,2024-12-25,2025-01-04,2024-12-25,Completed,5.2,power
WO-0005080,AST-00789,Corrective,Critical,2024-12-25,2024-12-27,2024-12-29,Completed,8.2,third_rail
WO-0000627,AST-00161,Preventive,Medium,2024-12-26,2025-01-05,2025-01-02,Completed,4.5,power
WO-0003224,AST-00821,Preventive,Medium,2024-12-26,2025-01-05,2024-12-26,Completed,3.5,power
WO-0004351,AST-00246,Corrective,High,2024-12-26,2024-12-31,2024-12-31,Completed,2.9,third_rail
WO-0004666,AST-00488,Corrective,Medium,2024-12-26,2025-01-05,2024-12-27,Completed,5.7,breaker
WO-0000494,AST-00128,Preventive,Medium,2024-12-27,2025-01-06,2024-12-31,Completed,6.5,power
WO-0000992,AST-00254,Preventive,Medium,2024-12-27,2025-01-06,2024-12-29,Completed,4.4,breaker
WO-0001946,AST-00500,Preventive,Medium,2024-12-27,2025-01-06,2024-12-29,Completed,4.0,cable
WO-0003304,AST-00837,Preventive,Medium,2024-12-27,2025-01-06,2024-12-30,Completed,3.6,third_rail
WO-0004262,AST-00195,Corrective,Medium,2024-12-27,2025-01-06,2025-01-02,Completed,5.3,power
WO-0005412,AST-00039,Corrective,High,2024-12-27,2025-01-01,2025-01-04,Completed,6.4,breaker
WO-0005423,AST-00064,Corrective,Medium,2024-12-27,2025-01-06,2024-12-28,Completed,5.5,third_rail
WO-0005477,AST-00139,Corrective,Medium,2024-12-27,2025-01-06,2024-12-27,Completed,6.7,third_rail
WO-0005634,AST-00348,Corrective,Medium,2024-12-27,2025-01-06,2024-12-28,Completed,5.1,breaker
WO-0005648,AST-00379,Corrective,Medium,2024-12-27,2025-01-06,2025-01-08,Completed,6.9,breaker
WO-0005653,AST-00386,Corrective,Medium,2024-12-27,2025-01-06,2025-01-02,Completed,6.6,third_rail
WO-0005680,AST-00413,Corrective,Medium,2024-12-27,2025-01-06,2024-12-31,Completed,4.9,power
WO-0005704,AST-00471,Corrective,Medium,2024-12-27,2025-01-06,2025-01-01,Completed,6.6,cable
WO-0005744,AST-00547,Corrective,High,2024-12-27,2025-01-01,2025-01-02,Completed,3.0,breaker
WO-0005758,AST-00568,Corrective,Medium,2024-12-27,2025-01-06,2024-12-31,Completed,4.4,power
WO-0005836,AST-00668,Corrective,Medium,2024-12-27,2025-01-06,2024-12-30,Completed,5.1,third_rail
WO-0005858,AST-00693,Corrective,Medium,2024-12-27,2025-01-06,2025-01-05,Completed,8.1,breaker
WO-0006083,AST-00974,Corrective,High,2024-12-27,2025-01-01,2024-12-28,Completed,5.6,third_rail
WO-0000342,AST-00087,Preventive,Medium,2024-12-28,2025-01-07,2024-12-29,Completed,4.8,cable
WO-0001291,AST-00330,Preventive,Medium,2024-12-28,2025-01-07,2024-12-30,Completed,4.7,breaker
WO-0001928,AST-00495,Preventive,Medium,2024-12-28,2025-01-07,2024-12-29,Completed,6.9,third_rail
WO-0002875,AST-00731,Preventive,Medium,2024-12-28,2025-01-07,2024-12-29,Completed,5.8,breaker
WO-0004687,AST-00501,Corrective,Medium,2024-12-28,2025-01-07,2024-12-29,Completed,6.1,cable
WO-0005476,AST-00136,Corrective,Medium,2024-12-28,2025-01-07,2025-01-01,Completed,6.7,power
WO-0005495,AST-00150,Corrective,Medium,2024-12-28,2025-01-07,2024-12-30,Completed,10.2,power
WO-0005535,AST-00173,Corrective,Medium,2024-12-28,2025-01-07,2025-01-05,Completed,6.5,breaker
WO-0005541,AST-00196,Corrective,Medium,2024-12-28,2025-01-07,2025-01-01,Completed,4.0,power
WO-0005717,AST-00512,Corrective,Medium,2024-12-28,2025-01-07,2024-12-31,Completed,6.4,third_rail
WO-0005733,AST-00536,Corrective,High,2024-12-28,2025-01-02,2024-12-28,Completed,7.3,breaker
WO-0005840,AST-00670,Corrective,Medium,2024-12-28,2025-01-07,2024-12-29,Completed,7.0,cable
WO-0005935,AST-00793,Corrective,Medium,2024-12-28,2025-01-07,2024-12-29,Completed,6.8,breaker
WO-0005940,AST-00797,Corrective,Medium,2024-12-28,2025-01-07,2025-01-01,Completed,10.1,power
WO-0006062,AST-00939,Corrective,High,2024-12-28,2025-01-02,2025-01-06,Completed,7.2,third_rail
WO-0000102,AST-00027,Preventive,Medium,2024-12-29,2025-01-08,2025-01-02,Completed,3.3,cable
WO-0002335,AST-00596,Preventive,Medium,2024-12-29,2025-01-08,2025-01-08,Completed,5.2,breaker
WO-0003465,AST-00876,Preventive,Medium,2024-12-29,2025-01-08,2025-01-02,Completed,1.9,third_rail
WO-0004937,AST-00684,Corrective,High,2024-12-29,2025-01-03,2024-12-30,Completed,12.9,cable
WO-0005527,AST-00172,Corrective,Medium,2024-12-29,2025-01-08,2025-01-01,Completed,6.3,cable
WO-0005556,AST-00227,Corrective,High,2024-12-29,2025-01-03,2025-01-02,Completed,11.5,power
WO-0005564,AST-00230,Corrective,High,2024-12-29,2025-01-03,2025-01-01,Completed,7.1,power
WO-0005891,AST-00732,Corrective,Medium,2024-12-29,2025-01-08,2024-12-29,Completed,6.7,power
WO-0005906,AST-00756,Corrective,Medium,2024-12-29,2025-01-08,2025-01-01,Completed,5.9,breaker
WO-0005929,AST-00784,Corrective,Medium,2024-12-29,2025-01-08,2024-12-30,Completed,11.2,cable
WO-0005993,AST-00872,Corrective,Medium,2024-12-29,2025-01-08,2024-12-30,Completed,5.7,power
WO-0006031,AST-00902,Corrective,High,2024-12-29,2025-01-03,2025-01-02,Completed,7.4,breaker
WO-0000959,AST-00246,Preventive,Medium,2024-12-30,2025-01-09,2024-12-30,Completed,6.8,third_rail
WO-0002090,AST-00537,Preventive,Medium,2024-12-30,2025-01-09,2024-12-31,Completed,7.0,cable
WO-0004192,AST-00144,Corrective,High,2024-12-30,2025-01-04,2025-01-01,Completed,7.2,cable
WO-0004328,AST-00232,Corrective,Medium,2024-12-30,2025-01-09,2025-01-04,Completed,7.2,cable
WO-0004490,AST-00358,Corrective,Medium,2024-12-30,2025-01-09,2025-01-03,Completed,4.5,third_rail
WO-0004962,AST-00699,Corrective,High,2024-12-30,2025-01-04,2025-01-05,Completed,9.1,cable
WO-0005400,AST-00014,Corrective,Medium,2024-12-30,2025-01-09,2024-12-30,Completed,6.4,third_rail
WO-0005430,AST-00087,Corrective,Medium,2024-12-30,2025-01-09,2024-12-30,Completed,5.7,cable
WO-0005435,AST-00091,Corrective,High,2024-12-30,2025-01-04,2025-01-03,Completed,6.2,power
WO-0005446,AST-00097,Corrective,High,2024-12-30,2025-01-04,2025-01-02,Completed,9.3,breaker
WO-0005591,AST-00267,Corrective,Medium,2024-12-30,2025-01-09,2025-01-02,Completed,7.5,breaker
WO-0005631,AST-00344,Corrective,Medium,2024-12-30,2025-01-09,2024-12-30,Completed,5.5,cable
WO-0005658,AST-00387,Corrective,Medium,2024-12-30,2025-01-09,2024-12-30,Completed,7.3,cable
WO-0005711,AST-00493,Corrective,Medium,2024-12-30,2025-01-09,2025-01-01,Completed,2.2,cable
WO-0005719,AST-00513,Corrective,Medium,2024-12-30,2025-01-09,2025-01-11,Completed,8.4,power
WO-0005811,AST-00627,Corrective,High,2024-12-30,2025-01-04,2025-01-03,Completed,5.6,third_rail
WO-0005814,AST-00638,Corrective,Medium,2024-12-30,2025-01-09,2024-12-31,Completed,6.6,cable
WO-0005847,AST-00675,Corrective,Medium,2024-12-30,2025-01-09,2024-12-31,Completed,8.3,cable
WO-0005860,AST-00695,Corrective,Medium,2024-12-30,2025-01-09,2025-01-02,Completed,5.4,third_rail
WO-0005864,AST-00701,Corrective,Medium,2024-12-30,2025-01-09,2025-01-01,Completed,7.3,breaker
WO-0005899,AST-00750,Corrective,Medium,2024-12-30,2025-01-09,2025-01-02,Completed,5.7,third_rail
WO-0005917,AST-00770,Corrective,High,2024-12-30,2025-01-04,2025-01-03,Completed,4.6,cable
WO-0005920,AST-00778,Corrective,Medium,2024-12-30,2025-01-09,2025-01-03,Completed,2.8,power
WO-0005943,AST-00799,Corrective,Medium,2024-12-30,2025-01-09,2024-12-31,Completed,4.1,cable
WO-0005948,AST-00803,Corrective,Medium,2024-12-30,2025-01-09,2025-01-01,Completed,7.3,third_rail
WO-0005984,AST-00862,Corrective,Medium,2024-12-30,2025-01-09,2025-01-03,Completed,5.3,cable
WO-0006007,AST-00880,Corrective,High,2024-12-30,2025-01-04,2025-01-04,Completed,5.5,cable
WO-0006010,AST-00887,Corrective,Medium,2024-12-30,2025-01-09,2024-12-31,Completed,6.2,breaker
WO-0006081,AST-00963,Corrective,Medium,2024-12-30,2025-01-09,2024-12-30,Completed,6.5,power
WO-0001030,AST-00264,Preventive,Medium,2024-12-31,2025-01-10,2025-01-08,Completed,3.4,power
WO-0001198,AST-00308,Preventive,Medium,2024-12-31,2025-01-10,2025-01-09,Completed,6.9,cable
WO-0001357,AST-00349,Preventive,Medium,2024-12-31,2025-01-10,2025-01-02,Completed,4.9,cable
WO-0002291,AST-00587,Preventive,Medium,2024-12-31,2025-01-10,2025-01-02,Completed,3.3,power
WO-0003005,AST-00765,Preventive,Medium,2024-12-31,2025-01-10,2025-01-01,Completed,7.8,third_rail
WO-0004426,AST-00310,Corrective,Medium,2024-12-31,2025-01-10,2025-01-10,Completed,5.4,power
WO-0004573,AST-00418,Corrective,High,2024-12-31,2025-01-05,2025-01-02,Completed,3.0,third_rail
WO-0004803,AST-00583,Corrective,Medium,2024-12-31,2025-01-10,2024-12-31,Completed,6.6,power
WO-0005127,AST-00823,Corrective,Medium,2024-12-31,2025-01-10,2025-01-02,Completed,7.0,breaker
WO-0005429,AST-00081,Corrective,Medium,2024-12-31,2025-01-10,2025-01-05,Completed,6.4,cable
WO-0005601,AST-00284,Corrective,Medium,2024-12-31,2025-01-10,2025-01-06,Completed,8.6,breaker
WO-0005641,AST-00361,Corrective,Medium,2024-12-31,2025-01-10,2025-01-02,Completed,8.1,third_rail
WO-0005786,AST-00610,Corrective,Medium,2024-12-31,2025-01-10,2025-01-01,Completed,6.2,cable
WO-0005791,AST-00616,Corrective,Medium,2024-12-31,2025-01-10,2025-01-05,Completed,7.0,cable
WO-0005869,AST-00707,Corrective,Medium,2024-12-31,2025-01-10,2025-01-01,Completed,7.0,third_rail
WO-0005959,AST-00814,Corrective,Medium,2024-12-31,2025-01-10,2025-01-01,Completed,6.5,cable
WO-0005980,AST-00847,Corrective,Medium,2024-12-31,2025-01-10,2025-01-05,Completed,5.7,breaker
WO-0005999,AST-00879,Corrective,Medium,2024-12-31,2025-01-10,2025-01-05,Completed,7.7,cable
WO-0006015,AST-00894,Corrective,Medium,2024-12-31,2025-01-10,2025-01-01,Completed,6.0,power
WO-0006018,AST-00896,Corrective,Medium,2024-12-31,2025-01-10,2025-01-01,Completed,2.8,third_rail
WO-0006055,AST-00932,Corrective,Medium,2024-12-31,2025-01-10,2024-12-31,Completed,8.8,breaker
WO-0006093,AST-00986,Corrective,Medium,2024-12-31,2025-01-10,2025-01-03,Completed,2.6,third_rail
WO-0002837,AST-00721,Preventive,Medium,2025-01-01,2025-01-11,2025-01-04,Completed,7.7,cable
WO-0003087,AST-00786,Preventive,Medium,2025-01-01,2025-01-11,2025-01-04,Completed,4.0,breaker
WO-0000317,AST-00081,Preventive,Medium,2025-01-02,2025-01-12,2025-01-02,Completed,5.2,cable
WO-0001362,AST-00350,Preventive,Medium,2025-01-02,2025-01-12,2025-01-04,Completed,3.5,power
WO-0001481,AST-00378,Preventive,Medium,2025-01-02,2025-01-12,2025-01-02,Completed,5.4,cable
WO-0001961,AST-00504,Preventive,Medium,2025-01-02,2025-01-12,2025-01-03,Completed,6.7,cable
WO-0002253,AST-00577,Preventive,Medium,2025-01-02,2025-01-12,2025-01-03,Completed,3.4,third_rail
WO-0002869,AST-00730,Preventive,Medium,2025-01-02,2025-01-12,2025-01-05,Completed,3.8,cable
WO-0000801,AST-00204,Preventive,Medium,2025-01-03,2025-01-13,2025-01-04,Completed,5.5,power
WO-0003396,AST-00859,Preventive,Medium,2025-01-03,2025-01-13,2025-01-06,Completed,4.7,breaker
WO-0004353,AST-00247,Corrective,Medium,2025-01-03,2025-01-13,2025-01-07,Completed,6.3,cable
WO-0004715,AST-00518,Corrective,Medium,2025-01-03,2025-01-13,2025-01-05,Completed,7.0,cable
WO-0000094,AST-00025,Preventive,Medium,2025-01-04,2025-01-14,2025-01-09,Completed,4.5,third_rail
WO-0001260,AST-00323,Preventive,Medium,2025-01-04,2025-01-14,2025-01-06,Completed,4.0,breaker
WO-0002792,AST-00710,Preventive,Medium,2025-01-04,2025-01-14,2025-01-06,Completed,2.7,cable
WO-0004768,AST-00558,Corrective,Medium,2025-01-04,2025-01-14,2025-01-17,Completed,5.5,cable
WO-0000510,AST-00133,Preventive,Medium,2025-01-05,2025-01-15,2025-01-07,Completed,1.7,cable
WO-0001267,AST-00325,Preventive,Medium,2025-01-05,2025-01-15,2025-01-17,Completed,4.3,third_rail
WO-0001578,AST-00403,Preventive,Medium,2025-01-05,2025-01-15,2025-01-13,Completed,5.7,third_rail
WO-0001950,AST-00501,Preventive,Medium,2025-01-05,2025-01-15,2025-01-05,Completed,5.5,cable
WO-0002444,AST-00625,Preventive,Medium,2025-01-05,2025-01-15,2025-01-06,Completed,5.7,third_rail
WO-0002991,AST-00760,Preventive,Medium,2025-01-05,2025-01-15,2025-01-07,Completed,4.9,cable
WO-0005360,AST-00974,Corrective,Medium,2025-01-05,2025-01-15,2025-01-10,Completed,3.6,third_rail
WO-0000156,AST-00041,Preventive,Medium,2025-01-06,2025-01-16,2025-01-11,Completed,3.5,cable
WO-0000523,AST-00136,Preventive,Medium,2025-01-06,2025-01-16,2025-01-09,Completed,4.4,power
WO-0001240,AST-00318,Preventive,Medium,2025-01-06,2025-01-16,2025-01-12,Completed,5.3,cable
WO-0001569,AST-00401,Preventive,Medium,2025-01-06,2025-01-16,2025-01-08,Completed,1.6,breaker
WO-0001716,AST-00438,Preventive,Medium,2025-01-06,2025-01-16,2025-01-08,Completed,6.9,cable
WO-0001828,AST-00466,Preventive,Medium,2025-01-06,2025-01-16,2025-01-08,Completed,6.2,cable
WO-0002949,AST-00750,Preventive,Medium,2025-01-06,2025-01-16,2025-01-12,Completed,4.4,third_rail
WO-0004352,AST-00246,Corrective,High,2025-01-06,2025-01-11,2025-01-07,Completed,6.1,third_rail
WO-0002221,AST-00570,Preventive,Medium,2025-01-07,2025-01-17,2025-01-07,Completed,6.2,cable
WO-0002496,AST-00637,Preventive,Medium,2025-01-07,2025-01-17,2025-01-08,Completed,5.8,cable
WO-0003070,AST-00782,Preventive,Medium,2025-01-07,2025-01-17,2025-01-07,Completed,3.1,third_rail
WO-0004169,AST-00133,Corrective,Medium,2025-01-07,2025-01-17,2025-01-12,Completed,8.2,cable
WO-0005056,AST-00769,Corrective,Medium,2025-01-07,2025-01-17,2025-01-14,Completed,9.5,power
WO-0005149,AST-00832,Corrective,Critical,2025-01-07,2025-01-09,2025-01-13,Completed,8.4,cable
WO-0005327,AST-00948,Corrective,Critical,2025-01-07,2025-01-09,2025-01-09,Completed,11.0,third_rail
WO-0000148,AST-00039,Preventive,Medium,2025-01-08,2025-01-18,2025-01-09,Completed,5.0,breaker
WO-0000996,AST-00255,Preventive,Medium,2025-01-08,2025-01-18,2025-01-08,Completed,3.9,breaker
WO-0001435,AST-00367,Preventive,Medium,2025-01-08,2025-01-18,2025-01-08,Completed,3.7,third_rail
WO-0001522,AST-00390,Preventive,Medium,2025-01-09,2025-01-19,2025-01-11,Completed,5.6,third_rail
WO-0001783,AST-00454,Preventive,Medium,2025-01-09,2025-01-19,2025-01-12,Completed,4.8,power
WO-0003730,AST-00939,Preventive,Medium,2025-01-09,2025-01-19,2025-01-13,Completed,6.5,third_rail
WO-0004398,AST-00285,Corrective,Medium,2025-01-09,2025-01-19,2025-01-09,Completed,7.5,cable
WO-0005146,AST-00831,Corrective,Medium,2025-01-09,2025-01-19,2025-01-12,Completed,11.0,cable
WO-0000837,AST-00214,Preventive,Medium,2025-01-10,2025-01-20,2025-01-12,Completed,5.3,third_rail
WO-0001517,AST-00389,Preventive,Medium,2025-01-10,2025-01-20,2025-01-14,Completed,4.7,power
WO-0002944,AST-00749,Preventive,Medium,2025-01-10,2025-01-20,2025-01-16,Completed,3.9,third_rail
WO-0004558,AST-00406,Corrective,Medium,2025-01-10,2025-01-20,2025-01-10,Completed,7.9,third_rail
WO-0004710,AST-00514,Corrective,High,2025-01-10,2025-01-15,2025-01-12,Completed,4.0,breaker
WO-0004863,AST-00633,Corrective,Medium,2025-01-10,2025-01-20,2025-01-12,Completed,6.3,power
WO-0004977,AST-00714,Corrective,Medium,2025-01-10,2025-01-20,2025-01-12,Completed,6.6,third_rail
WO-0000110,AST-00029,Preventive,Medium,2025-01-11,2025-01-21,2025-01-13,Completed,6.9,power
WO-0000618,AST-00159,Preventive,Medium,2025-01-11,2025-01-21,2025-01-13,Completed,8.1,cable
WO-0001299,AST-00332,Preventive,Medium,2025-01-11,2025-01-21,2025-01-12,Completed,3.2,breaker
WO-0002095,AST-00538,Preventive,Medium,2025-01-11,2025-01-21,2025-01-11,Completed,7.3,power
WO-0002800,AST-00713,Preventive,Medium,2025-01-11,2025-01-21,2025-01-12,Completed,4.8,third_rail
WO-0002644,AST-00674,Preventive,Medium,2025-01-12,2025-01-22,2025-01-13,Completed,5.0,cable
WO-0003708,AST-00933,Preventive,Medium,2025-01-12,2025-01-22,2025-01-12,Completed,8.6,cable
WO-0001296,AST-00331,Preventive,Medium,2025-01-13,2025-01-23,2025-01-14,Completed,5.7,cable
WO-0001464,AST-00374,Preventive,Medium,2025-01-13,2025-01-23,2025-01-13,Completed,5.5,breaker
WO-0002186,AST-00560,Preventive,Medium,2025-01-13,2025-01-23,2025-01-14,Completed,4.7,cable
WO-0003513,AST-00886,Preventive,Medium,2025-01-13,2025-01-23,2025-01-21,Completed,5.9,breaker
WO-0003754,AST-00945,Preventive,Medium,2025-01-13,2025-01-23,2025-01-25,Completed,5.1,cable
WO-0004271,AST-00201,Corrective,Medium,2025-01-13,2025-01-23,2025-01-29,Completed,6.9,third_rail
WO-0004493,AST-00359,Corrective,High,2025-01-13,2025-01-18,2025-01-18,Completed,4.7,cable
WO-0004595,AST-00442,Corrective,Medium,2025-01-13,2025-01-23,2025-01-23,Completed,6.9,power
WO-0005340,AST-00959,Corrective,Medium,2025-01-13,2025-01-23,2025-01-18,Completed,6.1,cable
WO-0003955,AST-00994,Preventive,Medium,2025-01-14,2025-01-24,2025-01-16,Completed,5.5,breaker
WO-0004741,AST-00540,Corrective,Medium,2025-01-14,2025-01-24,2025-01-17,Completed,6.8,third_rail
WO-0000186,AST-00048,Preventive,Medium,2025-01-15,2025-01-25,2025-01-15,Completed,6.4,breaker
WO-0000499,AST-00129,Preventive,Medium,2025-01-15,2025-01-25,2025-01-18,Completed,5.0,power
WO-0001470,AST-00375,Preventive,Medium,2025-01-15,2025-01-25,2025-01-15,Completed,2.5,power
WO-0002454,AST-00627,Preventive,Medium,2025-01-15,2025-01-25,2025-01-17,Completed,5.9,third_rail
WO-0002591,AST-00661,Preventive,Medium,2025-01-15,2025-01-25,2025-01-20,Completed,6.0,breaker
WO-0003254,AST-00827,Preventive,Medium,2025-01-15,2025-01-25,2025-01-19,Completed,6.5,cable
WO-0003344,AST-00848,Preventive,Medium,2025-01-15,2025-01-25,2025-01-21,Completed,6.6,cable
WO-0005311,AST-00937,Corrective,Medium,2025-01-15,2025-01-25,2025-01-18,Completed,5.8,third_rail
WO-0000567,AST-00146,Preventive,Medium,2025-01-16,2025-01-26,2025-01-18,Completed,6.2,breaker
WO-0000780,AST-00199,Preventive,Medium,2025-01-16,2025-01-26,2025-01-20,Completed,2.7,breaker
WO-0000794,AST-00202,Preventive,Medium,2025-01-16,2025-01-26,2025-01-22,Completed,3.8,third_rail
WO-0001040,AST-00266,Preventive,Medium,2025-01-16,2025-01-26,2025-01-19,Completed,4.3,power
WO-0002157,AST-00553,Preventive,Medium,2025-01-16,2025-01-26,2025-01-18,Completed,3.9,breaker
WO-0003823,AST-00963,Preventive,Medium,2025-01-16,2025-01-26,2025-01-16,Completed,3.8,power
WO-0005374,AST-00988,Corrective,Medium,2025-01-16,2025-01-26,2025-01-22,Completed,3.9,power
WO-0001728,AST-00441,Preventive,Medium,2025-01-17,2025-01-27,2025-01-18,Completed,7.7,third_rail
WO-0002052,AST-00528,Preventive,Medium,2025-01-17,2025-01-27,2025-01-20,Completed,3.5,third_rail
WO-0002323,AST-00594,Preventive,Medium,2025-01-17,2025-01-27,2025-01-24,Completed,4.9,cable
WO-0002561,AST-00654,Preventive,Medium,2025-01-17,2025-01-27,2025-01-20,Completed,7.1,breaker
WO-0003298,AST-00836,Preventive,Medium,2025-01-17,2025-01-27,2025-01-19,Completed,4.5,cable
WO-0005036,AST-00756,Corrective,High,2025-01-17,2025-01-22,2025-01-19,Completed,7.6,breaker
WO-0005180,AST-00847,Corrective,Medium,2025-01-17,2025-01-27,2025-01-24,Completed,4.8,breaker
WO-0005238,AST-00883,Corrective,Critical,2025-01-17,2025-01-19,2025-01-22,Completed,3.5,third_rail
WO-0000169,AST-00044,Preventive,Medium,2025-01-18,2025-01-28,2025-01-28,Completed,3.4,breaker
WO-0000269,AST-00070,Preventive,Medium,2025-01-18,2025-01-28,2025-01-22,Completed,3.8,cable
WO-0000554,AST-00143,Preventive,Medium,2025-01-18,2025-01-28,2025-01-25,Completed,4.0,third_rail
WO-0002076,AST-00534,Preventive,Medium,2025-01-18,2025-01-28,2025-01-23,Completed,4.1,cable
WO-0000940,AST-00241,Preventive,Medium,2025-01-19,2025-01-29,2025-01-22,Completed,5.2,third_rail
WO-0001867,AST-00476,Preventive,Medium,2025-01-19,2025-01-29,2025-01-23,Completed,5.2,breaker
WO-0003579,AST-00901,Preventive,Medium,2025-01-19,2025-01-29,2025-01-21,Completed,5.3,cable
WO-0004052,AST-00050,Corrective,High,2025-01-19,2025-01-24,2025-01-25,Completed,5.5,power
WO-0004767,AST-00558,Corrective,Critical,2025-01-19,2025-01-21,2025-01-30,Completed,7.2,cable
WO-0000045,AST-00013,Preventive,Medium,2025-01-20,2025-01-30,2025-01-26,Completed,5.2,cable
WO-0000674,AST-00172,Preventive,Medium,2025-01-20,2025-01-30,2025-01-23,Completed,3.5,cable
WO-0001049,AST-00269,Preventive,Medium,2025-01-20,2025-01-30,2025-01-22,Completed,7.3,power
WO-0001220,AST-00313,Preventive,Medium,2025-01-20,2025-01-30,2025-01-21,Completed,3.7,breaker
WO-0002432,AST-00622,Preventive,Medium,2025-01-20,2025-01-30,2025-01-21,Completed,5.5,cable
WO-0002744,AST-00698,Preventive,Medium,2025-01-20,2025-01-30,2025-01-22,Completed,4.7,cable
WO-0003428,AST-00866,Preventive,Medium,2025-01-20,2025-01-30,2025-01-24,Completed,3.6,third_rail
WO-0004518,AST-00374,Corrective,Medium,2025-01-20,2025-01-30,2025-01-24,Completed,6.8,breaker
WO-0000195,AST-00050,Preventive,Medium,2025-01-21,2025-01-31,2025-01-23,Completed,4.4,power
WO-0002005,AST-00515,Preventive,Medium,2025-01-21,2025-01-31,2025-01-27,Completed,3.4,breaker
WO-0002908,AST-00741,Preventive,Medium,2025-01-21,2025-01-31,2025-01-29,Completed,2.7,power
WO-0002976,AST-00756,Preventive,Medium,2025-01-21,2025-01-31,2025-02-02,Completed,5.5,breaker
WO-0003552,AST-00895,Preventive,Medium,2025-01-21,2025-01-31,2025-01-25,Completed,4.0,third_rail
WO-0005007,AST-00733,Corrective,Medium,2025-01-21,2025-01-31,2025-01-21,Completed,5.7,power
WO-0002297,AST-00588,Preventive,Medium,2025-01-22,2025-02-01,2025-01-31,Completed,4.1,breaker
WO-0004360,AST-00261,Corrective,Critical,2025-01-22,2025-01-24,2025-01-24,Completed,9.1,power
WO-0004569,AST-00413,Corrective,High,2025-01-22,2025-01-27,2025-01-27,Completed,7.6,power
WO-0000079,AST-00022,Preventive,Medium,2025-01-23,2025-02-02,2025-01-26,Completed,5.7,breaker
WO-0001416,AST-00363,Preventive,Medium,2025-01-23,2025-02-02,2025-01-24,Completed,3.9,power
WO-0001988,AST-00511,Preventive,Medium,2025-01-23,2025-02-02,2025-01-23,Completed,4.7,power
WO-0003140,AST-00800,Preventive,Medium,2025-01-23,2025-02-02,2025-01-23,Completed,7.8,cable
WO-0004457,AST-00332,Corrective,Medium,2025-01-23,2025-02-02,2025-01-24,Completed,7.1,breaker
WO-0005097,AST-00797,Corrective,High,2025-01-23,2025-01-28,2025-01-23,Completed,8.3,power
WO-0000073,AST-00021,Preventive,Medium,2025-01-24,2025-02-03,2025-01-25,Completed,6.8,third_rail
WO-0000334,AST-00085,Preventive,Medium,2025-01-24,2025-02-03,2025-01-25,Completed,4.7,power
WO-0000921,AST-00236,Preventive,Medium,2025-01-24,2025-02-03,2025-01-28,Completed,3.9,third_rail
WO-0001979,AST-00509,Preventive,Medium,2025-01-24,2025-02-03,2025-01-24,Completed,6.7,cable
WO-0003832,AST-00965,Preventive,Medium,2025-01-24,2025-02-03,2025-01-24,Completed,4.9,third_rail
WO-0004800,AST-00582,Corrective,Medium,2025-01-24,2025-02-03,2025-01-29,Completed,5.8,cable
WO-0004986,AST-00718,Corrective,High,2025-01-24,2025-01-29,2025-01-25,Completed,3.0,power
WO-0005243,AST-00889,Corrective,Critical,2025-01-24,2025-01-26,2025-01-27,Completed,9.8,power
WO-0000019,AST-00005,Preventive,Medium,2025-01-25,2025-02-04,2025-01-27,Completed,5.0,power
WO-0000115,AST-00030,Preventive,Medium,2025-01-25,2025-02-04,2025-02-06,Completed,6.4,cable
WO-0000645,AST-00165,Preventive,Medium,2025-01-25,2025-02-04,2025-01-28,Completed,4.8,cable
WO-0001387,AST-00357,Preventive,Medium,2025-01-25,2025-02-04,2025-02-01,Completed,4.2,third_rail
WO-0002490,AST-00636,Preventive,Medium,2025-01-25,2025-02-04,2025-01-25,Completed,3.8,power
WO-0003076,AST-00784,Preventive,Medium,2025-01-25,2025-02-04,2025-01-29,Completed,5.6,cable
WO-0003563,AST-00898,Preventive,Medium,2025-01-25,2025-02-04,2025-01-26,Completed,5.2,breaker
WO-0004300,AST-00218,Corrective,Medium,2025-01-25,2025-02-04,2025-01-27,Completed,8.5,power
WO-0004853,AST-00622,Corrective,Medium,2025-01-25,2025-02-04,2025-01-25,Completed,7.8,cable
WO-0004885,AST-00655,Corrective,High,2025-01-25,2025-01-30,2025-01-25,Completed,7.2,third_rail
WO-0005380,AST-00993,Corrective,High,2025-01-25,2025-01-30,2025-01-28,Completed,6.4,third_rail
WO-0000842,AST-00215,Preventive,Medium,2025-01-26,2025-02-05,2025-01-28,Completed,8.4,cable
WO-0001207,AST-00310,Preventive,Medium,2025-01-26,2025-02-05,2025-01-26,Completed,2.3,power
WO-0002364,AST-00604,Preventive,Medium,2025-01-26,2025-02-05,2025-01-27,Completed,4.7,cable
WO-0002527,AST-00646,Preventive,Medium,2025-01-26,2025-02-05,2025-01-28,Completed,6.3,third_rail
WO-0002739,AST-00697,Preventive,Medium,2025-01-26,2025-02-05,2025-02-07,Completed,4.1,cable
WO-0003842,AST-00967,Preventive,Medium,2025-01-26,2025-02-05,2025-01-30,Completed,4.5,third_rail
WO-0004022,AST-00029,Corrective,High,2025-01-26,2025-01-31,2025-01-31,Completed,6.7,power
WO-0004810,AST-00589,Corrective,Critical,2025-01-26,2025-01-28,2025-01-30,Completed,8.6,breaker
WO-0005268,AST-00907,Corrective,Medium,2025-01-26,2025-02-05,2025-01-29,Completed,5.5,cable
WO-0000850,AST-00217,Preventive,Medium,2025-01-27,2025-02-06,2025-01-28,Completed,3.9,power
WO-0002817,AST-00717,Preventive,Medium,2025-01-27,2025-02-06,2025-01-28,Completed,6.7,cable
WO-0002912,AST-00742,Preventive,Medium,2025-01-27,2025-02-06,2025-01-29,Completed,7.0,power
WO-0004158,AST-00125,Corrective,Medium,2025-01-27,2025-02-06,2025-02-01,Completed,6.9,power
WO-0005082,AST-00791,Corrective,Medium,2025-01-27,2025-02-06,2025-01-31,Completed,3.8,breaker
WO-0005105,AST-00809,Corrective,High,2025-01-27,2025-02-01,2025-01-28,Completed,7.4,cable
WO-0005345,AST-00963,Corrective,Medium,2025-01-27,2025-02-06,2025-01-31,Completed,7.8,power
WO-0001422,AST-00364,Preventive,Medium,2025-01-28,2025-02-07,2025-01-31,Completed,3.5,power
WO-0003192,AST-00813,Preventive,Medium,2025-01-28,2025-02-07,2025-01-31,Completed,5.4,third_rail
WO-0003790,AST-00955,Preventive,Medium,2025-01-28,2025-02-07,2025-01-31,Completed,4.1,third_rail
WO-0000222,AST-00057,Preventive,Medium,2025-01-29,2025-02-08,2025-01-30,Completed,6.3,cable
WO-0000373,AST-00096,Preventive,Medium,2025-01-29,2025-02-08,2025-02-02,Completed,4.9,cable
WO-0002369,AST-00605,Preventive,Medium,2025-01-29,2025-02-08,2025-01-31,Completed,3.5,third_rail
WO-0004131,AST-00113,Corrective,High,2025-01-29,2025-02-03,2025-02-03,Completed,9.5,breaker
WO-0002282,AST-00584,Preventive,Medium,2025-01-30,2025-02-09,2025-02-06,Completed,4.6,breaker
WO-0003854,AST-00970,Preventive,Medium,2025-01-30,2025-02-09,2025-02-03,Completed,6.1,breaker
WO-0004416,AST-00303,Corrective,Critical,2025-01-30,2025-02-01,2025-02-06,Completed,9.4,cable
WO-0004581,AST-00424,Corrective,Critical,2025-01-30,2025-02-01,2025-02-01,Completed,7.2,power
WO-0000132,AST-00035,Preventive,Medium,2025-01-31,2025-02-10,2025-02-06,Completed,3.9,cable
WO-0000213,AST-00054,Preventive,Medium,2025-01-31,2025-02-10,2025-02-01,Completed,4.9,cable
WO-0000395,AST-00101,Preventive,Medium,2025-01-31,2025-02-10,2025-02-09,Completed,2.6,third_rail
WO-0000463,AST-00120,Preventive,Medium,2025-01-31,2025-02-10,2025-02-06,Completed,4.0,cable
WO-0001872,AST-00477,Preventive,Medium,2025-01-31,2025-02-10,2025-02-02,Completed,6.8,cable
WO-0003416,AST-00863,Preventive,Medium,2025-01-31,2025-02-10,2025-02-08,Completed,5.4,third_rail
WO-0001007,AST-00258,Preventive,Medium,2025-02-01,2025-02-11,2025-02-03,Completed,4.5,power
WO-0001486,AST-00379,Preventive,Medium,2025-02-01,2025-02-11,2025-02-05,Completed,5.8,breaker
WO-0001601,AST-00408,Preventive,Medium,2025-02-01,2025-02-11,2025-02-02,Completed,3.6,third_rail
WO-0003445,AST-00870,Preventive,Medium,2025-02-01,2025-02-11,2025-02-13,Completed,4.8,breaker
WO-0004464,AST-00338,Corrective,Medium,2025-02-01,2025-02-11,2025-02-05,Completed,7.0,cable
WO-0000129,AST-00034,Preventive,Medium,2025-02-02,2025-02-12,2025-02-07,Completed,7.0,breaker
WO-0000484,AST-00125,Preventive,Medium,2025-02-02,2025-02-12,2025-02-02,Completed,6.9,power
WO-0000742,AST-00190,Preventive,Medium,2025-02-02,2025-02-12,2025-02-03,Completed,4.3,breaker
WO-0001676,AST-00427,Preventive,Medium,2025-02-02,2025-02-12,2025-02-04,Completed,6.5,breaker
WO-0002896,AST-00737,Preventive,Medium,2025-02-02,2025-02-12,2025-02-03,Completed,4.6,breaker
WO-0003664,AST-00922,Preventive,Medium,2025-02-02,2025-02-12,2025-02-06,Completed,7.7,third_rail
WO-0003828,AST-00964,Preventive,Medium,2025-02-02,2025-02-12,2025-02-02,Completed,1.5,power
WO-0004658,AST-00480,Corrective,High,2025-02-03,2025-02-08,2025-02-06,Completed,4.3,cable
WO-0000257,AST-00067,Preventive,Medium,2025-02-04,2025-02-14,2025-02-04,Completed,3.9,cable
WO-0000573,AST-00147,Preventive,Medium,2025-02-04,2025-02-14,2025-02-05,Completed,4.8,breaker
WO-0000623,AST-00160,Preventive,Medium,2025-02-04,2025-02-14,2025-02-13,Completed,6.9,third_rail
WO-0000719,AST-00184,Preventive,Medium,2025-02-04,2025-02-14,2025-02-09,Completed,6.5,breaker
WO-0001560,AST-00399,Preventive,Medium,2025-02-04,2025-02-14,2025-02-08,Completed,5.3,cable
WO-0001738,AST-00443,Preventive,Medium,2025-02-04,2025-02-14,2025-02-07,Completed,5.5,cable
WO-0001813,AST-00462,Preventive,Medium,2025-02-04,2025-02-14,2025-02-06,Completed,4.6,power
WO-0002670,AST-00680,Preventive,Medium,2025-02-04,2025-02-14,2025-02-05,Completed,8.0,breaker
WO-0002789,AST-00709,Preventive,Medium,2025-02-04,2025-02-14,2025-02-06,Completed,4.8,cable
WO-0002889,AST-00735,Preventive,Medium,2025-02-04,2025-02-14,2025-02-16,Completed,3.6,power
WO-0003065,AST-00781,Preventive,Medium,2025-02-04,2025-02-14,2025-02-07,Completed,5.0,breaker
WO-0005123,AST-00821,Corrective,Medium,2025-02-04,2025-02-14,2025-02-08,Completed,9.3,power
WO-0000904,AST-00231,Preventive,Medium,2025-02-05,2025-02-15,2025-02-11,Completed,4.6,power
WO-0001638,AST-00418,Preventive,Medium,2025-02-05,2025-02-15,2025-02-12,Completed,4.2,third_rail
WO-0002151,AST-00552,Preventive,Medium,2025-02-05,2025-02-15,2025-02-07,Completed,3.0,power
WO-0002302,AST-00589,Preventive,Medium,2025-02-05,2025-02-15,2025-02-07,Completed,5.3,breaker
WO-0002710,AST-00690,Preventive,Medium,2025-02-05,2025-02-15,2025-02-17,Completed,6.5,cable
WO-0003480,AST-00879,Preventive,Medium,2025-02-05,2025-02-15,2025-02-06,Completed,6.8,cable
WO-0005168,AST-00842,Corrective,High,2025-02-05,2025-02-10,2025-02-06,Completed,6.7,third_rail
WO-0000885,AST-00226,Preventive,Medium,2025-02-06,2025-02-16,2025-02-10,Completed,5.4,third_rail
WO-0003584,AST-00902,Preventive,Medium,2025-02-06,2025-02-16,2025-02-11,Completed,5.5,breaker
WO-0005366,AST-00983,Corrective,Medium,2025-02-06,2025-02-16,2025-02-12,Completed,6.6,cable
WO-0000601,AST-00155,Preventive,Medium,2025-02-07,2025-02-17,2025-02-13,Completed,6.7,power
WO-0000688,AST-00176,Preventive,Medium,2025-02-07,2025-02-17,2025-02-07,Completed,2.6,power
WO-0001658,AST-00422,Preventive,Medium,2025-02-07,2025-02-17,2025-02-09,Completed,4.9,power
WO-0001799,AST-00458,Preventive,Medium,2025-02-07,2025-02-17,2025-02-10,Completed,6.4,cable
WO-0002317,AST-00593,Preventive,Medium,2025-02-07,2025-02-17,2025-02-15,Completed,3.9,breaker
WO-0002536,AST-00648,Preventive,Medium,2025-02-07,2025-02-17,2025-02-13,Completed,6.2,cable
WO-0002983,AST-00758,Preventive,Medium,2025-02-07,2025-02-17,2025-02-19,Completed,3.3,third_rail
WO-0003335,AST-00846,Preventive,Medium,2025-02-07,2025-02-17,2025-02-09,Completed,5.7,third_rail
WO-0000426,AST-00110,Preventive,Medium,2025-02-08,2025-02-18,2025-02-20,Completed,6.8,third_rail
WO-0001092,AST-00281,Preventive,Medium,2025-02-08,2025-02-18,2025-02-13,Completed,4.7,power
WO-0001624,AST-00414,Preventive,Medium,2025-02-08,2025-02-18,2025-02-16,Completed,5.6,third_rail
WO-0001244,AST-00319,Preventive,Medium,2025-02-09,2025-02-19,2025-02-09,Completed,4.4,breaker
WO-0002718,AST-00692,Preventive,Medium,2025-02-09,2025-02-19,2025-02-12,Completed,5.9,third_rail
WO-0003041,AST-00774,Preventive,Medium,2025-02-09,2025-02-19,2025-02-10,Completed,5.6,third_rail
WO-0003904,AST-00983,Preventive,Medium,2025-02-09,2025-02-19,2025-02-14,Completed,5.7,cable
WO-0004170,AST-00135,Corrective,Medium,2025-02-09,2025-02-19,2025-02-12,Completed,7.7,cable
WO-0000999,AST-00256,Preventive,Medium,2025-02-10,2025-02-20,2025-02-11,Completed,6.3,cable
WO-0004685,AST-00498,Corrective,High,2025-02-10,2025-02-15,2025-02-19,Completed,9.2,cable
WO-0005211,AST-00869,Corrective,Medium,2025-02-10,2025-02-20,2025-02-11,Completed,3.8,power
WO-0000302,AST-00077,Preventive,Medium,2025-02-11,2025-02-21,2025-02-15,Completed,4.0,breaker
WO-0002235,AST-00573,Preventive,Medium,2025-02-11,2025-02-21,2025-02-12,Completed,5.3,cable
WO-0004233,AST-00170,Corrective,Critical,2025-02-11,2025-02-13,2025-02-16,Completed,7.3,third_rail
WO-0004527,AST-00383,Corrective,Medium,2025-02-11,2025-02-21,2025-02-11,Completed,4.7,third_rail
WO-0000926,AST-00237,Preventive,Medium,2025-02-12,2025-02-22,2025-02-17,Completed,4.7,cable
WO-0001794,AST-00457,Preventive,Medium,2025-02-12,2025-02-22,2025-02-16,Completed,6.4,third_rail
WO-0004473,AST-00345,Corrective,Medium,2025-02-12,2025-02-22,2025-02-16,Completed,5.1,third_rail
WO-0004516,AST-00372,Corrective,Medium,2025-02-12,2025-02-22,2025-02-18,Completed,9.1,breaker
WO-0004797,AST-00580,Corrective,Medium,2025-02-12,2025-02-22,2025-02-14,Completed,2.8,breaker
WO-0002772,AST-00705,Preventive,Medium,2025-02-13,2025-02-23,2025-02-20,Completed,4.0,breaker
WO-0003173,AST-00808,Preventive,Medium,2025-02-13,2025-02-23,2025-02-14,Completed,5.6,power
WO-0000590,AST-00152,Preventive,Medium,2025-02-14,2025-02-24,2025-02-20,Completed,5.1,third_rail
WO-0004594,AST-00442,Corrective,High,2025-02-14,2025-02-19,2025-02-26,Completed,7.6,power
WO-0004198,AST-00147,Corrective,Critical,2025-02-15,2025-02-17,2025-02-18,Completed,8.6,breaker
WO-0001393,AST-00358,Preventive,Medium,2025-02-16,2025-02-26,2025-02-17,Completed,5.6,third_rail
WO-0001921,AST-00493,Preventive,Medium,2025-02-16,2025-02-26,2025-02-18,Completed,1.5,cable
WO-0001954,AST-00502,Preventive,Medium,2025-02-16,2025-02-26,2025-02-21,Completed,6.7,third_rail
WO-0002115,AST-00543,Preventive,Medium,2025-02-16,2025-02-26,2025-02-17,Completed,4.6,third_rail
WO-0002706,AST-00689,Preventive,Medium,2025-02-16,2025-02-26,2025-02-18,Completed,4.3,third_rail
WO-0002855,AST-00727,Preventive,Medium,2025-02-16,2025-02-26,2025-02-19,Completed,5.9,breaker
WO-0003659,AST-00921,Preventive,Medium,2025-02-16,2025-02-26,2025-02-18,Completed,7.2,power
WO-0000216,AST-00055,Preventive,Medium,2025-02-17,2025-02-27,2025-02-17,Completed,6.4,cable
WO-0000807,AST-00205,Preventive,Medium,2025-02-17,2025-02-27,2025-02-23,Completed,7.3,power
WO-0001687,AST-00430,Preventive,Medium,2025-02-17,2025-02-27,2025-02-17,Completed,4.5,third_rail
WO-0001844,AST-00470,Preventive,Medium,2025-02-17,2025-02-27,2025-02-21,Completed,6.0,cable
WO-0002664,AST-00679,Preventive,Medium,2025-02-17,2025-02-27,2025-02-18,Completed,8.0,power
WO-0003318,AST-00841,Preventive,Medium,2025-02-17,2025-02-27,2025-02-24,Completed,3.7,power
WO-0003937,AST-00990,Preventive,Medium,2025-02-17,2025-02-27,2025-02-19,Completed,2.8,third_rail
WO-0004118,AST-00105,Corrective,Medium,2025-02-17,2025-02-27,2025-02-23,Completed,4.4,third_rail
WO-0004613,AST-00449,Corrective,Medium,2025-02-17,2025-02-27,2025-02-25,Completed,3.6,power
WO-0001702,AST-00434,Preventive,Medium,2025-02-18,2025-02-28,2025-02-21,Completed,5.8,third_rail
WO-0002071,AST-00533,Preventive,Medium,2025-02-18,2025-02-28,2025-02-19,Completed,5.0,breaker
WO-0004077,AST-00066,Corrective,Medium,2025-02-18,2025-02-28,2025-02-20,Completed,8.1,cable
WO-0004583,AST-00429,Corrective,Medium,2025-02-18,2025-02-28,2025-02-19,Completed,8.3,power
WO-0005035,AST-00755,Corrective,Medium,2025-02-18,2025-02-28,2025-02-19,Completed,7.4,cable
WO-0000771,AST-00197,Preventive,Medium,2025-02-19,2025-03-01,2025-02-20,Completed,2.1,cable
WO-0000943,AST-00242,Preventive,Medium,2025-02-19,2025-03-01,2025-02-22,Completed,5.8,third_rail
WO-0001770,AST-00451,Preventive,Medium,2025-02-19,2025-03-01,2025-02-23,Completed,3.0,power
WO-0001863,AST-00475,Preventive,Medium,2025-02-19,2025-03-01,2025-02-22,Completed,3.6,breaker
WO-0003123,AST-00796,Preventive,Medium,2025-02-19,2025-03-01,2025-02-19,Completed,5.0,breaker
WO-0003324,AST-00843,Preventive,Medium,2025-02-19,2025-03-01,2025-02-20,Completed,6.9,cable
WO-0003492,AST-00881,Preventive,Medium,2025-02-19,2025-03-01,2025-02-27,Completed,5.0,cable
WO-0004756,AST-00550,Corrective,Medium,2025-02-19,2025-03-01,2025-02-21,Completed,7.5,cable
WO-0000459,AST-00119,Preventive,Medium,2025-02-20,2025-03-02,2025-02-23,Completed,5.3,cable
WO-0001188,AST-00305,Preventive,Medium,2025-02-20,2025-03-02,2025-02-21,Completed,4.0,third_rail
WO-0001547,AST-00396,Preventive,Medium,2025-02-20,2025-03-02,2025-02-22,Completed,5.5,cable
WO-0004006,AST-00020,Corrective,Medium,2025-02-20,2025-03-02,2025-02-22,Completed,6.6,cable
WO-0005134,AST-00826,Corrective,Medium,2025-02-20,2025-03-02,2025-02-24,Completed,7.2,power
WO-0003082,AST-00785,Preventive,Medium,2025-02-21,2025-03-03,2025-02-21,Completed,3.1,third_rail
WO-0004061,AST-00055,Corrective,Medium,2025-02-21,2025-03-03,2025-03-02,Completed,5.9,cable
WO-0000863,AST-00220,Preventive,Medium,2025-02-22,2025-03-04,2025-02-23,Completed,7.9,breaker
WO-0003508,AST-00885,Preventive,Medium,2025-02-22,2025-03-04,2025-03-06,Completed,3.2,breaker
WO-0004181,AST-00139,Corrective,High,2025-02-22,2025-02-27,2025-02-23,Completed,8.4,third_rail
WO-0004211,AST-00156,Corrective,Medium,2025-02-22,2025-03-04,2025-02-22,Completed,7.6,cable
WO-0000562,AST-00145,Preventive,Medium,2025-02-23,2025-03-05,2025-02-28,Completed,6.9,cable
WO-0002170,AST-00556,Preventive,Medium,2025-02-23,2025-03-05,2025-02-27,Completed,4.6,breaker
WO-0003778,AST-00952,Preventive,Medium,2025-02-23,2025-03-05,2025-02-26,Completed,5.3,breaker
WO-0003942,AST-00991,Preventive,Medium,2025-02-23,2025-03-05,2025-02-24,Completed,6.8,cable
WO-0004221,AST-00165,Corrective,Medium,2025-02-23,2025-03-05,2025-02-25,Completed,5.8,cable
WO-0003974,AST-00999,Preventive,Medium,2025-02-24,2025-03-06,2025-02-24,Completed,7.5,third_rail
WO-0005259,AST-00902,Corrective,Medium,2025-02-24,2025-03-06,2025-03-02,Completed,3.9,breaker
WO-0001074,AST-00276,Preventive,Medium,2025-02-25,2025-03-07,2025-02-25,Completed,3.9,breaker
WO-0001648,AST-00420,Preventive,Medium,2025-02-25,2025-03-07,2025-02-27,Completed,3.6,third_rail
WO-0003034,AST-00772,Preventive,Medium,2025-02-25,2025-03-07,2025-02-28,Completed,7.0,cable
WO-0003212,AST-00818,Preventive,Medium,2025-02-25,2025-03-07,2025-02-26,Completed,6.2,cable
WO-0005037,AST-00756,Corrective,Medium,2025-02-25,2025-03-07,2025-03-02,Completed,5.4,breaker
WO-0000178,AST-00046,Preventive,Medium,2025-02-26,2025-03-08,2025-03-03,Completed,5.1,third_rail
WO-0001652,AST-00421,Preventive,Medium,2025-02-26,2025-03-08,2025-03-01,Completed,5.0,cable
WO-0001683,AST-00429,Preventive,Medium,2025-02-26,2025-03-08,2025-02-28,Completed,3.8,power
WO-0001791,AST-00456,Preventive,Medium,2025-02-26,2025-03-08,2025-03-08,Completed,5.2,breaker
WO-0004512,AST-00370,Corrective,Medium,2025-02-26,2025-03-08,2025-03-04,Completed,2.4,third_rail
WO-0000247,AST-00065,Preventive,Medium,2025-02-27,2025-03-09,2025-02-28,Completed,5.0,cable
WO-0001082,AST-00278,Preventive,Medium,2025-02-27,2025-03-09,2025-03-04,Completed,3.7,cable
WO-0001407,AST-00361,Preventive,Medium,2025-02-27,2025-03-09,2025-03-06,Completed,6.2,third_rail
WO-0001935,AST-00497,Preventive,Medium,2025-02-27,2025-03-09,2025-03-11,Completed,4.7,cable
WO-0002340,AST-00597,Preventive,Medium,2025-02-27,2025-03-09,2025-03-01,Completed,2.6,cable
WO-0002437,AST-00623,Preventive,Medium,2025-02-27,2025-03-09,2025-03-01,Completed,1.8,third_rail
WO-0002823,AST-00718,Preventive,Medium,2025-02-27,2025-03-09,2025-03-03,Completed,3.7,power
WO-0003914,AST-00985,Preventive,Medium,2025-02-27,2025-03-09,2025-03-01,Completed,5.3,power
WO-0004238,AST-00173,Corrective,Medium,2025-02-27,2025-03-09,2025-02-27,Completed,9.6,breaker
WO-0004938,AST-00684,Corrective,Medium,2025-02-27,2025-03-09,2025-03-11,Completed,2.0,cable
WO-0002205,AST-00565,Preventive,Medium,2025-02-28,2025-03-10,2025-03-07,Completed,4.0,cable
WO-0002551,AST-00652,Preventive,Medium,2025-02-28,2025-03-10,2025-03-02,Completed,4.9,third_rail
WO-0002566,AST-00655,Preventive,Medium,2025-02-28,2025-03-10,2025-02-28,Completed,5.3,third_rail
WO-0003486,AST-00880,Preventive,Medium,2025-02-28,2025-03-10,2025-03-01,Completed,3.0,cable
WO-0005310,AST-00937,Corrective,Medium,2025-02-28,2025-03-10,2025-03-05,Completed,5.6,third_rail
WO-0000517,AST-00135,Preventive,Medium,2025-03-01,2025-03-11,2025-03-04,Completed,5.6,cable
WO-0003377,AST-00855,Preventive,Medium,2025-03-01,2025-03-11,2025-03-03,Completed,4.9,breaker
WO-0003908,AST-00984,Preventive,Medium,2025-03-01,2025-03-11,2025-03-04,Completed,5.6,cable
WO-0003924,AST-00987,Preventive,Medium,2025-03-01,2025-03-11,2025-03-02,Completed,5.4,breaker
WO-0004078,AST-00066,Corrective,Medium,2025-03-01,2025-03-11,2025-03-02,Completed,8.1,cable
WO-0004501,AST-00363,Corrective,Medium,2025-03-01,2025-03-11,2025-03-07,Completed,6.7,power
WO-0004789,AST-00572,Corrective,Medium,2025-03-01,2025-03-11,2025-03-02,Completed,3.5,third_rail
WO-0005131,AST-00825,Corrective,High,2025-03-01,2025-03-06,2025-03-06,Completed,7.5,third_rail
WO-0000821,AST-00209,Preventive,Medium,2025-03-02,2025-03-12,2025-03-02,Completed,1.9,power
WO-0001155,AST-00296,Preventive,Medium,2025-03-02,2025-03-12,2025-03-09,Completed,3.1,third_rail
WO-0002329,AST-00595,Preventive,Medium,2025-03-02,2025-03-12,2025-03-02,Completed,4.6,power
WO-0003592,AST-00904,Preventive,Medium,2025-03-02,2025-03-12,2025-03-14,Completed,7.5,cable
WO-0002393,AST-00611,Preventive,Medium,2025-03-03,2025-03-13,2025-03-06,Completed,4.9,cable
WO-0002701,AST-00688,Preventive,Medium,2025-03-03,2025-03-13,2025-03-03,Completed,4.0,third_rail
WO-0002733,AST-00696,Preventive,Medium,2025-03-03,2025-03-13,2025-03-16,Completed,4.8,cable
WO-0003529,AST-00890,Preventive,Medium,2025-03-03,2025-03-13,2025-03-05,Completed,7.2,cable
WO-0000386,AST-00099,Preventive,Medium,2025-03-04,2025-03-14,2025-03-07,Completed,6.1,power
WO-0001403,AST-00360,Preventive,Medium,2025-03-04,2025-03-14,2025-03-05,Completed,3.8,cable
WO-0003349,AST-00849,Preventive,Medium,2025-03-04,2025-03-14,2025-03-08,Completed,3.4,power
WO-0003983,AST-00004,Corrective,Medium,2025-03-04,2025-03-14,2025-03-10,Completed,5.5,cable
WO-0004732,AST-00536,Corrective,Medium,2025-03-04,2025-03-14,2025-03-04,Completed,7.9,breaker
WO-0002226,AST-00571,Preventive,Medium,2025-03-05,2025-03-15,2025-03-09,Completed,4.5,breaker
WO-0003234,AST-00823,Preventive,Medium,2025-03-05,2025-03-15,2025-03-17,Completed,3.7,breaker
WO-0003292,AST-00835,Preventive,Medium,2025-03-05,2025-03-15,2025-03-07,Completed,4.6,cable
WO-0003516,AST-00887,Preventive,Medium,2025-03-05,2025-03-15,2025-03-10,Completed,7.4,breaker
WO-0003859,AST-00971,Preventive,Medium,2025-03-05,2025-03-15,2025-03-09,Completed,2.1,breaker
WO-0000450,AST-00117,Preventive,Medium,2025-03-06,2025-03-16,2025-03-10,Completed,2.2,third_rail
WO-0000980,AST-00251,Preventive,Medium,2025-03-06,2025-03-16,2025-03-07,Completed,4.8,cable
WO-0001224,AST-00314,Preventive,Medium,2025-03-06,2025-03-16,2025-03-08,Completed,5.3,breaker
WO-0001533,AST-00393,Preventive,Medium,2025-03-06,2025-03-16,2025-03-09,Completed,6.1,cable
WO-0000285,AST-00073,Preventive,Medium,2025-03-07,2025-03-17,2025-03-09,Completed,5.4,third_rail
WO-0000408,AST-00105,Preventive,Medium,2025-03-07,2025-03-17,2025-03-09,Completed,4.9,third_rail
WO-0000597,AST-00154,Preventive,Medium,2025-03-07,2025-03-17,2025-03-19,Completed,6.2,cable
WO-0000746,AST-00191,Preventive,Medium,2025-03-07,2025-03-17,2025-03-08,Completed,5.4,third_rail
WO-0001310,AST-00335,Preventive,Medium,2025-03-07,2025-03-17,2025-03-11,Completed,6.0,power
WO-0001588,AST-00405,Preventive,Medium,2025-03-07,2025-03-17,2025-03-08,Completed,5.4,third_rail
WO-0002545,AST-00651,Preventive,Medium,2025-03-07,2025-03-17,2025-03-09,Completed,5.5,cable
WO-0003367,AST-00853,Preventive,Medium,2025-03-07,2025-03-17,2025-03-08,Completed,6.7,third_rail
WO-0003598,AST-00905,Preventive,Medium,2025-03-07,2025-03-17,2025-03-11,Completed,5.0,third_rail
WO-0004101,AST-00089,Corrective,Critical,2025-03-07,2025-03-09,2025-03-11,Completed,7.6,power
WO-0004570,AST-00414,Corrective,Medium,2025-03-07,2025-03-17,2025-03-14,Completed,7.0,third_rail
WO-0005274,AST-00911,Corrective,Critical,2025-03-07,2025-03-09,2025-03-13,Completed,8.6,third_rail
WO-0000710,AST-00182,Preventive,Medium,2025-03-08,2025-03-18,2025-03-12,Completed,4.8,third_rail
WO-0001882,AST-00480,Preventive,Medium,2025-03-08,2025-03-18,2025-03-20,Completed,3.7,cable
WO-0003892,AST-00980,Preventive,Medium,2025-03-08,2025-03-18,2025-03-10,Completed,5.3,breaker
WO-0005304,AST-00934,Corrective,Medium,2025-03-08,2025-03-18,2025-03-12,Completed,8.1,third_rail
WO-0001708,AST-00436,Preventive,Medium,2025-03-09,2025-03-19,2025-03-09,Completed,4.0,breaker
WO-0001940,AST-00498,Preventive,Medium,2025-03-09,2025-03-19,2025-03-10,Completed,5.2,cable
WO-0002423,AST-00620,Preventive,Medium,2025-03-09,2025-03-19,2025-03-15,Completed,8.5,power
WO-0002485,AST-00635,Preventive,Medium,2025-03-09,2025-03-19,2025-03-13,Completed,2.3,power
WO-0002621,AST-00669,Preventive,Medium,2025-03-09,2025-03-19,2025-03-12,Completed,6.0,breaker
WO-0000402,AST-00103,Preventive,Medium,2025-03-10,2025-03-20,2025-03-15,Completed,4.7,breaker
WO-0001019,AST-00261,Preventive,Medium,2025-03-10,2025-03-20,2025-03-10,Completed,6.4,power
WO-0001779,AST-00453,Preventive,Medium,2025-03-10,2025-03-20,2025-03-15,Completed,4.1,cable
WO-0001852,AST-00472,Preventive,Medium,2025-03-10,2025-03-20,2025-03-13,Completed,3.6,cable
WO-0002249,AST-00576,Preventive,Medium,2025-03-10,2025-03-20,2025-03-22,Completed,4.1,cable
WO-0003630,AST-00913,Preventive,Medium,2025-03-10,2025-03-20,2025-03-12,Completed,4.7,third_rail
WO-0000833,AST-00213,Preventive,Medium,2025-03-11,2025-03-21,2025-03-15,Completed,3.3,breaker
WO-0002138,AST-00549,Preventive,Medium,2025-03-11,2025-03-21,2025-03-14,Completed,6.6,third_rail
WO-0002602,AST-00664,Preventive,Medium,2025-03-11,2025-03-21,2025-03-13,Completed,6.0,power
WO-0002994,AST-00761,Preventive,Medium,2025-03-11,2025-03-21,2025-03-11,Completed,5.7,cable
WO-0004298,AST-00218,Corrective,Medium,2025-03-11,2025-03-21,2025-03-14,Completed,2.9,power
WO-0004905,AST-00670,Corrective,Medium,2025-03-11,2025-03-21,2025-03-15,Completed,12.1,cable
WO-0000236,AST-00061,Preventive,Medium,2025-03-12,2025-03-22,2025-03-16,Completed,6.4,cable
WO-0000594,AST-00153,Preventive,Medium,2025-03-12,2025-03-22,2025-03-20,Completed,1.9,power
WO-0001551,AST-00397,Preventive,Medium,2025-03-12,2025-03-22,2025-03-19,Completed,4.8,third_rail
WO-0001584,AST-00404,Preventive,Medium,2025-03-12,2025-03-22,2025-03-14,Completed,1.9,power
WO-0003249,AST-00826,Preventive,Medium,2025-03-12,2025-03-22,2025-03-15,Completed,8.2,power
WO-0004203,AST-00149,Corrective,Medium,2025-03-12,2025-03-22,2025-03-13,Completed,7.8,cable
WO-0005038,AST-00757,Corrective,Critical,2025-03-12,2025-03-14,2025-03-12,Completed,8.8,breaker
WO-0005136,AST-00827,Corrective,High,2025-03-12,2025-03-17,2025-03-19,Completed,8.5,cable
WO-0002458,AST-00628,Preventive,Medium,2025-03-13,2025-03-23,2025-03-15,Completed,4.5,power
WO-0003260,AST-00828,Preventive,Medium,2025-03-13,2025-03-23,2025-03-15,Completed,1.5,breaker
WO-0003383,AST-00856,Preventive,Medium,2025-03-13,2025-03-23,2025-03-17,Completed,3.2,cable
WO-0003609,AST-00907,Preventive,Medium,2025-03-13,2025-03-23,2025-03-19,Completed,6.7,cable
WO-0000502,AST-00130,Preventive,Medium,2025-03-14,2025-03-24,2025-03-17,Completed,4.1,cable
WO-0001350,AST-00347,Preventive,Medium,2025-03-14,2025-03-24,2025-03-15,Completed,4.0,third_rail
WO-0002195,AST-00562,Preventive,Medium,2025-03-14,2025-03-24,2025-03-16,Completed,5.1,breaker
WO-0000776,AST-00198,Preventive,Medium,2025-03-15,2025-03-25,2025-03-25,Completed,5.5,third_rail
WO-0000890,AST-00227,Preventive,Medium,2025-03-15,2025-03-25,2025-03-15,Completed,3.2,power
WO-0002049,AST-00527,Preventive,Medium,2025-03-15,2025-03-25,2025-03-15,Completed,5.6,third_rail
WO-0002557,AST-00653,Preventive,Medium,2025-03-15,2025-03-25,2025-03-16,Completed,4.8,cable
WO-0002617,AST-00668,Preventive,Medium,2025-03-15,2025-03-25,2025-03-20,Completed,5.7,third_rail
WO-0003273,AST-00831,Preventive,Medium,2025-03-15,2025-03-25,2025-03-17,Completed,3.5,cable
WO-0004675,AST-00494,Corrective,Medium,2025-03-15,2025-03-25,2025-03-18,Completed,4.3,breaker
WO-0005284,AST-00919,Corrective,High,2025-03-15,2025-03-20,2025-03-27,Completed,4.7,breaker
WO-0000529,AST-00137,Preventive,Medium,2025-03-16,2025-03-26,2025-03-21,Completed,5.0,third_rail
WO-0000790,AST-00201,Preventive,Medium,2025-03-16,2025-03-26,2025-03-21,Completed,6.3,third_rail
WO-0001079,AST-00277,Preventive,Medium,2025-03-16,2025-03-26,2025-03-19,Completed,4.8,breaker
WO-0001173,AST-00300,Preventive,Medium,2025-03-16,2025-03-26,2025-03-22,Completed,6.9,cable
WO-0001286,AST-00329,Preventive,Medium,2025-03-16,2025-03-26,2025-03-17,Completed,6.4,cable
WO-0002390,AST-00610,Preventive,Medium,2025-03-16,2025-03-26,2025-03-19,Completed,4.4,cable
WO-0003030,AST-00771,Preventive,Medium,2025-03-16,2025-03-26,2025-03-28,Completed,4.3,breaker
WO-0003327,AST-00844,Preventive,Medium,2025-03-16,2025-03-26,2025-03-21,Completed,5.0,cable
WO-0004919,AST-00672,Corrective,Critical,2025-03-16,2025-03-18,2025-03-18,Completed,9.4,cable
WO-0000399,AST-00102,Preventive,Medium,2025-03-17,2025-03-27,2025-03-18,Completed,6.3,cable
WO-0000828,AST-00211,Preventive,Medium,2025-03-17,2025-03-27,2025-03-20,Completed,5.1,cable
WO-0002177,AST-00558,Preventive,Medium,2025-03-17,2025-03-27,2025-03-22,Completed,3.9,cable
WO-0003462,AST-00875,Preventive,Medium,2025-03-17,2025-03-27,2025-03-20,Completed,6.0,cable
WO-0000226,AST-00058,Preventive,Medium,2025-03-18,2025-03-28,2025-03-20,Completed,4.1,cable
WO-0000815,AST-00207,Preventive,Medium,2025-03-18,2025-03-28,2025-03-25,Completed,3.9,power
WO-0002099,AST-00539,Preventive,Medium,2025-03-18,2025-03-28,2025-03-25,Completed,4.2,power
WO-0002420,AST-00619,Preventive,Medium,2025-03-18,2025-03-28,2025-03-20,Completed,6.8,power
WO-0003151,AST-00803,Preventive,Medium,2025-03-18,2025-03-28,2025-03-20,Completed,5.5,third_rail
WO-0004543,AST-00393,Corrective,High,2025-03-18,2025-03-23,2025-03-26,Completed,7.5,cable
WO-0000677,AST-00173,Preventive,Medium,2025-03-19,2025-03-29,2025-03-21,Completed,6.6,breaker
WO-0000900,AST-00230,Preventive,Medium,2025-03-19,2025-03-29,2025-03-21,Completed,4.1,power
WO-0000636,AST-00163,Preventive,Medium,2025-03-20,2025-03-30,2025-03-23,Completed,5.9,breaker
WO-0000715,AST-00183,Preventive,Medium,2025-03-20,2025-03-30,2025-03-24,Completed,4.2,cable
WO-0001185,AST-00304,Preventive,Medium,2025-03-20,2025-03-30,2025-03-22,Completed,4.7,cable
WO-0001918,AST-00492,Preventive,Medium,2025-03-20,2025-03-30,2025-03-22,Completed,5.2,cable
WO-0002465,AST-00630,Preventive,Medium,2025-03-20,2025-03-30,2025-03-26,Completed,5.2,third_rail
WO-0004338,AST-00237,Corrective,Medium,2025-03-20,2025-03-30,2025-03-21,Completed,6.6,cable
WO-0000064,AST-00019,Preventive,Medium,2025-03-21,2025-03-31,2025-03-21,Completed,5.5,third_rail
WO-0000275,AST-00071,Preventive,Medium,2025-03-21,2025-03-31,2025-03-24,Completed,6.9,breaker
WO-0000632,AST-00162,Preventive,Medium,2025-03-21,2025-03-31,2025-03-25,Completed,5.8,third_rail
WO-0000658,AST-00168,Preventive,Medium,2025-03-21,2025-03-31,2025-03-22,Completed,4.4,third_rail
WO-0002473,AST-00632,Preventive,Medium,2025-03-21,2025-03-31,2025-03-23,Completed,4.8,third_rail
WO-0004178,AST-00138,Corrective,Medium,2025-03-21,2025-03-31,2025-03-29,Completed,8.6,cable
WO-0004663,AST-00485,Corrective,Medium,2025-03-21,2025-03-31,2025-03-23,Completed,10.2,power
WO-0004691,AST-00504,Corrective,Medium,2025-03-21,2025-03-31,2025-03-24,Completed,10.3,cable
WO-0002450,AST-00626,Preventive,Medium,2025-03-22,2025-04-01,2025-03-23,Completed,2.3,cable
WO-0003604,AST-00906,Preventive,Medium,2025-03-22,2025-04-01,2025-03-22,Completed,6.6,cable
WO-0003693,AST-00929,Preventive,Medium,2025-03-22,2025-04-01,2025-03-24,Completed,4.4,cable
WO-0004172,AST-00136,Corrective,Medium,2025-03-22,2025-04-01,2025-03-26,Completed,5.7,power
WO-0004546,AST-00397,Corrective,Medium,2025-03-22,2025-04-01,2025-03-30,Completed,7.4,third_rail
WO-0004928,AST-00677,Corrective,High,2025-03-22,2025-03-27,2025-03-22,Completed,6.9,third_rail
WO-0005020,AST-00743,Corrective,Critical,2025-03-22,2025-03-24,2025-03-25,Completed,7.4,third_rail
WO-0000584,AST-00150,Preventive,Medium,2025-03-23,2025-04-02,2025-03-26,Completed,5.3,power
WO-0001134,AST-00291,Preventive,Medium,2025-03-23,2025-04-02,2025-03-29,Completed,4.8,third_rail
WO-0002652,AST-00676,Preventive,Medium,2025-03-23,2025-04-02,2025-03-27,Completed,4.4,breaker
WO-0001565,AST-00400,Preventive,Medium,2025-03-24,2025-04-03,2025-03-27,Completed,4.7,cable
WO-0001774,AST-00452,Preventive,Medium,2025-03-24,2025-04-03,2025-03-24,Completed,6.8,third_rail
WO-0004136,AST-00115,Corrective,High,2025-03-24,2025-03-29,2025-03-29,Completed,11.7,power
WO-0000797,AST-00203,Preventive,Medium,2025-03-25,2025-04-04,2025-03-28,Completed,4.9,cable
WO-0002640,AST-00673,Preventive,Medium,2025-03-25,2025-04-04,2025-03-29,Completed,5.4,third_rail
WO-0003433,AST-00867,Preventive,Medium,2025-03-25,2025-04-04,2025-03-27,Completed,6.3,third_rail
WO-0004814,AST-00593,Corrective,Medium,2025-03-25,2025-04-04,2025-03-27,Completed,5.1,breaker
WO-0000051,AST-00015,Preventive,Medium,2025-03-26,2025-04-05,2025-03-29,Completed,5.5,cable
WO-0001493,AST-00381,Preventive,Medium,2025-03-26,2025-04-05,2025-03-28,Completed,4.8,cable
WO-0002107,AST-00541,Preventive,Medium,2025-03-26,2025-04-05,2025-03-31,Completed,5.1,third_rail
WO-0003101,AST-00790,Preventive,Medium,2025-03-26,2025-04-05,2025-03-31,Completed,1.5,cable
WO-0003644,AST-00917,Preventive,Medium,2025-03-26,2025-04-05,2025-03-29,Completed,3.7,power
WO-0000349,AST-00089,Preventive,Medium,2025-03-27,2025-04-06,2025-03-29,Completed,4.0,power
WO-0001759,AST-00448,Preventive,Medium,2025-03-27,2025-04-06,2025-04-01,Completed,3.4,cable
WO-0002511,AST-00641,Preventive,Medium,2025-03-27,2025-04-06,2025-04-08,Completed,5.5,cable
WO-0002762,AST-00703,Preventive,Medium,2025-03-27,2025-04-06,2025-04-01,Completed,5.9,power
WO-0002804,AST-00714,Preventive,Medium,2025-03-27,2025-04-06,2025-04-04,Completed,4.2,third_rail
WO-0002969,AST-00754,Preventive,Medium,2025-03-27,2025-04-06,2025-03-29,Completed,5.1,cable
WO-0004091,AST-00077,Corrective,High,2025-03-27,2025-04-01,2025-03-29,Completed,5.4,breaker
WO-0005418,AST-00061,Corrective,Medium,2025-03-27,2025-04-06,2025-03-28,Completed,3.2,cable
WO-0005511,AST-00165,Corrective,High,2025-03-27,2025-04-01,2025-03-28,Completed,7.1,cable
WO-0005620,AST-00305,Corrective,High,2025-03-27,2025-04-01,2025-03-29,Completed,4.3,third_rail
WO-0005623,AST-00319,Corrective,Medium,2025-03-27,2025-04-06,2025-03-29,Completed,8.9,breaker
WO-0005624,AST-00320,Corrective,Medium,2025-03-27,2025-04-06,2025-03-30,Completed,4.7,third_rail
WO-0005696,AST-00439,Corrective,Medium,2025-03-27,2025-04-06,2025-04-02,Completed,6.1,cable
WO-0005722,AST-00516,Corrective,Medium,2025-03-27,2025-04-06,2025-03-31,Completed,5.7,power
WO-0005907,AST-00756,Corrective,Medium,2025-03-27,2025-04-06,2025-03-27,Completed,7.0,breaker
WO-0005981,AST-00847,Corrective,Medium,2025-03-27,2025-04-06,2025-03-29,Completed,4.2,breaker
WO-0006008,AST-00880,Corrective,High,2025-03-27,2025-04-01,2025-03-27,Completed,5.3,cable
WO-0006011,AST-00887,Corrective,Medium,2025-03-27,2025-04-06,2025-04-03,Completed,6.8,breaker
WO-0002964,AST-00753,Preventive,Medium,2025-03-28,2025-04-07,2025-03-29,Completed,7.1,breaker
WO-0003739,AST-00941,Preventive,Medium,2025-03-28,2025-04-07,2025-03-31,Completed,4.4,breaker
WO-0003966,AST-00997,Preventive,Medium,2025-03-28,2025-04-07,2025-03-29,Completed,7.1,cable
WO-0004912,AST-00671,Corrective,Medium,2025-03-28,2025-04-07,2025-03-30,Completed,5.1,power
WO-0005200,AST-00862,Corrective,Medium,2025-03-28,2025-04-07,2025-03-28,Completed,9.1,cable
WO-0005265,AST-00906,Corrective,Medium,2025-03-28,2025-04-07,2025-03-29,Completed,5.9,cable
WO-0005394,AST-00004,Corrective,Medium,2025-03-28,2025-04-07,2025-03-30,Completed,5.8,cable
WO-0005470,AST-00125,Corrective,Medium,2025-03-28,2025-04-07,2025-03-30,Completed,4.4,power
WO-0005515,AST-00166,Corrective,Medium,2025-03-28,2025-04-07,2025-03-29,Completed,4.2,breaker
WO-0005579,AST-00245,Corrective,Medium,2025-03-28,2025-04-07,2025-03-30,Completed,6.3,cable
WO-0005592,AST-00267,Corrective,Medium,2025-03-28,2025-04-07,2025-03-31,Completed,8.6,breaker
WO-0005613,AST-00296,Corrective,High,2025-03-28,2025-04-02,2025-03-29,Completed,7.8,third_rail
WO-0005804,AST-00624,Corrective,High,2025-03-28,2025-04-02,2025-04-02,Completed,2.9,cable
WO-0005949,AST-00803,Corrective,Medium,2025-03-28,2025-04-07,2025-03-29,Completed,3.5,third_rail
WO-0005991,AST-00869,Corrective,Medium,2025-03-28,2025-04-07,2025-03-28,Completed,5.4,power
WO-0005996,AST-00873,Corrective,High,2025-03-28,2025-04-02,2025-04-02,Completed,4.0,third_rail
WO-0006035,AST-00903,Corrective,Medium,2025-03-28,2025-04-07,2025-04-03,Completed,6.9,power
WO-0006049,AST-00919,Corrective,Medium,2025-03-28,2025-04-07,2025-03-31,Completed,5.6,breaker
WO-0000164,AST-00043,Preventive,Medium,2025-03-29,2025-04-08,2025-04-01,Completed,6.3,cable
WO-0000209,AST-00053,Preventive,Medium,2025-03-29,2025-04-08,2025-03-29,Completed,4.3,third_rail
WO-0004891,AST-00658,Corrective,Medium,2025-03-29,2025-04-08,2025-04-03,Completed,2.4,breaker
WO-0005468,AST-00121,Corrective,Medium,2025-03-29,2025-04-08,2025-04-02,Completed,5.5,cable
WO-0005544,AST-00198,Corrective,Medium,2025-03-29,2025-04-08,2025-03-31,Completed,3.7,third_rail
WO-0005670,AST-00397,Corrective,Medium,2025-03-29,2025-04-08,2025-04-02,Completed,5.3,third_rail
WO-0005885,AST-00726,Corrective,Medium,2025-03-29,2025-04-08,2025-04-03,Completed,8.1,power
WO-0005905,AST-00755,Corrective,Medium,2025-03-29,2025-04-08,2025-03-31,Completed,5.5,cable
WO-0005944,AST-00799,Corrective,Medium,2025-03-29,2025-04-08,2025-03-29,Completed,5.2,cable
WO-0001089,AST-00280,Preventive,Medium,2025-03-30,2025-04-09,2025-03-30,Completed,4.2,third_rail
WO-0001663,AST-00423,Preventive,Medium,2025-03-30,2025-04-09,2025-04-03,Completed,7.3,power
WO-0002009,AST-00516,Preventive,Medium,2025-03-30,2025-04-09,2025-04-03,Completed,5.4,power
WO-0002181,AST-00559,Preventive,Medium,2025-03-30,2025-04-09,2025-03-31,Completed,4.2,cable
WO-0002350,AST-00600,Preventive,Medium,2025-03-30,2025-04-09,2025-03-30,Completed,5.2,cable
WO-0003634,AST-00914,Preventive,Medium,2025-03-30,2025-04-09,2025-04-01,Completed,6.1,third_rail
WO-0004129,AST-00112,Corrective,Medium,2025-03-30,2025-04-09,2025-04-06,Completed,6.5,breaker
WO-0004633,AST-00459,Corrective,Medium,2025-03-30,2025-04-09,2025-03-30,Completed,8.5,third_rail
WO-0005438,AST-00093,Corrective,Medium,2025-03-30,2025-04-09,2025-04-04,Completed,8.5,cable
WO-0005487,AST-00148,Corrective,Medium,2025-03-30,2025-04-09,2025-04-04,Completed,2.0,cable
WO-0005491,AST-00149,Corrective,Medium,2025-03-30,2025-04-09,2025-04-02,Completed,9.2,cable
WO-0005499,AST-00153,Corrective,Medium,2025-03-30,2025-04-09,2025-04-01,Completed,3.6,power
WO-0005502,AST-00159,Corrective,Medium,2025-03-30,2025-04-09,2025-04-02,Completed,4.6,cable
WO-0005520,AST-00169,Corrective,Medium,2025-03-30,2025-04-09,2025-04-03,Completed,7.0,breaker
WO-0005587,AST-00260,Corrective,High,2025-03-30,2025-04-04,2025-04-07,Completed,4.9,cable
WO-0005635,AST-00348,Corrective,Medium,2025-03-30,2025-04-09,2025-04-02,Completed,5.6,breaker
WO-0005708,AST-00477,Corrective,Medium,2025-03-30,2025-04-09,2025-04-02,Completed,6.4,cable
WO-0005766,AST-00573,Corrective,Medium,2025-03-30,2025-04-09,2025-03-31,Completed,8.4,cable
WO-0005769,AST-00579,Corrective,Medium,2025-03-30,2025-04-09,2025-04-03,Completed,4.3,third_rail
WO-0005783,AST-00605,Corrective,Medium,2025-03-30,2025-04-09,2025-03-31,Completed,7.2,third_rail
WO-0006000,AST-00879,Corrective,High,2025-03-30,2025-04-04,2025-04-08,Completed,8.3,cable
WO-0006070,AST-00945,Corrective,Medium,2025-03-30,2025-04-09,2025-04-05,Completed,7.6,cable
WO-0006096,AST-00989,Corrective,Medium,2025-03-30,2025-04-09,2025-04-05,Completed,7.1,breaker
WO-0001475,AST-00376,Preventive,Medium,2025-03-31,2025-04-10,2025-04-01,Completed,4.2,power
WO-0002829,AST-00719,Preventive,Medium,2025-03-31,2025-04-10,2025-04-06,Completed,6.9,cable
WO-0003049,AST-00776,Preventive,Medium,2025-03-31,2025-04-10,2025-04-01,Completed,4.6,third_rail
WO-0004050,AST-00050,Corrective,High,2025-03-31,2025-04-05,2025-04-12,Completed,6.5,power
WO-0005451,AST-00101,Corrective,Medium,2025-03-31,2025-04-10,2025-04-05,Completed,8.0,third_rail
WO-0005573,AST-00240,Corrective,Medium,2025-03-31,2025-04-10,2025-04-02,Completed,7.5,power
WO-0005685,AST-00414,Corrective,Medium,2025-03-31,2025-04-10,2025-04-05,Completed,4.4,third_rail
WO-0005720,AST-00513,Corrective,Medium,2025-03-31,2025-04-10,2025-04-05,Completed,5.4,power
WO-0005734,AST-00536,Corrective,High,2025-03-31,2025-04-05,2025-04-08,Completed,5.2,breaker
WO-0005754,AST-00560,Corrective,Medium,2025-03-31,2025-04-10,2025-04-01,Completed,7.9,cable
WO-0005782,AST-00601,Corrective,Medium,2025-03-31,2025-04-10,2025-04-03,Completed,4.0,cable
WO-0005871,AST-00709,Corrective,Medium,2025-03-31,2025-04-10,2025-04-04,Completed,2.9,cable
WO-0005888,AST-00731,Corrective,High,2025-03-31,2025-04-05,2025-04-02,Completed,6.0,breaker
WO-0005900,AST-00750,Corrective,Medium,2025-03-31,2025-04-10,2025-04-04,Completed,5.0,third_rail
WO-0005914,AST-00768,Corrective,Medium,2025-03-31,2025-04-10,2025-04-01,Completed,6.4,power
WO-0005931,AST-00785,Corrective,Medium,2025-03-31,2025-04-10,2025-04-01,Completed,5.2,third_rail
WO-0006058,AST-00934,Corrective,Medium,2025-03-31,2025-04-10,2025-04-04,Completed,5.7,third_rail
WO-0001958,AST-00503,Preventive,Medium,2025-04-01,2025-04-11,2025-04-05,Completed,4.0,third_rail
WO-0002524,AST-00645,Preventive,Medium,2025-04-01,2025-04-11,2025-04-03,Completed,3.1,cable
WO-0002596,AST-00662,Preventive,Medium,2025-04-01,2025-04-11,2025-04-01,Completed,6.1,third_rail
WO-0003093,AST-00788,Preventive,Medium,2025-04-01,2025-04-11,2025-04-01,Completed,4.9,breaker
WO-0003735,AST-00940,Preventive,Medium,2025-04-01,2025-04-11,2025-04-05,Completed,4.1,power
WO-0003796,AST-00956,Preventive,Medium,2025-04-01,2025-04-11,2025-04-01,Completed,3.5,third_rail
WO-0003877,AST-00976,Preventive,Medium,2025-04-01,2025-04-11,2025-04-03,Completed,5.4,cable
WO-0004086,AST-00075,Corrective,High,2025-04-01,2025-04-06,2025-04-05,Completed,4.9,power
WO-0000307,AST-00078,Preventive,Medium,2025-04-02,2025-04-12,2025-04-07,Completed,3.4,cable
WO-0000345,AST-00088,Preventive,Medium,2025-04-02,2025-04-12,2025-04-06,Completed,1.9,cable
WO-0002040,AST-00524,Preventive,Medium,2025-04-02,2025-04-12,2025-04-10,Completed,1.8,cable
WO-0002131,AST-00547,Preventive,Medium,2025-04-02,2025-04-12,2025-04-05,Completed,5.0,breaker
WO-0002582,AST-00659,Preventive,Medium,2025-04-02,2025-04-12,2025-04-04,Completed,3.2,cable
WO-0003863,AST-00972,Preventive,Medium,2025-04-02,2025-04-12,2025-04-04,Completed,4.2,power
WO-0003900,AST-00982,Preventive,Medium,2025-04-02,2025-04-12,2025-04-06,Completed,4.5,third_rail
WO-0004168,AST-00133,Corrective,Medium,2025-04-02,2025-04-12,2025-04-05,Completed,3.9,cable
WO-0000294,AST-00075,Preventive,Medium,2025-04-03,2025-04-13,2025-04-06,Completed,3.9,power
WO-0000326,AST-00083,Preventive,Medium,2025-04-03,2025-04-13,2025-04-03,Completed,3.7,third_rail
WO-0001057,AST-00271,Preventive,Medium,2025-04-03,2025-04-13,2025-04-04,Completed,2.1,power
WO-0001273,AST-00326,Preventive,Medium,2025-04-03,2025-04-13,2025-04-05,Completed,2.3,cable
WO-0003164,AST-00806,Preventive,Medium,2025-04-03,2025-04-13,2025-04-04,Completed,3.8,power
WO-0004785,AST-00570,Corrective,Medium,2025-04-03,2025-04-13,2025-04-05,Completed,3.5,cable
WO-0000405,AST-00104,Preventive,Medium,2025-04-04,2025-04-14,2025-04-05,Completed,7.1,third_rail
WO-0001666,AST-00424,Preventive,Medium,2025-04-04,2025-04-14,2025-04-07,Completed,3.3,power
WO-0003555,AST-00896,Preventive,Medium,2025-04-04,2025-04-14,2025-04-08,Completed,3.6,third_rail
WO-0004397,AST-00284,Corrective,Critical,2025-04-04,2025-04-06,2025-04-05,Completed,2.0,breaker
WO-0004969,AST-00708,Corrective,Medium,2025-04-04,2025-04-14,2025-04-07,Completed,7.0,third_rail
WO-0005122,AST-00818,Corrective,Medium,2025-04-04,2025-04-14,2025-04-07,Completed,2.9,cable
WO-0005138,AST-00828,Corrective,Medium,2025-04-04,2025-04-14,2025-04-08,Completed,6.9,breaker
WO-0001170,AST-00299,Preventive,Medium,2025-04-05,2025-04-15,2025-04-07,Completed,5.9,third_rail
WO-0001976,AST-00508,Preventive,Medium,2025-04-05,2025-04-15,2025-04-06,Completed,5.8,third_rail
WO-0002461,AST-00629,Preventive,Medium,2025-04-05,2025-04-15,2025-04-11,Completed,7.1,cable
WO-0003391,AST-00858,Preventive,Medium,2025-04-05,2025-04-15,2025-04-05,Completed,4.9,third_rail
WO-0003808,AST-00959,Preventive,Medium,2025-04-05,2025-04-15,2025-04-05,Completed,3.4,cable
WO-0003996,AST-00012,Corrective,Medium,2025-04-05,2025-04-15,2025-04-05,Completed,6.4,third_rail
WO-0004429,AST-00313,Corrective,Medium,2025-04-05,2025-04-15,2025-04-07,Completed,2.7,breaker
WO-0001543,AST-00395,Preventive,Medium,2025-04-06,2025-04-16,2025-04-07,Completed,4.2,power
WO-0002400,AST-00613,Preventive,Medium,2025-04-06,2025-04-16,2025-04-06,Completed,5.0,third_rail
WO-0003387,AST-00857,Preventive,Medium,2025-04-06,2025-04-16,2025-04-08,Completed,3.1,cable
WO-0003520,AST-00888,Preventive,Medium,2025-04-06,2025-04-16,2025-04-06,Completed,5.1,power
WO-0004305,AST-00221,Corrective,High,2025-04-06,2025-04-11,2025-04-11,Completed,4.5,breaker
WO-0004782,AST-00570,Corrective,Medium,2025-04-06,2025-04-16,2025-04-11,Completed,5.7,cable
WO-0000937,AST-00240,Preventive,Medium,2025-04-07,2025-04-17,2025-04-09,Completed,4.4,power
WO-0001257,AST-00322,Preventive,Medium,2025-04-07,2025-04-17,2025-04-07,Completed,4.4,cable
WO-0001354,AST-00348,Preventive,Medium,2025-04-07,2025-04-17,2025-04-12,Completed,3.8,breaker
WO-0001411,AST-00362,Preventive,Medium,2025-04-07,2025-04-17,2025-04-08,Completed,5.4,power
WO-0001712,AST-00437,Preventive,Medium,2025-04-07,2025-04-17,2025-04-07,Completed,4.3,power
WO-0002085,AST-00536,Preventive,Medium,2025-04-07,2025-04-17,2025-04-12,Completed,6.5,breaker
WO-0003441,AST-00869,Preventive,Medium,2025-04-07,2025-04-17,2025-04-12,Completed,6.1,power
WO-0004138,AST-00117,Corrective,Medium,2025-04-07,2025-04-17,2025-04-10,Completed,6.8,third_rail
WO-0000825,AST-00210,Preventive,Medium,2025-04-08,2025-04-18,2025-04-13,Completed,5.5,cable
WO-0001530,AST-00392,Preventive,Medium,2025-04-08,2025-04-18,2025-04-12,Completed,5.2,power
WO-0002033,AST-00522,Preventive,Medium,2025-04-08,2025-04-18,2025-04-14,Completed,4.6,breaker
WO-0002954,AST-00751,Preventive,Medium,2025-04-08,2025-04-18,2025-04-10,Completed,4.0,breaker
WO-0003021,AST-00769,Preventive,Medium,2025-04-08,2025-04-18,2025-04-12,Completed,3.6,power
WO-0000363,AST-00093,Preventive,Medium,2025-04-09,2025-04-19,2025-04-12,Completed,6.4,cable
WO-0000549,AST-00142,Preventive,Medium,2025-04-09,2025-04-19,2025-04-12,Completed,6.3,cable
WO-0001341,AST-00344,Preventive,Medium,2025-04-09,2025-04-19,2025-04-10,Completed,6.1,cable
WO-0002218,AST-00569,Preventive,Medium,2025-04-09,2025-04-19,2025-04-10,Completed,4.0,breaker
WO-0003504,AST-00884,Preventive,Medium,2025-04-09,2025-04-19,2025-04-13,Completed,4.6,cable
WO-0005199,AST-00860,Corrective,Medium,2025-04-09,2025-04-19,2025-04-12,Completed,8.8,cable
WO-0000739,AST-00189,Preventive,Medium,2025-04-10,2025-04-20,2025-04-11,Completed,4.1,cable
WO-0001538,AST-00394,Preventive,Medium,2025-04-10,2025-04-20,2025-04-14,Completed,4.5,cable
WO-0001859,AST-00474,Preventive,Medium,2025-04-10,2025-04-20,2025-04-16,Completed,1.5,power
WO-0003847,AST-00968,Preventive,Medium,2025-04-10,2025-04-20,2025-04-15,Completed,5.3,power
WO-0003888,AST-00979,Preventive,Medium,2025-04-10,2025-04-20,2025-04-11,Completed,4.8,cable
WO-0001046,AST-00268,Preventive,Medium,2025-04-11,2025-04-21,2025-04-14,Completed,6.0,power
WO-0001110,AST-00285,Preventive,Medium,2025-04-11,2025-04-21,2025-04-14,Completed,4.6,cable
WO-0002752,AST-00700,Preventive,Medium,2025-04-11,2025-04-21,2025-04-23,Completed,5.7,breaker
WO-0003760,AST-00947,Preventive,Medium,2025-04-11,2025-04-21,2025-04-20,Completed,4.1,cable
WO-0003812,AST-00960,Preventive,Medium,2025-04-11,2025-04-21,2025-04-16,Completed,7.1,cable
WO-0004079,AST-00066,Corrective,Medium,2025-04-11,2025-04-21,2025-04-12,Completed,5.1,cable
WO-0005092,AST-00796,Corrective,Medium,2025-04-11,2025-04-21,2025-04-12,Completed,6.1,breaker
WO-0005235,AST-00881,Corrective,High,2025-04-11,2025-04-16,2025-04-23,Completed,7.4,cable
WO-0001669,AST-00425,Preventive,Medium,2025-04-12,2025-04-22,2025-04-17,Completed,3.6,cable
WO-0002264,AST-00580,Preventive,Medium,2025-04-12,2025-04-22,2025-04-15,Completed,7.2,breaker
WO-0003198,AST-00814,Preventive,Medium,2025-04-12,2025-04-22,2025-04-13,Completed,1.5,cable
WO-0003850,AST-00969,Preventive,Medium,2025-04-12,2025-04-22,2025-04-17,Completed,5.6,cable
WO-0003920,AST-00986,Preventive,Medium,2025-04-12,2025-04-22,2025-04-16,Completed,5.9,third_rail
WO-0002613,AST-00667,Preventive,Medium,2025-04-13,2025-04-23,2025-04-14,Completed,4.2,third_rail
WO-0002714,AST-00691,Preventive,Medium,2025-04-13,2025-04-23,2025-04-13,Completed,2.6,breaker
WO-0003688,AST-00928,Preventive,Medium,2025-04-13,2025-04-23,2025-04-14,Completed,5.1,third_rail
WO-0005074,AST-00784,Corrective,High,2025-04-13,2025-04-18,2025-04-13,Completed,9.6,cable
WO-0000160,AST-00042,Preventive,Medium,2025-04-14,2025-04-24,2025-04-14,Completed,5.8,third_rail
WO-0000322,AST-00082,Preventive,Medium,2025-04-14,2025-04-24,2025-04-18,Completed,7.6,cable
WO-0000559,AST-00144,Preventive,Medium,2025-04-14,2025-04-24,2025-04-20,Completed,6.2,cable
WO-0000696,AST-00178,Preventive,Medium,2025-04-14,2025-04-24,2025-04-17,Completed,5.2,third_rail
WO-0000860,AST-00219,Preventive,Medium,2025-04-14,2025-04-24,2025-04-15,Completed,6.8,third_rail
WO-0001527,AST-00391,Preventive,Medium,2025-04-14,2025-04-24,2025-04-17,Completed,5.3,cable
WO-0002081,AST-00535,Preventive,Medium,2025-04-14,2025-04-24,2025-04-16,Completed,5.1,power
WO-0001904,AST-00488,Preventive,Medium,2025-04-15,2025-04-25,2025-04-15,Completed,4.4,breaker
WO-0002659,AST-00678,Preventive,Medium,2025-04-15,2025-04-25,2025-04-17,Completed,2.4,cable
WO-0003311,AST-00839,Preventive,Medium,2025-04-15,2025-04-25,2025-04-16,Completed,5.7,cable
WO-0003470,AST-00877,Preventive,Medium,2025-04-15,2025-04-25,2025-04-16,Completed,4.5,breaker
WO-0004053,AST-00052,Corrective,Medium,2025-04-15,2025-04-25,2025-04-20,Completed,4.3,power
WO-0002306,AST-00590,Preventive,Medium,2025-04-16,2025-04-26,2025-04-23,Completed,4.1,power
WO-0003358,AST-00851,Preventive,Medium,2025-04-16,2025-04-26,2025-04-20,Completed,6.7,power
WO-0003870,AST-00974,Preventive,Medium,2025-04-16,2025-04-26,2025-04-19,Completed,4.1,third_rail
WO-0000068,AST-00020,Preventive,Medium,2025-04-17,2025-04-27,2025-04-19,Completed,4.3,cable
WO-0003704,AST-00932,Preventive,Medium,2025-04-17,2025-04-27,2025-04-17,Completed,6.1,breaker
WO-0003751,AST-00944,Preventive,Medium,2025-04-17,2025-04-27,2025-04-25,Completed,6.4,cable
WO-0004291,AST-00212,Corrective,Medium,2025-04-17,2025-04-27,2025-04-19,Completed,6.3,cable
WO-0004571,AST-00414,Corrective,Medium,2025-04-17,2025-04-27,2025-04-20,Completed,5.8,third_rail
WO-0000037,AST-00011,Preventive,Medium,2025-04-18,2025-04-28,2025-04-30,Completed,5.3,breaker
WO-0002903,AST-00739,Preventive,Medium,2025-04-18,2025-04-28,2025-04-24,Completed,3.9,breaker
WO-0003283,AST-00833,Preventive,Medium,2025-04-18,2025-04-28,2025-04-18,Completed,2.9,breaker
WO-0004617,AST-00452,Corrective,Medium,2025-04-18,2025-04-28,2025-04-24,Completed,9.1,third_rail
WO-0005046,AST-00764,Corrective,High,2025-04-18,2025-04-23,2025-04-21,Completed,3.5,power
WO-0001194,AST-00307,Preventive,Medium,2025-04-19,2025-04-29,2025-05-01,Completed,6.2,breaker
WO-0001943,AST-00499,Preventive,Medium,2025-04-19,2025-04-29,2025-04-23,Completed,5.5,breaker
WO-0002980,AST-00757,Preventive,Medium,2025-04-19,2025-04-29,2025-04-19,Completed,5.1,breaker
WO-0003037,AST-00773,Preventive,Medium,2025-04-19,2025-04-29,2025-04-20,Completed,4.0,cable
WO-0003217,AST-00819,Preventive,Medium,2025-04-19,2025-04-29,2025-04-20,Completed,7.1,cable
WO-0003354,AST-00850,Preventive,Medium,2025-04-19,2025-04-29,2025-04-22,Completed,2.3,third_rail
WO-0003411,AST-00862,Preventive,Medium,2025-04-19,2025-04-29,2025-04-21,Completed,6.2,cable
WO-0003540,AST-00892,Preventive,Medium,2025-04-19,2025-04-29,2025-04-20,Completed,5.7,third_rail
WO-0004879,AST-00651,Corrective,Medium,2025-04-19,2025-04-29,2025-04-19,Completed,2.0,cable
WO-0005026,AST-00747,Corrective,High,2025-04-19,2025-04-24,2025-04-26,Completed,3.9,breaker
WO-0000438,AST-00113,Preventive,Medium,2025-04-20,2025-04-30,2025-04-21,Completed,4.6,breaker
WO-0000469,AST-00121,Preventive,Medium,2025-04-20,2025-04-30,2025-04-20,Completed,6.9,cable
WO-0001253,AST-00321,Preventive,Medium,2025-04-20,2025-04-30,2025-04-23,Completed,2.4,third_rail
WO-0001804,AST-00459,Preventive,Medium,2025-04-20,2025-04-30,2025-04-23,Completed,5.3,third_rail
WO-0004349,AST-00245,Corrective,Medium,2025-04-20,2025-04-30,2025-04-22,Completed,5.5,cable
WO-0000910,AST-00233,Preventive,Medium,2025-04-21,2025-05-01,2025-04-23,Completed,4.3,third_rail
WO-0000455,AST-00118,Preventive,Medium,2025-04-22,2025-05-02,2025-04-26,Completed,8.5,cable
WO-0000490,AST-00127,Preventive,Medium,2025-04-22,2025-05-02,2025-04-26,Completed,4.5,breaker
WO-0000876,AST-00224,Preventive,Medium,2025-04-22,2025-05-02,2025-04-22,Completed,5.8,third_rail
WO-0001441,AST-00368,Preventive,Medium,2025-04-22,2025-05-02,2025-04-29,Completed,6.9,cable
WO-0002211,AST-00567,Preventive,Medium,2025-04-22,2025-05-02,2025-05-01,Completed,3.7,third_rail
WO-0004348,AST-00244,Corrective,Critical,2025-04-22,2025-04-24,2025-04-22,Completed,8.5,cable
WO-0004644,AST-00464,Corrective,Critical,2025-04-22,2025-04-24,2025-04-25,Completed,8.6,breaker
WO-0004718,AST-00523,Corrective,High,2025-04-22,2025-04-27,2025-04-26,Completed,10.5,power
WO-0000230,AST-00059,Preventive,Medium,2025-04-23,2025-05-03,2025-04-26,Completed,2.6,power
WO-0000418,AST-00108,Preventive,Medium,2025-04-23,2025-05-03,2025-04-23,Completed,2.8,breaker
WO-0003220,AST-00820,Preventive,Medium,2025-04-23,2025-05-03,2025-04-23,Completed,6.3,breaker
WO-0005187,AST-00851,Corrective,Medium,2025-04-23,2025-05-03,2025-05-02,Completed,7.9,power
WO-0000872,AST-00223,Preventive,Medium,2025-04-24,2025-05-04,2025-04-27,Completed,4.7,cable
WO-0000896,AST-00229,Preventive,Medium,2025-04-24,2025-05-04,2025-04-25,Completed,4.6,cable
WO-0000951,AST-00244,Preventive,Medium,2025-04-24,2025-05-04,2025-04-24,Completed,5.1,cable
WO-0000977,AST-00250,Preventive,Medium,2025-04-24,2025-05-04,2025-04-25,Completed,5.0,cable
WO-0001282,AST-00328,Preventive,Medium,2025-04-24,2025-05-04,2025-04-27,Completed,2.6,cable
WO-0001968,AST-00506,Preventive,Medium,2025-04-24,2025-05-04,2025-04-28,Completed,5.4,third_rail
WO-0003627,AST-00912,Preventive,Medium,2025-04-24,2025-05-04,2025-04-24,Completed,6.2,third_rail
WO-0005225,AST-00878,Corrective,Medium,2025-04-24,2025-05-04,2025-04-24,Completed,6.4,breaker
WO-0000089,AST-00024,Preventive,Medium,2025-04-25,2025-05-05,2025-05-07,Completed,4.6,third_rail
WO-0002062,AST-00531,Preventive,Medium,2025-04-25,2025-05-05,2025-04-29,Completed,5.9,cable
WO-0002386,AST-00609,Preventive,Medium,2025-04-25,2025-05-05,2025-05-03,Completed,3.6,cable
WO-0003135,AST-00799,Preventive,Medium,2025-04-25,2025-05-05,2025-04-30,Completed,4.5,cable
WO-0000764,AST-00195,Preventive,Medium,2025-04-26,2025-05-06,2025-04-27,Completed,4.1,power
WO-0002900,AST-00738,Preventive,Medium,2025-04-26,2025-05-06,2025-04-28,Completed,3.3,breaker
WO-0004588,AST-00436,Corrective,Medium,2025-04-26,2025-05-06,2025-04-27,Completed,4.6,breaker
WO-0000507,AST-00132,Preventive,Medium,2025-04-27,2025-05-07,2025-04-29,Completed,3.6,third_rail
WO-0001633,AST-00417,Preventive,Medium,2025-04-27,2025-05-07,2025-05-01,Completed,3.7,power
WO-0002030,AST-00521,Preventive,Medium,2025-04-27,2025-05-07,2025-04-27,Completed,3.4,third_rail
WO-0002162,AST-00554,Preventive,Medium,2025-04-27,2025-05-07,2025-05-03,Completed,3.1,third_rail
WO-0002748,AST-00699,Preventive,Medium,2025-04-27,2025-05-07,2025-04-29,Completed,5.7,cable
WO-0004102,AST-00090,Corrective,Medium,2025-04-27,2025-05-07,2025-04-27,Completed,7.4,cable
WO-0000010,AST-00003,Preventive,Medium,2025-04-28,2025-05-08,2025-04-29,Completed,4.5,third_rail
WO-0000756,AST-00193,Preventive,Medium,2025-04-28,2025-05-08,2025-05-02,Completed,1.5,power
WO-0001762,AST-00449,Preventive,Medium,2025-04-28,2025-05-08,2025-04-30,Completed,5.5,power
WO-0002627,AST-00670,Preventive,Medium,2025-04-28,2025-05-08,2025-05-10,Completed,5.6,cable
WO-0000641,AST-00164,Preventive,Medium,2025-04-29,2025-05-09,2025-05-06,Completed,4.8,power
WO-0003108,AST-00792,Preventive,Medium,2025-04-29,2025-05-09,2025-05-11,Completed,5.7,cable
WO-0003169,AST-00807,Preventive,Medium,2025-04-29,2025-05-09,2025-05-01,Completed,4.3,cable
WO-0001023,AST-00262,Preventive,Medium,2025-04-30,2025-05-10,2025-05-03,Completed,6.1,third_rail
WO-0001026,AST-00263,Preventive,Medium,2025-04-30,2025-05-10,2025-05-02,Completed,6.3,breaker
WO-0002103,AST-00540,Preventive,Medium,2025-04-30,2025-05-10,2025-05-04,Completed,5.8,third_rail
WO-0002886,AST-00734,Preventive,Medium,2025-04-30,2025-05-10,2025-05-06,Completed,6.4,breaker
WO-0003712,AST-00934,Preventive,Medium,2025-04-30,2025-05-10,2025-04-30,Completed,6.6,third_rail
WO-0004330,AST-00235,Corrective,High,2025-04-30,2025-05-05,2025-05-02,Completed,7.3,third_rail
WO-0004470,AST-00344,Corrective,High,2025-04-30,2025-05-05,2025-05-02,Completed,6.8,cable
WO-0001102,AST-00283,Preventive,Medium,2025-05-01,2025-05-11,2025-05-08,Completed,7.3,breaker
WO-0002021,AST-00519,Preventive,Medium,2025-05-01,2025-05-11,2025-05-06,Completed,7.5,power
WO-0000191,AST-00049,Preventive,Medium,2025-05-02,2025-05-12,2025-05-05,Completed,5.1,cable
WO-0004903,AST-00670,Corrective,Medium,2025-05-02,2025-05-12,2025-05-03,Completed,4.0,cable
WO-0005329,AST-00952,Corrective,Medium,2025-05-02,2025-05-12,2025-05-03,Completed,7.8,breaker
WO-0002599,AST-00663,Preventive,Medium,2025-05-03,2025-05-13,2025-05-09,Completed,3.2,breaker
WO-0003131,AST-00798,Preventive,Medium,2025-05-03,2025-05-13,2025-05-05,Completed,5.2,power
WO-0003244,AST-00825,Preventive,Medium,2025-05-03,2025-05-13,2025-05-05,Completed,3.9,third_rail
WO-0004127,AST-00109,Corrective,High,2025-05-03,2025-05-08,2025-05-05,Completed,5.3,power
WO-0004339,AST-00238,Corrective,High,2025-05-03,2025-05-08,2025-05-04,Completed,6.5,third_rail
WO-0000244,AST-00064,Preventive,Medium,2025-05-04,2025-05-14,2025-05-08,Completed,3.5,third_rail
WO-0000735,AST-00188,Preventive,Medium,2025-05-04,2025-05-14,2025-05-07,Completed,5.3,power
WO-0004122,AST-00105,Corrective,Medium,2025-05-04,2025-05-14,2025-05-05,Completed,7.5,third_rail
WO-0004521,AST-00377,Corrective,High,2025-05-04,2025-05-09,2025-05-13,Completed,8.3,third_rail
WO-0004729,AST-00534,Corrective,High,2025-05-04,2025-05-09,2025-05-05,Completed,4.7,cable
WO-0004754,AST-00547,Corrective,Medium,2025-05-04,2025-05-14,2025-05-09,Completed,4.0,breaker
WO-0000183,AST-00047,Preventive,Medium,2025-05-05,2025-05-15,2025-05-08,Completed,4.5,breaker
WO-0000650,AST-00166,Preventive,Medium,2025-05-05,2025-05-15,2025-05-08,Completed,3.5,breaker
WO-0001263,AST-00324,Preventive,Medium,2025-05-05,2025-05-15,2025-05-05,Completed,5.2,cable
WO-0003340,AST-00847,Preventive,Medium,2025-05-05,2025-05-15,2025-05-07,Completed,5.3,breaker
WO-0003638,AST-00915,Preventive,Medium,2025-05-05,2025-05-15,2025-05-07,Completed,4.9,third_rail
WO-0000123,AST-00032,Preventive,Medium,2025-05-06,2025-05-16,2025-05-09,Completed,4.5,third_rail
WO-0000856,AST-00218,Preventive,Medium,2025-05-06,2025-05-16,2025-05-07,Completed,4.5,power
WO-0001086,AST-00279,Preventive,Medium,2025-05-06,2025-05-16,2025-05-10,Completed,3.1,third_rail
WO-0001121,AST-00288,Preventive,Medium,2025-05-06,2025-05-16,2025-05-06,Completed,3.6,breaker
WO-0002469,AST-00631,Preventive,Medium,2025-05-06,2025-05-16,2025-05-10,Completed,6.6,third_rail
WO-0003459,AST-00874,Preventive,Medium,2025-05-06,2025-05-16,2025-05-09,Completed,4.6,breaker
WO-0004798,AST-00581,Corrective,High,2025-05-06,2025-05-11,2025-05-15,Completed,8.6,cable
WO-0004819,AST-00597,Corrective,Medium,2025-05-06,2025-05-16,2025-05-11,Completed,4.8,cable
WO-0005118,AST-00815,Corrective,High,2025-05-06,2025-05-11,2025-05-07,Completed,5.3,power
WO-0005140,AST-00829,Corrective,Medium,2025-05-06,2025-05-16,2025-05-07,Completed,5.5,third_rail
WO-0003524,AST-00889,Preventive,Medium,2025-05-07,2025-05-17,2025-05-08,Completed,3.9,power
WO-0003648,AST-00918,Preventive,Medium,2025-05-07,2025-05-17,2025-05-07,Completed,4.8,power
WO-0003743,AST-00942,Preventive,Medium,2025-05-07,2025-05-17,2025-05-15,Completed,1.5,third_rail
WO-0004615,AST-00451,Corrective,Medium,2025-05-07,2025-05-17,2025-05-08,Completed,5.7,power
WO-0002481,AST-00634,Preventive,Medium,2025-05-08,2025-05-18,2025-05-16,Completed,2.8,breaker
WO-0000204,AST-00052,Preventive,Medium,2025-05-09,2025-05-19,2025-05-12,Completed,6.9,power
WO-0000973,AST-00249,Preventive,Medium,2025-05-09,2025-05-19,2025-05-10,Completed,5.8,breaker
WO-0001766,AST-00450,Preventive,Medium,2025-05-09,2025-05-19,2025-05-14,Completed,4.0,cable
WO-0002397,AST-00612,Preventive,Medium,2025-05-09,2025-05-19,2025-05-13,Completed,5.7,cable
WO-0002532,AST-00647,Preventive,Medium,2025-05-09,2025-05-19,2025-05-10,Completed,2.9,power
WO-0004507,AST-00367,Corrective,High,2025-05-09,2025-05-14,2025-05-10,Completed,7.9,third_rail
WO-0004840,AST-00612,Corrective,High,2025-05-09,2025-05-14,2025-05-15,Completed,5.4,cable
WO-0005270,AST-00909,Corrective,Medium,2025-05-09,2025-05-19,2025-05-14,Completed,4.6,breaker
WO-0000032,AST-00009,Preventive,Medium,2025-05-10,2025-05-20,2025-05-13,Completed,7.8,power
WO-0001161,AST-00297,Preventive,Medium,2025-05-10,2025-05-20,2025-05-12,Completed,5.8,third_rail
WO-0002655,AST-00677,Preventive,Medium,2025-05-10,2025-05-20,2025-05-15,Completed,5.1,third_rail
WO-0003002,AST-00764,Preventive,Medium,2025-05-10,2025-05-20,2025-05-12,Completed,5.8,power
WO-0001191,AST-00306,Preventive,Medium,2025-05-11,2025-05-21,2025-05-14,Completed,3.6,cable
WO-0002579,AST-00658,Preventive,Medium,2025-05-11,2025-05-21,2025-05-11,Completed,6.4,breaker
WO-0003880,AST-00977,Preventive,Medium,2025-05-11,2025-05-21,2025-05-12,Completed,3.9,cable
WO-0004120,AST-00105,Corrective,Medium,2025-05-11,2025-05-21,2025-05-13,Completed,3.8,third_rail
WO-0001839,AST-00469,Preventive,Medium,2025-05-12,2025-05-22,2025-05-18,Completed,3.3,power
WO-0002893,AST-00736,Preventive,Medium,2025-05-12,2025-05-22,2025-05-19,Completed,5.2,cable
WO-0003016,AST-00768,Preventive,Medium,2025-05-12,2025-05-22,2025-05-16,Completed,4.9,power
WO-0003278,AST-00832,Preventive,Medium,2025-05-12,2025-05-22,2025-05-17,Completed,4.9,cable
WO-0004886,AST-00655,Corrective,Medium,2025-05-12,2025-05-22,2025-05-16,Completed,7.7,third_rail
WO-0005094,AST-00797,Corrective,Medium,2025-05-12,2025-05-22,2025-05-15,Completed,4.3,power
WO-0000377,AST-00097,Preventive,Medium,2025-05-13,2025-05-23,2025-05-16,Completed,4.8,breaker
WO-0000478,AST-00123,Preventive,Medium,2025-05-13,2025-05-23,2025-05-18,Completed,5.5,power
WO-0000581,AST-00149,Preventive,Medium,2025-05-13,2025-05-23,2025-05-19,Completed,7.4,cable
WO-0001327,AST-00340,Preventive,Medium,2025-05-13,2025-05-23,2025-05-16,Completed,3.6,third_rail
WO-0002055,AST-00529,Preventive,Medium,2025-05-13,2025-05-23,2025-05-16,Completed,8.5,third_rail
WO-0002127,AST-00546,Preventive,Medium,2025-05-13,2025-05-23,2025-05-16,Completed,6.6,cable
WO-0005107,AST-00810,Corrective,Medium,2025-05-13,2025-05-23,2025-05-16,Completed,5.5,third_rail
WO-0000313,AST-00080,Preventive,Medium,2025-05-14,2025-05-24,2025-05-18,Completed,7.5,third_rail
WO-0000381,AST-00098,Preventive,Medium,2025-05-14,2025-05-24,2025-05-17,Completed,7.0,power
WO-0001849,AST-00471,Preventive,Medium,2025-05-14,2025-05-24,2025-05-16,Completed,5.6,cable
WO-0002001,AST-00514,Preventive,Medium,2025-05-14,2025-05-24,2025-05-15,Completed,5.2,breaker
WO-0002258,AST-00578,Preventive,Medium,2025-05-14,2025-05-24,2025-05-14,Completed,6.1,cable
WO-0002356,AST-00602,Preventive,Medium,2025-05-14,2025-05-24,2025-05-21,Completed,5.4,third_rail
WO-0003569,AST-00899,Preventive,Medium,2025-05-14,2025-05-24,2025-05-15,Completed,6.7,breaker
WO-0001130,AST-00290,Preventive,Medium,2025-05-15,2025-05-25,2025-05-16,Completed,2.5,power
WO-0002013,AST-00517,Preventive,Medium,2025-05-15,2025-05-25,2025-05-16,Completed,5.6,breaker
WO-0002864,AST-00729,Preventive,Medium,2025-05-15,2025-05-25,2025-05-18,Completed,5.3,cable
WO-0004525,AST-00382,Corrective,Medium,2025-05-15,2025-05-25,2025-05-19,Completed,6.7,third_rail
WO-0005248,AST-00892,Corrective,Critical,2025-05-15,2025-05-17,2025-05-16,Completed,5.5,third_rail
WO-0005334,AST-00956,Corrective,Medium,2025-05-15,2025-05-25,2025-05-18,Completed,5.9,third_rail
WO-0000140,AST-00037,Preventive,Medium,2025-05-16,2025-05-26,2025-05-16,Completed,6.7,power
WO-0000280,AST-00072,Preventive,Medium,2025-05-16,2025-05-26,2025-05-21,Completed,5.2,cable
WO-0002427,AST-00621,Preventive,Medium,2025-05-16,2025-05-26,2025-05-18,Completed,3.9,third_rail
WO-0001984,AST-00510,Preventive,Medium,2025-05-17,2025-05-27,2025-05-21,Completed,8.9,power
WO-0002360,AST-00603,Preventive,Medium,2025-05-17,2025-05-27,2025-05-17,Completed,5.0,third_rail
WO-0000578,AST-00148,Preventive,Medium,2025-05-18,2025-05-28,2025-05-28,Completed,5.5,cable
WO-0001855,AST-00473,Preventive,Medium,2025-05-18,2025-05-28,2025-05-27,Completed,5.2,power
WO-0004382,AST-00272,Corrective,Medium,2025-05-18,2025-05-28,2025-05-19,Completed,4.7,power
WO-0004408,AST-00296,Corrective,High,2025-05-18,2025-05-23,2025-05-20,Completed,6.5,third_rail
WO-0004514,AST-00371,Corrective,Medium,2025-05-18,2025-05-28,2025-05-22,Completed,2.4,third_rail
WO-0001618,AST-00412,Preventive,Medium,2025-05-19,2025-05-29,2025-05-19,Completed,3.4,cable
WO-0001621,AST-00413,Preventive,Medium,2025-05-19,2025-05-29,2025-05-25,Completed,5.3,power
WO-0001733,AST-00442,Preventive,Medium,2025-05-19,2025-05-29,2025-05-20,Completed,4.7,power
WO-0001910,AST-00490,Preventive,Medium,2025-05-19,2025-05-29,2025-05-31,Completed,3.9,cable
WO-0002285,AST-00585,Preventive,Medium,2025-05-20,2025-05-30,2025-05-25,Completed,4.8,third_rail
WO-0002373,AST-00606,Preventive,Medium,2025-05-20,2025-05-30,2025-05-20,Completed,3.5,third_rail
WO-0002636,AST-00672,Preventive,Medium,2025-05-20,2025-05-30,2025-05-22,Completed,2.5,cable
WO-0002683,AST-00683,Preventive,Medium,2025-05-20,2025-05-30,2025-05-23,Completed,2.3,power
WO-0005260,AST-00902,Corrective,High,2025-05-20,2025-05-25,2025-05-22,Completed,9.5,breaker
WO-0004704,AST-00511,Corrective,Medium,2025-05-21,2025-05-31,2025-05-24,Completed,6.7,power
WO-0005089,AST-00793,Corrective,Medium,2025-05-21,2025-05-31,2025-05-24,Completed,7.6,breaker
WO-0001060,AST-00272,Preventive,Medium,2025-05-22,2025-06-01,2025-05-23,Completed,6.3,power
WO-0001512,AST-00387,Preventive,Medium,2025-05-22,2025-06-01,2025-05-28,Completed,5.8,cable
WO-0001614,AST-00411,Preventive,Medium,2025-05-22,2025-06-01,2025-05-26,Completed,6.4,cable
WO-0002477,AST-00633,Preventive,Medium,2025-05-22,2025-06-01,2025-05-22,Completed,3.0,power
WO-0004388,AST-00281,Corrective,High,2025-05-22,2025-05-27,2025-05-27,Completed,5.1,power
WO-0005317,AST-00939,Corrective,Medium,2025-05-22,2025-06-01,2025-05-24,Completed,7.3,third_rail
WO-0000984,AST-00252,Preventive,Medium,2025-05-23,2025-06-02,2025-05-25,Completed,5.3,third_rail
WO-0001453,AST-00371,Preventive,Medium,2025-05-23,2025-06-02,2025-05-27,Completed,4.7,third_rail
WO-0001699,AST-00433,Preventive,Medium,2025-05-23,2025-06-02,2025-05-26,Completed,3.3,cable
WO-0002166,AST-00555,Preventive,Medium,2025-05-23,2025-06-02,2025-05-25,Completed,6.8,power
WO-0002609,AST-00666,Preventive,Medium,2025-05-23,2025-06-02,2025-05-25,Completed,5.0,cable
WO-0003105,AST-00791,Preventive,Medium,2025-05-23,2025-06-02,2025-05-27,Completed,4.7,breaker
WO-0004744,AST-00543,Corrective,High,2025-05-23,2025-05-28,2025-05-26,Completed,7.1,third_rail
WO-0000422,AST-00109,Preventive,Medium,2025-05-24,2025-06-03,2025-05-30,Completed,4.6,power
WO-0001370,AST-00352,Preventive,Medium,2025-05-24,2025-06-03,2025-05-26,Completed,6.4,power
WO-0003056,AST-00778,Preventive,Medium,2025-05-24,2025-06-03,2025-05-25,Completed,4.3,power
WO-0003719,AST-00936,Preventive,Medium,2025-05-24,2025-06-03,2025-06-05,Completed,4.6,breaker
WO-0000668,AST-00170,Preventive,Medium,2025-05-25,2025-06-04,2025-05-31,Completed,5.4,third_rail
WO-0001896,AST-00485,Preventive,Medium,2025-05-25,2025-06-04,2025-05-27,Completed,8.7,power
WO-0003265,AST-00829,Preventive,Medium,2025-05-25,2025-06-04,2025-05-28,Completed,4.9,third_rail
WO-0003535,AST-00891,Preventive,Medium,2025-05-25,2025-06-04,2025-06-05,Completed,5.6,breaker
WO-0004441,AST-00320,Corrective,Critical,2025-05-25,2025-05-27,2025-05-26,Completed,9.4,third_rail
WO-0004670,AST-00491,Corrective,High,2025-05-25,2025-05-30,2025-05-30,Completed,9.8,cable
WO-0001150,AST-00295,Preventive,Medium,2025-05-26,2025-06-05,2025-05-27,Completed,6.2,third_rail
WO-0002202,AST-00564,Preventive,Medium,2025-05-26,2025-06-05,2025-05-26,Completed,9.0,cable
WO-0000893,AST-00228,Preventive,Medium,2025-05-27,2025-06-06,2025-05-29,Completed,4.3,cable
WO-0002174,AST-00557,Preventive,Medium,2025-05-27,2025-06-06,2025-05-30,Completed,3.5,breaker
WO-0002507,AST-00640,Preventive,Medium,2025-05-27,2025-06-06,2025-05-27,Completed,2.2,third_rail
WO-0002833,AST-00720,Preventive,Medium,2025-05-27,2025-06-06,2025-05-28,Completed,4.4,third_rail
WO-0003837,AST-00966,Preventive,Medium,2025-05-27,2025-06-06,2025-06-01,Completed,4.6,cable
WO-0003928,AST-00988,Preventive,Medium,2025-05-27,2025-06-06,2025-06-05,Completed,6.1,power
WO-0001555,AST-00398,Preventive,Medium,2025-05-28,2025-06-07,2025-05-31,Completed,5.9,breaker
WO-0002026,AST-00520,Preventive,Medium,2025-05-28,2025-06-07,2025-06-04,Completed,4.3,third_rail
WO-0002268,AST-00581,Preventive,Medium,2025-05-28,2025-06-07,2025-05-29,Completed,4.1,cable
WO-0002783,AST-00707,Preventive,Medium,2025-05-28,2025-06-07,2025-05-28,Completed,4.3,third_rail
WO-0004742,AST-00542,Corrective,High,2025-05-28,2025-06-02,2025-05-31,Completed,7.9,cable
WO-0004828,AST-00605,Corrective,Medium,2025-05-28,2025-06-07,2025-06-03,Completed,7.4,third_rail
WO-0005178,AST-00846,Corrective,Medium,2025-05-28,2025-06-07,2025-05-28,Completed,9.7,third_rail
WO-0000541,AST-00140,Preventive,Medium,2025-05-29,2025-06-08,2025-05-31,Completed,7.2,power
WO-0003331,AST-00845,Preventive,Medium,2025-05-29,2025-06-08,2025-06-04,Completed,4.1,power
WO-0003119,AST-00795,Preventive,Medium,2025-05-30,2025-06-09,2025-06-01,Completed,6.8,power
WO-0004230,AST-00169,Corrective,Medium,2025-05-30,2025-06-09,2025-05-31,Completed,7.0,breaker
WO-0005203,AST-00864,Corrective,High,2025-05-30,2025-06-04,2025-05-31,Completed,8.9,cable
WO-0001430,AST-00366,Preventive,Medium,2025-05-31,2025-06-10,2025-06-03,Completed,5.6,cable
WO-0001725,AST-00440,Preventive,Medium,2025-05-31,2025-06-10,2025-06-07,Completed,6.5,cable
WO-0003269,AST-00830,Preventive,Medium,2025-05-31,2025-06-10,2025-05-31,Completed,1.5,breaker
WO-0003406,AST-00861,Preventive,Medium,2025-05-31,2025-06-10,2025-06-02,Completed,3.9,cable
WO-0003613,AST-00908,Preventive,Medium,2025-05-31,2025-06-10,2025-06-05,Completed,6.3,power
WO-0005108,AST-00811,Corrective,High,2025-05-31,2025-06-05,2025-06-02,Completed,6.9,power
WO-0000174,AST-00045,Preventive,Medium,2025-06-01,2025-06-11,2025-06-03,Completed,4.1,third_rail
WO-0003932,AST-00989,Preventive,Medium,2025-06-01,2025-06-11,2025-06-06,Completed,6.1,breaker
WO-0004076,AST-00064,Corrective,Medium,2025-06-01,2025-06-11,2025-06-01,Completed,6.5,third_rail
WO-0004668,AST-00489,Corrective,Medium,2025-06-01,2025-06-11,2025-06-04,Completed,5.9,cable
WO-0004681,AST-00497,Corrective,Medium,2025-06-01,2025-06-11,2025-06-03,Completed,5.5,cable
WO-0005157,AST-00837,Corrective,Medium,2025-06-01,2025-06-11,2025-06-09,Completed,5.2,third_rail
WO-0001307,AST-00334,Preventive,Medium,2025-06-02,2025-06-12,2025-06-06,Completed,7.0,third_rail
WO-0001380,AST-00355,Preventive,Medium,2025-06-02,2025-06-12,2025-06-03,Completed,4.9,cable
WO-0002215,AST-00568,Preventive,Medium,2025-06-02,2025-06-12,2025-06-02,Completed,1.5,power
WO-0002767,AST-00704,Preventive,Medium,2025-06-02,2025-06-12,2025-06-03,Completed,4.5,third_rail
WO-0003672,AST-00924,Preventive,Medium,2025-06-02,2025-06-12,2025-06-05,Completed,4.1,cable
WO-0004157,AST-00125,Corrective,High,2025-06-02,2025-06-07,2025-06-06,Completed,4.2,power
WO-0004489,AST-00357,Corrective,Medium,2025-06-02,2025-06-12,2025-06-03,Completed,7.7,third_rail
WO-0004601,AST-00445,Corrective,Medium,2025-06-02,2025-06-12,2025-06-04,Completed,7.8,breaker
WO-0004820,AST-00597,Corrective,Medium,2025-06-02,2025-06-12,2025-06-03,Completed,9.3,cable
WO-0001063,AST-00273,Preventive,Medium,2025-06-03,2025-06-13,2025-06-08,Completed,6.1,power
WO-0002440,AST-00624,Preventive,Medium,2025-06-03,2025-06-13,2025-06-04,Completed,2.5,cable
WO-0002541,AST-00650,Preventive,Medium,2025-06-03,2025-06-13,2025-06-10,Completed,4.5,power
WO-0002808,AST-00715,Preventive,Medium,2025-06-03,2025-06-13,2025-06-05,Completed,5.1,third_rail
WO-0003767,AST-00949,Preventive,Medium,2025-06-03,2025-06-13,2025-06-05,Completed,7.3,third_rail
WO-0004241,AST-00175,Corrective,Critical,2025-06-03,2025-06-05,2025-06-03,Completed,11.5,power
WO-0004835,AST-00608,Corrective,Critical,2025-06-03,2025-06-05,2025-06-06,Completed,7.5,power
WO-0005022,AST-00744,Corrective,Medium,2025-06-03,2025-06-13,2025-06-05,Completed,6.1,power
WO-0005312,AST-00937,Corrective,High,2025-06-03,2025-06-08,2025-06-04,Completed,8.5,third_rail
WO-0000818,AST-00208,Preventive,Medium,2025-06-04,2025-06-14,2025-06-14,Completed,3.6,cable
WO-0001399,AST-00359,Preventive,Medium,2025-06-04,2025-06-14,2025-06-07,Completed,5.2,cable
WO-0002377,AST-00607,Preventive,Medium,2025-06-04,2025-06-14,2025-06-08,Completed,2.5,third_rail
WO-0003061,AST-00780,Preventive,Medium,2025-06-04,2025-06-14,2025-06-06,Completed,7.0,third_rail
WO-0003127,AST-00797,Preventive,Medium,2025-06-04,2025-06-14,2025-06-06,Completed,5.8,power
WO-0002520,AST-00644,Preventive,Medium,2025-06-05,2025-06-15,2025-06-08,Completed,3.4,breaker
WO-0002675,AST-00681,Preventive,Medium,2025-06-05,2025-06-15,2025-06-07,Completed,5.8,power
WO-0003574,AST-00900,Preventive,Medium,2025-06-05,2025-06-15,2025-06-06,Completed,3.8,cable
WO-0004656,AST-00475,Corrective,High,2025-06-05,2025-06-10,2025-06-08,Completed,6.5,breaker
WO-0004961,AST-00698,Corrective,Medium,2025-06-05,2025-06-15,2025-06-06,Completed,4.3,cable
WO-0001330,AST-00341,Preventive,Medium,2025-06-06,2025-06-16,2025-06-17,Completed,4.9,power
WO-0004679,AST-00495,Corrective,Medium,2025-06-06,2025-06-16,2025-06-09,Completed,3.8,third_rail
WO-0004825,AST-00602,Corrective,Medium,2025-06-06,2025-06-16,2025-06-09,Completed,5.8,third_rail
WO-0000354,AST-00090,Preventive,Medium,2025-06-07,2025-06-17,2025-06-08,Completed,5.8,cable
WO-0000537,AST-00139,Preventive,Medium,2025-06-07,2025-06-17,2025-06-08,Completed,3.2,third_rail
WO-0000587,AST-00151,Preventive,Medium,2025-06-07,2025-06-17,2025-06-11,Completed,5.4,third_rail
WO-0000988,AST-00253,Preventive,Medium,2025-06-07,2025-06-17,2025-06-08,Completed,4.0,cable
WO-0002278,AST-00583,Preventive,Medium,2025-06-07,2025-06-17,2025-06-12,Completed,5.8,power
WO-0002586,AST-00660,Preventive,Medium,2025-06-07,2025-06-17,2025-06-11,Completed,4.7,breaker
WO-0003185,AST-00811,Preventive,Medium,2025-06-07,2025-06-17,2025-06-12,Completed,4.1,power
WO-0000219,AST-00056,Preventive,Medium,2025-06-08,2025-06-18,2025-06-08,Completed,4.9,third_rail
WO-0000606,AST-00156,Preventive,Medium,2025-06-08,2025-06-18,2025-06-11,Completed,5.1,cable
WO-0000812,AST-00206,Preventive,Medium,2025-06-08,2025-06-18,2025-06-11,Completed,2.6,breaker
WO-0004266,AST-00198,Corrective,Medium,2025-06-08,2025-06-18,2025-06-08,Completed,8.5,third_rail
WO-0004287,AST-00211,Corrective,High,2025-06-08,2025-06-13,2025-06-10,Completed,7.5,cable
WO-0004487,AST-00356,Corrective,Medium,2025-06-08,2025-06-18,2025-06-08,Completed,7.1,cable
WO-0000054,AST-00016,Preventive,Medium,2025-06-09,2025-06-19,2025-06-09,Completed,5.2,breaker
WO-0000058,AST-00017,Preventive,Medium,2025-06-09,2025-06-19,2025-06-16,Completed,5.1,cable
WO-0000731,AST-00187,Preventive,Medium,2025-06-09,2025-06-19,2025-06-10,Completed,7.6,breaker
WO-0001230,AST-00315,Preventive,Medium,2025-06-09,2025-06-19,2025-06-21,Completed,4.6,breaker
WO-0002999,AST-00763,Preventive,Medium,2025-06-09,2025-06-19,2025-06-12,Completed,6.0,power
WO-0003437,AST-00868,Preventive,Medium,2025-06-09,2025-06-19,2025-06-13,Completed,6.6,third_rail
WO-0004344,AST-00242,Corrective,Critical,2025-06-09,2025-06-11,2025-06-12,Completed,5.0,third_rail
WO-0004772,AST-00562,Corrective,Critical,2025-06-09,2025-06-11,2025-06-12,Completed,9.9,breaker
WO-0000003,AST-00001,Preventive,Medium,2025-06-10,2025-06-20,2025-06-11,Completed,4.2,third_rail
WO-0001097,AST-00282,Preventive,Medium,2025-06-10,2025-06-20,2025-06-13,Completed,3.1,breaker
WO-0001334,AST-00342,Preventive,Medium,2025-06-10,2025-06-20,2025-06-11,Completed,5.5,third_rail
WO-0001373,AST-00353,Preventive,Medium,2025-06-10,2025-06-20,2025-06-11,Completed,5.7,cable
WO-0004499,AST-00362,Corrective,High,2025-06-10,2025-06-15,2025-06-13,Completed,7.8,power
WO-0000611,AST-00157,Preventive,Medium,2025-06-11,2025-06-21,2025-06-16,Completed,6.0,breaker
WO-0001606,AST-00409,Preventive,Medium,2025-06-11,2025-06-21,2025-06-12,Completed,4.9,power
WO-0002310,AST-00591,Preventive,Medium,2025-06-11,2025-06-21,2025-06-15,Completed,4.2,third_rail
WO-0003676,AST-00925,Preventive,Medium,2025-06-11,2025-06-21,2025-06-16,Completed,5.5,power
WO-0004088,AST-00075,Corrective,Medium,2025-06-11,2025-06-21,2025-06-14,Completed,3.4,power
WO-0004442,AST-00320,Corrective,Critical,2025-06-11,2025-06-13,2025-06-16,Completed,7.1,third_rail
WO-0004844,AST-00617,Corrective,Critical,2025-06-11,2025-06-13,2025-06-12,Completed,4.4,cable
WO-0000126,AST-00033,Preventive,Medium,2025-06-12,2025-06-22,2025-06-19,Completed,7.3,breaker
WO-0002926,AST-00745,Preventive,Medium,2025-06-12,2025-06-22,2025-06-12,Completed,3.1,cable
WO-0003620,AST-00910,Preventive,Medium,2025-06-12,2025-06-22,2025-06-20,Completed,5.8,breaker
WO-0001316,AST-00337,Preventive,Medium,2025-06-13,2025-06-23,2025-06-18,Completed,6.0,power
WO-0002143,AST-00550,Preventive,Medium,2025-06-13,2025-06-23,2025-06-18,Completed,4.6,cable
WO-0003008,AST-00766,Preventive,Medium,2025-06-13,2025-06-23,2025-06-16,Completed,4.2,power
WO-0000663,AST-00169,Preventive,Medium,2025-06-14,2025-06-24,2025-06-16,Completed,6.2,breaker
WO-0001012,AST-00259,Preventive,Medium,2025-06-14,2025-06-24,2025-06-15,Completed,3.0,power
WO-0001036,AST-00265,Preventive,Medium,2025-06-14,2025-06-24,2025-06-15,Completed,4.4,third_rail
WO-0001313,AST-00336,Preventive,Medium,2025-06-14,2025-06-24,2025-06-18,Completed,5.6,cable
WO-0002147,AST-00551,Preventive,Medium,2025-06-14,2025-06-24,2025-06-16,Completed,5.7,cable
WO-0002921,AST-00744,Preventive,Medium,2025-06-14,2025-06-24,2025-06-17,Completed,6.8,power
WO-0003896,AST-00981,Preventive,Medium,2025-06-14,2025-06-24,2025-06-15,Completed,4.3,third_rail
WO-0000533,AST-00138,Preventive,Medium,2025-06-15,2025-06-25,2025-06-15,Completed,6.1,cable
WO-0001825,AST-00465,Preventive,Medium,2025-06-15,2025-06-25,2025-06-20,Completed,5.6,cable
WO-0002852,AST-00726,Preventive,Medium,2025-06-15,2025-06-25,2025-06-17,Completed,4.2,power
WO-0004420,AST-00305,Corrective,Critical,2025-06-15,2025-06-17,2025-06-16,Completed,7.3,third_rail
WO-0001748,AST-00445,Preventive,Medium,2025-06-16,2025-06-26,2025-06-17,Completed,4.1,breaker
WO-0002067,AST-00532,Preventive,Medium,2025-06-16,2025-06-26,2025-06-17,Completed,5.4,cable
WO-0002939,AST-00748,Preventive,Medium,2025-06-16,2025-06-26,2025-06-17,Completed,6.2,cable
WO-0005086,AST-00793,Corrective,Medium,2025-06-16,2025-06-26,2025-06-16,Completed,8.7,breaker
WO-0000360,AST-00092,Preventive,Medium,2025-06-17,2025-06-27,2025-06-20,Completed,6.2,cable
WO-0000680,AST-00174,Preventive,Medium,2025-06-17,2025-06-27,2025-06-23,Completed,6.8,third_rail
WO-0001278,AST-00327,Preventive,Medium,2025-06-17,2025-06-27,2025-06-22,Completed,4.3,third_rail
WO-0001705,AST-00435,Preventive,Medium,2025-06-17,2025-06-27,2025-06-19,Completed,5.5,power
WO-0002231,AST-00572,Preventive,Medium,2025-06-17,2025-06-27,2025-06-20,Completed,4.6,third_rail
WO-0000290,AST-00074,Preventive,Medium,2025-06-18,2025-06-28,2025-06-19,Completed,4.1,breaker
WO-0001117,AST-00287,Preventive,Medium,2025-06-18,2025-06-28,2025-06-25,Completed,4.2,power
WO-0001693,AST-00431,Preventive,Medium,2025-06-18,2025-06-28,2025-06-20,Completed,5.2,third_rail
WO-0003958,AST-00995,Preventive,Medium,2025-06-18,2025-06-28,2025-06-22,Completed,4.1,third_rail
WO-0001248,AST-00320,Preventive,Medium,2025-06-19,2025-06-29,2025-06-20,Completed,3.3,third_rail
WO-0001344,AST-00345,Preventive,Medium,2025-06-19,2025-06-29,2025-06-20,Completed,5.1,third_rail
WO-0001501,AST-00383,Preventive,Medium,2025-06-19,2025-06-29,2025-06-20,Completed,4.0,third_rail
WO-0001507,AST-00385,Preventive,Medium,2025-06-19,2025-06-29,2025-06-24,Completed,5.7,breaker
WO-0001787,AST-00455,Preventive,Medium,2025-06-19,2025-06-29,2025-06-21,Completed,6.8,power
WO-0002514,AST-00642,Preventive,Medium,2025-06-19,2025-06-29,2025-06-20,Completed,5.4,third_rail
WO-0002755,AST-00701,Preventive,Medium,2025-06-19,2025-06-29,2025-06-20,Completed,5.2,breaker
WO-0004974,AST-00710,Corrective,Medium,2025-06-19,2025-06-29,2025-06-20,Completed,5.1,cable
WO-0000241,AST-00063,Preventive,Medium,2025-06-20,2025-06-30,2025-06-21,Completed,5.0,cable
WO-0001338,AST-00343,Preventive,Medium,2025-06-20,2025-06-30,2025-06-23,Completed,6.5,third_rail
WO-0001383,AST-00356,Preventive,Medium,2025-06-20,2025-06-30,2025-06-24,Completed,3.6,cable
WO-0002688,AST-00684,Preventive,Medium,2025-06-20,2025-06-30,2025-06-21,Completed,4.9,cable
WO-0003475,AST-00878,Preventive,Medium,2025-06-20,2025-06-30,2025-06-22,Completed,5.0,breaker
WO-0003951,AST-00993,Preventive,Medium,2025-06-20,2025-06-30,2025-06-25,Completed,3.3,third_rail
WO-0000751,AST-00192,Preventive,Medium,2025-06-21,2025-07-01,2025-06-24,Completed,7.5,breaker
WO-0001166,AST-00298,Preventive,Medium,2025-06-21,2025-07-01,2025-06-27,Completed,4.8,third_rail
WO-0001627,AST-00415,Preventive,Medium,2025-06-21,2025-07-01,2025-06-22,Completed,3.9,power
WO-0002273,AST-00582,Preventive,Medium,2025-06-21,2025-07-01,2025-06-21,Completed,6.0,cable
WO-0003112,AST-00793,Preventive,Medium,2025-06-21,2025-07-01,2025-06-25,Completed,4.7,breaker
WO-0003148,AST-00802,Preventive,Medium,2025-06-21,2025-07-01,2025-06-23,Completed,5.1,breaker
WO-0000014,AST-00004,Preventive,Medium,2025-06-22,2025-07-02,2025-06-27,Completed,2.6,cable
WO-0000252,AST-00066,Preventive,Medium,2025-06-22,2025-07-02,2025-06-22,Completed,3.9,cable
WO-0000846,AST-00216,Preventive,Medium,2025-06-22,2025-07-02,2025-06-24,Completed,6.4,cable
WO-0000931,AST-00238,Preventive,Medium,2025-06-22,2025-07-02,2025-06-30,Completed,3.5,third_rail
WO-0001478,AST-00377,Preventive,Medium,2025-06-22,2025-07-02,2025-06-23,Completed,5.5,third_rail
WO-0001644,AST-00419,Preventive,Medium,2025-06-22,2025-07-02,2025-06-23,Completed,2.7,breaker
WO-0001821,AST-00464,Preventive,Medium,2025-06-22,2025-07-02,2025-06-24,Completed,6.2,breaker
WO-0002407,AST-00615,Preventive,Medium,2025-06-22,2025-07-02,2025-06-23,Completed,1.9,breaker
WO-0002959,AST-00752,Preventive,Medium,2025-06-22,2025-07-02,2025-06-25,Completed,5.7,breaker
WO-0003159,AST-00805,Preventive,Medium,2025-06-22,2025-07-02,2025-06-22,Completed,1.8,power
WO-0000041,AST-00012,Preventive,Medium,2025-06-23,2025-07-03,2025-06-26,Completed,3.2,third_rail
WO-0000704,AST-00180,Preventive,Medium,2025-06-23,2025-07-03,2025-06-29,Completed,4.5,cable
WO-0002413,AST-00617,Preventive,Medium,2025-06-23,2025-07-03,2025-06-29,Completed,4.9,cable
WO-0002778,AST-00706,Preventive,Medium,2025-06-23,2025-07-03,2025-06-26,Completed,5.8,cable
WO-0004556,AST-00406,Corrective,Critical,2025-06-23,2025-06-25,2025-06-29,Completed,8.6,third_rail
WO-0005288,AST-00921,Corrective,High,2025-06-23,2025-06-28,2025-06-30,Completed,8.5,power
WO-0000628,AST-00161,Preventive,Medium,2025-06-24,2025-07-04,2025-06-25,Completed,5.3,power
WO-0001673,AST-00426,Preventive,Medium,2025-06-24,2025-07-04,2025-06-27,Completed,5.5,third_rail
WO-0003225,AST-00821,Preventive,Medium,2025-06-24,2025-07-04,2025-06-27,Completed,5.5,power
WO-0004186,AST-00142,Corrective,Medium,2025-06-24,2025-07-04,2025-06-30,Completed,4.5,cable
WO-0004994,AST-00724,Corrective,Medium,2025-06-24,2025-07-04,2025-07-01,Completed,6.6,third_rail
WO-0005179,AST-00847,Corrective,High,2025-06-24,2025-06-29,2025-06-26,Completed,9.1,breaker
WO-0000495,AST-00128,Preventive,Medium,2025-06-25,2025-07-05,2025-06-27,Completed,6.2,power
WO-0001004,AST-00257,Preventive,Medium,2025-06-25,2025-07-05,2025-06-28,Completed,4.5,third_rail
WO-0003305,AST-00837,Preventive,Medium,2025-06-25,2025-07-05,2025-07-06,Completed,5.5,third_rail
WO-0003402,AST-00860,Preventive,Medium,2025-06-25,2025-07-05,2025-07-05,Completed,3.2,cable
WO-0004952,AST-00694,Corrective,High,2025-06-25,2025-06-30,2025-06-27,Completed,7.6,breaker
WO-0005392,AST-00001,Corrective,High,2025-06-25,2025-06-30,2025-06-27,Completed,3.6,third_rail
WO-0005472,AST-00131,Corrective,Medium,2025-06-25,2025-07-05,2025-06-29,Completed,5.4,power
WO-0005521,AST-00169,Corrective,High,2025-06-25,2025-06-30,2025-06-27,Completed,9.6,breaker
WO-0005557,AST-00227,Corrective,High,2025-06-25,2025-06-30,2025-06-27,Completed,6.7,power
WO-0005588,AST-00260,Corrective,High,2025-06-25,2025-06-30,2025-06-27,Completed,8.9,cable
WO-0005659,AST-00387,Corrective,High,2025-06-25,2025-06-30,2025-06-26,Completed,6.1,cable
WO-0005691,AST-00436,Corrective,Medium,2025-06-25,2025-07-05,2025-07-03,Completed,4.6,breaker
WO-0005712,AST-00494,Corrective,Medium,2025-06-25,2025-07-05,2025-07-10,Completed,5.8,breaker
WO-0005796,AST-00620,Corrective,Medium,2025-06-25,2025-07-05,2025-06-27,Completed,6.3,power
WO-0005861,AST-00695,Corrective,High,2025-06-25,2025-06-30,2025-06-26,Completed,6.7,third_rail
WO-0005865,AST-00701,Corrective,Medium,2025-06-25,2025-07-05,2025-06-30,Completed,4.2,breaker
WO-0005875,AST-00710,Corrective,Medium,2025-06-25,2025-07-05,2025-06-27,Completed,7.6,cable
WO-0005884,AST-00722,Corrective,Medium,2025-06-25,2025-07-05,2025-06-25,Completed,5.6,cable
WO-0005896,AST-00744,Corrective,Medium,2025-06-25,2025-07-05,2025-06-27,Completed,6.8,power
WO-0005965,AST-00820,Corrective,Medium,2025-06-25,2025-07-05,2025-06-28,Completed,6.5,breaker
WO-0001292,AST-00330,Preventive,Medium,2025-06-26,2025-07-06,2025-06-30,Completed,3.8,breaker
WO-0002192,AST-00561,Preventive,Medium,2025-06-26,2025-07-06,2025-07-03,Completed,6.3,power
WO-0002679,AST-00682,Preventive,Medium,2025-06-26,2025-07-06,2025-06-27,Completed,5.1,breaker
WO-0002876,AST-00731,Preventive,Medium,2025-06-26,2025-07-06,2025-06-29,Completed,2.8,breaker
WO-0003800,AST-00957,Preventive,Medium,2025-06-26,2025-07-06,2025-06-27,Completed,5.5,third_rail
WO-0004480,AST-00353,Corrective,Critical,2025-06-26,2025-06-28,2025-07-03,Completed,6.8,cable
WO-0005102,AST-00802,Corrective,High,2025-06-26,2025-07-01,2025-07-01,Completed,5.2,breaker
WO-0005221,AST-00875,Corrective,Medium,2025-06-26,2025-07-06,2025-06-28,Completed,5.3,cable
WO-0005407,AST-00028,Corrective,Medium,2025-06-26,2025-07-06,2025-06-30,Completed,5.8,power
WO-0005413,AST-00039,Corrective,Medium,2025-06-26,2025-07-06,2025-06-30,Completed,8.3,breaker
WO-0005425,AST-00068,Corrective,Medium,2025-06-26,2025-07-06,2025-06-29,Completed,9.3,breaker
WO-0005528,AST-00172,Corrective,Medium,2025-06-26,2025-07-06,2025-07-03,Completed,5.6,cable
WO-0005542,AST-00196,Corrective,Medium,2025-06-26,2025-07-06,2025-07-01,Completed,5.5,power
WO-0005629,AST-00338,Corrective,Medium,2025-06-26,2025-07-06,2025-06-30,Completed,4.5,cable
WO-0005663,AST-00388,Corrective,Medium,2025-06-26,2025-07-06,2025-07-02,Completed,3.7,third_rail
WO-0005681,AST-00413,Corrective,High,2025-06-26,2025-07-01,2025-06-27,Completed,5.9,power
WO-0005721,AST-00514,Corrective,Medium,2025-06-26,2025-07-06,2025-06-28,Completed,3.8,breaker
WO-0005799,AST-00621,Corrective,Medium,2025-06-26,2025-07-06,2025-07-05,Completed,6.8,third_rail
WO-0005973,AST-00838,Corrective,Medium,2025-06-26,2025-07-06,2025-07-04,Completed,5.1,third_rail
WO-0005985,AST-00862,Corrective,Medium,2025-06-26,2025-07-06,2025-07-08,Completed,4.2,cable
WO-0006001,AST-00879,Corrective,Medium,2025-06-26,2025-07-06,2025-06-29,Completed,8.8,cable
WO-0006016,AST-00894,Corrective,Medium,2025-06-26,2025-07-06,2025-06-29,Completed,3.7,power
WO-0006100,AST-00996,Corrective,Medium,2025-06-26,2025-07-06,2025-06-28,Completed,6.2,cable
WO-0000103,AST-00027,Preventive,Medium,2025-06-27,2025-07-07,2025-06-30,Completed,3.0,cable
WO-0000701,AST-00179,Preventive,Medium,2025-06-27,2025-07-07,2025-06-28,Completed,7.3,third_rail
WO-0000917,AST-00235,Preventive,Medium,2025-06-27,2025-07-07,2025-06-30,Completed,5.0,third_rail
WO-0001367,AST-00351,Preventive,Medium,2025-06-27,2025-07-07,2025-07-04,Completed,3.7,cable
WO-0001680,AST-00428,Preventive,Medium,2025-06-27,2025-07-07,2025-06-27,Completed,5.8,third_rail
WO-0002336,AST-00596,Preventive,Medium,2025-06-27,2025-07-07,2025-06-30,Completed,5.2,breaker
WO-0004913,AST-00672,Corrective,Medium,2025-06-27,2025-07-07,2025-06-29,Completed,6.3,cable
WO-0004940,AST-00685,Corrective,Medium,2025-06-27,2025-07-07,2025-06-29,Completed,2.0,cable
WO-0005051,AST-00768,Corrective,Medium,2025-06-27,2025-07-07,2025-06-30,Completed,4.4,power
WO-0005488,AST-00148,Corrective,Medium,2025-06-27,2025-07-07,2025-06-29,Completed,6.7,cable
WO-0005516,AST-00166,Corrective,Medium,2025-06-27,2025-07-07,2025-06-28,Completed,4.5,breaker
WO-0005536,AST-00173,Corrective,Medium,2025-06-27,2025-07-07,2025-06-29,Completed,2.8,breaker
WO-0005751,AST-00557,Corrective,Medium,2025-06-27,2025-07-07,2025-06-27,Completed,5.9,breaker
WO-0005761,AST-00571,Corrective,Medium,2025-06-27,2025-07-07,2025-07-08,Completed,7.4,breaker
WO-0005805,AST-00624,Corrective,High,2025-06-27,2025-07-02,2025-06-27,Completed,3.4,cable
WO-0005815,AST-00638,Corrective,Medium,2025-06-27,2025-07-07,2025-06-29,Completed,5.5,cable
WO-0005826,AST-00651,Corrective,Medium,2025-06-27,2025-07-07,2025-06-29,Completed,7.5,cable
WO-0005889,AST-00731,Corrective,High,2025-06-27,2025-07-02,2025-06-28,Completed,6.8,breaker
WO-0005932,AST-00785,Corrective,Medium,2025-06-27,2025-07-07,2025-06-28,Completed,4.2,third_rail
WO-0005933,AST-00790,Corrective,Medium,2025-06-27,2025-07-07,2025-06-28,Completed,5.4,cable
WO-0006019,AST-00896,Corrective,High,2025-06-27,2025-07-02,2025-06-28,Completed,5.2,third_rail
WO-0006084,AST-00974,Corrective,Medium,2025-06-27,2025-07-07,2025-06-29,Completed,7.3,third_rail
WO-0000960,AST-00246,Preventive,Medium,2025-06-28,2025-07-08,2025-07-02,Completed,5.3,third_rail
WO-0001126,AST-00289,Preventive,Medium,2025-06-28,2025-07-08,2025-06-28,Completed,3.9,cable
WO-0002058,AST-00530,Preventive,Medium,2025-06-28,2025-07-08,2025-06-28,Completed,5.8,breaker
WO-0002091,AST-00537,Preventive,Medium,2025-06-28,2025-07-08,2025-07-04,Completed,3.9,cable
WO-0003786,AST-00954,Preventive,Medium,2025-06-28,2025-07-08,2025-07-07,Completed,3.2,power
WO-0004434,AST-00315,Corrective,Medium,2025-06-28,2025-07-08,2025-07-05,Completed,8.9,breaker
WO-0004582,AST-00429,Corrective,Critical,2025-06-28,2025-06-30,2025-06-28,Completed,7.1,power
WO-0004804,AST-00584,Corrective,Medium,2025-06-28,2025-07-08,2025-07-01,Completed,3.6,breaker
WO-0005402,AST-00015,Corrective,Medium,2025-06-28,2025-07-08,2025-07-02,Completed,4.5,cable
WO-0005436,AST-00091,Corrective,High,2025-06-28,2025-07-03,2025-07-04,Completed,4.6,power
WO-0005452,AST-00101,Corrective,Medium,2025-06-28,2025-07-08,2025-06-29,Completed,7.4,third_rail
WO-0005459,AST-00114,Corrective,Medium,2025-06-28,2025-07-08,2025-06-28,Completed,3.8,cable
WO-0005478,AST-00139,Corrective,Medium,2025-06-28,2025-07-08,2025-06-30,Completed,7.6,third_rail
WO-0005621,AST-00305,Corrective,Medium,2025-06-28,2025-07-08,2025-06-30,Completed,6.9,third_rail
WO-0005672,AST-00400,Corrective,Medium,2025-06-28,2025-07-08,2025-07-03,Completed,9.2,cable
WO-0005855,AST-00692,Corrective,Medium,2025-06-28,2025-07-08,2025-07-02,Completed,4.2,third_rail
WO-0005872,AST-00709,Corrective,Medium,2025-06-28,2025-07-08,2025-06-29,Completed,9.8,cable
WO-0005903,AST-00754,Corrective,Medium,2025-06-28,2025-07-08,2025-06-28,Completed,6.5,cable
WO-0005921,AST-00778,Corrective,Medium,2025-06-28,2025-07-08,2025-07-05,Completed,7.0,power
WO-0005945,AST-00799,Corrective,Medium,2025-06-28,2025-07-08,2025-06-29,Completed,8.6,cable
WO-0005952,AST-00806,Corrective,Medium,2025-06-28,2025-07-08,2025-07-02,Completed,7.3,power
WO-0005970,AST-00837,Corrective,Medium,2025-06-28,2025-07-08,2025-07-02,Completed,8.6,third_rail
WO-0006063,AST-00939,Corrective,High,2025-06-28,2025-07-03,2025-07-02,Completed,2.7,third_rail
WO-0000767,AST-00196,Preventive,Medium,2025-06-29,2025-07-09,2025-06-30,Completed,4.8,power
WO-0001031,AST-00264,Preventive,Medium,2025-06-29,2025-07-09,2025-06-29,Completed,5.3,power
WO-0001054,AST-00270,Preventive,Medium,2025-06-29,2025-07-09,2025-07-02,Completed,5.9,power
WO-0001199,AST-00308,Preventive,Medium,2025-06-29,2025-07-09,2025-07-01,Completed,6.0,cable
WO-0002292,AST-00587,Preventive,Medium,2025-06-29,2025-07-09,2025-07-02,Completed,3.8,power
WO-0004058,AST-00054,Corrective,Medium,2025-06-29,2025-07-09,2025-06-30,Completed,8.5,cable
WO-0004906,AST-00670,Corrective,Critical,2025-06-29,2025-07-01,2025-07-05,Completed,5.8,cable
WO-0004976,AST-00713,Corrective,Medium,2025-06-29,2025-07-09,2025-06-30,Completed,7.5,third_rail
WO-0005419,AST-00061,Corrective,High,2025-06-29,2025-07-04,2025-06-30,Completed,10.5,cable
WO-0005508,AST-00164,Corrective,Medium,2025-06-29,2025-07-09,2025-06-30,Completed,6.0,power
WO-0005602,AST-00284,Corrective,High,2025-06-29,2025-07-04,2025-07-02,Completed,6.8,breaker
WO-0005614,AST-00296,Corrective,Medium,2025-06-29,2025-07-09,2025-07-03,Completed,4.0,third_rail
WO-0005632,AST-00344,Corrective,Medium,2025-06-29,2025-07-09,2025-07-02,Completed,2.7,cable
WO-0005642,AST-00361,Corrective,Medium,2025-06-29,2025-07-09,2025-07-01,Completed,4.7,third_rail
WO-0005702,AST-00464,Corrective,Medium,2025-06-29,2025-07-09,2025-07-03,Completed,5.2,breaker
WO-0005741,AST-00545,Corrective,Medium,2025-06-29,2025-07-09,2025-07-01,Completed,9.1,power
WO-0005767,AST-00573,Corrective,Medium,2025-06-29,2025-07-09,2025-07-01,Completed,7.5,cable
WO-0005770,AST-00579,Corrective,Medium,2025-06-29,2025-07-09,2025-07-03,Completed,7.0,third_rail
WO-0005793,AST-00617,Corrective,Medium,2025-06-29,2025-07-09,2025-07-01,Completed,6.1,cable
WO-0005823,AST-00649,Corrective,High,2025-06-29,2025-07-04,2025-06-30,Completed,2.0,cable
WO-0005829,AST-00653,Corrective,Medium,2025-06-29,2025-07-09,2025-07-04,Completed,5.0,cable
WO-0005853,AST-00690,Corrective,Medium,2025-06-29,2025-07-09,2025-06-29,Completed,8.4,cable
WO-0005879,AST-00713,Corrective,Medium,2025-06-29,2025-07-09,2025-07-02,Completed,5.4,third_rail
WO-0005926,AST-00782,Corrective,High,2025-06-29,2025-07-04,2025-07-02,Completed,7.8,third_rail
WO-0005954,AST-00809,Corrective,Medium,2025-06-29,2025-07-09,2025-06-29,Completed,4.4,cable
WO-0006023,AST-00898,Corrective,Medium,2025-06-29,2025-07-09,2025-07-02,Completed,8.7,breaker
WO-0006050,AST-00919,Corrective,Medium,2025-06-29,2025-07-09,2025-07-01,Completed,4.8,breaker
WO-0006078,AST-00956,Corrective,Medium,2025-06-29,2025-07-09,2025-07-02,Completed,6.6,third_rail
WO-0000434,AST-00112,Preventive,Medium,2025-06-30,2025-07-10,2025-07-02,Completed,5.3,breaker
WO-0000965,AST-00247,Preventive,Medium,2025-06-30,2025-07-10,2025-07-04,Completed,4.8,cable
WO-0001203,AST-00309,Preventive,Medium,2025-06-30,2025-07-10,2025-07-06,Completed,7.5,breaker
WO-0001722,AST-00439,Preventive,Medium,2025-06-30,2025-07-10,2025-07-03,Completed,4.1,cable
WO-0001893,AST-00484,Preventive,Medium,2025-06-30,2025-07-10,2025-06-30,Completed,1.6,breaker
WO-0002838,AST-00721,Preventive,Medium,2025-06-30,2025-07-10,2025-07-08,Completed,4.8,cable
WO-0003783,AST-00953,Preventive,Medium,2025-06-30,2025-07-10,2025-07-06,Completed,5.9,breaker
WO-0004333,AST-00235,Corrective,Medium,2025-06-30,2025-07-10,2025-07-02,Completed,5.2,third_rail
WO-0005241,AST-00888,Corrective,High,2025-06-30,2025-07-05,2025-07-02,Completed,3.3,power
WO-0000545,AST-00141,Preventive,Medium,2025-07-01,2025-07-11,2025-07-02,Completed,5.8,cable
WO-0001304,AST-00333,Preventive,Medium,2025-07-01,2025-07-11,2025-07-09,Completed,4.7,cable
WO-0001363,AST-00350,Preventive,Medium,2025-07-01,2025-07-11,2025-07-13,Completed,4.6,power
WO-0002870,AST-00730,Preventive,Medium,2025-07-01,2025-07-11,2025-07-04,Completed,5.4,cable
WO-0004064,AST-00058,Corrective,Medium,2025-07-01,2025-07-11,2025-07-02,Completed,5.6,cable
WO-0000340,AST-00086,Preventive,Medium,2025-07-02,2025-07-12,2025-07-09,Completed,3.3,power
WO-0000802,AST-00204,Preventive,Medium,2025-07-02,2025-07-12,2025-07-07,Completed,1.8,power
WO-0002729,AST-00695,Preventive,Medium,2025-07-02,2025-07-12,2025-07-05,Completed,5.3,third_rail
WO-0003240,AST-00824,Preventive,Medium,2025-07-02,2025-07-12,2025-07-04,Completed,2.8,cable
WO-0003397,AST-00859,Preventive,Medium,2025-07-02,2025-07-12,2025-07-02,Completed,3.4,breaker
WO-0003962,AST-00996,Preventive,Medium,2025-07-02,2025-07-12,2025-07-14,Completed,6.4,cable
WO-0005257,AST-00900,Corrective,Medium,2025-07-02,2025-07-12,2025-07-03,Completed,8.7,cable
WO-0000095,AST-00025,Preventive,Medium,2025-07-03,2025-07-13,2025-07-06,Completed,6.5,third_rail
WO-0000367,AST-00094,Preventive,Medium,2025-07-03,2025-07-13,2025-07-12,Completed,6.6,breaker
WO-0005018,AST-00740,Corrective,Medium,2025-07-03,2025-07-13,2025-07-05,Completed,6.8,cable
WO-0001268,AST-00325,Preventive,Medium,2025-07-04,2025-07-14,2025-07-06,Completed,5.9,third_rail
WO-0001579,AST-00403,Preventive,Medium,2025-07-04,2025-07-14,2025-07-11,Completed,6.6,third_rail
WO-0002445,AST-00625,Preventive,Medium,2025-07-04,2025-07-14,2025-07-05,Completed,4.8,third_rail
WO-0003748,AST-00943,Preventive,Medium,2025-07-04,2025-07-14,2025-07-06,Completed,7.0,power
WO-0005183,AST-00848,Corrective,Critical,2025-07-04,2025-07-06,2025-07-07,Completed,7.0,cable
WO-0000144,AST-00038,Preventive,Medium,2025-07-05,2025-07-15,2025-07-10,Completed,7.3,cable
WO-0000524,AST-00136,Preventive,Medium,2025-07-05,2025-07-15,2025-07-10,Completed,6.7,power
WO-0001570,AST-00401,Preventive,Medium,2025-07-05,2025-07-15,2025-07-05,Completed,5.3,breaker
WO-0001717,AST-00438,Preventive,Medium,2025-07-05,2025-07-15,2025-07-10,Completed,5.9,cable
WO-0003815,AST-00961,Preventive,Medium,2025-07-05,2025-07-15,2025-07-12,Completed,4.7,cable
WO-0002497,AST-00637,Preventive,Medium,2025-07-06,2025-07-16,2025-07-07,Completed,5.7,cable
WO-0004894,AST-00659,Corrective,High,2025-07-06,2025-07-11,2025-07-18,Completed,6.4,cable
WO-0005280,AST-00917,Corrective,High,2025-07-06,2025-07-11,2025-07-07,Completed,9.6,power
WO-0000149,AST-00039,Preventive,Medium,2025-07-07,2025-07-17,2025-07-08,Completed,5.7,breaker
WO-0001436,AST-00367,Preventive,Medium,2025-07-07,2025-07-17,2025-07-08,Completed,5.9,third_rail
WO-0002813,AST-00716,Preventive,Medium,2025-07-07,2025-07-17,2025-07-08,Completed,3.8,breaker
WO-0003559,AST-00897,Preventive,Medium,2025-07-07,2025-07-17,2025-07-14,Completed,3.4,breaker
WO-0000370,AST-00095,Preventive,Medium,2025-07-08,2025-07-18,2025-07-09,Completed,3.4,breaker
WO-0001523,AST-00390,Preventive,Medium,2025-07-08,2025-07-18,2025-07-11,Completed,3.4,third_rail
WO-0004367,AST-00264,Corrective,High,2025-07-08,2025-07-13,2025-07-14,Completed,5.5,power
WO-0000153,AST-00040,Preventive,Medium,2025-07-09,2025-07-19,2025-07-10,Completed,2.9,cable
WO-0000838,AST-00214,Preventive,Medium,2025-07-09,2025-07-19,2025-07-12,Completed,6.0,third_rail
WO-0002121,AST-00544,Preventive,Medium,2025-07-09,2025-07-19,2025-07-12,Completed,3.4,third_rail
WO-0002945,AST-00749,Preventive,Medium,2025-07-09,2025-07-19,2025-07-13,Completed,6.5,third_rail
WO-0004024,AST-00031,Corrective,Medium,2025-07-09,2025-07-19,2025-07-11,Completed,5.3,cable
WO-0000111,AST-00029,Preventive,Medium,2025-07-10,2025-07-20,2025-07-11,Completed,4.4,power
WO-0000619,AST-00159,Preventive,Medium,2025-07-10,2025-07-20,2025-07-10,Completed,5.0,cable
WO-0001835,AST-00468,Preventive,Medium,2025-07-10,2025-07-20,2025-07-10,Completed,4.5,third_rail
WO-0002935,AST-00747,Preventive,Medium,2025-07-10,2025-07-20,2025-07-12,Completed,4.2,breaker
WO-0004119,AST-00105,Corrective,Medium,2025-07-10,2025-07-20,2025-07-13,Completed,8.1,third_rail
WO-0002606,AST-00665,Preventive,Medium,2025-07-11,2025-07-21,2025-07-13,Completed,4.4,breaker
WO-0002645,AST-00674,Preventive,Medium,2025-07-11,2025-07-21,2025-07-12,Completed,4.9,cable
WO-0004476,AST-00348,Corrective,High,2025-07-11,2025-07-16,2025-07-23,Completed,6.1,breaker
WO-0004479,AST-00353,Corrective,High,2025-07-11,2025-07-16,2025-07-17,Completed,6.8,cable
WO-0004565,AST-00411,Corrective,Medium,2025-07-11,2025-07-21,2025-07-29,Completed,4.6,cable
WO-0004752,AST-00547,Corrective,High,2025-07-11,2025-07-16,2025-07-23,Completed,5.7,breaker
WO-0000443,AST-00114,Preventive,Medium,2025-07-12,2025-07-22,2025-07-13,Completed,4.1,cable
WO-0001465,AST-00374,Preventive,Medium,2025-07-12,2025-07-22,2025-07-14,Completed,6.1,breaker
WO-0002187,AST-00560,Preventive,Medium,2025-07-12,2025-07-22,2025-07-16,Completed,6.0,cable
WO-0003588,AST-00903,Preventive,Medium,2025-07-12,2025-07-22,2025-07-15,Completed,4.3,power
WO-0004829,AST-00606,Corrective,High,2025-07-12,2025-07-17,2025-07-14,Completed,4.7,third_rail
WO-0004878,AST-00651,Corrective,Medium,2025-07-12,2025-07-22,2025-07-15,Completed,7.9,cable
WO-0005244,AST-00890,Corrective,Medium,2025-07-12,2025-07-22,2025-07-16,Completed,7.5,cable
WO-0003373,AST-00854,Preventive,Medium,2025-07-13,2025-07-23,2025-07-14,Completed,5.1,third_rail
WO-0003999,AST-00016,Corrective,Medium,2025-07-13,2025-07-23,2025-07-19,Completed,6.7,breaker
WO-0000881,AST-00225,Preventive,Medium,2025-07-14,2025-07-24,2025-07-20,Completed,3.6,breaker
WO-0001471,AST-00375,Preventive,Medium,2025-07-14,2025-07-24,2025-07-14,Completed,5.1,power
WO-0001901,AST-00487,Preventive,Medium,2025-07-14,2025-07-24,2025-07-15,Completed,6.7,cable
WO-0001973,AST-00507,Preventive,Medium,2025-07-14,2025-07-24,2025-07-22,Completed,5.3,breaker
WO-0002592,AST-00661,Preventive,Medium,2025-07-14,2025-07-24,2025-07-19,Completed,4.8,breaker
WO-0003255,AST-00827,Preventive,Medium,2025-07-14,2025-07-24,2025-07-16,Completed,5.2,cable
WO-0004486,AST-00356,Corrective,High,2025-07-14,2025-07-19,2025-07-16,Completed,3.6,cable
WO-0005282,AST-00919,Corrective,High,2025-07-14,2025-07-19,2025-07-17,Completed,6.1,breaker
WO-0000568,AST-00146,Preventive,Medium,2025-07-15,2025-07-25,2025-07-17,Completed,5.9,breaker
WO-0000781,AST-00199,Preventive,Medium,2025-07-15,2025-07-25,2025-07-18,Completed,2.1,breaker
WO-0001445,AST-00369,Preventive,Medium,2025-07-15,2025-07-25,2025-07-16,Completed,6.0,breaker
WO-0001888,AST-00482,Preventive,Medium,2025-07-15,2025-07-25,2025-07-17,Completed,3.5,breaker
WO-0002158,AST-00553,Preventive,Medium,2025-07-15,2025-07-25,2025-07-19,Completed,2.2,breaker
WO-0003046,AST-00775,Preventive,Medium,2025-07-15,2025-07-25,2025-07-18,Completed,4.0,power
WO-0003824,AST-00963,Preventive,Medium,2025-07-15,2025-07-25,2025-07-18,Completed,6.5,power
WO-0004021,AST-00029,Corrective,High,2025-07-15,2025-07-20,2025-07-20,Completed,5.6,power
WO-0004449,AST-00324,Corrective,Medium,2025-07-15,2025-07-25,2025-07-16,Completed,5.8,cable
WO-0005296,AST-00927,Corrective,Medium,2025-07-15,2025-07-25,2025-07-17,Completed,8.1,power
WO-0000474,AST-00122,Preventive,Medium,2025-07-16,2025-07-26,2025-07-16,Completed,4.2,cable
WO-0001997,AST-00513,Preventive,Medium,2025-07-16,2025-07-26,2025-07-20,Completed,3.9,power
WO-0002324,AST-00594,Preventive,Medium,2025-07-16,2025-07-26,2025-07-17,Completed,5.7,cable
WO-0003299,AST-00836,Preventive,Medium,2025-07-16,2025-07-26,2025-07-20,Completed,3.0,cable
WO-0003669,AST-00923,Preventive,Medium,2025-07-16,2025-07-26,2025-07-23,Completed,3.2,cable
WO-0004240,AST-00174,Corrective,High,2025-07-16,2025-07-21,2025-07-17,Completed,5.2,third_rail
WO-0000170,AST-00044,Preventive,Medium,2025-07-17,2025-07-27,2025-07-18,Completed,4.4,breaker
WO-0000270,AST-00070,Preventive,Medium,2025-07-17,2025-07-27,2025-07-18,Completed,5.2,cable
WO-0000555,AST-00143,Preventive,Medium,2025-07-17,2025-07-27,2025-07-19,Completed,4.6,third_rail
WO-0002077,AST-00534,Preventive,Medium,2025-07-17,2025-07-27,2025-07-18,Completed,5.8,cable
WO-0001868,AST-00476,Preventive,Medium,2025-07-18,2025-07-28,2025-07-21,Completed,6.0,breaker
WO-0002245,AST-00575,Preventive,Medium,2025-07-18,2025-07-28,2025-07-26,Completed,7.3,third_rail
WO-0002973,AST-00755,Preventive,Medium,2025-07-18,2025-07-28,2025-07-24,Completed,7.0,cable
WO-0003580,AST-00901,Preventive,Medium,2025-07-18,2025-07-28,2025-07-20,Completed,4.7,cable
WO-0004171,AST-00135,Corrective,High,2025-07-18,2025-07-23,2025-07-20,Completed,8.0,cable
WO-0004688,AST-00502,Corrective,High,2025-07-18,2025-07-23,2025-07-19,Completed,6.6,third_rail
WO-0002433,AST-00622,Preventive,Medium,2025-07-19,2025-07-29,2025-07-20,Completed,4.7,cable
WO-0003429,AST-00866,Preventive,Medium,2025-07-19,2025-07-29,2025-07-20,Completed,5.6,third_rail
WO-0000955,AST-00245,Preventive,Medium,2025-07-20,2025-07-30,2025-07-27,Completed,6.3,cable
WO-0001458,AST-00372,Preventive,Medium,2025-07-20,2025-07-30,2025-07-26,Completed,3.7,breaker
WO-0002725,AST-00694,Preventive,Medium,2025-07-20,2025-07-30,2025-07-26,Completed,2.9,breaker
WO-0002298,AST-00588,Preventive,Medium,2025-07-21,2025-07-31,2025-07-23,Completed,3.1,breaker
WO-0004080,AST-00067,Corrective,Medium,2025-07-21,2025-07-31,2025-07-24,Completed,3.8,cable
WO-0004180,AST-00139,Corrective,Medium,2025-07-21,2025-07-31,2025-07-28,Completed,9.3,third_rail
WO-0004314,AST-00226,Corrective,Medium,2025-07-21,2025-07-31,2025-07-22,Completed,9.5,third_rail
WO-0004371,AST-00265,Corrective,Critical,2025-07-21,2025-07-23,2025-07-26,Completed,9.3,third_rail
WO-0004779,AST-00567,Corrective,Medium,2025-07-21,2025-07-31,2025-07-23,Completed,6.8,third_rail
WO-0005354,AST-00970,Corrective,High,2025-07-21,2025-07-26,2025-07-25,Completed,6.3,breaker
WO-0000080,AST-00022,Preventive,Medium,2025-07-22,2025-08-01,2025-07-23,Completed,6.1,breaker
WO-0001417,AST-00363,Preventive,Medium,2025-07-22,2025-08-01,2025-07-23,Completed,8.8,power
WO-0003141,AST-00800,Preventive,Medium,2025-07-22,2025-08-01,2025-07-27,Completed,5.1,cable
WO-0003624,AST-00911,Preventive,Medium,2025-07-22,2025-08-01,2025-07-26,Completed,6.5,third_rail
WO-0004175,AST-00136,Corrective,High,2025-07-22,2025-07-27,2025-08-04,Completed,9.3,power
WO-0004747,AST-00544,Corrective,Medium,2025-07-22,2025-08-01,2025-07-25,Completed,5.6,third_rail
WO-0005039,AST-00757,Corrective,Medium,2025-07-22,2025-08-01,2025-07-22,Completed,5.8,breaker
WO-0005224,AST-00877,Corrective,High,2025-07-22,2025-07-27,2025-07-22,Completed,8.0,breaker
WO-0000074,AST-00021,Preventive,Medium,2025-07-23,2025-08-02,2025-07-26,Completed,7.7,third_rail
WO-0000335,AST-00085,Preventive,Medium,2025-07-23,2025-08-02,2025-07-25,Completed,8.7,power
WO-0000922,AST-00236,Preventive,Medium,2025-07-23,2025-08-02,2025-07-29,Completed,6.7,third_rail
WO-0001213,AST-00311,Preventive,Medium,2025-07-23,2025-08-02,2025-07-26,Completed,5.2,cable
WO-0002037,AST-00523,Preventive,Medium,2025-07-23,2025-08-02,2025-07-26,Completed,5.9,power
WO-0002860,AST-00728,Preventive,Medium,2025-07-23,2025-08-02,2025-07-24,Completed,6.2,power
WO-0003684,AST-00927,Preventive,Medium,2025-07-23,2025-08-02,2025-07-25,Completed,2.0,power
WO-0003723,AST-00937,Preventive,Medium,2025-07-23,2025-08-02,2025-07-28,Completed,2.5,third_rail
WO-0004345,AST-00242,Corrective,Critical,2025-07-23,2025-07-25,2025-07-26,Completed,8.7,third_rail
WO-0000020,AST-00005,Preventive,Medium,2025-07-24,2025-08-03,2025-07-25,Completed,3.5,power
WO-0001388,AST-00357,Preventive,Medium,2025-07-24,2025-08-03,2025-07-25,Completed,5.9,third_rail
WO-0002491,AST-00636,Preventive,Medium,2025-07-24,2025-08-03,2025-07-29,Completed,8.6,power
WO-0003077,AST-00784,Preventive,Medium,2025-07-24,2025-08-03,2025-08-04,Completed,4.9,cable
WO-0003456,AST-00873,Preventive,Medium,2025-07-24,2025-08-03,2025-07-26,Completed,5.8,third_rail
WO-0003549,AST-00894,Preventive,Medium,2025-07-24,2025-08-03,2025-07-31,Completed,3.4,power
WO-0003564,AST-00898,Preventive,Medium,2025-07-24,2025-08-03,2025-07-27,Completed,3.5,breaker
WO-0004437,AST-00318,Corrective,High,2025-07-24,2025-07-29,2025-07-28,Completed,7.0,cable
WO-0000085,AST-00023,Preventive,Medium,2025-07-25,2025-08-04,2025-07-31,Completed,6.1,third_rail
WO-0001208,AST-00310,Preventive,Medium,2025-07-25,2025-08-04,2025-07-25,Completed,3.4,power
WO-0001597,AST-00407,Preventive,Medium,2025-07-25,2025-08-04,2025-07-29,Completed,5.3,breaker
WO-0002365,AST-00604,Preventive,Medium,2025-07-25,2025-08-04,2025-08-06,Completed,4.3,cable
WO-0002632,AST-00671,Preventive,Medium,2025-07-25,2025-08-04,2025-07-30,Completed,3.8,power
WO-0002740,AST-00697,Preventive,Medium,2025-07-25,2025-08-04,2025-08-06,Completed,5.1,cable
WO-0003177,AST-00809,Preventive,Medium,2025-07-25,2025-08-04,2025-07-28,Completed,5.8,cable
WO-0003843,AST-00967,Preventive,Medium,2025-07-25,2025-08-04,2025-08-03,Completed,5.3,third_rail
WO-0003884,AST-00978,Preventive,Medium,2025-07-25,2025-08-04,2025-07-25,Completed,3.7,cable
WO-0000724,AST-00185,Preventive,Medium,2025-07-26,2025-08-05,2025-07-27,Completed,3.9,third_rail
WO-0000851,AST-00217,Preventive,Medium,2025-07-26,2025-08-05,2025-07-27,Completed,6.3,power
WO-0001744,AST-00444,Preventive,Medium,2025-07-26,2025-08-05,2025-07-28,Completed,5.4,breaker
WO-0002818,AST-00717,Preventive,Medium,2025-07-26,2025-08-05,2025-07-29,Completed,2.0,cable
WO-0004279,AST-00205,Corrective,Medium,2025-07-26,2025-08-05,2025-07-28,Completed,5.3,power
WO-0004356,AST-00251,Corrective,High,2025-07-26,2025-07-31,2025-07-27,Completed,2.9,cable
WO-0001423,AST-00364,Preventive,Medium,2025-07-27,2025-08-06,2025-07-28,Completed,3.1,power
WO-0003193,AST-00813,Preventive,Medium,2025-07-27,2025-08-06,2025-07-29,Completed,5.4,third_rail
WO-0003698,AST-00930,Preventive,Medium,2025-07-27,2025-08-06,2025-07-29,Completed,5.6,cable
WO-0003791,AST-00955,Preventive,Medium,2025-07-27,2025-08-06,2025-07-28,Completed,5.9,third_rail
WO-0003819,AST-00962,Preventive,Medium,2025-07-27,2025-08-06,2025-07-28,Completed,5.0,cable
WO-0004026,AST-00035,Corrective,Medium,2025-07-27,2025-08-06,2025-07-30,Completed,7.1,cable
WO-0004996,AST-00727,Corrective,Medium,2025-07-27,2025-08-06,2025-07-30,Completed,8.0,breaker
WO-0005166,AST-00841,Corrective,Medium,2025-07-27,2025-08-06,2025-07-28,Completed,5.4,power
WO-0000007,AST-00002,Preventive,Medium,2025-07-28,2025-08-07,2025-07-29,Completed,4.1,cable
WO-0001377,AST-00354,Preventive,Medium,2025-07-28,2025-08-07,2025-07-30,Completed,6.0,cable
WO-0002883,AST-00733,Preventive,Medium,2025-07-28,2025-08-07,2025-07-29,Completed,4.5,power
WO-0003181,AST-00810,Preventive,Medium,2025-07-28,2025-08-07,2025-08-02,Completed,2.4,third_rail
WO-0003656,AST-00920,Preventive,Medium,2025-07-28,2025-08-07,2025-08-02,Completed,4.2,cable
WO-0003947,AST-00992,Preventive,Medium,2025-07-28,2025-08-07,2025-07-29,Completed,4.3,third_rail
WO-0004783,AST-00570,Corrective,Medium,2025-07-28,2025-08-07,2025-07-29,Completed,7.0,cable
WO-0000684,AST-00175,Preventive,Medium,2025-07-29,2025-08-08,2025-08-01,Completed,5.4,power
WO-0002241,AST-00574,Preventive,Medium,2025-07-29,2025-08-08,2025-08-01,Completed,4.8,third_rail
WO-0003012,AST-00767,Preventive,Medium,2025-07-29,2025-08-08,2025-08-01,Completed,4.0,breaker
WO-0003450,AST-00871,Preventive,Medium,2025-07-29,2025-08-08,2025-07-31,Completed,5.0,cable
WO-0003855,AST-00970,Preventive,Medium,2025-07-29,2025-08-08,2025-08-08,Completed,5.8,breaker
WO-0004214,AST-00157,Corrective,Critical,2025-07-29,2025-07-31,2025-08-01,Completed,7.7,breaker
WO-0000430,AST-00111,Preventive,Medium,2025-07-30,2025-08-09,2025-08-19,Completed,6.1,cable
WO-0000464,AST-00120,Preventive,Medium,2025-07-30,2025-08-09,2025-07-31,Completed,6.4,cable
WO-0001217,AST-00312,Preventive,Medium,2025-07-30,2025-08-09,2025-08-02,Completed,4.7,cable
WO-0003206,AST-00816,Preventive,Medium,2025-07-30,2025-08-09,2025-07-30,Completed,4.0,third_rail
WO-0003315,AST-00840,Preventive,Medium,2025-07-30,2025-08-09,2025-08-02,Completed,6.3,cable
WO-0003417,AST-00863,Preventive,Medium,2025-07-30,2025-08-09,2025-08-02,Completed,4.7,third_rail
WO-0003977,AST-01000,Preventive,Medium,2025-07-30,2025-08-09,2025-08-03,Completed,6.6,breaker
WO-0001487,AST-00379,Preventive,Medium,2025-07-31,2025-08-10,2025-08-01,Completed,4.7,breaker
WO-0001602,AST-00408,Preventive,Medium,2025-07-31,2025-08-10,2025-08-06,Completed,6.9,third_rail
WO-0003446,AST-00870,Preventive,Medium,2025-07-31,2025-08-10,2025-08-03,Completed,3.7,breaker
WO-0003716,AST-00935,Preventive,Medium,2025-07-31,2025-08-10,2025-08-04,Completed,4.7,third_rail
WO-0004988,AST-00720,Corrective,High,2025-07-31,2025-08-05,2025-08-02,Completed,7.7,third_rail
WO-0002404,AST-00614,Preventive,Medium,2025-08-01,2025-08-11,2025-08-03,Completed,3.5,third_rail
WO-0002758,AST-00702,Preventive,Medium,2025-08-01,2025-08-11,2025-08-02,Completed,4.0,breaker
WO-0003665,AST-00922,Preventive,Medium,2025-08-01,2025-08-11,2025-08-03,Completed,3.9,third_rail
WO-0001993,AST-00512,Preventive,Medium,2025-08-02,2025-08-12,2025-08-03,Completed,6.1,third_rail
WO-0004216,AST-00158,Corrective,Medium,2025-08-02,2025-08-12,2025-08-08,Completed,6.8,cable
WO-0000258,AST-00067,Preventive,Medium,2025-08-03,2025-08-13,2025-08-05,Completed,5.4,cable
WO-0000574,AST-00147,Preventive,Medium,2025-08-03,2025-08-13,2025-08-07,Completed,7.2,breaker
WO-0000720,AST-00184,Preventive,Medium,2025-08-03,2025-08-13,2025-08-07,Completed,6.1,breaker
WO-0001561,AST-00399,Preventive,Medium,2025-08-03,2025-08-13,2025-08-04,Completed,4.3,cable
WO-0001739,AST-00443,Preventive,Medium,2025-08-03,2025-08-13,2025-08-03,Completed,7.0,cable
WO-0001814,AST-00462,Preventive,Medium,2025-08-03,2025-08-13,2025-08-11,Completed,6.1,power
WO-0002671,AST-00680,Preventive,Medium,2025-08-03,2025-08-13,2025-08-06,Completed,3.7,breaker
WO-0003066,AST-00781,Preventive,Medium,2025-08-03,2025-08-13,2025-08-05,Completed,5.0,breaker
WO-0000136,AST-00036,Preventive,Medium,2025-08-04,2025-08-14,2025-08-06,Completed,3.3,breaker
WO-0001639,AST-00418,Preventive,Medium,2025-08-04,2025-08-14,2025-08-04,Completed,5.6,third_rail
WO-0002152,AST-00552,Preventive,Medium,2025-08-04,2025-08-14,2025-08-13,Completed,5.6,power
WO-0003481,AST-00879,Preventive,Medium,2025-08-04,2025-08-14,2025-08-05,Completed,5.3,cable
WO-0004115,AST-00101,Corrective,Medium,2025-08-04,2025-08-14,2025-08-05,Completed,7.6,third_rail
WO-0000886,AST-00226,Preventive,Medium,2025-08-05,2025-08-15,2025-08-15,Completed,3.3,third_rail
WO-0003616,AST-00909,Preventive,Medium,2025-08-05,2025-08-15,2025-08-08,Completed,7.4,breaker
WO-0004593,AST-00439,Corrective,Medium,2025-08-05,2025-08-15,2025-08-06,Completed,8.5,cable
WO-0004777,AST-00566,Corrective,Critical,2025-08-05,2025-08-07,2025-08-11,Completed,10.2,cable
WO-0005158,AST-00838,Corrective,Critical,2025-08-05,2025-08-07,2025-08-17,Completed,7.0,third_rail
WO-0000689,AST-00176,Preventive,Medium,2025-08-06,2025-08-16,2025-08-10,Completed,5.8,power
WO-0001659,AST-00422,Preventive,Medium,2025-08-06,2025-08-16,2025-08-07,Completed,4.3,power
WO-0001800,AST-00458,Preventive,Medium,2025-08-06,2025-08-16,2025-08-11,Completed,4.9,cable
WO-0002318,AST-00593,Preventive,Medium,2025-08-06,2025-08-16,2025-08-11,Completed,4.5,breaker
WO-0003422,AST-00864,Preventive,Medium,2025-08-06,2025-08-16,2025-08-11,Completed,4.2,cable
WO-0003501,AST-00883,Preventive,Medium,2025-08-06,2025-08-16,2025-08-07,Completed,5.2,third_rail
WO-0001114,AST-00286,Preventive,Medium,2025-08-08,2025-08-18,2025-08-12,Completed,5.0,cable
WO-0002719,AST-00692,Preventive,Medium,2025-08-08,2025-08-18,2025-08-10,Completed,5.3,third_rail
WO-0003042,AST-00774,Preventive,Medium,2025-08-08,2025-08-18,2025-08-10,Completed,3.2,third_rail
WO-0003764,AST-00948,Preventive,Medium,2025-08-08,2025-08-18,2025-08-12,Completed,5.6,third_rail
WO-0003867,AST-00973,Preventive,Medium,2025-08-08,2025-08-18,2025-08-09,Completed,5.6,power
WO-0004587,AST-00435,Corrective,Medium,2025-08-08,2025-08-18,2025-08-09,Completed,9.9,power
WO-0004614,AST-00450,Corrective,Medium,2025-08-09,2025-08-19,2025-08-13,Completed,7.1,cable
WO-0004861,AST-00631,Corrective,Medium,2025-08-09,2025-08-19,2025-08-09,Completed,8.1,third_rail
WO-0000303,AST-00077,Preventive,Medium,2025-08-10,2025-08-20,2025-08-14,Completed,3.9,breaker
WO-0001066,AST-00274,Preventive,Medium,2025-08-10,2025-08-20,2025-08-22,Completed,5.4,cable
WO-0001449,AST-00370,Preventive,Medium,2025-08-10,2025-08-20,2025-08-12,Completed,6.5,third_rail
WO-0002236,AST-00573,Preventive,Medium,2025-08-10,2025-08-20,2025-08-13,Completed,2.8,cable
WO-0002649,AST-00675,Preventive,Medium,2025-08-10,2025-08-20,2025-08-11,Completed,5.8,cable
WO-0004494,AST-00359,Corrective,Critical,2025-08-10,2025-08-12,2025-08-14,Completed,11.2,cable
WO-0000415,AST-00107,Preventive,Medium,2025-08-11,2025-08-21,2025-08-15,Completed,5.2,cable
WO-0002347,AST-00599,Preventive,Medium,2025-08-11,2025-08-21,2025-08-14,Completed,4.9,third_rail
WO-0002572,AST-00656,Preventive,Medium,2025-08-11,2025-08-21,2025-08-21,Completed,2.4,breaker
WO-0003145,AST-00801,Preventive,Medium,2025-08-11,2025-08-21,2025-08-12,Completed,4.9,cable
WO-0001235,AST-00316,Preventive,Medium,2025-08-12,2025-08-22,2025-08-19,Completed,5.9,breaker
WO-0001752,AST-00446,Preventive,Medium,2025-08-12,2025-08-22,2025-08-14,Completed,6.1,cable
WO-0002576,AST-00657,Preventive,Medium,2025-08-12,2025-08-22,2025-08-16,Completed,3.1,third_rail
WO-0002773,AST-00705,Preventive,Medium,2025-08-12,2025-08-22,2025-08-22,Completed,3.0,breaker
WO-0002880,AST-00732,Preventive,Medium,2025-08-12,2025-08-22,2025-08-19,Completed,5.8,power
WO-0004137,AST-00115,Corrective,Medium,2025-08-12,2025-08-22,2025-08-12,Completed,6.0,power
WO-0004458,AST-00333,Corrective,High,2025-08-13,2025-08-18,2025-08-13,Completed,5.8,cable
WO-0005011,AST-00735,Corrective,Medium,2025-08-13,2025-08-23,2025-08-16,Completed,7.3,power
WO-0005347,AST-00965,Corrective,Critical,2025-08-13,2025-08-15,2025-08-14,Completed,4.8,third_rail
WO-0005384,AST-00996,Corrective,Medium,2025-08-13,2025-08-23,2025-08-15,Completed,5.0,cable
WO-0000298,AST-00076,Preventive,Medium,2025-08-14,2025-08-24,2025-08-16,Completed,6.1,breaker
WO-0004165,AST-00131,Corrective,Medium,2025-08-14,2025-08-24,2025-08-18,Completed,6.3,power
WO-0004896,AST-00661,Corrective,Medium,2025-08-14,2025-08-24,2025-08-16,Completed,7.1,breaker
WO-0005299,AST-00930,Corrective,Medium,2025-08-14,2025-08-24,2025-08-14,Completed,6.4,cable
WO-0001394,AST-00358,Preventive,Medium,2025-08-15,2025-08-25,2025-08-16,Completed,4.8,third_rail
WO-0002116,AST-00543,Preventive,Medium,2025-08-15,2025-08-25,2025-08-18,Completed,4.9,third_rail
WO-0003230,AST-00822,Preventive,Medium,2025-08-15,2025-08-25,2025-08-19,Completed,5.2,cable
WO-0003545,AST-00893,Preventive,Medium,2025-08-15,2025-08-25,2025-08-17,Completed,5.5,breaker
WO-0003757,AST-00946,Preventive,Medium,2025-08-15,2025-08-25,2025-08-20,Completed,1.7,breaker
WO-0004232,AST-00170,Corrective,Medium,2025-08-15,2025-08-25,2025-08-17,Completed,5.2,third_rail
WO-0004443,AST-00320,Corrective,Medium,2025-08-15,2025-08-25,2025-08-18,Completed,6.6,third_rail
WO-0000263,AST-00068,Preventive,Medium,2025-08-16,2025-08-26,2025-08-19,Completed,6.8,breaker
WO-0000330,AST-00084,Preventive,Medium,2025-08-16,2025-08-26,2025-08-18,Completed,4.9,power
WO-0000728,AST-00186,Preventive,Medium,2025-08-16,2025-08-26,2025-08-19,Completed,5.5,cable
WO-0000808,AST-00205,Preventive,Medium,2025-08-16,2025-08-26,2025-08-19,Completed,3.0,power
WO-0001688,AST-00430,Preventive,Medium,2025-08-16,2025-08-26,2025-08-19,Completed,6.0,third_rail
WO-0001845,AST-00470,Preventive,Medium,2025-08-16,2025-08-26,2025-08-19,Completed,5.1,cable
WO-0002665,AST-00679,Preventive,Medium,2025-08-16,2025-08-26,2025-08-22,Completed,5.2,power
WO-0003938,AST-00990,Preventive,Medium,2025-08-16,2025-08-26,2025-08-20,Completed,6.3,third_rail
WO-0000200,AST-00051,Preventive,Medium,2025-08-17,2025-08-27,2025-08-20,Completed,4.1,breaker
WO-0001756,AST-00447,Preventive,Medium,2025-08-17,2025-08-27,2025-08-19,Completed,5.3,third_rail
WO-0001809,AST-00461,Preventive,Medium,2025-08-17,2025-08-27,2025-08-17,Completed,5.5,cable
WO-0005303,AST-00932,Corrective,Medium,2025-08-17,2025-08-27,2025-08-19,Completed,6.6,breaker
WO-0000772,AST-00197,Preventive,Medium,2025-08-18,2025-08-28,2025-08-18,Completed,5.1,cable
WO-0001324,AST-00339,Preventive,Medium,2025-08-18,2025-08-28,2025-08-27,Completed,5.3,power
WO-0003493,AST-00881,Preventive,Medium,2025-08-18,2025-08-28,2025-08-23,Completed,5.2,cable
WO-0004674,AST-00493,Corrective,High,2025-08-18,2025-08-23,2025-08-18,Completed,7.0,cable
WO-0005388,AST-00999,Corrective,Medium,2025-08-18,2025-08-28,2025-08-19,Completed,4.6,third_rail
WO-0000761,AST-00194,Preventive,Medium,2025-08-19,2025-08-29,2025-08-25,Completed,5.2,third_rail
WO-0001182,AST-00303,Preventive,Medium,2025-08-19,2025-08-29,2025-08-23,Completed,5.4,cable
WO-0004210,AST-00153,Corrective,Medium,2025-08-19,2025-08-29,2025-08-24,Completed,4.5,power
WO-0005254,AST-00896,Corrective,Medium,2025-08-19,2025-08-29,2025-08-22,Completed,8.4,third_rail
WO-0000869,AST-00222,Preventive,Medium,2025-08-20,2025-08-30,2025-08-21,Completed,5.9,cable
WO-0002417,AST-00618,Preventive,Medium,2025-08-20,2025-08-30,2025-08-24,Completed,6.4,breaker
WO-0003026,AST-00770,Preventive,Medium,2025-08-20,2025-08-30,2025-08-24,Completed,6.3,cable
WO-0003053,AST-00777,Preventive,Medium,2025-08-20,2025-08-30,2025-08-22,Completed,4.5,cable
WO-0003083,AST-00785,Preventive,Medium,2025-08-20,2025-08-30,2025-08-22,Completed,3.4,third_rail
WO-0004389,AST-00281,Corrective,Medium,2025-08-20,2025-08-30,2025-08-21,Completed,3.0,power
WO-0004520,AST-00376,Corrective,Medium,2025-08-20,2025-08-30,2025-08-22,Completed,6.9,power
WO-0004822,AST-00599,Corrective,High,2025-08-20,2025-08-25,2025-09-01,Completed,6.4,third_rail
WO-0004881,AST-00652,Corrective,Medium,2025-08-20,2025-08-30,2025-08-24,Completed,2.5,third_rail
WO-0005085,AST-00793,Corrective,Medium,2025-08-20,2025-08-30,2025-08-23,Completed,8.2,breaker
WO-0005309,AST-00937,Corrective,Critical,2025-08-20,2025-08-22,2025-08-24,Completed,8.4,third_rail
WO-0000654,AST-00167,Preventive,Medium,2025-08-21,2025-08-31,2025-08-24,Completed,7.1,third_rail
WO-0001879,AST-00479,Preventive,Medium,2025-08-21,2025-08-31,2025-08-23,Completed,6.3,cable
WO-0002017,AST-00518,Preventive,Medium,2025-08-21,2025-08-31,2025-08-22,Completed,3.1,cable
WO-0002503,AST-00639,Preventive,Medium,2025-08-21,2025-08-31,2025-09-02,Completed,4.4,third_rail
WO-0003509,AST-00885,Preventive,Medium,2025-08-21,2025-08-31,2025-08-25,Completed,6.3,breaker
WO-0004242,AST-00176,Corrective,High,2025-08-21,2025-08-26,2025-08-26,Completed,7.9,power
WO-0005287,AST-00921,Corrective,High,2025-08-21,2025-08-26,2025-08-25,Completed,5.2,power
WO-0003363,AST-00852,Preventive,Medium,2025-08-22,2025-09-01,2025-08-25,Completed,2.5,breaker
WO-0003779,AST-00952,Preventive,Medium,2025-08-22,2025-09-01,2025-08-28,Completed,5.9,breaker
WO-0004383,AST-00274,Corrective,High,2025-08-22,2025-08-27,2025-08-24,Completed,4.1,cable
WO-0004706,AST-00512,Corrective,Medium,2025-08-22,2025-09-01,2025-08-25,Completed,5.7,third_rail
WO-0000914,AST-00234,Preventive,Medium,2025-08-23,2025-09-02,2025-08-24,Completed,5.4,cable
WO-0001106,AST-00284,Preventive,Medium,2025-08-23,2025-09-02,2025-09-01,Completed,6.2,breaker
WO-0003498,AST-00882,Preventive,Medium,2025-08-23,2025-09-02,2025-08-26,Completed,5.6,cable
WO-0003774,AST-00951,Preventive,Medium,2025-08-23,2025-09-02,2025-08-27,Completed,5.0,cable
WO-0004428,AST-00312,Corrective,Medium,2025-08-23,2025-09-02,2025-08-26,Completed,5.1,cable
WO-0005383,AST-00995,Corrective,Medium,2025-08-23,2025-09-02,2025-08-26,Completed,5.7,third_rail
WO-0001075,AST-00276,Preventive,Medium,2025-08-24,2025-09-03,2025-08-24,Completed,3.9,breaker
WO-0001925,AST-00494,Preventive,Medium,2025-08-24,2025-09-03,2025-08-26,Completed,5.3,breaker
WO-0003203,AST-00815,Preventive,Medium,2025-08-24,2025-09-03,2025-08-30,Completed,5.2,power
WO-0003213,AST-00818,Preventive,Medium,2025-08-24,2025-09-03,2025-09-05,Completed,4.9,cable
WO-0004089,AST-00075,Corrective,High,2025-08-24,2025-08-29,2025-08-26,Completed,4.9,power
WO-0000179,AST-00046,Preventive,Medium,2025-08-25,2025-09-04,2025-08-28,Completed,6.4,third_rail
WO-0001653,AST-00421,Preventive,Medium,2025-08-25,2025-09-04,2025-08-29,Completed,6.0,cable
WO-0003874,AST-00975,Preventive,Medium,2025-08-25,2025-09-04,2025-08-26,Completed,4.5,breaker
WO-0001936,AST-00497,Preventive,Medium,2025-08-26,2025-09-05,2025-09-02,Completed,2.3,cable
WO-0002134,AST-00548,Preventive,Medium,2025-08-26,2025-09-05,2025-08-29,Completed,7.9,power
WO-0002410,AST-00616,Preventive,Medium,2025-08-26,2025-09-05,2025-08-30,Completed,7.2,cable
WO-0002824,AST-00718,Preventive,Medium,2025-08-26,2025-09-05,2025-09-07,Completed,7.0,power
WO-0003915,AST-00985,Preventive,Medium,2025-08-26,2025-09-05,2025-08-29,Completed,4.1,power
WO-0004537,AST-00389,Corrective,High,2025-08-26,2025-08-31,2025-08-28,Completed,8.4,power
WO-0004698,AST-00507,Corrective,Medium,2025-08-26,2025-09-05,2025-08-31,Completed,7.0,breaker
WO-0000233,AST-00060,Preventive,Medium,2025-08-27,2025-09-06,2025-09-02,Completed,5.0,power
WO-0001574,AST-00402,Preventive,Medium,2025-08-27,2025-09-06,2025-09-03,Completed,5.6,third_rail
WO-0002552,AST-00652,Preventive,Medium,2025-08-27,2025-09-06,2025-08-28,Completed,4.1,third_rail
WO-0002567,AST-00655,Preventive,Medium,2025-08-27,2025-09-06,2025-08-31,Completed,3.8,third_rail
WO-0003155,AST-00804,Preventive,Medium,2025-08-27,2025-09-06,2025-09-02,Completed,4.1,cable
WO-0003487,AST-00880,Preventive,Medium,2025-08-27,2025-09-06,2025-08-27,Completed,4.4,cable
WO-0003804,AST-00958,Preventive,Medium,2025-08-27,2025-09-06,2025-08-30,Completed,5.7,cable
WO-0004071,AST-00062,Corrective,Medium,2025-08-27,2025-09-06,2025-08-28,Completed,9.2,cable
WO-0000518,AST-00135,Preventive,Medium,2025-08-28,2025-09-07,2025-09-01,Completed,4.9,cable
WO-0003378,AST-00855,Preventive,Medium,2025-08-28,2025-09-07,2025-08-28,Completed,6.6,breaker
WO-0003909,AST-00984,Preventive,Medium,2025-08-28,2025-09-07,2025-08-29,Completed,5.3,cable
WO-0004523,AST-00379,Corrective,Medium,2025-08-28,2025-09-07,2025-09-05,Completed,4.4,breaker
WO-0000786,AST-00200,Preventive,Medium,2025-08-29,2025-09-08,2025-08-30,Completed,6.8,breaker
WO-0001156,AST-00296,Preventive,Medium,2025-08-29,2025-09-08,2025-09-03,Completed,7.1,third_rail
WO-0002330,AST-00595,Preventive,Medium,2025-08-29,2025-09-08,2025-09-02,Completed,3.8,power
WO-0003593,AST-00904,Preventive,Medium,2025-08-29,2025-09-08,2025-09-02,Completed,4.9,cable
WO-0000948,AST-00243,Preventive,Medium,2025-08-30,2025-09-09,2025-09-04,Completed,5.1,breaker
WO-0001178,AST-00302,Preventive,Medium,2025-08-30,2025-09-09,2025-09-04,Completed,7.3,power
WO-0002702,AST-00688,Preventive,Medium,2025-08-30,2025-09-09,2025-08-31,Completed,6.0,third_rail
WO-0002734,AST-00696,Preventive,Medium,2025-08-30,2025-09-09,2025-08-31,Completed,3.6,cable
WO-0003530,AST-00890,Preventive,Medium,2025-08-30,2025-09-09,2025-09-06,Completed,5.0,cable
WO-0004155,AST-00123,Corrective,Medium,2025-08-30,2025-09-09,2025-09-01,Completed,9.4,power
WO-0000387,AST-00099,Preventive,Medium,2025-08-31,2025-09-10,2025-09-01,Completed,3.3,power
WO-0001832,AST-00467,Preventive,Medium,2025-08-31,2025-09-10,2025-09-01,Completed,4.2,cable
WO-0003350,AST-00849,Preventive,Medium,2025-08-31,2025-09-10,2025-09-04,Completed,6.4,power
WO-0004539,AST-00390,Corrective,High,2025-08-31,2025-09-05,2025-09-01,Completed,6.7,third_rail
WO-0002227,AST-00571,Preventive,Medium,2025-09-01,2025-09-11,2025-09-06,Completed,5.4,breaker
WO-0003097,AST-00789,Preventive,Medium,2025-09-01,2025-09-11,2025-09-03,Completed,5.8,third_rail
WO-0003235,AST-00823,Preventive,Medium,2025-09-01,2025-09-11,2025-09-02,Completed,3.0,breaker
WO-0003293,AST-00835,Preventive,Medium,2025-09-01,2025-09-11,2025-09-02,Completed,5.2,cable
WO-0004826,AST-00603,Corrective,Critical,2025-09-01,2025-09-03,2025-09-02,Completed,5.3,third_rail
WO-0005273,AST-00910,Corrective,Medium,2025-09-01,2025-09-11,2025-09-07,Completed,7.3,breaker
WO-0001225,AST-00314,Preventive,Medium,2025-09-02,2025-09-12,2025-09-05,Completed,4.7,breaker
WO-0004477,AST-00350,Corrective,Medium,2025-09-02,2025-09-12,2025-09-02,Completed,2.9,power
WO-0000286,AST-00073,Preventive,Medium,2025-09-03,2025-09-13,2025-09-03,Completed,2.4,third_rail
WO-0002382,AST-00608,Preventive,Medium,2025-09-03,2025-09-13,2025-09-05,Completed,5.5,power
WO-0002546,AST-00651,Preventive,Medium,2025-09-03,2025-09-13,2025-09-04,Completed,4.6,cable
WO-0002798,AST-00712,Preventive,Medium,2025-09-03,2025-09-13,2025-09-10,Completed,6.0,cable
WO-0003368,AST-00853,Preventive,Medium,2025-09-03,2025-09-13,2025-09-08,Completed,3.3,third_rail
WO-0003599,AST-00905,Preventive,Medium,2025-09-03,2025-09-13,2025-09-05,Completed,3.3,third_rail
WO-0004522,AST-00379,Corrective,High,2025-09-03,2025-09-08,2025-09-05,Completed,6.0,breaker
WO-0000711,AST-00182,Preventive,Medium,2025-09-04,2025-09-14,2025-09-04,Completed,5.4,third_rail
WO-0001915,AST-00491,Preventive,Medium,2025-09-04,2025-09-14,2025-09-06,Completed,4.7,cable
WO-0002695,AST-00686,Preventive,Medium,2025-09-04,2025-09-14,2025-09-08,Completed,5.0,breaker
WO-0003681,AST-00926,Preventive,Medium,2025-09-04,2025-09-14,2025-09-08,Completed,4.1,breaker
WO-0004040,AST-00043,Corrective,High,2025-09-04,2025-09-09,2025-09-05,Completed,3.1,cable
WO-0004417,AST-00304,Corrective,Medium,2025-09-04,2025-09-14,2025-09-08,Completed,4.3,cable
WO-0004942,AST-00689,Corrective,Medium,2025-09-04,2025-09-14,2025-09-06,Completed,4.7,third_rail
WO-0000707,AST-00181,Preventive,Medium,2025-09-05,2025-09-15,2025-09-10,Completed,3.9,third_rail
WO-0002622,AST-00669,Preventive,Medium,2025-09-05,2025-09-15,2025-09-08,Completed,5.8,breaker
WO-0004553,AST-00403,Corrective,Medium,2025-09-05,2025-09-15,2025-09-09,Completed,6.1,third_rail
WO-0001020,AST-00261,Preventive,Medium,2025-09-06,2025-09-16,2025-09-07,Completed,5.1,power
WO-0001780,AST-00453,Preventive,Medium,2025-09-06,2025-09-16,2025-09-08,Completed,6.6,cable
WO-0002250,AST-00576,Preventive,Medium,2025-09-06,2025-09-16,2025-09-08,Completed,3.9,cable
WO-0002843,AST-00722,Preventive,Medium,2025-09-06,2025-09-16,2025-09-08,Completed,4.9,cable
WO-0001138,AST-00292,Preventive,Medium,2025-09-07,2025-09-17,2025-09-10,Completed,4.1,power
WO-0001610,AST-00410,Preventive,Medium,2025-09-07,2025-09-17,2025-09-09,Completed,5.4,third_rail
WO-0002139,AST-00549,Preventive,Medium,2025-09-07,2025-09-17,2025-09-12,Completed,4.9,third_rail
WO-0001585,AST-00404,Preventive,Medium,2025-09-08,2025-09-18,2025-09-12,Completed,6.1,power
WO-0001593,AST-00406,Preventive,Medium,2025-09-08,2025-09-18,2025-09-16,Completed,5.4,third_rail
WO-0002208,AST-00566,Preventive,Medium,2025-09-08,2025-09-18,2025-09-12,Completed,4.3,cable
WO-0003250,AST-00826,Preventive,Medium,2025-09-08,2025-09-18,2025-09-16,Completed,5.1,power
WO-0000969,AST-00248,Preventive,Medium,2025-09-09,2025-09-19,2025-09-13,Completed,5.8,cable
WO-0002111,AST-00542,Preventive,Medium,2025-09-09,2025-09-19,2025-09-10,Completed,4.9,cable
WO-0003261,AST-00828,Preventive,Medium,2025-09-09,2025-09-19,2025-09-13,Completed,4.7,breaker
WO-0003384,AST-00856,Preventive,Medium,2025-09-09,2025-09-19,2025-09-17,Completed,3.3,cable
WO-0003610,AST-00907,Preventive,Medium,2025-09-09,2025-09-19,2025-09-14,Completed,3.9,cable
WO-0003971,AST-00998,Preventive,Medium,2025-09-09,2025-09-19,2025-09-12,Completed,3.7,power
WO-0001070,AST-00275,Preventive,Medium,2025-09-10,2025-09-20,2025-09-12,Completed,5.1,cable
WO-0001351,AST-00347,Preventive,Medium,2025-09-10,2025-09-20,2025-09-14,Completed,3.4,third_rail
WO-0004336,AST-00236,Corrective,Medium,2025-09-10,2025-09-20,2025-09-22,Completed,8.9,third_rail
WO-0005206,AST-00866,Corrective,Medium,2025-09-10,2025-09-20,2025-09-11,Completed,5.3,third_rail
WO-0001146,AST-00294,Preventive,Medium,2025-09-11,2025-09-21,2025-09-12,Completed,6.1,power
WO-0002558,AST-00653,Preventive,Medium,2025-09-11,2025-09-21,2025-09-13,Completed,7.1,cable
WO-0003274,AST-00831,Preventive,Medium,2025-09-11,2025-09-21,2025-09-15,Completed,6.8,cable
WO-0004020,AST-00028,Corrective,Medium,2025-09-11,2025-09-21,2025-09-22,Completed,8.2,power
WO-0004121,AST-00105,Corrective,Medium,2025-09-11,2025-09-21,2025-09-20,Completed,7.6,third_rail
WO-0004385,AST-00275,Corrective,High,2025-09-11,2025-09-16,2025-09-15,Completed,7.3,cable
WO-0004390,AST-00282,Corrective,Medium,2025-09-11,2025-09-21,2025-09-13,Completed,4.7,breaker
WO-0000392,AST-00100,Preventive,Medium,2025-09-12,2025-09-22,2025-09-20,Completed,7.3,third_rail
WO-0000530,AST-00137,Preventive,Medium,2025-09-12,2025-09-22,2025-09-20,Completed,5.9,third_rail
WO-0000791,AST-00201,Preventive,Medium,2025-09-12,2025-09-22,2025-09-18,Completed,6.7,third_rail
WO-0001142,AST-00293,Preventive,Medium,2025-09-12,2025-09-22,2025-09-18,Completed,7.9,third_rail
WO-0001287,AST-00329,Preventive,Medium,2025-09-12,2025-09-22,2025-09-13,Completed,3.7,cable
WO-0001320,AST-00338,Preventive,Medium,2025-09-12,2025-09-22,2025-09-12,Completed,1.5,cable
WO-0001515,AST-00388,Preventive,Medium,2025-09-12,2025-09-22,2025-09-15,Completed,4.8,third_rail
WO-0002199,AST-00563,Preventive,Medium,2025-09-12,2025-09-22,2025-09-13,Completed,5.3,third_rail
WO-0003031,AST-00771,Preventive,Medium,2025-09-12,2025-09-22,2025-09-14,Completed,6.1,breaker
WO-0003771,AST-00950,Preventive,Medium,2025-09-12,2025-09-22,2025-09-13,Completed,4.8,breaker
WO-0004144,AST-00120,Corrective,High,2025-09-12,2025-09-17,2025-09-22,Completed,5.5,cable
WO-0004664,AST-00487,Corrective,Medium,2025-09-12,2025-09-22,2025-09-12,Completed,6.6,cable
WO-0002917,AST-00743,Preventive,Medium,2025-09-13,2025-09-23,2025-09-15,Completed,6.3,third_rail
WO-0003652,AST-00919,Preventive,Medium,2025-09-13,2025-09-23,2025-09-14,Completed,3.4,breaker
WO-0004350,AST-00246,Corrective,Medium,2025-09-13,2025-09-23,2025-09-14,Completed,4.5,third_rail
WO-0004510,AST-00368,Corrective,Medium,2025-09-13,2025-09-23,2025-09-13,Completed,8.0,cable
WO-0000227,AST-00058,Preventive,Medium,2025-09-14,2025-09-24,2025-09-14,Completed,4.7,cable
WO-0000412,AST-00106,Preventive,Medium,2025-09-14,2025-09-24,2025-09-17,Completed,4.5,cable
WO-0002796,AST-00711,Preventive,Medium,2025-09-14,2025-09-24,2025-09-14,Completed,6.0,third_rail
WO-0004622,AST-00453,Corrective,Critical,2025-09-14,2025-09-16,2025-09-18,Completed,10.3,cable
WO-0004713,AST-00516,Corrective,Medium,2025-09-14,2025-09-24,2025-09-16,Completed,8.5,power
WO-0000025,AST-00006,Preventive,Medium,2025-09-15,2025-09-25,2025-09-15,Completed,5.2,third_rail
WO-0000901,AST-00230,Preventive,Medium,2025-09-15,2025-09-25,2025-09-17,Completed,4.9,power
WO-0001497,AST-00382,Preventive,Medium,2025-09-15,2025-09-25,2025-09-16,Completed,6.8,third_rail
WO-0002046,AST-00526,Preventive,Medium,2025-09-15,2025-09-25,2025-09-19,Completed,7.4,breaker
WO-0003288,AST-00834,Preventive,Medium,2025-09-15,2025-09-25,2025-09-20,Completed,5.9,cable
WO-0000637,AST-00163,Preventive,Medium,2025-09-16,2025-09-26,2025-09-29,Completed,7.1,breaker
WO-0002466,AST-00630,Preventive,Medium,2025-09-16,2025-09-26,2025-09-20,Completed,4.8,third_rail
WO-0004435,AST-00317,Corrective,Medium,2025-09-16,2025-09-26,2025-09-18,Completed,6.8,breaker
WO-0004454,AST-00326,Corrective,Medium,2025-09-16,2025-09-26,2025-09-22,Completed,6.9,cable
WO-0005353,AST-00970,Corrective,Medium,2025-09-16,2025-09-26,2025-09-17,Completed,5.0,breaker
WO-0000276,AST-00071,Preventive,Medium,2025-09-17,2025-09-27,2025-09-17,Completed,5.8,breaker
WO-0000659,AST-00168,Preventive,Medium,2025-09-17,2025-09-27,2025-09-18,Completed,4.7,third_rail
WO-0002474,AST-00632,Preventive,Medium,2025-09-17,2025-09-27,2025-09-18,Completed,4.3,third_rail
WO-0004790,AST-00572,Corrective,High,2025-09-17,2025-09-22,2025-09-21,Completed,3.1,third_rail
WO-0002451,AST-00626,Preventive,Medium,2025-09-18,2025-09-28,2025-09-19,Completed,4.2,cable
WO-0003605,AST-00906,Preventive,Medium,2025-09-18,2025-09-28,2025-09-19,Completed,5.5,cable
WO-0003694,AST-00929,Preventive,Medium,2025-09-18,2025-09-28,2025-09-21,Completed,5.6,cable
WO-0004807,AST-00587,Corrective,Medium,2025-09-18,2025-09-28,2025-09-30,Completed,5.2,power
WO-0005236,AST-00881,Corrective,Medium,2025-09-18,2025-09-28,2025-09-22,Completed,13.7,cable
WO-0001807,AST-00460,Preventive,Medium,2025-09-19,2025-09-29,2025-09-24,Completed,5.7,cable
WO-0002846,AST-00723,Preventive,Medium,2025-09-19,2025-09-29,2025-09-26,Completed,7.3,power
WO-0004037,AST-00039,Corrective,Critical,2025-09-19,2025-09-21,2025-09-22,Completed,6.1,breaker
WO-0004723,AST-00530,Corrective,Critical,2025-09-19,2025-09-21,2025-09-20,Completed,7.4,breaker
WO-0005083,AST-00791,Corrective,Medium,2025-09-19,2025-09-29,2025-09-25,Completed,8.2,breaker
WO-0001775,AST-00452,Preventive,Medium,2025-09-20,2025-09-30,2025-09-24,Completed,7.1,third_rail
WO-0002124,AST-00545,Preventive,Medium,2025-09-20,2025-09-30,2025-09-21,Completed,5.6,power
WO-0002931,AST-00746,Preventive,Medium,2025-09-20,2025-09-30,2025-09-22,Completed,3.6,cable
WO-0002988,AST-00759,Preventive,Medium,2025-09-20,2025-09-30,2025-09-25,Completed,3.5,power
WO-0000120,AST-00031,Preventive,Medium,2025-09-21,2025-10-01,2025-09-22,Completed,7.2,cable
WO-0000482,AST-00124,Preventive,Medium,2025-09-21,2025-10-01,2025-09-24,Completed,5.0,cable
WO-0003727,AST-00938,Preventive,Medium,2025-09-21,2025-10-01,2025-09-23,Completed,3.0,power
WO-0000615,AST-00158,Preventive,Medium,2025-09-22,2025-10-02,2025-09-24,Completed,3.3,cable
WO-0003102,AST-00790,Preventive,Medium,2025-09-22,2025-10-02,2025-09-26,Completed,4.6,cable
WO-0003645,AST-00917,Preventive,Medium,2025-09-22,2025-10-02,2025-09-24,Completed,3.5,power
WO-0003986,AST-00005,Corrective,Critical,2025-09-22,2025-09-24,2025-09-24,Completed,8.9,power
WO-0004303,AST-00220,Corrective,Medium,2025-09-22,2025-10-02,2025-09-27,Completed,4.2,breaker
WO-0005279,AST-00917,Corrective,High,2025-09-22,2025-09-27,2025-09-26,Completed,9.5,power
WO-0000350,AST-00089,Preventive,Medium,2025-09-23,2025-10-03,2025-09-23,Completed,4.4,power
WO-0000993,AST-00254,Preventive,Medium,2025-09-23,2025-10-03,2025-10-05,Completed,4.9,breaker
WO-0001947,AST-00500,Preventive,Medium,2025-09-23,2025-10-03,2025-09-26,Completed,5.0,cable
WO-0002763,AST-00703,Preventive,Medium,2025-09-23,2025-10-03,2025-09-25,Completed,5.0,power
WO-0002970,AST-00754,Preventive,Medium,2025-09-23,2025-10-03,2025-10-02,Completed,5.0,cable
WO-0005469,AST-00122,Corrective,Medium,2025-09-23,2025-10-03,2025-09-23,Completed,9.9,cable
WO-0005496,AST-00150,Corrective,Medium,2025-09-23,2025-10-03,2025-09-24,Completed,5.2,power
WO-0005522,AST-00169,Corrective,Medium,2025-09-23,2025-10-03,2025-09-30,Completed,2.3,breaker
WO-0005529,AST-00172,Corrective,Medium,2025-09-23,2025-10-03,2025-10-01,Completed,2.0,cable
WO-0005539,AST-00192,Corrective,Medium,2025-09-23,2025-10-03,2025-09-25,Completed,6.1,breaker
WO-0005565,AST-00230,Corrective,High,2025-09-23,2025-09-28,2025-09-26,Completed,7.3,power
WO-0005603,AST-00284,Corrective,Medium,2025-09-23,2025-10-03,2025-09-25,Completed,5.1,breaker
WO-0005649,AST-00379,Corrective,Medium,2025-09-23,2025-10-03,2025-09-25,Completed,7.6,breaker
WO-0005668,AST-00389,Corrective,Medium,2025-09-23,2025-10-03,2025-09-27,Completed,6.8,power
WO-0005677,AST-00406,Corrective,High,2025-09-23,2025-09-28,2025-09-26,Completed,6.7,third_rail
WO-0005682,AST-00413,Corrective,Medium,2025-09-23,2025-10-03,2025-09-28,Completed,9.2,power
WO-0005713,AST-00494,Corrective,Medium,2025-09-23,2025-10-03,2025-09-25,Completed,6.8,breaker
WO-0005779,AST-00599,Corrective,Medium,2025-09-23,2025-10-03,2025-09-25,Completed,8.5,third_rail
WO-0005790,AST-00612,Corrective,Medium,2025-09-23,2025-10-03,2025-09-24,Completed,7.8,cable
WO-0005862,AST-00695,Corrective,High,2025-09-23,2025-09-28,2025-09-25,Completed,6.6,third_rail
WO-0005894,AST-00733,Corrective,High,2025-09-23,2025-09-28,2025-09-23,Completed,3.0,power
WO-0005901,AST-00750,Corrective,High,2025-09-23,2025-09-28,2025-09-25,Completed,5.7,third_rail
WO-0005936,AST-00793,Corrective,Medium,2025-09-23,2025-10-03,2025-09-28,Completed,2.6,breaker
WO-0006009,AST-00880,Corrective,High,2025-09-23,2025-09-28,2025-09-27,Completed,6.2,cable
WO-0006079,AST-00961,Corrective,Medium,2025-09-23,2025-10-03,2025-09-24,Completed,6.9,cable
WO-0006091,AST-00984,Corrective,High,2025-09-23,2025-09-28,2025-09-23,Completed,4.2,cable
WO-0000099,AST-00026,Preventive,Medium,2025-09-24,2025-10-04,2025-09-27,Completed,3.0,breaker
WO-0001929,AST-00495,Preventive,Medium,2025-09-24,2025-10-04,2025-09-27,Completed,4.5,third_rail
WO-0002965,AST-00753,Preventive,Medium,2025-09-24,2025-10-04,2025-10-01,Completed,5.0,breaker
WO-0003967,AST-00997,Preventive,Medium,2025-09-24,2025-10-04,2025-09-25,Completed,4.2,cable
WO-0003994,AST-00010,Corrective,Medium,2025-09-24,2025-10-04,2025-09-26,Completed,5.3,cable
WO-0004359,AST-00260,Corrective,Medium,2025-09-24,2025-10-04,2025-09-30,Completed,7.4,cable
WO-0005447,AST-00097,Corrective,High,2025-09-24,2025-09-29,2025-09-27,Completed,7.6,breaker
WO-0005467,AST-00118,Corrective,Medium,2025-09-24,2025-10-04,2025-09-24,Completed,2.0,cable
WO-0005554,AST-00225,Corrective,Medium,2025-09-24,2025-10-04,2025-09-27,Completed,3.8,breaker
WO-0005643,AST-00361,Corrective,Medium,2025-09-24,2025-10-04,2025-09-27,Completed,3.5,third_rail
WO-0005843,AST-00672,Corrective,Medium,2025-09-24,2025-10-04,2025-09-29,Completed,5.7,cable
WO-0005866,AST-00701,Corrective,Medium,2025-09-24,2025-10-04,2025-09-29,Completed,5.6,breaker
WO-0005881,AST-00716,Corrective,Medium,2025-09-24,2025-10-04,2025-09-25,Completed,6.4,breaker
WO-0006042,AST-00908,Corrective,Medium,2025-09-24,2025-10-04,2025-09-27,Completed,7.5,power
WO-0006066,AST-00943,Corrective,Medium,2025-09-24,2025-10-04,2025-09-25,Completed,5.5,power
WO-0000165,AST-00043,Preventive,Medium,2025-09-25,2025-10-05,2025-09-28,Completed,4.9,cable
WO-0000210,AST-00053,Preventive,Medium,2025-09-25,2025-10-05,2025-09-27,Completed,5.5,third_rail
WO-0001016,AST-00260,Preventive,Medium,2025-09-25,2025-10-05,2025-09-28,Completed,5.8,cable
WO-0001907,AST-00489,Preventive,Medium,2025-09-25,2025-10-05,2025-09-27,Completed,4.3,cable
WO-0003466,AST-00876,Preventive,Medium,2025-09-25,2025-10-05,2025-10-02,Completed,4.9,third_rail
WO-0004551,AST-00403,Corrective,Medium,2025-09-25,2025-10-05,2025-10-02,Completed,3.9,third_rail
WO-0004984,AST-00717,Corrective,High,2025-09-25,2025-09-30,2025-10-04,Completed,7.7,cable
WO-0005453,AST-00101,Corrective,Medium,2025-09-25,2025-10-05,2025-10-07,Completed,8.9,third_rail
WO-0005525,AST-00170,Corrective,Medium,2025-09-25,2025-10-05,2025-09-26,Completed,4.4,third_rail
WO-0005550,AST-00208,Corrective,Medium,2025-09-25,2025-10-05,2025-10-01,Completed,8.0,cable
WO-0005574,AST-00240,Corrective,High,2025-09-25,2025-09-30,2025-09-26,Completed,5.5,power
WO-0005589,AST-00260,Corrective,High,2025-09-25,2025-09-30,2025-09-28,Completed,6.5,cable
WO-0005597,AST-00281,Corrective,Medium,2025-09-25,2025-10-05,2025-09-27,Completed,7.3,power
WO-0005664,AST-00388,Corrective,Medium,2025-09-25,2025-10-05,2025-09-27,Completed,6.2,third_rail
WO-0005697,AST-00439,Corrective,Medium,2025-09-25,2025-10-05,2025-09-29,Completed,3.9,cable
WO-0005701,AST-00459,Corrective,Medium,2025-09-25,2025-10-05,2025-09-26,Completed,4.8,third_rail
WO-0005755,AST-00561,Corrective,Medium,2025-09-25,2025-10-05,2025-10-02,Completed,5.0,power
WO-0005876,AST-00710,Corrective,High,2025-09-25,2025-09-30,2025-09-27,Completed,6.3,cable
WO-0005974,AST-00838,Corrective,Medium,2025-09-25,2025-10-05,2025-09-29,Completed,8.8,third_rail
WO-0006071,AST-00945,Corrective,Medium,2025-09-25,2025-10-05,2025-10-02,Completed,3.9,cable
WO-0006074,AST-00953,Corrective,Medium,2025-09-25,2025-10-05,2025-09-29,Completed,7.2,breaker
WO-0006085,AST-00974,Corrective,Medium,2025-09-25,2025-10-05,2025-09-28,Completed,2.4,third_rail
WO-0002010,AST-00516,Preventive,Medium,2025-09-26,2025-10-06,2025-09-30,Completed,5.6,power
WO-0002182,AST-00559,Preventive,Medium,2025-09-26,2025-10-06,2025-09-30,Completed,3.9,cable
WO-0003635,AST-00914,Preventive,Medium,2025-09-26,2025-10-06,2025-09-28,Completed,3.3,third_rail
WO-0005420,AST-00061,Corrective,Medium,2025-09-26,2025-10-06,2025-10-01,Completed,5.7,cable
WO-0005441,AST-00096,Corrective,Medium,2025-09-26,2025-10-06,2025-09-28,Completed,4.7,cable
WO-0005460,AST-00114,Corrective,Medium,2025-09-26,2025-10-06,2025-09-28,Completed,6.4,cable
WO-0005483,AST-00143,Corrective,Medium,2025-09-26,2025-10-06,2025-09-27,Completed,9.2,third_rail
WO-0005504,AST-00161,Corrective,High,2025-09-26,2025-10-01,2025-10-01,Completed,6.8,power
WO-0005509,AST-00164,Corrective,Medium,2025-09-26,2025-10-06,2025-10-05,Completed,4.5,power
WO-0005594,AST-00270,Corrective,High,2025-09-26,2025-10-01,2025-09-28,Completed,4.3,power
WO-0005622,AST-00305,Corrective,High,2025-09-26,2025-10-01,2025-10-08,Completed,6.5,third_rail
WO-0005728,AST-00533,Corrective,Medium,2025-09-26,2025-10-06,2025-09-27,Completed,4.7,breaker
WO-0005747,AST-00555,Corrective,Medium,2025-09-26,2025-10-06,2025-09-28,Completed,6.3,power
WO-0005784,AST-00605,Corrective,Medium,2025-09-26,2025-10-06,2025-09-29,Completed,4.0,third_rail
WO-0005806,AST-00624,Corrective,Medium,2025-09-26,2025-10-06,2025-09-30,Completed,3.6,cable
WO-0005812,AST-00632,Corrective,Medium,2025-09-26,2025-10-06,2025-09-27,Completed,5.6,third_rail
WO-0005856,AST-00692,Corrective,Medium,2025-09-26,2025-10-06,2025-09-29,Completed,4.2,third_rail
WO-0005955,AST-00809,Corrective,Medium,2025-09-26,2025-10-06,2025-09-30,Completed,4.9,cable
WO-0005977,AST-00840,Corrective,Medium,2025-09-26,2025-10-06,2025-09-27,Completed,10.1,cable
WO-0006045,AST-00918,Corrective,Medium,2025-09-26,2025-10-06,2025-10-08,Completed,2.0,power
WO-0006088,AST-00983,Corrective,Medium,2025-09-26,2025-10-06,2025-09-29,Completed,2.2,cable
WO-0001358,AST-00349,Preventive,Medium,2025-09-27,2025-10-07,2025-09-28,Completed,3.9,cable
WO-0002830,AST-00719,Preventive,Medium,2025-09-27,2025-10-07,2025-09-28,Completed,3.9,cable
WO-0003453,AST-00872,Preventive,Medium,2025-09-27,2025-10-07,2025-10-01,Completed,4.0,power
WO-0004528,AST-00383,Corrective,High,2025-09-27,2025-10-02,2025-09-28,Completed,2.2,third_rail
WO-0005120,AST-00818,Corrective,Medium,2025-09-27,2025-10-07,2025-10-07,Completed,5.6,cable
WO-0005481,AST-00142,Corrective,Medium,2025-09-27,2025-10-07,2025-09-30,Completed,7.3,cable
WO-0005545,AST-00198,Corrective,Medium,2025-09-27,2025-10-07,2025-10-01,Completed,6.7,third_rail
WO-0005610,AST-00289,Corrective,Medium,2025-09-27,2025-10-07,2025-10-01,Completed,8.5,cable
WO-0005654,AST-00386,Corrective,High,2025-09-27,2025-10-02,2025-09-27,Completed,6.3,third_rail
WO-0005819,AST-00648,Corrective,Medium,2025-09-27,2025-10-07,2025-10-02,Completed,6.0,cable
WO-0005941,AST-00797,Corrective,Medium,2025-09-27,2025-10-07,2025-09-28,Completed,3.9,power
WO-0005986,AST-00862,Corrective,Medium,2025-09-27,2025-10-07,2025-10-02,Completed,5.5,cable
WO-0006012,AST-00887,Corrective,Medium,2025-09-27,2025-10-07,2025-09-28,Completed,7.6,breaker
WO-0006020,AST-00896,Corrective,Medium,2025-09-27,2025-10-07,2025-09-29,Completed,5.1,third_rail
WO-0006024,AST-00898,Corrective,Medium,2025-09-27,2025-10-07,2025-09-29,Completed,4.0,breaker
WO-0006038,AST-00906,Corrective,High,2025-09-27,2025-10-02,2025-10-02,Completed,9.5,cable
WO-0006056,AST-00932,Corrective,Medium,2025-09-27,2025-10-07,2025-10-05,Completed,2.0,breaker
WO-0000672,AST-00171,Preventive,Medium,2025-09-28,2025-10-08,2025-10-02,Completed,5.7,breaker
WO-0003088,AST-00786,Preventive,Medium,2025-09-28,2025-10-08,2025-09-29,Completed,3.9,breaker
WO-0003736,AST-00940,Preventive,Medium,2025-09-28,2025-10-08,2025-10-04,Completed,4.5,power
WO-0003797,AST-00956,Preventive,Medium,2025-09-28,2025-10-08,2025-09-29,Completed,4.6,third_rail
WO-0004475,AST-00347,Corrective,Medium,2025-09-28,2025-10-08,2025-09-29,Completed,6.8,third_rail
WO-0000318,AST-00081,Preventive,Medium,2025-09-29,2025-10-09,2025-10-01,Completed,8.9,cable
WO-0001482,AST-00378,Preventive,Medium,2025-09-29,2025-10-09,2025-10-02,Completed,5.5,cable
WO-0001891,AST-00483,Preventive,Medium,2025-09-29,2025-10-09,2025-09-30,Completed,2.7,cable
WO-0001962,AST-00504,Preventive,Medium,2025-09-29,2025-10-09,2025-09-30,Completed,4.0,cable
WO-0002254,AST-00577,Preventive,Medium,2025-09-29,2025-10-09,2025-10-11,Completed,2.7,third_rail
WO-0003864,AST-00972,Preventive,Medium,2025-09-29,2025-10-09,2025-10-02,Completed,8.1,power
WO-0003901,AST-00982,Preventive,Medium,2025-09-29,2025-10-09,2025-09-29,Completed,6.2,third_rail
WO-0000295,AST-00075,Preventive,Medium,2025-09-30,2025-10-10,2025-10-04,Completed,5.9,power
WO-0001274,AST-00326,Preventive,Medium,2025-09-30,2025-10-10,2025-10-04,Completed,5.5,cable
WO-0003165,AST-00806,Preventive,Medium,2025-09-30,2025-10-10,2025-09-30,Completed,6.4,power
WO-0004472,AST-00345,Corrective,Critical,2025-09-30,2025-10-02,2025-10-03,Completed,9.4,third_rail
WO-0004636,AST-00460,Corrective,Critical,2025-09-30,2025-10-02,2025-10-05,Completed,7.3,cable
WO-0005143,AST-00831,Corrective,Medium,2025-09-30,2025-10-10,2025-10-03,Completed,4.3,cable
WO-0002793,AST-00710,Preventive,Medium,2025-10-01,2025-10-11,2025-10-02,Completed,4.2,cable
WO-0004167,AST-00133,Corrective,High,2025-10-01,2025-10-06,2025-10-08,Completed,3.7,cable
WO-0004724,AST-00532,Corrective,Medium,2025-10-01,2025-10-11,2025-10-05,Completed,5.0,cable
WO-0000511,AST-00133,Preventive,Medium,2025-10-02,2025-10-12,2025-10-02,Completed,5.1,cable
WO-0001951,AST-00501,Preventive,Medium,2025-10-02,2025-10-12,2025-10-06,Completed,5.5,cable
WO-0003392,AST-00858,Preventive,Medium,2025-10-02,2025-10-12,2025-10-02,Completed,6.0,third_rail
WO-0003809,AST-00959,Preventive,Medium,2025-10-02,2025-10-12,2025-10-14,Completed,6.1,cable
WO-0004893,AST-00659,Corrective,Medium,2025-10-02,2025-10-12,2025-10-05,Completed,5.1,cable
WO-0005009,AST-00734,Corrective,Medium,2025-10-02,2025-10-12,2025-10-07,Completed,7.5,breaker
WO-0005293,AST-00924,Corrective,Medium,2025-10-02,2025-10-12,2025-10-03,Completed,6.8,cable
WO-0000157,AST-00041,Preventive,Medium,2025-10-03,2025-10-13,2025-10-08,Completed,5.6,cable
WO-0001238,AST-00317,Preventive,Medium,2025-10-03,2025-10-13,2025-10-03,Completed,8.2,breaker
WO-0001241,AST-00318,Preventive,Medium,2025-10-03,2025-10-13,2025-10-08,Completed,6.5,cable
WO-0001347,AST-00346,Preventive,Medium,2025-10-03,2025-10-13,2025-10-04,Completed,6.4,third_rail
WO-0001544,AST-00395,Preventive,Medium,2025-10-03,2025-10-13,2025-10-06,Completed,4.0,power
WO-0002950,AST-00750,Preventive,Medium,2025-10-03,2025-10-13,2025-10-03,Completed,5.3,third_rail
WO-0001412,AST-00362,Preventive,Medium,2025-10-04,2025-10-14,2025-10-06,Completed,6.7,power
WO-0002086,AST-00536,Preventive,Medium,2025-10-04,2025-10-14,2025-10-04,Completed,5.0,breaker
WO-0002222,AST-00570,Preventive,Medium,2025-10-04,2025-10-14,2025-10-13,Completed,5.6,cable
WO-0002314,AST-00592,Preventive,Medium,2025-10-04,2025-10-14,2025-10-08,Completed,8.5,cable
WO-0004872,AST-00644,Corrective,Medium,2025-10-04,2025-10-14,2025-10-16,Completed,7.9,breaker
WO-0005170,AST-00842,Corrective,High,2025-10-04,2025-10-09,2025-10-06,Completed,6.1,third_rail
WO-0005185,AST-00850,Corrective,High,2025-10-04,2025-10-09,2025-10-05,Completed,7.5,third_rail
WO-0002955,AST-00751,Preventive,Medium,2025-10-05,2025-10-15,2025-10-07,Completed,4.7,breaker
WO-0003022,AST-00769,Preventive,Medium,2025-10-05,2025-10-15,2025-10-06,Completed,4.1,power
WO-0004057,AST-00053,Corrective,Medium,2025-10-05,2025-10-15,2025-10-08,Completed,4.2,third_rail
WO-0000550,AST-00142,Preventive,Medium,2025-10-06,2025-10-16,2025-10-08,Completed,4.8,cable
WO-0003731,AST-00939,Preventive,Medium,2025-10-06,2025-10-16,2025-10-09,Completed,2.8,third_rail
WO-0001518,AST-00389,Preventive,Medium,2025-10-07,2025-10-17,2025-10-19,Completed,4.9,power
WO-0001539,AST-00394,Preventive,Medium,2025-10-07,2025-10-17,2025-10-08,Completed,5.9,cable
WO-0001860,AST-00474,Preventive,Medium,2025-10-07,2025-10-17,2025-10-08,Completed,3.7,power
WO-0003889,AST-00979,Preventive,Medium,2025-10-07,2025-10-17,2025-10-11,Completed,4.1,cable
WO-0005073,AST-00783,Corrective,High,2025-10-07,2025-10-12,2025-10-10,Completed,4.4,cable
WO-0001111,AST-00285,Preventive,Medium,2025-10-08,2025-10-18,2025-10-11,Completed,5.7,cable
WO-0001300,AST-00332,Preventive,Medium,2025-10-08,2025-10-18,2025-10-13,Completed,4.7,breaker
WO-0002096,AST-00538,Preventive,Medium,2025-10-08,2025-10-18,2025-10-10,Completed,4.9,power
WO-0002723,AST-00693,Preventive,Medium,2025-10-08,2025-10-18,2025-10-09,Completed,5.0,breaker
WO-0002801,AST-00713,Preventive,Medium,2025-10-08,2025-10-18,2025-10-08,Completed,3.4,third_rail
WO-0004721,AST-00530,Corrective,Medium,2025-10-08,2025-10-18,2025-10-09,Completed,7.1,breaker
WO-0004735,AST-00537,Corrective,Medium,2025-10-08,2025-10-18,2025-10-08,Completed,13.6,cable
WO-0000062,AST-00018,Preventive,Medium,2025-10-09,2025-10-19,2025-10-11,Completed,5.1,power
WO-0002692,AST-00685,Preventive,Medium,2025-10-09,2025-10-19,2025-10-12,Completed,5.7,cable
WO-0003199,AST-00814,Preventive,Medium,2025-10-09,2025-10-19,2025-10-17,Completed,4.6,cable
WO-0003921,AST-00986,Preventive,Medium,2025-10-09,2025-10-19,2025-10-10,Completed,5.7,third_rail
WO-0004705,AST-00511,Corrective,Medium,2025-10-09,2025-10-19,2025-10-11,Completed,9.6,power
WO-0005333,AST-00955,Corrective,High,2025-10-09,2025-10-14,2025-10-11,Completed,9.0,third_rail
WO-0002614,AST-00667,Preventive,Medium,2025-10-10,2025-10-20,2025-10-14,Completed,5.8,third_rail
WO-0003689,AST-00928,Preventive,Medium,2025-10-10,2025-10-20,2025-10-14,Completed,2.3,third_rail
WO-0004865,AST-00634,Corrective,Medium,2025-10-10,2025-10-20,2025-10-12,Completed,4.8,breaker
WO-0005088,AST-00793,Corrective,High,2025-10-10,2025-10-15,2025-10-17,Completed,7.9,breaker
WO-0000323,AST-00082,Preventive,Medium,2025-10-11,2025-10-21,2025-10-11,Completed,4.1,cable
WO-0000697,AST-00178,Preventive,Medium,2025-10-11,2025-10-21,2025-10-12,Completed,4.4,third_rail
WO-0003091,AST-00787,Preventive,Medium,2025-10-11,2025-10-21,2025-10-13,Completed,6.5,third_rail
WO-0004648,AST-00465,Corrective,Medium,2025-10-11,2025-10-21,2025-10-13,Completed,8.3,cable
WO-0000187,AST-00048,Preventive,Medium,2025-10-12,2025-10-22,2025-10-14,Completed,6.9,breaker
WO-0002455,AST-00627,Preventive,Medium,2025-10-12,2025-10-22,2025-10-17,Completed,5.9,third_rail
WO-0002660,AST-00678,Preventive,Medium,2025-10-12,2025-10-22,2025-10-25,Completed,5.7,cable
WO-0003345,AST-00848,Preventive,Medium,2025-10-12,2025-10-22,2025-10-17,Completed,4.7,cable
WO-0003471,AST-00877,Preventive,Medium,2025-10-12,2025-10-22,2025-10-16,Completed,4.8,breaker
WO-0004001,AST-00016,Corrective,Medium,2025-10-12,2025-10-22,2025-10-14,Completed,6.4,breaker
WO-0004308,AST-00223,Corrective,High,2025-10-12,2025-10-17,2025-10-13,Completed,6.0,cable
WO-0004519,AST-00375,Corrective,Medium,2025-10-12,2025-10-22,2025-10-14,Completed,8.3,power
WO-0000310,AST-00079,Preventive,Medium,2025-10-13,2025-10-23,2025-10-18,Completed,6.2,cable
WO-0001041,AST-00266,Preventive,Medium,2025-10-13,2025-10-23,2025-10-16,Completed,4.6,power
WO-0003359,AST-00851,Preventive,Medium,2025-10-13,2025-10-23,2025-10-17,Completed,6.8,power
WO-0004427,AST-00310,Corrective,Medium,2025-10-13,2025-10-23,2025-10-26,Completed,9.0,power
WO-0004838,AST-00612,Corrective,Medium,2025-10-13,2025-10-23,2025-10-17,Completed,3.7,cable
WO-0005053,AST-00768,Corrective,Critical,2025-10-13,2025-10-15,2025-10-18,Completed,8.6,power
WO-0005055,AST-00768,Corrective,High,2025-10-13,2025-10-18,2025-10-15,Completed,5.5,power
WO-0005128,AST-00824,Corrective,High,2025-10-13,2025-10-18,2025-10-15,Completed,4.4,cable
WO-0000069,AST-00020,Preventive,Medium,2025-10-14,2025-10-24,2025-10-19,Completed,5.8,cable
WO-0001491,AST-00380,Preventive,Medium,2025-10-14,2025-10-24,2025-10-20,Completed,4.4,cable
WO-0001729,AST-00441,Preventive,Medium,2025-10-14,2025-10-24,2025-10-20,Completed,3.9,third_rail
WO-0002562,AST-00654,Preventive,Medium,2025-10-14,2025-10-24,2025-10-16,Completed,6.0,breaker
WO-0003705,AST-00932,Preventive,Medium,2025-10-14,2025-10-24,2025-10-16,Completed,6.9,breaker
WO-0004424,AST-00307,Corrective,High,2025-10-14,2025-10-19,2025-10-17,Completed,6.9,breaker
WO-0004831,AST-00607,Corrective,High,2025-10-14,2025-10-19,2025-10-23,Completed,6.5,third_rail
WO-0005376,AST-00990,Corrective,Medium,2025-10-14,2025-10-24,2025-10-19,Completed,5.0,third_rail
WO-0003284,AST-00833,Preventive,Medium,2025-10-15,2025-10-25,2025-10-17,Completed,5.7,breaker
WO-0000035,AST-00010,Preventive,Medium,2025-10-16,2025-10-26,2025-10-17,Completed,4.7,cable
WO-0000505,AST-00131,Preventive,Medium,2025-10-16,2025-10-26,2025-10-19,Completed,4.2,power
WO-0001818,AST-00463,Preventive,Medium,2025-10-16,2025-10-26,2025-10-20,Completed,6.2,third_rail
WO-0003412,AST-00862,Preventive,Medium,2025-10-16,2025-10-26,2025-10-25,Completed,3.9,cable
WO-0003541,AST-00892,Preventive,Medium,2025-10-16,2025-10-26,2025-10-17,Completed,4.5,third_rail
WO-0004451,AST-00325,Corrective,High,2025-10-16,2025-10-21,2025-10-16,Completed,3.4,third_rail
WO-0000046,AST-00013,Preventive,Medium,2025-10-17,2025-10-27,2025-10-29,Completed,3.1,cable
WO-0000439,AST-00113,Preventive,Medium,2025-10-17,2025-10-27,2025-10-25,Completed,4.1,breaker
WO-0000470,AST-00121,Preventive,Medium,2025-10-17,2025-10-27,2025-10-19,Completed,6.4,cable
WO-0001050,AST-00269,Preventive,Medium,2025-10-17,2025-10-27,2025-10-20,Completed,4.6,power
WO-0001254,AST-00321,Preventive,Medium,2025-10-17,2025-10-27,2025-10-23,Completed,4.6,third_rail
WO-0004764,AST-00557,Corrective,Medium,2025-10-17,2025-10-27,2025-10-19,Completed,8.6,breaker
WO-0004910,AST-00671,Corrective,High,2025-10-17,2025-10-22,2025-10-18,Completed,6.3,power
WO-0000196,AST-00050,Preventive,Medium,2025-10-18,2025-10-28,2025-10-25,Completed,6.4,power
WO-0002344,AST-00598,Preventive,Medium,2025-10-18,2025-10-28,2025-10-20,Completed,6.6,cable
WO-0002909,AST-00741,Preventive,Medium,2025-10-18,2025-10-28,2025-10-20,Completed,6.1,power
WO-0002977,AST-00756,Preventive,Medium,2025-10-18,2025-10-28,2025-10-20,Completed,5.2,breaker
WO-0004373,AST-00266,Corrective,Medium,2025-10-18,2025-10-28,2025-10-24,Completed,6.2,power
WO-0004882,AST-00653,Corrective,High,2025-10-18,2025-10-23,2025-10-25,Completed,6.2,cable
WO-0000456,AST-00118,Preventive,Medium,2025-10-19,2025-10-29,2025-10-22,Completed,2.6,cable
WO-0000877,AST-00224,Preventive,Medium,2025-10-19,2025-10-29,2025-10-21,Completed,1.5,third_rail
WO-0001442,AST-00368,Preventive,Medium,2025-10-19,2025-10-29,2025-10-21,Completed,4.8,cable
WO-0002212,AST-00567,Preventive,Medium,2025-10-19,2025-10-29,2025-10-23,Completed,6.8,third_rail
WO-0004270,AST-00201,Corrective,Medium,2025-10-19,2025-10-29,2025-10-24,Completed,5.6,third_rail
WO-0004538,AST-00390,Corrective,High,2025-10-19,2025-10-24,2025-10-19,Completed,6.9,third_rail
WO-0004823,AST-00601,Corrective,High,2025-10-19,2025-10-24,2025-10-19,Completed,6.3,cable
WO-0005295,AST-00925,Corrective,Medium,2025-10-19,2025-10-29,2025-10-21,Completed,5.2,power
WO-0001989,AST-00511,Preventive,Medium,2025-10-20,2025-10-30,2025-10-25,Completed,7.9,power
WO-0004602,AST-00445,Corrective,Medium,2025-10-20,2025-10-30,2025-10-22,Completed,5.4,breaker
WO-0005057,AST-00769,Corrective,High,2025-10-20,2025-10-25,2025-10-24,Completed,6.9,power
WO-0001969,AST-00506,Preventive,Medium,2025-10-21,2025-10-31,2025-11-04,Completed,4.0,third_rail
WO-0001980,AST-00509,Preventive,Medium,2025-10-21,2025-10-31,2025-10-21,Completed,6.5,cable
WO-0003833,AST-00965,Preventive,Medium,2025-10-21,2025-10-31,2025-10-23,Completed,6.0,third_rail
WO-0004412,AST-00299,Corrective,Medium,2025-10-21,2025-10-31,2025-10-21,Completed,2.1,third_rail
WO-0000090,AST-00024,Preventive,Medium,2025-10-22,2025-11-01,2025-10-22,Completed,3.6,third_rail
WO-0000116,AST-00030,Preventive,Medium,2025-10-22,2025-11-01,2025-10-26,Completed,7.3,cable
WO-0000646,AST-00165,Preventive,Medium,2025-10-22,2025-11-01,2025-11-09,Completed,7.1,cable
WO-0001885,AST-00481,Preventive,Medium,2025-10-22,2025-11-01,2025-10-26,Completed,4.5,cable
WO-0002063,AST-00531,Preventive,Medium,2025-10-22,2025-11-01,2025-10-23,Completed,5.5,cable
WO-0002387,AST-00609,Preventive,Medium,2025-10-22,2025-11-01,2025-10-22,Completed,3.9,cable
WO-0003136,AST-00799,Preventive,Medium,2025-10-22,2025-11-01,2025-10-26,Completed,5.8,cable
WO-0004031,AST-00037,Corrective,Medium,2025-10-22,2025-11-01,2025-10-23,Completed,9.1,power
WO-0004394,AST-00283,Corrective,Medium,2025-10-22,2025-11-01,2025-10-23,Completed,5.7,breaker
WO-0000843,AST-00215,Preventive,Medium,2025-10-23,2025-11-02,2025-10-29,Completed,5.8,cable
WO-0002528,AST-00646,Preventive,Medium,2025-10-23,2025-11-02,2025-10-25,Completed,5.3,third_rail
WO-0004377,AST-00270,Corrective,Medium,2025-10-23,2025-11-02,2025-10-29,Completed,4.9,power
WO-0001634,AST-00417,Preventive,Medium,2025-10-24,2025-11-03,2025-10-27,Completed,7.9,power
WO-0002749,AST-00699,Preventive,Medium,2025-10-24,2025-11-03,2025-10-28,Completed,5.1,cable
WO-0002913,AST-00742,Preventive,Medium,2025-10-24,2025-11-03,2025-10-24,Completed,7.5,power
WO-0005154,AST-00836,Corrective,Medium,2025-10-24,2025-11-03,2025-10-27,Completed,6.8,cable
WO-0005266,AST-00906,Corrective,Medium,2025-10-24,2025-11-03,2025-10-30,Completed,5.6,cable
WO-0000757,AST-00193,Preventive,Medium,2025-10-25,2025-11-04,2025-10-28,Completed,5.9,power
WO-0002628,AST-00670,Preventive,Medium,2025-10-25,2025-11-04,2025-10-25,Completed,6.2,cable
WO-0004188,AST-00143,Corrective,High,2025-10-25,2025-10-30,2025-10-27,Completed,6.9,third_rail
WO-0005269,AST-00908,Corrective,Medium,2025-10-25,2025-11-04,2025-10-28,Completed,5.9,power
WO-0000030,AST-00008,Preventive,Medium,2025-10-26,2025-11-05,2025-10-31,Completed,4.5,third_rail
WO-0000374,AST-00096,Preventive,Medium,2025-10-26,2025-11-05,2025-10-31,Completed,6.5,cable
WO-0000642,AST-00164,Preventive,Medium,2025-10-26,2025-11-05,2025-10-30,Completed,4.8,power
WO-0002370,AST-00605,Preventive,Medium,2025-10-26,2025-11-05,2025-11-01,Completed,7.7,third_rail
WO-0003170,AST-00807,Preventive,Medium,2025-10-26,2025-11-05,2025-10-28,Completed,6.7,cable
WO-0005117,AST-00815,Corrective,High,2025-10-26,2025-10-31,2025-10-29,Completed,9.2,power
WO-0000028,AST-00007,Preventive,Medium,2025-10-27,2025-11-06,2025-11-01,Completed,4.9,third_rail
WO-0002104,AST-00540,Preventive,Medium,2025-10-27,2025-11-06,2025-10-29,Completed,5.2,third_rail
WO-0003713,AST-00934,Preventive,Medium,2025-10-27,2025-11-06,2025-10-30,Completed,4.6,third_rail
WO-0000133,AST-00035,Preventive,Medium,2025-10-28,2025-11-07,2025-10-31,Completed,5.2,cable
WO-0000396,AST-00101,Preventive,Medium,2025-10-28,2025-11-07,2025-10-30,Completed,2.9,third_rail
WO-0001103,AST-00283,Preventive,Medium,2025-10-28,2025-11-07,2025-10-31,Completed,4.0,breaker
WO-0001873,AST-00477,Preventive,Medium,2025-10-28,2025-11-07,2025-10-30,Completed,7.1,cable
WO-0002022,AST-00519,Preventive,Medium,2025-10-28,2025-11-07,2025-10-31,Completed,5.6,power
WO-0000192,AST-00049,Preventive,Medium,2025-10-29,2025-11-08,2025-10-30,Completed,4.0,cable
WO-0001008,AST-00258,Preventive,Medium,2025-10-29,2025-11-08,2025-11-04,Completed,5.6,power
WO-0000485,AST-00125,Preventive,Medium,2025-10-30,2025-11-09,2025-10-31,Completed,3.2,power
WO-0000743,AST-00190,Preventive,Medium,2025-10-30,2025-11-09,2025-10-31,Completed,3.6,breaker
WO-0001932,AST-00496,Preventive,Medium,2025-10-30,2025-11-09,2025-10-30,Completed,4.2,cable
WO-0002897,AST-00737,Preventive,Medium,2025-10-30,2025-11-09,2025-10-30,Completed,3.8,breaker
WO-0003245,AST-00825,Preventive,Medium,2025-10-30,2025-11-09,2025-11-07,Completed,6.3,third_rail
WO-0003829,AST-00964,Preventive,Medium,2025-10-30,2025-11-09,2025-11-03,Completed,8.4,power
WO-0004727,AST-00533,Corrective,Medium,2025-10-30,2025-11-09,2025-11-01,Completed,9.4,breaker
WO-0000736,AST-00188,Preventive,Medium,2025-10-31,2025-11-10,2025-11-12,Completed,4.0,power
WO-0000107,AST-00028,Preventive,Medium,2025-11-01,2025-11-11,2025-11-02,Completed,4.2,power
WO-0000651,AST-00166,Preventive,Medium,2025-11-01,2025-11-11,2025-11-04,Completed,3.9,breaker
WO-0002890,AST-00735,Preventive,Medium,2025-11-01,2025-11-11,2025-11-04,Completed,5.3,power
WO-0003341,AST-00847,Preventive,Medium,2025-11-01,2025-11-11,2025-11-01,Completed,3.8,breaker
WO-0004087,AST-00075,Corrective,Medium,2025-11-01,2025-11-11,2025-11-01,Completed,4.4,power
WO-0004277,AST-00205,Corrective,Critical,2025-11-01,2025-11-03,2025-11-03,Completed,7.9,power
WO-0004604,AST-00446,Corrective,Medium,2025-11-01,2025-11-11,2025-11-04,Completed,7.1,cable
WO-0004939,AST-00685,Corrective,High,2025-11-01,2025-11-06,2025-11-13,Completed,7.3,cable
WO-0004975,AST-00713,Corrective,Medium,2025-11-01,2025-11-11,2025-11-06,Completed,6.1,third_rail
WO-0000857,AST-00218,Preventive,Medium,2025-11-02,2025-11-12,2025-11-05,Completed,4.6,power
WO-0000905,AST-00231,Preventive,Medium,2025-11-02,2025-11-12,2025-11-04,Completed,3.9,power
WO-0001122,AST-00288,Preventive,Medium,2025-11-02,2025-11-12,2025-11-03,Completed,5.6,breaker
WO-0002303,AST-00589,Preventive,Medium,2025-11-02,2025-11-12,2025-11-10,Completed,5.3,breaker
WO-0002711,AST-00690,Preventive,Medium,2025-11-02,2025-11-12,2025-11-04,Completed,4.2,cable
WO-0004846,AST-00617,Corrective,Critical,2025-11-02,2025-11-04,2025-11-07,Completed,6.2,cable
WO-0005109,AST-00811,Corrective,Critical,2025-11-02,2025-11-04,2025-11-03,Completed,10.5,power
WO-0000358,AST-00091,Preventive,Medium,2025-11-03,2025-11-13,2025-11-05,Completed,4.5,power
WO-0003116,AST-00794,Preventive,Medium,2025-11-03,2025-11-13,2025-11-06,Completed,3.7,power
WO-0003525,AST-00889,Preventive,Medium,2025-11-03,2025-11-13,2025-11-04,Completed,3.5,power
WO-0003744,AST-00942,Preventive,Medium,2025-11-03,2025-11-13,2025-11-09,Completed,4.7,third_rail
WO-0004415,AST-00303,Corrective,Medium,2025-11-03,2025-11-13,2025-11-04,Completed,6.8,cable
WO-0000602,AST-00155,Preventive,Medium,2025-11-04,2025-11-14,2025-11-07,Completed,1.8,power
WO-0002482,AST-00634,Preventive,Medium,2025-11-04,2025-11-14,2025-11-08,Completed,4.4,breaker
WO-0002984,AST-00758,Preventive,Medium,2025-11-04,2025-11-14,2025-11-11,Completed,5.5,third_rail
WO-0003059,AST-00779,Preventive,Medium,2025-11-04,2025-11-14,2025-11-07,Completed,5.0,third_rail
WO-0003336,AST-00846,Preventive,Medium,2025-11-04,2025-11-14,2025-11-05,Completed,2.8,third_rail
WO-0004347,AST-00243,Corrective,Medium,2025-11-04,2025-11-14,2025-11-07,Completed,5.5,breaker
WO-0000205,AST-00052,Preventive,Medium,2025-11-05,2025-11-15,2025-11-06,Completed,6.6,power
WO-0000974,AST-00249,Preventive,Medium,2025-11-05,2025-11-15,2025-11-08,Completed,3.7,breaker
WO-0001093,AST-00281,Preventive,Medium,2025-11-05,2025-11-15,2025-11-09,Completed,6.7,power
WO-0001767,AST-00450,Preventive,Medium,2025-11-05,2025-11-15,2025-11-09,Completed,4.3,cable
WO-0002533,AST-00647,Preventive,Medium,2025-11-05,2025-11-15,2025-11-07,Completed,5.4,power
WO-0004018,AST-00028,Corrective,Critical,2025-11-05,2025-11-07,2025-11-06,Completed,7.9,power
WO-0001162,AST-00297,Preventive,Medium,2025-11-06,2025-11-16,2025-11-09,Completed,4.8,third_rail
WO-0002850,AST-00725,Preventive,Medium,2025-11-06,2025-11-16,2025-11-14,Completed,6.9,power
WO-0004452,AST-00326,Corrective,Medium,2025-11-06,2025-11-16,2025-11-18,Completed,6.7,cable
WO-0004760,AST-00554,Corrective,Medium,2025-11-06,2025-11-16,2025-11-08,Completed,11.5,third_rail
WO-0001000,AST-00256,Preventive,Medium,2025-11-07,2025-11-17,2025-11-12,Completed,3.2,cable
WO-0001697,AST-00432,Preventive,Medium,2025-11-07,2025-11-17,2025-11-07,Completed,5.9,third_rail
WO-0000448,AST-00116,Preventive,Medium,2025-11-08,2025-11-18,2025-11-08,Completed,5.8,third_rail
WO-0001840,AST-00469,Preventive,Medium,2025-11-08,2025-11-18,2025-11-09,Completed,6.5,power
WO-0003017,AST-00768,Preventive,Medium,2025-11-08,2025-11-18,2025-11-10,Completed,4.7,power
WO-0003279,AST-00832,Preventive,Medium,2025-11-08,2025-11-18,2025-11-13,Completed,5.7,cable
WO-0003322,AST-00842,Preventive,Medium,2025-11-08,2025-11-18,2025-11-08,Completed,5.9,third_rail
WO-0003982,AST-00002,Corrective,Medium,2025-11-08,2025-11-18,2025-11-13,Completed,7.5,cable
WO-0004524,AST-00381,Corrective,High,2025-11-08,2025-11-13,2025-11-15,Completed,8.5,cable
WO-0005251,AST-00894,Corrective,Medium,2025-11-08,2025-11-18,2025-11-09,Completed,4.7,power
WO-0000479,AST-00123,Preventive,Medium,2025-11-09,2025-11-19,2025-11-21,Completed,4.7,power
WO-0000927,AST-00237,Preventive,Medium,2025-11-09,2025-11-19,2025-11-10,Completed,5.5,cable
WO-0001795,AST-00457,Preventive,Medium,2025-11-09,2025-11-19,2025-11-14,Completed,5.3,third_rail
WO-0002128,AST-00546,Preventive,Medium,2025-11-09,2025-11-19,2025-11-12,Completed,5.1,cable
WO-0004474,AST-00345,Corrective,Medium,2025-11-09,2025-11-19,2025-11-15,Completed,4.3,third_rail
WO-0005232,AST-00880,Corrective,Medium,2025-11-09,2025-11-19,2025-11-13,Completed,2.8,cable
WO-0000314,AST-00080,Preventive,Medium,2025-11-10,2025-11-20,2025-11-15,Completed,7.3,third_rail
WO-0000382,AST-00098,Preventive,Medium,2025-11-10,2025-11-20,2025-11-11,Completed,6.2,power
WO-0002002,AST-00514,Preventive,Medium,2025-11-10,2025-11-20,2025-11-12,Completed,5.9,breaker
WO-0002259,AST-00578,Preventive,Medium,2025-11-10,2025-11-20,2025-11-16,Completed,5.7,cable
WO-0002357,AST-00602,Preventive,Medium,2025-11-10,2025-11-20,2025-11-14,Completed,4.9,third_rail
WO-0003174,AST-00808,Preventive,Medium,2025-11-10,2025-11-20,2025-11-12,Completed,5.4,power
WO-0003570,AST-00899,Preventive,Medium,2025-11-10,2025-11-20,2025-11-11,Completed,6.0,breaker
WO-0004227,AST-00166,Corrective,High,2025-11-10,2025-11-15,2025-11-13,Completed,6.3,breaker
WO-0000591,AST-00152,Preventive,Medium,2025-11-11,2025-11-21,2025-11-16,Completed,6.6,third_rail
WO-0001131,AST-00290,Preventive,Medium,2025-11-11,2025-11-21,2025-11-12,Completed,4.6,power
WO-0002262,AST-00579,Preventive,Medium,2025-11-11,2025-11-21,2025-11-12,Completed,6.8,third_rail
WO-0002865,AST-00729,Preventive,Medium,2025-11-11,2025-11-21,2025-11-14,Completed,5.1,cable
WO-0004202,AST-00148,Corrective,High,2025-11-11,2025-11-16,2025-11-16,Completed,7.6,cable
WO-0004532,AST-00384,Corrective,Medium,2025-11-11,2025-11-21,2025-11-12,Completed,7.1,cable
WO-0000141,AST-00037,Preventive,Medium,2025-11-12,2025-11-22,2025-11-18,Completed,5.9,power
WO-0000281,AST-00072,Preventive,Medium,2025-11-12,2025-11-22,2025-11-14,Completed,6.6,cable
WO-0001505,AST-00384,Preventive,Medium,2025-11-12,2025-11-22,2025-11-16,Completed,6.2,cable
WO-0002428,AST-00621,Preventive,Medium,2025-11-12,2025-11-22,2025-11-14,Completed,7.3,third_rail
WO-0005322,AST-00942,Corrective,Medium,2025-11-12,2025-11-22,2025-11-13,Completed,2.0,third_rail
WO-0000831,AST-00212,Preventive,Medium,2025-11-13,2025-11-23,2025-11-16,Completed,1.5,cable
WO-0001955,AST-00502,Preventive,Medium,2025-11-13,2025-11-23,2025-11-20,Completed,4.0,third_rail
WO-0001985,AST-00510,Preventive,Medium,2025-11-13,2025-11-23,2025-11-15,Completed,5.7,power
WO-0002707,AST-00689,Preventive,Medium,2025-11-13,2025-11-23,2025-11-13,Completed,3.7,third_rail
WO-0002856,AST-00727,Preventive,Medium,2025-11-13,2025-11-23,2025-11-18,Completed,4.2,breaker
WO-0003660,AST-00921,Preventive,Medium,2025-11-13,2025-11-23,2025-11-17,Completed,6.3,power
WO-0005163,AST-00840,Corrective,High,2025-11-13,2025-11-18,2025-11-20,Completed,6.1,cable
WO-0003319,AST-00841,Preventive,Medium,2025-11-14,2025-11-24,2025-11-14,Completed,4.7,power
WO-0003641,AST-00916,Preventive,Medium,2025-11-14,2025-11-24,2025-11-16,Completed,7.0,third_rail
WO-0001734,AST-00442,Preventive,Medium,2025-11-15,2025-11-25,2025-11-19,Completed,8.1,power
WO-0001911,AST-00490,Preventive,Medium,2025-11-15,2025-11-25,2025-11-22,Completed,4.0,cable
WO-0002072,AST-00533,Preventive,Medium,2025-11-15,2025-11-25,2025-11-17,Completed,2.3,breaker
WO-0004471,AST-00344,Corrective,Critical,2025-11-15,2025-11-17,2025-11-27,Completed,7.0,cable
WO-0000266,AST-00069,Preventive,Medium,2025-11-16,2025-11-26,2025-11-21,Completed,4.0,power
WO-0000944,AST-00242,Preventive,Medium,2025-11-16,2025-11-26,2025-11-18,Completed,4.3,third_rail
WO-0002637,AST-00672,Preventive,Medium,2025-11-16,2025-11-26,2025-11-24,Completed,3.9,cable
WO-0002684,AST-00683,Preventive,Medium,2025-11-16,2025-11-26,2025-11-21,Completed,4.5,power
WO-0004554,AST-00403,Corrective,Medium,2025-11-16,2025-11-26,2025-11-17,Completed,10.7,third_rail
WO-0005390,AST-01000,Corrective,Medium,2025-11-16,2025-11-26,2025-11-20,Completed,5.5,breaker
WO-0000446,AST-00115,Preventive,Medium,2025-11-17,2025-11-27,2025-11-21,Completed,5.8,power
WO-0001548,AST-00396,Preventive,Medium,2025-11-17,2025-11-27,2025-11-20,Completed,5.4,cable
WO-0002539,AST-00649,Preventive,Medium,2025-11-17,2025-11-27,2025-11-23,Completed,3.0,cable
WO-0004627,AST-00456,Corrective,High,2025-11-17,2025-11-22,2025-11-29,Completed,5.7,breaker
WO-0004997,AST-00727,Corrective,Medium,2025-11-17,2025-11-27,2025-11-21,Completed,6.8,breaker
WO-0001615,AST-00411,Preventive,Medium,2025-11-18,2025-11-28,2025-11-21,Completed,5.4,cable
WO-0005004,AST-00732,Corrective,Medium,2025-11-18,2025-11-28,2025-11-26,Completed,4.6,power
WO-0005006,AST-00733,Corrective,Critical,2025-11-18,2025-11-20,2025-11-21,Completed,6.2,power
WO-0005319,AST-00939,Corrective,Medium,2025-11-18,2025-11-28,2025-11-20,Completed,6.5,third_rail
WO-0000864,AST-00220,Preventive,Medium,2025-11-19,2025-11-29,2025-11-21,Completed,5.0,breaker
WO-0001454,AST-00371,Preventive,Medium,2025-11-19,2025-11-29,2025-11-22,Completed,7.2,third_rail
WO-0002167,AST-00555,Preventive,Medium,2025-11-19,2025-11-29,2025-11-23,Completed,3.4,power
WO-0003991,AST-00009,Corrective,Medium,2025-11-19,2025-11-29,2025-11-20,Completed,7.7,power
WO-0004481,AST-00354,Corrective,High,2025-11-19,2025-11-24,2025-11-26,Completed,4.9,cable
WO-0000423,AST-00109,Preventive,Medium,2025-11-20,2025-11-30,2025-11-22,Completed,5.5,power
WO-0000563,AST-00145,Preventive,Medium,2025-11-20,2025-11-30,2025-11-20,Completed,5.2,cable
WO-0002043,AST-00525,Preventive,Medium,2025-11-20,2025-11-30,2025-11-22,Completed,2.0,power
WO-0002171,AST-00556,Preventive,Medium,2025-11-20,2025-11-30,2025-11-25,Completed,3.3,breaker
WO-0002848,AST-00724,Preventive,Medium,2025-11-20,2025-11-30,2025-11-23,Completed,6.2,third_rail
WO-0003943,AST-00991,Preventive,Medium,2025-11-20,2025-11-30,2025-11-22,Completed,4.8,cable
WO-0000239,AST-00062,Preventive,Medium,2025-11-21,2025-12-01,2025-11-23,Completed,4.2,cable
WO-0000669,AST-00170,Preventive,Medium,2025-11-21,2025-12-01,2025-11-26,Completed,5.5,third_rail
WO-0003266,AST-00829,Preventive,Medium,2025-11-21,2025-12-01,2025-11-23,Completed,5.9,third_rail
WO-0003536,AST-00891,Preventive,Medium,2025-11-21,2025-12-01,2025-11-26,Completed,4.0,breaker
WO-0005330,AST-00954,Corrective,Medium,2025-11-21,2025-12-01,2025-11-29,Completed,8.2,power
WO-0001151,AST-00295,Preventive,Medium,2025-11-22,2025-12-02,2025-12-01,Completed,6.8,third_rail
WO-0004585,AST-00430,Corrective,Critical,2025-11-22,2025-11-24,2025-11-26,Completed,10.3,third_rail
WO-0004888,AST-00656,Corrective,Medium,2025-11-22,2025-12-02,2025-11-24,Completed,5.5,breaker
WO-0005316,AST-00939,Corrective,Medium,2025-11-22,2025-12-02,2025-11-24,Completed,5.8,third_rail
WO-0002508,AST-00640,Preventive,Medium,2025-11-23,2025-12-03,2025-11-24,Completed,5.9,third_rail
WO-0002517,AST-00643,Preventive,Medium,2025-11-23,2025-12-03,2025-11-30,Completed,6.3,power
WO-0003838,AST-00966,Preventive,Medium,2025-11-23,2025-12-03,2025-11-25,Completed,6.8,cable
WO-0000248,AST-00065,Preventive,Medium,2025-11-24,2025-12-04,2025-11-25,Completed,4.0,cable
WO-0001083,AST-00278,Preventive,Medium,2025-11-24,2025-12-04,2025-11-24,Completed,4.5,cable
WO-0001556,AST-00398,Preventive,Medium,2025-11-24,2025-12-04,2025-11-25,Completed,4.6,breaker
WO-0002027,AST-00520,Preventive,Medium,2025-11-24,2025-12-04,2025-11-29,Completed,5.4,third_rail
WO-0002269,AST-00581,Preventive,Medium,2025-11-24,2025-12-04,2025-11-25,Completed,8.9,cable
WO-0002341,AST-00597,Preventive,Medium,2025-11-24,2025-12-04,2025-11-27,Completed,5.1,cable
WO-0002784,AST-00707,Preventive,Medium,2025-11-24,2025-12-04,2025-11-26,Completed,5.4,third_rail
WO-0004059,AST-00054,Corrective,Critical,2025-11-24,2025-11-26,2025-11-26,Completed,6.2,cable
WO-0004647,AST-00465,Corrective,Medium,2025-11-24,2025-12-04,2025-11-26,Completed,4.9,cable
WO-0005000,AST-00731,Corrective,Medium,2025-11-24,2025-12-04,2025-11-27,Completed,4.9,breaker
WO-0000935,AST-00239,Preventive,Medium,2025-11-25,2025-12-05,2025-11-25,Completed,2.8,power
WO-0003332,AST-00845,Preventive,Medium,2025-11-25,2025-12-05,2025-11-28,Completed,3.4,power
WO-0001965,AST-00505,Preventive,Medium,2025-11-26,2025-12-06,2025-11-28,Completed,5.4,cable
WO-0002353,AST-00601,Preventive,Medium,2025-11-26,2025-12-06,2025-11-29,Completed,4.4,cable
WO-0002787,AST-00708,Preventive,Medium,2025-11-26,2025-12-06,2025-11-26,Completed,4.5,third_rail
WO-0003120,AST-00795,Preventive,Medium,2025-11-26,2025-12-06,2025-11-28,Completed,5.3,power
WO-0003925,AST-00987,Preventive,Medium,2025-11-26,2025-12-06,2025-11-28,Completed,5.7,breaker
WO-0000822,AST-00209,Preventive,Medium,2025-11-27,2025-12-07,2025-12-01,Completed,5.0,power
WO-0001431,AST-00366,Preventive,Medium,2025-11-27,2025-12-07,2025-12-03,Completed,4.6,cable
WO-0001630,AST-00416,Preventive,Medium,2025-11-27,2025-12-07,2025-11-30,Completed,6.6,breaker
WO-0003407,AST-00861,Preventive,Medium,2025-11-27,2025-12-07,2025-12-05,Completed,5.7,cable
WO-0004877,AST-00650,Corrective,High,2025-11-27,2025-12-02,2025-11-28,Completed,7.0,power
WO-0004936,AST-00682,Corrective,High,2025-11-27,2025-12-02,2025-11-28,Completed,9.1,breaker
WO-0002394,AST-00611,Preventive,Medium,2025-11-28,2025-12-08,2025-11-29,Completed,6.7,cable
WO-0003933,AST-00989,Preventive,Medium,2025-11-28,2025-12-08,2025-11-29,Completed,3.9,breaker
WO-0001176,AST-00301,Preventive,Medium,2025-11-29,2025-12-09,2025-11-29,Completed,5.3,third_rail
WO-0001404,AST-00360,Preventive,Medium,2025-11-29,2025-12-09,2025-12-03,Completed,4.4,cable
WO-0002768,AST-00704,Preventive,Medium,2025-11-29,2025-12-09,2025-12-01,Completed,3.8,third_rail
WO-0004809,AST-00588,Corrective,Medium,2025-11-29,2025-12-09,2025-12-03,Completed,4.6,breaker
WO-0000867,AST-00221,Preventive,Medium,2025-11-30,2025-12-10,2025-12-03,Completed,4.2,breaker
WO-0002809,AST-00715,Preventive,Medium,2025-11-30,2025-12-10,2025-12-05,Completed,5.7,third_rail
WO-0003517,AST-00887,Preventive,Medium,2025-11-30,2025-12-10,2025-12-02,Completed,4.2,breaker
WO-0005029,AST-00749,Corrective,Medium,2025-11-30,2025-12-10,2025-12-04,Completed,6.6,third_rail
WO-0000451,AST-00117,Preventive,Medium,2025-12-01,2025-12-11,2025-12-03,Completed,3.5,third_rail
WO-0000514,AST-00134,Preventive,Medium,2025-12-01,2025-12-11,2025-12-04,Completed,4.2,breaker
WO-0000981,AST-00251,Preventive,Medium,2025-12-01,2025-12-11,2025-12-02,Completed,4.6,cable
WO-0001400,AST-00359,Preventive,Medium,2025-12-01,2025-12-11,2025-12-01,Completed,5.2,cable
WO-0001534,AST-00393,Preventive,Medium,2025-12-01,2025-12-11,2025-12-02,Completed,6.5,cable
WO-0002378,AST-00607,Preventive,Medium,2025-12-01,2025-12-11,2025-12-13,Completed,5.1,third_rail
WO-0003128,AST-00797,Preventive,Medium,2025-12-01,2025-12-11,2025-12-02,Completed,3.3,power
WO-0000598,AST-00154,Preventive,Medium,2025-12-02,2025-12-12,2025-12-07,Completed,3.9,cable
WO-0000747,AST-00191,Preventive,Medium,2025-12-02,2025-12-12,2025-12-04,Completed,4.9,third_rail
WO-0001510,AST-00386,Preventive,Medium,2025-12-02,2025-12-12,2025-12-13,Completed,7.4,third_rail
WO-0001589,AST-00405,Preventive,Medium,2025-12-02,2025-12-12,2025-12-05,Completed,2.0,third_rail
WO-0002521,AST-00644,Preventive,Medium,2025-12-02,2025-12-12,2025-12-07,Completed,4.3,breaker
WO-0003575,AST-00900,Preventive,Medium,2025-12-02,2025-12-12,2025-12-09,Completed,5.8,cable
WO-0004148,AST-00121,Corrective,Medium,2025-12-02,2025-12-12,2025-12-05,Completed,5.3,cable
WO-0004995,AST-00725,Corrective,Medium,2025-12-02,2025-12-12,2025-12-03,Completed,7.6,power
WO-0005078,AST-00785,Corrective,Medium,2025-12-02,2025-12-12,2025-12-04,Completed,5.2,third_rail
WO-0005171,AST-00843,Corrective,Medium,2025-12-02,2025-12-12,2025-12-10,Completed,8.6,cable
WO-0001876,AST-00478,Preventive,Medium,2025-12-03,2025-12-13,2025-12-04,Completed,5.4,cable
WO-0003893,AST-00980,Preventive,Medium,2025-12-03,2025-12-13,2025-12-11,Completed,4.0,breaker
WO-0000355,AST-00090,Preventive,Medium,2025-12-04,2025-12-14,2025-12-16,Completed,3.6,cable
WO-0000538,AST-00139,Preventive,Medium,2025-12-04,2025-12-14,2025-12-07,Completed,4.6,third_rail
WO-0000989,AST-00253,Preventive,Medium,2025-12-04,2025-12-14,2025-12-08,Completed,4.0,cable
WO-0001709,AST-00436,Preventive,Medium,2025-12-04,2025-12-14,2025-12-04,Completed,6.4,breaker
WO-0001899,AST-00486,Preventive,Medium,2025-12-04,2025-12-14,2025-12-05,Completed,3.4,cable
WO-0002279,AST-00583,Preventive,Medium,2025-12-04,2025-12-14,2025-12-07,Completed,6.5,power
WO-0002486,AST-00635,Preventive,Medium,2025-12-04,2025-12-14,2025-12-04,Completed,6.7,power
WO-0002587,AST-00660,Preventive,Medium,2025-12-04,2025-12-14,2025-12-09,Completed,3.3,breaker
WO-0003186,AST-00811,Preventive,Medium,2025-12-04,2025-12-14,2025-12-16,Completed,6.7,power
WO-0003189,AST-00812,Preventive,Medium,2025-12-04,2025-12-14,2025-12-07,Completed,4.7,power
WO-0003701,AST-00931,Preventive,Medium,2025-12-04,2025-12-14,2025-12-09,Completed,4.0,breaker
WO-0004574,AST-00419,Corrective,Medium,2025-12-04,2025-12-14,2025-12-08,Completed,8.1,breaker
WO-0005095,AST-00797,Corrective,Medium,2025-12-04,2025-12-14,2025-12-05,Completed,2.0,power
WO-0005144,AST-00831,Corrective,Medium,2025-12-04,2025-12-14,2025-12-06,Completed,5.9,cable
WO-0000607,AST-00156,Preventive,Medium,2025-12-05,2025-12-15,2025-12-06,Completed,3.1,cable
WO-0001044,AST-00267,Preventive,Medium,2025-12-05,2025-12-15,2025-12-08,Completed,2.7,breaker
WO-0001853,AST-00472,Preventive,Medium,2025-12-05,2025-12-15,2025-12-07,Completed,4.5,cable
WO-0003631,AST-00913,Preventive,Medium,2025-12-05,2025-12-15,2025-12-07,Completed,4.4,third_rail
WO-0004301,AST-00219,Corrective,Medium,2025-12-05,2025-12-15,2025-12-08,Completed,6.7,third_rail
WO-0005090,AST-00794,Corrective,High,2025-12-05,2025-12-10,2025-12-10,Completed,4.0,power
WO-0000059,AST-00017,Preventive,Medium,2025-12-06,2025-12-16,2025-12-07,Completed,6.8,cable
WO-0000834,AST-00213,Preventive,Medium,2025-12-06,2025-12-16,2025-12-13,Completed,3.7,breaker
WO-0001231,AST-00315,Preventive,Medium,2025-12-06,2025-12-16,2025-12-10,Completed,1.6,breaker
WO-0001427,AST-00365,Preventive,Medium,2025-12-06,2025-12-16,2025-12-07,Completed,5.6,cable
WO-0002603,AST-00664,Preventive,Medium,2025-12-06,2025-12-16,2025-12-07,Completed,3.2,power
WO-0002995,AST-00761,Preventive,Medium,2025-12-06,2025-12-16,2025-12-08,Completed,3.4,cable
WO-0003438,AST-00868,Preventive,Medium,2025-12-06,2025-12-16,2025-12-06,Completed,6.6,third_rail
WO-0004324,AST-00229,Corrective,High,2025-12-06,2025-12-11,2025-12-12,Completed,4.5,cable
WO-0000004,AST-00001,Preventive,Medium,2025-12-07,2025-12-17,2025-12-12,Completed,5.1,third_rail
WO-0000595,AST-00153,Preventive,Medium,2025-12-07,2025-12-17,2025-12-07,Completed,4.8,power
WO-0001098,AST-00282,Preventive,Medium,2025-12-07,2025-12-17,2025-12-13,Completed,4.6,breaker
WO-0001335,AST-00342,Preventive,Medium,2025-12-07,2025-12-17,2025-12-09,Completed,7.2,third_rail
WO-0001461,AST-00373,Preventive,Medium,2025-12-07,2025-12-17,2025-12-11,Completed,4.0,breaker
WO-0001552,AST-00397,Preventive,Medium,2025-12-07,2025-12-17,2025-12-08,Completed,7.3,third_rail
WO-0003309,AST-00838,Preventive,Medium,2025-12-07,2025-12-17,2025-12-12,Completed,5.5,third_rail
WO-0004902,AST-00669,Corrective,High,2025-12-07,2025-12-12,2025-12-10,Completed,8.5,breaker
WO-0000612,AST-00157,Preventive,Medium,2025-12-08,2025-12-18,2025-12-11,Completed,4.5,breaker
WO-0002311,AST-00591,Preventive,Medium,2025-12-08,2025-12-18,2025-12-12,Completed,3.7,third_rail
WO-0002459,AST-00628,Preventive,Medium,2025-12-08,2025-12-18,2025-12-10,Completed,3.2,power
WO-0002997,AST-00762,Preventive,Medium,2025-12-08,2025-12-18,2025-12-10,Completed,7.9,power
WO-0003677,AST-00925,Preventive,Medium,2025-12-08,2025-12-18,2025-12-15,Completed,7.5,power
WO-0004284,AST-00209,Corrective,Medium,2025-12-08,2025-12-18,2025-12-15,Completed,6.6,power
WO-0004358,AST-00259,Corrective,Medium,2025-12-08,2025-12-18,2025-12-09,Completed,8.6,power
WO-0004848,AST-00620,Corrective,Medium,2025-12-08,2025-12-18,2025-12-10,Completed,4.1,power
WO-0005012,AST-00735,Corrective,High,2025-12-08,2025-12-13,2025-12-10,Completed,9.9,power
WO-0005314,AST-00938,Corrective,Medium,2025-12-08,2025-12-18,2025-12-09,Completed,6.3,power
WO-0000049,AST-00014,Preventive,Medium,2025-12-09,2025-12-19,2025-12-09,Completed,5.0,third_rail
WO-0000503,AST-00130,Preventive,Medium,2025-12-09,2025-12-19,2025-12-11,Completed,5.4,cable
WO-0002927,AST-00745,Preventive,Medium,2025-12-09,2025-12-19,2025-12-12,Completed,4.0,cable
WO-0003621,AST-00910,Preventive,Medium,2025-12-09,2025-12-19,2025-12-12,Completed,4.6,breaker
WO-0000891,AST-00227,Preventive,Medium,2025-12-10,2025-12-20,2025-12-10,Completed,3.4,power
WO-0002050,AST-00527,Preventive,Medium,2025-12-10,2025-12-20,2025-12-15,Completed,3.9,third_rail
WO-0002144,AST-00550,Preventive,Medium,2025-12-10,2025-12-20,2025-12-15,Completed,6.7,cable
WO-0002618,AST-00668,Preventive,Medium,2025-12-10,2025-12-20,2025-12-11,Completed,6.3,third_rail
WO-0000664,AST-00169,Preventive,Medium,2025-12-11,2025-12-21,2025-12-18,Completed,4.1,breaker
WO-0001013,AST-00259,Preventive,Medium,2025-12-11,2025-12-21,2025-12-11,Completed,6.4,power
WO-0001037,AST-00265,Preventive,Medium,2025-12-11,2025-12-21,2025-12-17,Completed,5.4,third_rail
WO-0001174,AST-00300,Preventive,Medium,2025-12-11,2025-12-21,2025-12-14,Completed,3.0,cable
WO-0002391,AST-00610,Preventive,Medium,2025-12-11,2025-12-21,2025-12-14,Completed,4.1,cable
WO-0002922,AST-00744,Preventive,Medium,2025-12-11,2025-12-21,2025-12-12,Completed,1.5,power
WO-0003328,AST-00844,Preventive,Medium,2025-12-11,2025-12-21,2025-12-12,Completed,6.6,cable
WO-0004403,AST-00291,Corrective,Critical,2025-12-11,2025-12-13,2025-12-13,Completed,9.5,third_rail
WO-0005249,AST-00893,Corrective,High,2025-12-11,2025-12-16,2025-12-11,Completed,8.5,breaker
WO-0005336,AST-00958,Corrective,Critical,2025-12-11,2025-12-13,2025-12-12,Completed,7.6,cable
WO-0000400,AST-00102,Preventive,Medium,2025-12-12,2025-12-22,2025-12-12,Completed,6.0,cable
WO-0000693,AST-00177,Preventive,Medium,2025-12-12,2025-12-22,2025-12-15,Completed,5.3,cable
WO-0000829,AST-00211,Preventive,Medium,2025-12-12,2025-12-22,2025-12-13,Completed,6.9,cable
WO-0002178,AST-00558,Preventive,Medium,2025-12-12,2025-12-22,2025-12-15,Completed,6.5,cable
WO-0003463,AST-00875,Preventive,Medium,2025-12-12,2025-12-22,2025-12-15,Completed,1.9,cable
WO-0000816,AST-00207,Preventive,Medium,2025-12-13,2025-12-23,2025-12-17,Completed,1.5,power
WO-0001749,AST-00445,Preventive,Medium,2025-12-13,2025-12-23,2025-12-16,Completed,7.2,breaker
WO-0002068,AST-00532,Preventive,Medium,2025-12-13,2025-12-23,2025-12-16,Completed,3.4,cable
WO-0002100,AST-00539,Preventive,Medium,2025-12-13,2025-12-23,2025-12-14,Completed,4.5,power
WO-0002940,AST-00748,Preventive,Medium,2025-12-13,2025-12-23,2025-12-15,Completed,7.1,cable
WO-0003152,AST-00803,Preventive,Medium,2025-12-13,2025-12-23,2025-12-18,Completed,5.6,third_rail
WO-0004190,AST-00143,Corrective,Medium,2025-12-13,2025-12-23,2025-12-14,Completed,6.9,third_rail
WO-0004387,AST-00279,Corrective,Critical,2025-12-13,2025-12-15,2025-12-19,Completed,6.8,third_rail
WO-0004716,AST-00519,Corrective,High,2025-12-13,2025-12-18,2025-12-15,Completed,7.9,power
WO-0004776,AST-00565,Corrective,High,2025-12-13,2025-12-18,2025-12-15,Completed,2.0,cable
WO-0004887,AST-00655,Corrective,High,2025-12-13,2025-12-18,2025-12-16,Completed,4.8,third_rail
WO-0000678,AST-00173,Preventive,Medium,2025-12-14,2025-12-24,2025-12-16,Completed,3.1,breaker
WO-0001279,AST-00327,Preventive,Medium,2025-12-14,2025-12-24,2025-12-16,Completed,5.6,third_rail
WO-0002288,AST-00586,Preventive,Medium,2025-12-14,2025-12-24,2025-12-14,Completed,4.1,cable
WO-0004998,AST-00728,Corrective,Medium,2025-12-14,2025-12-24,2025-12-14,Completed,8.4,power
WO-0001694,AST-00431,Preventive,Medium,2025-12-15,2025-12-25,2025-12-18,Completed,6.9,third_rail
WO-0001919,AST-00492,Preventive,Medium,2025-12-15,2025-12-25,2025-12-16,Completed,4.0,cable
WO-0005350,AST-00967,Corrective,Medium,2025-12-15,2025-12-25,2025-12-18,Completed,7.7,third_rail
WO-0000065,AST-00019,Preventive,Medium,2025-12-16,2025-12-26,2025-12-19,Completed,4.2,third_rail
WO-0000633,AST-00162,Preventive,Medium,2025-12-16,2025-12-26,2025-12-24,Completed,6.4,third_rail
WO-0000908,AST-00232,Preventive,Medium,2025-12-16,2025-12-26,2025-12-19,Completed,3.3,cable
WO-0001249,AST-00320,Preventive,Medium,2025-12-16,2025-12-26,2025-12-17,Completed,3.2,third_rail
WO-0001502,AST-00383,Preventive,Medium,2025-12-16,2025-12-26,2025-12-28,Completed,2.5,third_rail
WO-0001788,AST-00455,Preventive,Medium,2025-12-16,2025-12-26,2025-12-17,Completed,6.6,power
WO-0003425,AST-00865,Preventive,Medium,2025-12-16,2025-12-26,2025-12-19,Completed,3.9,power
WO-0000488,AST-00126,Preventive,Medium,2025-12-17,2025-12-27,2025-12-29,Completed,6.9,cable
WO-0002689,AST-00684,Preventive,Medium,2025-12-17,2025-12-27,2025-12-22,Completed,4.6,cable
WO-0003476,AST-00878,Preventive,Medium,2025-12-17,2025-12-27,2025-12-17,Completed,5.0,breaker
WO-0003952,AST-00993,Preventive,Medium,2025-12-17,2025-12-27,2025-12-19,Completed,4.6,third_rail
WO-0003979,AST-00001,Corrective,Critical,2025-12-17,2025-12-19,2025-12-29,Completed,9.8,third_rail
WO-0005323,AST-00942,Corrective,Medium,2025-12-17,2025-12-27,2025-12-18,Completed,6.1,third_rail
WO-0000585,AST-00150,Preventive,Medium,2025-12-18,2025-12-28,2025-12-19,Completed,6.4,power
WO-0000752,AST-00192,Preventive,Medium,2025-12-18,2025-12-28,2025-12-18,Completed,3.4,breaker
WO-0001167,AST-00298,Preventive,Medium,2025-12-18,2025-12-28,2025-12-19,Completed,5.0,third_rail
WO-0002274,AST-00582,Preventive,Medium,2025-12-18,2025-12-28,2025-12-22,Completed,4.7,cable
WO-0002653,AST-00676,Preventive,Medium,2025-12-18,2025-12-28,2025-12-30,Completed,4.7,breaker
WO-0003113,AST-00793,Preventive,Medium,2025-12-18,2025-12-28,2025-12-19,Completed,4.5,breaker
WO-0005276,AST-00915,Corrective,High,2025-12-18,2025-12-23,2025-12-23,Completed,7.2,third_rail
WO-0005313,AST-00937,Corrective,Medium,2025-12-18,2025-12-28,2025-12-20,Completed,3.9,third_rail
WO-0000015,AST-00004,Preventive,Medium,2025-12-19,2025-12-29,2025-12-22,Completed,4.1,cable
WO-0000253,AST-00066,Preventive,Medium,2025-12-19,2025-12-29,2025-12-31,Completed,6.0,cable
WO-0000932,AST-00238,Preventive,Medium,2025-12-19,2025-12-29,2025-12-21,Completed,6.3,third_rail
WO-0001645,AST-00419,Preventive,Medium,2025-12-19,2025-12-29,2025-12-21,Completed,4.4,breaker
WO-0001822,AST-00464,Preventive,Medium,2025-12-19,2025-12-29,2025-12-28,Completed,5.0,breaker
WO-0002501,AST-00638,Preventive,Medium,2025-12-19,2025-12-29,2025-12-27,Completed,6.4,cable
WO-0002960,AST-00752,Preventive,Medium,2025-12-19,2025-12-29,2025-12-19,Completed,4.6,breaker
WO-0003160,AST-00805,Preventive,Medium,2025-12-19,2025-12-29,2025-12-20,Completed,4.0,power
WO-0004805,AST-00584,Corrective,Critical,2025-12-19,2025-12-21,2025-12-28,Completed,9.7,breaker
WO-0000042,AST-00012,Preventive,Medium,2025-12-20,2025-12-30,2025-12-21,Completed,5.9,third_rail
WO-0000798,AST-00203,Preventive,Medium,2025-12-20,2025-12-30,2025-12-24,Completed,5.2,cable
WO-0002641,AST-00673,Preventive,Medium,2025-12-20,2025-12-30,2025-12-21,Completed,3.5,third_rail
WO-0002779,AST-00706,Preventive,Medium,2025-12-20,2025-12-30,2025-12-23,Completed,4.3,cable
WO-0003209,AST-00817,Preventive,Medium,2025-12-20,2025-12-30,2025-12-25,Completed,5.0,third_rail
WO-0004943,AST-00689,Corrective,Critical,2025-12-20,2025-12-22,2025-12-21,Completed,5.1,third_rail
WO-0005214,AST-00870,Corrective,Medium,2025-12-20,2025-12-30,2025-12-26,Completed,4.6,breaker
WO-0000052,AST-00015,Preventive,Medium,2025-12-21,2025-12-31,2025-12-23,Completed,5.5,cable
WO-0000629,AST-00161,Preventive,Medium,2025-12-21,2025-12-31,2025-12-28,Completed,7.8,power
WO-0001494,AST-00381,Preventive,Medium,2025-12-21,2025-12-31,2025-12-27,Completed,3.3,cable
WO-0002108,AST-00541,Preventive,Medium,2025-12-21,2025-12-31,2025-12-22,Completed,6.3,third_rail
WO-0002906,AST-00740,Preventive,Medium,2025-12-21,2025-12-31,2025-12-23,Completed,5.8,cable
WO-0003226,AST-00821,Preventive,Medium,2025-12-21,2025-12-31,2025-12-22,Completed,8.4,power
WO-0000496,AST-00128,Preventive,Medium,2025-12-22,2026-01-01,2025-12-30,Completed,5.1,power
WO-0001760,AST-00448,Preventive,Medium,2025-12-22,2026-01-01,2025-12-23,Completed,4.8,cable
WO-0002512,AST-00641,Preventive,Medium,2025-12-22,2026-01-01,2025-12-23,Completed,6.5,cable
WO-0003306,AST-00837,Preventive,Medium,2025-12-22,2026-01-01,2025-12-26,Completed,6.3,third_rail
WO-0005397,AST-00005,Corrective,Medium,2025-12-22,2026-01-01,2025-12-30,Completed,4.7,power
WO-0005448,AST-00097,Corrective,High,2025-12-22,2025-12-27,2025-12-23,Completed,8.1,breaker
WO-0005523,AST-00169,Corrective,High,2025-12-22,2025-12-27,2025-12-24,Completed,7.9,breaker
WO-0005530,AST-00172,Corrective,Medium,2025-12-22,2026-01-01,2025-12-22,Completed,2.3,cable
WO-0005553,AST-00218,Corrective,Medium,2025-12-22,2026-01-01,2026-01-01,Completed,6.9,power
WO-0005673,AST-00400,Corrective,High,2025-12-22,2025-12-27,2025-12-25,Completed,5.5,cable
WO-0005709,AST-00477,Corrective,Medium,2025-12-22,2026-01-01,2025-12-25,Completed,5.2,cable
WO-0005714,AST-00494,Corrective,High,2025-12-22,2025-12-27,2025-12-22,Completed,6.4,breaker
WO-0005725,AST-00531,Corrective,Medium,2025-12-22,2026-01-01,2025-12-25,Completed,5.3,cable
WO-0005765,AST-00572,Corrective,Medium,2025-12-22,2026-01-01,2025-12-24,Completed,4.1,third_rail
WO-0005854,AST-00691,Corrective,Medium,2025-12-22,2026-01-01,2025-12-24,Completed,2.0,breaker
WO-0005886,AST-00729,Corrective,Medium,2025-12-22,2026-01-01,2025-12-25,Completed,3.7,cable
WO-0005922,AST-00778,Corrective,Medium,2025-12-22,2026-01-01,2025-12-24,Completed,3.3,power
WO-0005963,AST-00818,Corrective,High,2025-12-22,2025-12-27,2025-12-25,Completed,8.7,cable
WO-0006097,AST-00989,Corrective,Medium,2025-12-22,2026-01-01,2025-12-22,Completed,6.0,breaker
WO-0001293,AST-00330,Preventive,Medium,2025-12-23,2026-01-02,2025-12-31,Completed,6.9,breaker
WO-0002698,AST-00687,Preventive,Medium,2025-12-23,2026-01-02,2025-12-25,Completed,2.5,cable
WO-0002877,AST-00731,Preventive,Medium,2025-12-23,2026-01-02,2025-12-27,Completed,4.5,breaker
WO-0003073,AST-00783,Preventive,Medium,2025-12-23,2026-01-02,2025-12-27,Completed,4.2,cable
WO-0003740,AST-00941,Preventive,Medium,2025-12-23,2026-01-02,2025-12-28,Completed,5.0,breaker
WO-0004680,AST-00496,Corrective,Medium,2025-12-23,2026-01-02,2025-12-26,Completed,5.4,cable
WO-0005176,AST-00845,Corrective,Critical,2025-12-23,2025-12-25,2025-12-24,Completed,6.8,power
WO-0005462,AST-00115,Corrective,Medium,2025-12-23,2026-01-02,2025-12-25,Completed,5.0,power
WO-0005475,AST-00132,Corrective,Medium,2025-12-23,2026-01-02,2025-12-28,Completed,3.8,third_rail
WO-0005479,AST-00141,Corrective,Medium,2025-12-23,2026-01-02,2025-12-24,Completed,8.0,cable
WO-0005611,AST-00289,Corrective,Medium,2025-12-23,2026-01-02,2025-12-25,Completed,7.6,cable
WO-0005716,AST-00501,Corrective,Medium,2025-12-23,2026-01-02,2025-12-23,Completed,6.7,cable
WO-0005762,AST-00571,Corrective,Medium,2025-12-23,2026-01-02,2025-12-26,Completed,6.0,breaker
WO-0005827,AST-00651,Corrective,Medium,2025-12-23,2026-01-02,2025-12-30,Completed,4.2,cable
WO-0005832,AST-00662,Corrective,Medium,2025-12-23,2026-01-02,2025-12-31,Completed,4.9,third_rail
WO-0005867,AST-00704,Corrective,Medium,2025-12-23,2026-01-02,2025-12-23,Completed,6.9,third_rail
WO-0005892,AST-00732,Corrective,Medium,2025-12-23,2026-01-02,2025-12-25,Completed,7.6,power
WO-0005928,AST-00783,Corrective,Medium,2025-12-23,2026-01-02,2025-12-28,Completed,7.6,cable
WO-0005956,AST-00809,Corrective,Medium,2025-12-23,2026-01-02,2025-12-23,Completed,5.8,cable
WO-0006013,AST-00887,Corrective,Medium,2025-12-23,2026-01-02,2025-12-26,Completed,5.7,breaker
WO-0006046,AST-00918,Corrective,Medium,2025-12-23,2026-01-02,2025-12-27,Completed,4.4,power
WO-0006080,AST-00961,Corrective,High,2025-12-23,2025-12-28,2025-12-23,Completed,4.7,cable
WO-0000104,AST-00027,Preventive,Medium,2025-12-24,2026-01-03,2025-12-28,Completed,3.7,cable
WO-0002337,AST-00596,Preventive,Medium,2025-12-24,2026-01-03,2026-01-05,Completed,5.8,breaker
WO-0004743,AST-00542,Corrective,High,2025-12-24,2025-12-29,2025-12-27,Completed,6.5,cable
WO-0005421,AST-00061,Corrective,High,2025-12-24,2025-12-29,2025-12-29,Completed,9.9,cable
WO-0005426,AST-00068,Corrective,Medium,2025-12-24,2026-01-03,2025-12-26,Completed,6.3,breaker
WO-0005517,AST-00168,Corrective,Medium,2025-12-24,2026-01-03,2025-12-31,Completed,2.8,third_rail
WO-0005551,AST-00208,Corrective,Medium,2025-12-24,2026-01-03,2025-12-27,Completed,9.7,cable
WO-0005560,AST-00228,Corrective,Medium,2025-12-24,2026-01-03,2026-01-05,Completed,4.6,cable
WO-0005688,AST-00417,Corrective,Medium,2025-12-24,2026-01-03,2025-12-24,Completed,5.5,power
WO-0005705,AST-00471,Corrective,Medium,2025-12-24,2026-01-03,2025-12-27,Completed,5.7,cable
WO-0005724,AST-00517,Corrective,Medium,2025-12-24,2026-01-03,2025-12-25,Completed,8.7,breaker
WO-0005759,AST-00568,Corrective,Medium,2025-12-24,2026-01-03,2025-12-26,Completed,5.4,power
WO-0005818,AST-00640,Corrective,Medium,2025-12-24,2026-01-03,2025-12-26,Completed,5.9,third_rail
WO-0005820,AST-00648,Corrective,Medium,2025-12-24,2026-01-03,2025-12-26,Completed,5.1,cable
WO-0005824,AST-00649,Corrective,High,2025-12-24,2025-12-29,2025-12-26,Completed,8.0,cable
WO-0005912,AST-00758,Corrective,Medium,2025-12-24,2026-01-03,2025-12-27,Completed,4.7,third_rail
WO-0005950,AST-00803,Corrective,Medium,2025-12-24,2026-01-03,2026-01-04,Completed,6.6,third_rail
WO-0005960,AST-00814,Corrective,High,2025-12-24,2025-12-29,2025-12-26,Completed,5.2,cable
WO-0005966,AST-00831,Corrective,Medium,2025-12-24,2026-01-03,2025-12-24,Completed,4.7,cable
WO-0006002,AST-00879,Corrective,High,2025-12-24,2025-12-29,2025-12-27,Completed,10.4,cable
WO-0006072,AST-00945,Corrective,Medium,2025-12-24,2026-01-03,2025-12-24,Completed,5.9,cable
WO-0006086,AST-00974,Corrective,High,2025-12-24,2025-12-29,2025-12-27,Completed,7.5,third_rail
WO-0006101,AST-00996,Corrective,Medium,2025-12-24,2026-01-03,2025-12-25,Completed,7.2,cable
WO-0000961,AST-00246,Preventive,Medium,2025-12-25,2026-01-04,2025-12-28,Completed,5.9,third_rail
WO-0001090,AST-00280,Preventive,Medium,2025-12-25,2026-01-04,2026-01-01,Completed,4.9,third_rail
WO-0001664,AST-00423,Preventive,Medium,2025-12-25,2026-01-04,2025-12-31,Completed,5.8,power
WO-0002092,AST-00537,Preventive,Medium,2025-12-25,2026-01-04,2025-12-29,Completed,5.3,cable
WO-0004132,AST-00113,Corrective,High,2025-12-25,2025-12-30,2025-12-29,Completed,4.7,breaker
WO-0005454,AST-00101,Corrective,Medium,2025-12-25,2026-01-04,2025-12-27,Completed,5.3,third_rail
WO-0005505,AST-00161,Corrective,High,2025-12-25,2025-12-30,2025-12-29,Completed,6.8,power
WO-0005512,AST-00165,Corrective,High,2025-12-25,2025-12-30,2025-12-27,Completed,6.7,cable
WO-0005604,AST-00284,Corrective,High,2025-12-25,2025-12-30,2025-12-30,Completed,5.9,breaker
WO-0005606,AST-00287,Corrective,Medium,2025-12-25,2026-01-04,2025-12-30,Completed,6.2,power
WO-0005617,AST-00303,Corrective,Medium,2025-12-25,2026-01-04,2025-12-30,Completed,4.4,cable
WO-0005647,AST-00377,Corrective,Medium,2025-12-25,2026-01-04,2025-12-26,Completed,5.9,third_rail
WO-0005729,AST-00533,Corrective,Medium,2025-12-25,2026-01-04,2025-12-26,Completed,4.7,breaker
WO-0005735,AST-00536,Corrective,High,2025-12-25,2025-12-30,2025-12-29,Completed,8.1,breaker
WO-0005771,AST-00579,Corrective,Medium,2025-12-25,2026-01-04,2025-12-28,Completed,5.1,third_rail
WO-0005780,AST-00599,Corrective,High,2025-12-25,2025-12-30,2025-12-27,Completed,6.7,third_rail
WO-0005830,AST-00659,Corrective,Medium,2025-12-25,2026-01-04,2025-12-25,Completed,6.6,cable
WO-0005841,AST-00670,Corrective,Medium,2025-12-25,2026-01-04,2025-12-29,Completed,4.9,cable
WO-0005849,AST-00676,Corrective,Medium,2025-12-25,2026-01-04,2025-12-26,Completed,9.3,breaker
WO-0005904,AST-00754,Corrective,Medium,2025-12-25,2026-01-04,2025-12-27,Completed,3.3,cable
WO-0005982,AST-00858,Corrective,Medium,2025-12-25,2026-01-04,2025-12-27,Completed,5.0,third_rail
WO-0005987,AST-00862,Corrective,Medium,2025-12-25,2026-01-04,2025-12-27,Completed,6.0,cable
WO-0005997,AST-00873,Corrective,High,2025-12-25,2025-12-30,2025-12-30,Completed,4.9,third_rail
WO-0005998,AST-00878,Corrective,Medium,2025-12-25,2026-01-04,2025-12-25,Completed,6.6,breaker
WO-0006075,AST-00953,Corrective,Medium,2025-12-25,2026-01-04,2025-12-28,Completed,5.9,breaker
WO-0001032,AST-00264,Preventive,Medium,2025-12-26,2026-01-05,2025-12-28,Completed,7.3,power
WO-0001200,AST-00308,Preventive,Medium,2025-12-26,2026-01-05,2026-01-05,Completed,4.0,cable
WO-0001476,AST-00376,Preventive,Medium,2025-12-26,2026-01-05,2025-12-30,Completed,4.7,power
WO-0002293,AST-00587,Preventive,Medium,2025-12-26,2026-01-05,2025-12-30,Completed,4.1,power
WO-0004069,AST-00061,Corrective,High,2025-12-26,2025-12-31,2025-12-27,Completed,3.7,cable
WO-0005416,AST-00046,Corrective,Medium,2025-12-26,2026-01-05,2025-12-28,Completed,5.7,third_rail
WO-0005417,AST-00054,Corrective,Medium,2025-12-26,2026-01-05,2025-12-27,Completed,5.8,cable
WO-0005566,AST-00230,Corrective,High,2025-12-26,2025-12-31,2025-12-30,Completed,3.8,power
WO-0005576,AST-00242,Corrective,Medium,2025-12-26,2026-01-05,2025-12-26,Completed,6.4,third_rail
WO-0005618,AST-00304,Corrective,Medium,2025-12-26,2026-01-05,2025-12-30,Completed,5.1,cable
WO-0005651,AST-00383,Corrective,Medium,2025-12-26,2026-01-05,2025-12-27,Completed,8.9,third_rail
WO-0005655,AST-00386,Corrective,High,2025-12-26,2025-12-31,2025-12-26,Completed,4.5,third_rail
WO-0005665,AST-00388,Corrective,Medium,2025-12-26,2026-01-05,2025-12-28,Completed,4.3,third_rail
WO-0005800,AST-00621,Corrective,Medium,2025-12-26,2026-01-05,2025-12-29,Completed,3.2,third_rail
WO-0005809,AST-00625,Corrective,Medium,2025-12-26,2026-01-05,2025-12-31,Completed,7.2,third_rail
WO-0005837,AST-00668,Corrective,Medium,2025-12-26,2026-01-05,2025-12-31,Completed,11.1,third_rail
WO-0005844,AST-00673,Corrective,Medium,2025-12-26,2026-01-05,2025-12-28,Completed,7.2,third_rail
WO-0005895,AST-00733,Corrective,High,2025-12-26,2025-12-31,2025-12-27,Completed,5.3,power
WO-0005978,AST-00840,Corrective,High,2025-12-26,2025-12-31,2025-12-26,Completed,7.2,cable
WO-0006021,AST-00896,Corrective,High,2025-12-26,2025-12-31,2025-12-29,Completed,5.9,third_rail
WO-0001959,AST-00503,Preventive,Medium,2025-12-27,2026-01-06,2025-12-28,Completed,2.4,third_rail
WO-0002525,AST-00645,Preventive,Medium,2025-12-27,2026-01-06,2025-12-28,Completed,4.3,cable
WO-0002597,AST-00662,Preventive,Medium,2025-12-27,2026-01-06,2025-12-30,Completed,5.1,third_rail
WO-0002839,AST-00721,Preventive,Medium,2025-12-27,2026-01-06,2026-01-06,Completed,6.1,cable
WO-0004793,AST-00573,Corrective,Medium,2025-12-27,2026-01-06,2025-12-31,Completed,6.8,cable
WO-0004866,AST-00634,Corrective,Medium,2025-12-27,2026-01-06,2025-12-31,Completed,5.9,breaker
WO-0000343,AST-00087,Preventive,Medium,2025-12-28,2026-01-07,2025-12-31,Completed,4.6,cable
WO-0001364,AST-00350,Preventive,Medium,2025-12-28,2026-01-07,2025-12-28,Completed,6.1,power
WO-0002041,AST-00524,Preventive,Medium,2025-12-28,2026-01-07,2025-12-28,Completed,5.2,cable
WO-0002132,AST-00547,Preventive,Medium,2025-12-28,2026-01-07,2026-01-01,Completed,6.0,breaker
WO-0002583,AST-00659,Preventive,Medium,2025-12-28,2026-01-07,2025-12-31,Completed,3.5,cable
WO-0002871,AST-00730,Preventive,Medium,2025-12-28,2026-01-07,2025-12-30,Completed,6.3,cable
WO-0005121,AST-00818,Corrective,Medium,2025-12-28,2026-01-07,2025-12-31,Completed,6.4,cable
WO-0000327,AST-00083,Preventive,Medium,2025-12-29,2026-01-08,2025-12-31,Completed,5.5,third_rail
WO-0000803,AST-00204,Preventive,Medium,2025-12-29,2026-01-08,2025-12-30,Completed,6.1,power
WO-0001058,AST-00271,Preventive,Medium,2025-12-29,2026-01-08,2026-01-02,Completed,5.2,power
WO-0003398,AST-00859,Preventive,Medium,2025-12-29,2026-01-08,2025-12-31,Completed,2.4,breaker
WO-0000096,AST-00025,Preventive,Medium,2025-12-30,2026-01-09,2026-01-02,Completed,3.0,third_rail
WO-0001667,AST-00424,Preventive,Medium,2025-12-30,2026-01-09,2026-01-01,Completed,4.0,power
WO-0001269,AST-00325,Preventive,Medium,2025-12-31,2026-01-10,2026-01-07,Completed,4.3,third_rail
WO-0001580,AST-00403,Preventive,Medium,2025-12-31,2026-01-10,2026-01-05,Completed,3.9,third_rail
WO-0001977,AST-00508,Preventive,Medium,2025-12-31,2026-01-10,2026-01-01,Completed,5.3,third_rail
WO-0002446,AST-00625,Preventive,Medium,2025-12-31,2026-01-10,2026-01-07,Completed,1.8,third_rail
WO-0002462,AST-00629,Preventive,Medium,2025-12-31,2026-01-10,2026-01-02,Completed,2.7,cable
WO-0003006,AST-00765,Preventive,Medium,2025-12-31,2026-01-10,2026-01-02,Completed,7.2,third_rail
WO-0004139,AST-00117,Corrective,Critical,2025-12-31,2026-01-02,2026-01-03,Completed,9.8,third_rail
WO-0000525,AST-00136,Preventive,Medium,2026-01-01,2026-01-11,2026-01-04,Completed,6.0,power
WO-0001571,AST-00401,Preventive,Medium,2026-01-01,2026-01-11,2026-01-05,Completed,3.2,breaker
WO-0001718,AST-00438,Preventive,Medium,2026-01-01,2026-01-11,2026-01-09,Completed,6.2,cable
WO-0003388,AST-00857,Preventive,Medium,2026-01-01,2026-01-11,2026-01-02,Completed,7.0,cable
WO-0003521,AST-00888,Preventive,Medium,2026-01-01,2026-01-11,2026-01-06,Completed,4.1,power
WO-0004354,AST-00247,Corrective,High,2026-01-01,2026-01-06,2026-01-01,Completed,7.0,cable
WO-0000938,AST-00240,Preventive,Medium,2026-01-02,2026-01-12,2026-01-04,Completed,7.1,power
WO-0001258,AST-00322,Preventive,Medium,2026-01-02,2026-01-12,2026-01-05,Completed,3.4,cable
WO-0001355,AST-00348,Preventive,Medium,2026-01-02,2026-01-12,2026-01-02,Completed,3.7,breaker
WO-0002498,AST-00637,Preventive,Medium,2026-01-02,2026-01-12,2026-01-08,Completed,4.5,cable
WO-0003442,AST-00869,Preventive,Medium,2026-01-02,2026-01-12,2026-01-07,Completed,4.1,power
WO-0004072,AST-00064,Corrective,High,2026-01-02,2026-01-07,2026-01-08,Completed,3.8,third_rail
WO-0004548,AST-00400,Corrective,High,2026-01-02,2026-01-07,2026-01-04,Completed,7.9,cable
WO-0004626,AST-00455,Corrective,Medium,2026-01-02,2026-01-12,2026-01-06,Completed,6.0,power
WO-0000150,AST-00039,Preventive,Medium,2026-01-03,2026-01-13,2026-01-04,Completed,6.6,breaker
WO-0000826,AST-00210,Preventive,Medium,2026-01-03,2026-01-13,2026-01-06,Completed,4.5,cable
WO-0001437,AST-00367,Preventive,Medium,2026-01-03,2026-01-13,2026-01-10,Completed,2.1,third_rail
WO-0001531,AST-00392,Preventive,Medium,2026-01-03,2026-01-13,2026-01-15,Completed,5.0,power
WO-0002034,AST-00522,Preventive,Medium,2026-01-03,2026-01-13,2026-01-06,Completed,5.2,breaker
WO-0004579,AST-00423,Corrective,High,2026-01-03,2026-01-08,2026-01-05,Completed,3.7,power
WO-0005112,AST-00813,Corrective,Critical,2026-01-03,2026-01-05,2026-01-05,Completed,5.5,third_rail
WO-0005150,AST-00833,Corrective,High,2026-01-03,2026-01-08,2026-01-05,Completed,7.0,breaker
WO-0005230,AST-00879,Corrective,High,2026-01-03,2026-01-08,2026-01-05,Completed,3.3,cable
WO-0000364,AST-00093,Preventive,Medium,2026-01-04,2026-01-14,2026-01-05,Completed,2.8,cable
WO-0001261,AST-00323,Preventive,Medium,2026-01-04,2026-01-14,2026-01-05,Completed,2.6,breaker
WO-0001342,AST-00344,Preventive,Medium,2026-01-04,2026-01-14,2026-01-08,Completed,6.7,cable
WO-0001524,AST-00390,Preventive,Medium,2026-01-04,2026-01-14,2026-01-05,Completed,7.5,third_rail
WO-0002219,AST-00569,Preventive,Medium,2026-01-04,2026-01-14,2026-01-07,Completed,5.9,breaker
WO-0003505,AST-00884,Preventive,Medium,2026-01-04,2026-01-14,2026-01-05,Completed,5.9,cable
WO-0000740,AST-00189,Preventive,Medium,2026-01-05,2026-01-15,2026-01-14,Completed,4.3,cable
WO-0000839,AST-00214,Preventive,Medium,2026-01-05,2026-01-15,2026-01-05,Completed,2.7,third_rail
WO-0002946,AST-00749,Preventive,Medium,2026-01-05,2026-01-15,2026-01-08,Completed,5.0,third_rail
WO-0002992,AST-00760,Preventive,Medium,2026-01-05,2026-01-15,2026-01-07,Completed,4.4,cable
WO-0003848,AST-00968,Preventive,Medium,2026-01-05,2026-01-15,2026-01-07,Completed,4.5,power
WO-0004623,AST-00454,Corrective,Medium,2026-01-05,2026-01-15,2026-01-08,Completed,6.4,power
WO-0000112,AST-00029,Preventive,Medium,2026-01-06,2026-01-16,2026-01-16,Completed,5.7,power
WO-0000620,AST-00159,Preventive,Medium,2026-01-06,2026-01-16,2026-01-06,Completed,5.7,cable
WO-0001047,AST-00268,Preventive,Medium,2026-01-06,2026-01-16,2026-01-07,Completed,6.5,power
WO-0001829,AST-00466,Preventive,Medium,2026-01-06,2026-01-16,2026-01-08,Completed,3.6,cable
WO-0003761,AST-00947,Preventive,Medium,2026-01-06,2026-01-16,2026-01-08,Completed,5.5,cable
WO-0002265,AST-00580,Preventive,Medium,2026-01-07,2026-01-17,2026-01-08,Completed,6.4,breaker
WO-0002646,AST-00674,Preventive,Medium,2026-01-07,2026-01-17,2026-01-09,Completed,3.9,cable
WO-0003071,AST-00782,Preventive,Medium,2026-01-07,2026-01-17,2026-01-08,Completed,5.9,third_rail
WO-0003851,AST-00969,Preventive,Medium,2026-01-07,2026-01-17,2026-01-11,Completed,2.9,cable
WO-0000997,AST-00255,Preventive,Medium,2026-01-08,2026-01-18,2026-01-11,Completed,5.4,breaker
WO-0001466,AST-00374,Preventive,Medium,2026-01-08,2026-01-18,2026-01-15,Completed,5.7,breaker
WO-0002188,AST-00560,Preventive,Medium,2026-01-08,2026-01-18,2026-01-13,Completed,6.5,cable
WO-0002715,AST-00691,Preventive,Medium,2026-01-08,2026-01-18,2026-01-09,Completed,4.6,breaker
WO-0000161,AST-00042,Preventive,Medium,2026-01-09,2026-01-19,2026-01-09,Completed,4.4,third_rail
WO-0001528,AST-00391,Preventive,Medium,2026-01-09,2026-01-19,2026-01-12,Completed,3.0,cable
WO-0001784,AST-00454,Preventive,Medium,2026-01-09,2026-01-19,2026-01-09,Completed,5.4,power
WO-0002082,AST-00535,Preventive,Medium,2026-01-09,2026-01-19,2026-01-13,Completed,2.1,power
WO-0001472,AST-00375,Preventive,Medium,2026-01-10,2026-01-20,2026-01-11,Completed,3.8,power
WO-0002593,AST-00661,Preventive,Medium,2026-01-10,2026-01-20,2026-01-14,Completed,5.4,breaker
WO-0003256,AST-00827,Preventive,Medium,2026-01-10,2026-01-20,2026-01-12,Completed,4.1,cable
WO-0003312,AST-00839,Preventive,Medium,2026-01-10,2026-01-20,2026-01-11,Completed,3.5,cable
WO-0000569,AST-00146,Preventive,Medium,2026-01-11,2026-01-21,2026-01-13,Completed,3.4,breaker
WO-0000782,AST-00199,Preventive,Medium,2026-01-11,2026-01-21,2026-01-15,Completed,5.1,breaker
WO-0002159,AST-00553,Preventive,Medium,2026-01-11,2026-01-21,2026-01-13,Completed,3.8,breaker
WO-0003825,AST-00963,Preventive,Medium,2026-01-11,2026-01-21,2026-01-14,Completed,4.3,power
WO-0003871,AST-00974,Preventive,Medium,2026-01-11,2026-01-21,2026-01-23,Completed,3.1,third_rail
WO-0004775,AST-00565,Corrective,Medium,2026-01-11,2026-01-21,2026-01-16,Completed,6.4,cable
WO-0005382,AST-00994,Corrective,Medium,2026-01-11,2026-01-21,2026-01-14,Completed,9.3,breaker
WO-0002325,AST-00594,Preventive,Medium,2026-01-12,2026-01-22,2026-01-15,Completed,2.1,cable
WO-0003300,AST-00836,Preventive,Medium,2026-01-12,2026-01-22,2026-01-14,Completed,5.4,cable
WO-0003709,AST-00933,Preventive,Medium,2026-01-12,2026-01-22,2026-01-15,Completed,4.3,cable
WO-0003752,AST-00944,Preventive,Medium,2026-01-12,2026-01-22,2026-01-14,Completed,5.6,cable
WO-0004404,AST-00294,Corrective,High,2026-01-12,2026-01-17,2026-01-14,Completed,7.5,power
WO-0005014,AST-00737,Corrective,Medium,2026-01-12,2026-01-22,2026-01-15,Completed,5.4,breaker
WO-0005047,AST-00764,Corrective,Medium,2026-01-12,2026-01-22,2026-01-14,Completed,4.4,power
WO-0000038,AST-00011,Preventive,Medium,2026-01-13,2026-01-23,2026-01-19,Completed,5.8,breaker
WO-0000171,AST-00044,Preventive,Medium,2026-01-13,2026-01-23,2026-01-18,Completed,4.2,breaker
WO-0000271,AST-00070,Preventive,Medium,2026-01-13,2026-01-23,2026-01-15,Completed,6.8,cable
WO-0000556,AST-00143,Preventive,Medium,2026-01-13,2026-01-23,2026-01-14,Completed,7.8,third_rail
WO-0001297,AST-00331,Preventive,Medium,2026-01-13,2026-01-23,2026-01-16,Completed,6.4,cable
WO-0002078,AST-00534,Preventive,Medium,2026-01-13,2026-01-23,2026-01-17,Completed,3.4,cable
WO-0002904,AST-00739,Preventive,Medium,2026-01-13,2026-01-23,2026-01-15,Completed,2.7,breaker
WO-0003514,AST-00886,Preventive,Medium,2026-01-13,2026-01-23,2026-01-13,Completed,2.7,breaker
WO-0003755,AST-00945,Preventive,Medium,2026-01-13,2026-01-23,2026-01-18,Completed,5.4,cable
WO-0004046,AST-00049,Corrective,High,2026-01-13,2026-01-18,2026-01-13,Completed,6.3,cable
WO-0004249,AST-00183,Corrective,Medium,2026-01-13,2026-01-23,2026-01-17,Completed,5.2,cable
WO-0004459,AST-00335,Corrective,Medium,2026-01-13,2026-01-23,2026-01-14,Completed,3.8,power
WO-0004603,AST-00446,Corrective,Medium,2026-01-13,2026-01-23,2026-01-14,Completed,9.1,cable
WO-0005110,AST-00812,Corrective,High,2026-01-13,2026-01-18,2026-01-13,Completed,6.1,power
WO-0001869,AST-00476,Preventive,Medium,2026-01-14,2026-01-24,2026-01-16,Completed,3.3,breaker
WO-0001944,AST-00499,Preventive,Medium,2026-01-14,2026-01-24,2026-01-15,Completed,6.2,breaker
WO-0002981,AST-00757,Preventive,Medium,2026-01-14,2026-01-24,2026-01-16,Completed,5.2,breaker
WO-0003218,AST-00819,Preventive,Medium,2026-01-14,2026-01-24,2026-01-16,Completed,5.2,cable
WO-0003355,AST-00850,Preventive,Medium,2026-01-14,2026-01-24,2026-01-26,Completed,6.0,third_rail
WO-0003581,AST-00901,Preventive,Medium,2026-01-14,2026-01-24,2026-01-17,Completed,4.6,cable
WO-0003956,AST-00994,Preventive,Medium,2026-01-14,2026-01-24,2026-01-15,Completed,4.3,breaker
WO-0004281,AST-00206,Corrective,Medium,2026-01-14,2026-01-24,2026-01-20,Completed,4.3,breaker
WO-0004405,AST-00295,Corrective,Medium,2026-01-14,2026-01-24,2026-01-15,Completed,6.7,third_rail
WO-0000500,AST-00129,Preventive,Medium,2026-01-15,2026-01-25,2026-01-16,Completed,6.0,power
WO-0001805,AST-00459,Preventive,Medium,2026-01-15,2026-01-25,2026-01-17,Completed,3.6,third_rail
WO-0002434,AST-00622,Preventive,Medium,2026-01-15,2026-01-25,2026-01-15,Completed,4.7,cable
WO-0003430,AST-00866,Preventive,Medium,2026-01-15,2026-01-25,2026-01-18,Completed,2.9,third_rail
WO-0004812,AST-00590,Corrective,High,2026-01-15,2026-01-20,2026-01-18,Completed,5.8,power
WO-0000795,AST-00202,Preventive,Medium,2026-01-16,2026-01-26,2026-01-22,Completed,5.4,third_rail
WO-0005156,AST-00837,Corrective,Medium,2026-01-16,2026-01-26,2026-01-17,Completed,5.4,third_rail
WO-0002053,AST-00528,Preventive,Medium,2026-01-17,2026-01-27,2026-01-22,Completed,6.1,third_rail
WO-0002299,AST-00588,Preventive,Medium,2026-01-17,2026-01-27,2026-01-18,Completed,6.5,breaker
WO-0000081,AST-00022,Preventive,Medium,2026-01-18,2026-01-28,2026-01-20,Completed,3.6,breaker
WO-0000231,AST-00059,Preventive,Medium,2026-01-18,2026-01-28,2026-01-23,Completed,4.1,power
WO-0000419,AST-00108,Preventive,Medium,2026-01-18,2026-01-28,2026-01-22,Completed,3.6,breaker
WO-0001418,AST-00363,Preventive,Medium,2026-01-18,2026-01-28,2026-01-20,Completed,2.9,power
WO-0003142,AST-00800,Preventive,Medium,2026-01-18,2026-01-28,2026-01-20,Completed,6.0,cable
WO-0004492,AST-00359,Corrective,Medium,2026-01-18,2026-01-28,2026-01-20,Completed,4.8,cable
WO-0005141,AST-00830,Corrective,Medium,2026-01-18,2026-01-28,2026-01-23,Completed,6.7,breaker
WO-0000075,AST-00021,Preventive,Medium,2026-01-19,2026-01-29,2026-01-24,Completed,4.5,third_rail
WO-0000336,AST-00085,Preventive,Medium,2026-01-19,2026-01-29,2026-01-20,Completed,7.3,power
WO-0000873,AST-00223,Preventive,Medium,2026-01-19,2026-01-29,2026-01-21,Completed,2.4,cable
WO-0000897,AST-00229,Preventive,Medium,2026-01-19,2026-01-29,2026-01-20,Completed,4.6,cable
WO-0000923,AST-00236,Preventive,Medium,2026-01-19,2026-01-29,2026-01-22,Completed,6.2,third_rail
WO-0000941,AST-00241,Preventive,Medium,2026-01-19,2026-01-29,2026-01-19,Completed,5.2,third_rail
WO-0000978,AST-00250,Preventive,Medium,2026-01-19,2026-01-29,2026-01-19,Completed,5.7,cable
WO-0003628,AST-00912,Preventive,Medium,2026-01-19,2026-01-29,2026-01-26,Completed,5.5,third_rail
WO-0004763,AST-00555,Corrective,High,2026-01-19,2026-01-24,2026-01-25,Completed,4.6,power
WO-0005024,AST-00745,Corrective,Medium,2026-01-19,2026-01-29,2026-01-27,Completed,6.3,cable
WO-0005033,AST-00754,Corrective,Medium,2026-01-19,2026-01-29,2026-01-22,Completed,5.5,cable
WO-0000021,AST-00005,Preventive,Medium,2026-01-20,2026-01-30,2026-01-30,Completed,7.6,power
WO-0000675,AST-00172,Preventive,Medium,2026-01-20,2026-01-30,2026-01-29,Completed,6.4,cable
WO-0001221,AST-00313,Preventive,Medium,2026-01-20,2026-01-30,2026-01-23,Completed,5.8,breaker
WO-0001389,AST-00357,Preventive,Medium,2026-01-20,2026-01-30,2026-01-27,Completed,3.3,third_rail
WO-0002492,AST-00636,Preventive,Medium,2026-01-20,2026-01-30,2026-01-25,Completed,4.3,power
WO-0002745,AST-00698,Preventive,Medium,2026-01-20,2026-01-30,2026-01-31,Completed,3.0,cable
WO-0003078,AST-00784,Preventive,Medium,2026-01-20,2026-01-30,2026-01-25,Completed,8.3,cable
WO-0003565,AST-00898,Preventive,Medium,2026-01-20,2026-01-30,2026-01-21,Completed,5.7,breaker
WO-0000765,AST-00195,Preventive,Medium,2026-01-21,2026-01-31,2026-01-23,Completed,7.9,power
WO-0001209,AST-00310,Preventive,Medium,2026-01-21,2026-01-31,2026-01-22,Completed,4.3,power
WO-0002006,AST-00515,Preventive,Medium,2026-01-21,2026-01-31,2026-01-22,Completed,2.1,breaker
WO-0002366,AST-00604,Preventive,Medium,2026-01-21,2026-01-31,2026-02-02,Completed,5.6,cable
WO-0002741,AST-00697,Preventive,Medium,2026-01-21,2026-01-31,2026-01-24,Completed,3.9,cable
WO-0002901,AST-00738,Preventive,Medium,2026-01-21,2026-01-31,2026-01-24,Completed,8.8,breaker
WO-0003553,AST-00895,Preventive,Medium,2026-01-21,2026-01-31,2026-01-23,Completed,5.8,third_rail
WO-0003844,AST-00967,Preventive,Medium,2026-01-21,2026-01-31,2026-01-27,Completed,3.7,third_rail
WO-0004801,AST-00583,Corrective,Medium,2026-01-21,2026-01-31,2026-01-24,Completed,3.1,power
WO-0005151,AST-00833,Corrective,Medium,2026-01-21,2026-01-31,2026-01-22,Completed,9.0,breaker
WO-0000852,AST-00217,Preventive,Medium,2026-01-22,2026-02-01,2026-01-23,Completed,7.6,power
WO-0002031,AST-00521,Preventive,Medium,2026-01-22,2026-02-01,2026-01-23,Completed,3.8,third_rail
WO-0002163,AST-00554,Preventive,Medium,2026-01-22,2026-02-01,2026-01-23,Completed,4.7,third_rail
WO-0002819,AST-00717,Preventive,Medium,2026-01-22,2026-02-01,2026-01-31,Completed,5.1,cable
WO-0004931,AST-00679,Corrective,Medium,2026-01-22,2026-02-01,2026-01-28,Completed,6.4,power
WO-0001424,AST-00364,Preventive,Medium,2026-01-23,2026-02-02,2026-01-28,Completed,3.7,power
WO-0001763,AST-00449,Preventive,Medium,2026-01-23,2026-02-02,2026-01-27,Completed,4.8,power
WO-0003194,AST-00813,Preventive,Medium,2026-01-23,2026-02-02,2026-01-27,Completed,6.0,third_rail
WO-0003792,AST-00955,Preventive,Medium,2026-01-23,2026-02-02,2026-01-28,Completed,3.5,third_rail
WO-0003109,AST-00792,Preventive,Medium,2026-01-24,2026-02-03,2026-01-30,Completed,5.3,cable
WO-0004275,AST-00204,Corrective,Medium,2026-01-24,2026-02-03,2026-01-25,Completed,4.0,power
WO-0004375,AST-00267,Corrective,Medium,2026-01-24,2026-02-03,2026-01-24,Completed,4.2,breaker
WO-0004590,AST-00437,Corrective,High,2026-01-24,2026-01-29,2026-01-24,Completed,7.1,power
WO-0001027,AST-00263,Preventive,Medium,2026-01-25,2026-02-04,2026-01-27,Completed,4.7,breaker
WO-0002887,AST-00734,Preventive,Medium,2026-01-25,2026-02-04,2026-01-29,Completed,4.7,breaker
WO-0003856,AST-00970,Preventive,Medium,2026-01-25,2026-02-04,2026-01-31,Completed,3.1,breaker
WO-0004075,AST-00064,Corrective,High,2026-01-25,2026-01-30,2026-01-25,Completed,7.2,third_rail
WO-0005165,AST-00840,Corrective,Medium,2026-01-25,2026-02-04,2026-01-31,Completed,5.0,cable
WO-0000465,AST-00120,Preventive,Medium,2026-01-26,2026-02-05,2026-02-01,Completed,2.4,cable
WO-0003418,AST-00863,Preventive,Medium,2026-01-26,2026-02-05,2026-01-26,Completed,7.9,third_rail
WO-0004116,AST-00103,Corrective,Medium,2026-01-26,2026-02-05,2026-01-29,Completed,8.7,breaker
WO-0004733,AST-00536,Corrective,Critical,2026-01-26,2026-01-28,2026-01-29,Completed,3.6,breaker
WO-0001488,AST-00379,Preventive,Medium,2026-01-27,2026-02-06,2026-01-30,Completed,2.8,breaker
WO-0001603,AST-00408,Preventive,Medium,2026-01-27,2026-02-06,2026-01-27,Completed,4.5,third_rail
WO-0003447,AST-00870,Preventive,Medium,2026-01-27,2026-02-06,2026-02-08,Completed,4.9,breaker
WO-0004757,AST-00551,Corrective,High,2026-01-27,2026-02-01,2026-02-01,Completed,4.6,cable
WO-0004946,AST-00690,Corrective,Medium,2026-01-27,2026-02-06,2026-01-28,Completed,5.0,cable
WO-0003132,AST-00798,Preventive,Medium,2026-01-28,2026-02-07,2026-01-31,Completed,4.6,power
WO-0003666,AST-00922,Preventive,Medium,2026-01-28,2026-02-07,2026-01-31,Completed,4.7,third_rail
WO-0004042,AST-00046,Corrective,High,2026-01-28,2026-02-02,2026-01-30,Completed,5.1,third_rail
WO-0005208,AST-00866,Corrective,Medium,2026-01-28,2026-02-07,2026-01-29,Completed,4.9,third_rail
WO-0000223,AST-00057,Preventive,Medium,2026-01-29,2026-02-08,2026-02-01,Completed,4.2,cable
WO-0000245,AST-00064,Preventive,Medium,2026-01-29,2026-02-08,2026-01-30,Completed,8.3,third_rail
WO-0005044,AST-00761,Corrective,High,2026-01-29,2026-02-03,2026-02-04,Completed,6.1,cable
WO-0000259,AST-00067,Preventive,Medium,2026-01-30,2026-02-09,2026-02-03,Completed,5.3,cable
WO-0000575,AST-00147,Preventive,Medium,2026-01-30,2026-02-09,2026-02-04,Completed,3.4,breaker
WO-0000721,AST-00184,Preventive,Medium,2026-01-30,2026-02-09,2026-01-30,Completed,3.7,breaker
WO-0001562,AST-00399,Preventive,Medium,2026-01-30,2026-02-09,2026-01-30,Completed,5.6,cable
WO-0001740,AST-00443,Preventive,Medium,2026-01-30,2026-02-09,2026-02-02,Completed,3.9,cable
WO-0001815,AST-00462,Preventive,Medium,2026-01-30,2026-02-09,2026-02-04,Completed,5.9,power
WO-0002283,AST-00584,Preventive,Medium,2026-01-30,2026-02-09,2026-02-07,Completed,4.5,breaker
WO-0002672,AST-00680,Preventive,Medium,2026-01-30,2026-02-09,2026-02-01,Completed,3.5,breaker
WO-0003067,AST-00781,Preventive,Medium,2026-01-30,2026-02-09,2026-02-04,Completed,5.1,breaker
WO-0003639,AST-00915,Preventive,Medium,2026-01-30,2026-02-09,2026-02-04,Completed,5.6,third_rail
WO-0004304,AST-00220,Corrective,Medium,2026-01-30,2026-02-09,2026-02-04,Completed,8.3,breaker
WO-0004950,AST-00693,Corrective,High,2026-01-30,2026-02-04,2026-01-31,Completed,7.9,breaker
WO-0005367,AST-00983,Corrective,Medium,2026-01-30,2026-02-09,2026-01-30,Completed,2.0,cable
WO-0000124,AST-00032,Preventive,Medium,2026-01-31,2026-02-10,2026-02-02,Completed,4.5,third_rail
WO-0000214,AST-00054,Preventive,Medium,2026-01-31,2026-02-10,2026-02-03,Completed,7.3,cable
WO-0001640,AST-00418,Preventive,Medium,2026-01-31,2026-02-10,2026-02-03,Completed,4.1,third_rail
WO-0002153,AST-00552,Preventive,Medium,2026-01-31,2026-02-10,2026-02-08,Completed,4.9,power
WO-0002470,AST-00631,Preventive,Medium,2026-01-31,2026-02-10,2026-02-04,Completed,6.2,third_rail
WO-0003460,AST-00874,Preventive,Medium,2026-01-31,2026-02-10,2026-02-02,Completed,5.6,breaker
WO-0003482,AST-00879,Preventive,Medium,2026-01-31,2026-02-10,2026-02-10,Completed,2.5,cable
WO-0005063,AST-00771,Corrective,Medium,2026-01-31,2026-02-10,2026-02-01,Completed,9.3,breaker
WO-0005142,AST-00831,Corrective,Critical,2026-01-31,2026-02-02,2026-02-01,Completed,4.8,cable
WO-0005215,AST-00871,Corrective,Medium,2026-01-31,2026-02-10,2026-02-02,Completed,6.1,cable
WO-0000887,AST-00226,Preventive,Medium,2026-02-01,2026-02-11,2026-02-06,Completed,3.2,third_rail
WO-0003649,AST-00918,Preventive,Medium,2026-02-01,2026-02-11,2026-02-04,Completed,3.6,power
WO-0004381,AST-00272,Corrective,High,2026-02-01,2026-02-06,2026-02-05,Completed,6.0,power
WO-0004632,AST-00459,Corrective,Critical,2026-02-01,2026-02-03,2026-02-04,Completed,10.1,third_rail
WO-0005174,AST-00844,Corrective,Medium,2026-02-01,2026-02-11,2026-02-02,Completed,3.9,cable
WO-0005222,AST-00876,Corrective,Medium,2026-02-01,2026-02-11,2026-02-04,Completed,7.7,third_rail
WO-0000130,AST-00034,Preventive,Medium,2026-02-02,2026-02-12,2026-02-02,Completed,5.5,breaker
WO-0000690,AST-00176,Preventive,Medium,2026-02-02,2026-02-12,2026-02-07,Completed,5.3,power
WO-0001660,AST-00422,Preventive,Medium,2026-02-02,2026-02-12,2026-02-12,Completed,4.8,power
WO-0001677,AST-00427,Preventive,Medium,2026-02-02,2026-02-12,2026-02-02,Completed,4.5,breaker
WO-0001801,AST-00458,Preventive,Medium,2026-02-02,2026-02-12,2026-02-05,Completed,3.0,cable
WO-0002319,AST-00593,Preventive,Medium,2026-02-02,2026-02-12,2026-02-06,Completed,5.9,breaker
WO-0004272,AST-00201,Corrective,High,2026-02-02,2026-02-07,2026-02-10,Completed,3.8,third_rail
WO-0004346,AST-00242,Corrective,High,2026-02-03,2026-02-08,2026-02-05,Completed,5.1,third_rail
WO-0004778,AST-00566,Corrective,Medium,2026-02-03,2026-02-13,2026-02-05,Completed,5.4,cable
WO-0005369,AST-00984,Corrective,Medium,2026-02-03,2026-02-13,2026-02-07,Completed,6.1,cable
WO-0000624,AST-00160,Preventive,Medium,2026-02-04,2026-02-14,2026-02-06,Completed,5.8,third_rail
WO-0002656,AST-00677,Preventive,Medium,2026-02-04,2026-02-14,2026-02-06,Completed,6.6,third_rail
WO-0002720,AST-00692,Preventive,Medium,2026-02-04,2026-02-14,2026-02-12,Completed,6.5,third_rail
WO-0002790,AST-00709,Preventive,Medium,2026-02-04,2026-02-14,2026-02-08,Completed,4.1,cable
WO-0003043,AST-00774,Preventive,Medium,2026-02-04,2026-02-14,2026-02-08,Completed,4.4,third_rail
WO-0005261,AST-00904,Corrective,Medium,2026-02-04,2026-02-14,2026-02-06,Completed,3.6,cable
WO-0001192,AST-00306,Preventive,Medium,2026-02-05,2026-02-15,2026-02-07,Completed,3.1,cable
WO-0002580,AST-00658,Preventive,Medium,2026-02-05,2026-02-15,2026-02-15,Completed,7.7,breaker
WO-0004978,AST-00714,Corrective,Medium,2026-02-05,2026-02-15,2026-02-05,Completed,7.7,third_rail
WO-0000304,AST-00077,Preventive,Medium,2026-02-06,2026-02-16,2026-02-13,Completed,2.9,breaker
WO-0002237,AST-00573,Preventive,Medium,2026-02-06,2026-02-16,2026-02-14,Completed,3.5,cable
WO-0003585,AST-00902,Preventive,Medium,2026-02-06,2026-02-16,2026-02-08,Completed,5.2,breaker
WO-0004762,AST-00555,Corrective,High,2026-02-06,2026-02-11,2026-02-06,Completed,6.9,power
WO-0000582,AST-00149,Preventive,Medium,2026-02-07,2026-02-17,2026-02-11,Completed,3.4,cable
WO-0001328,AST-00340,Preventive,Medium,2026-02-07,2026-02-17,2026-02-07,Completed,5.3,third_rail
WO-0002537,AST-00648,Preventive,Medium,2026-02-07,2026-02-17,2026-02-08,Completed,5.5,cable
WO-0004589,AST-00437,Corrective,High,2026-02-07,2026-02-12,2026-02-10,Completed,5.4,power
WO-0005031,AST-00753,Corrective,High,2026-02-07,2026-02-12,2026-02-18,Completed,6.3,breaker
WO-0000427,AST-00110,Preventive,Medium,2026-02-08,2026-02-18,2026-02-09,Completed,5.7,third_rail
WO-0001625,AST-00414,Preventive,Medium,2026-02-08,2026-02-18,2026-02-08,Completed,6.4,third_rail
WO-0002774,AST-00705,Preventive,Medium,2026-02-08,2026-02-18,2026-02-13,Completed,5.0,breaker
WO-0004436,AST-00317,Corrective,Medium,2026-02-08,2026-02-18,2026-02-12,Completed,4.8,breaker
WO-0004645,AST-00464,Corrective,High,2026-02-08,2026-02-13,2026-02-11,Completed,5.0,breaker
WO-0001245,AST-00319,Preventive,Medium,2026-02-09,2026-02-19,2026-02-11,Completed,2.5,breaker
WO-0003905,AST-00983,Preventive,Medium,2026-02-09,2026-02-19,2026-02-10,Completed,7.2,cable
WO-0001395,AST-00358,Preventive,Medium,2026-02-11,2026-02-21,2026-02-12,Completed,5.9,third_rail
WO-0002117,AST-00543,Preventive,Medium,2026-02-11,2026-02-21,2026-02-14,Completed,4.5,third_rail
WO-0002361,AST-00603,Preventive,Medium,2026-02-11,2026-02-21,2026-02-13,Completed,5.0,third_rail
WO-0004506,AST-00366,Corrective,Medium,2026-02-11,2026-02-21,2026-02-23,Completed,2.8,cable
WO-0004736,AST-00539,Corrective,Medium,2026-02-11,2026-02-21,2026-02-12,Completed,3.9,power
WO-0000579,AST-00148,Preventive,Medium,2026-02-12,2026-02-22,2026-02-16,Completed,4.4,cable
WO-0000809,AST-00205,Preventive,Medium,2026-02-12,2026-02-22,2026-02-13,Completed,5.4,power
WO-0001689,AST-00430,Preventive,Medium,2026-02-12,2026-02-22,2026-02-16,Completed,3.4,third_rail
WO-0001846,AST-00470,Preventive,Medium,2026-02-12,2026-02-22,2026-02-17,Completed,4.1,cable
WO-0002666,AST-00679,Preventive,Medium,2026-02-12,2026-02-22,2026-02-16,Completed,2.0,power
WO-0003939,AST-00990,Preventive,Medium,2026-02-12,2026-02-22,2026-02-12,Completed,6.7,third_rail
WO-0004206,AST-00150,Corrective,High,2026-02-12,2026-02-17,2026-02-14,Completed,3.0,power
WO-0005328,AST-00951,Corrective,Critical,2026-02-12,2026-02-14,2026-02-13,Completed,7.2,cable
WO-0005365,AST-00982,Corrective,High,2026-02-12,2026-02-17,2026-02-21,Completed,3.9,third_rail
WO-0001619,AST-00412,Preventive,Medium,2026-02-13,2026-02-23,2026-02-13,Completed,6.4,cable
WO-0001622,AST-00413,Preventive,Medium,2026-02-13,2026-02-23,2026-02-13,Completed,5.9,power
WO-0000773,AST-00197,Preventive,Medium,2026-02-14,2026-02-24,2026-02-18,Completed,3.8,cable
WO-0002374,AST-00606,Preventive,Medium,2026-02-14,2026-02-24,2026-02-24,Completed,5.9,third_rail
WO-0003494,AST-00881,Preventive,Medium,2026-02-14,2026-02-24,2026-02-22,Completed,5.4,cable
WO-0004318,AST-00227,Corrective,Medium,2026-02-14,2026-02-24,2026-02-15,Completed,3.1,power
WO-0004599,AST-00443,Corrective,High,2026-02-14,2026-02-19,2026-02-17,Completed,8.9,cable
WO-0004771,AST-00561,Corrective,Medium,2026-02-14,2026-02-24,2026-02-16,Completed,8.3,power
WO-0004422,AST-00305,Corrective,Medium,2026-02-15,2026-02-25,2026-02-15,Completed,4.5,third_rail
WO-0001061,AST-00272,Preventive,Medium,2026-02-16,2026-02-26,2026-02-19,Completed,1.9,power
WO-0001513,AST-00387,Preventive,Medium,2026-02-16,2026-02-26,2026-02-18,Completed,5.3,cable
WO-0001922,AST-00493,Preventive,Medium,2026-02-16,2026-02-26,2026-02-17,Completed,5.8,cable
WO-0002478,AST-00633,Preventive,Medium,2026-02-16,2026-02-26,2026-02-20,Completed,4.5,power
WO-0003084,AST-00785,Preventive,Medium,2026-02-16,2026-02-26,2026-02-19,Completed,6.2,third_rail
WO-0004478,AST-00350,Corrective,High,2026-02-16,2026-02-21,2026-02-17,Completed,6.5,power
WO-0000217,AST-00055,Preventive,Medium,2026-02-17,2026-02-27,2026-02-21,Completed,6.5,cable
WO-0002610,AST-00666,Preventive,Medium,2026-02-17,2026-02-27,2026-02-20,Completed,7.0,cable
WO-0003510,AST-00885,Preventive,Medium,2026-02-17,2026-02-27,2026-02-21,Completed,4.2,breaker
WO-0004239,AST-00173,Corrective,High,2026-02-17,2026-02-22,2026-02-23,Completed,8.1,breaker
WO-0005132,AST-00825,Corrective,Medium,2026-02-17,2026-02-27,2026-02-21,Completed,5.5,third_rail
WO-0001703,AST-00434,Preventive,Medium,2026-02-18,2026-02-28,2026-02-19,Completed,4.4,third_rail
WO-0003057,AST-00778,Preventive,Medium,2026-02-18,2026-02-28,2026-02-22,Completed,3.1,power
WO-0003780,AST-00952,Preventive,Medium,2026-02-18,2026-02-28,2026-02-18,Completed,4.9,breaker
WO-0004620,AST-00452,Corrective,Critical,2026-02-18,2026-02-20,2026-02-19,Completed,8.7,third_rail
WO-0001771,AST-00451,Preventive,Medium,2026-02-19,2026-03-01,2026-02-21,Completed,2.7,power
WO-0001864,AST-00475,Preventive,Medium,2026-02-19,2026-03-01,2026-02-22,Completed,8.4,breaker
WO-0001897,AST-00485,Preventive,Medium,2026-02-19,2026-03-01,2026-02-22,Completed,2.6,power
WO-0003124,AST-00796,Preventive,Medium,2026-02-19,2026-03-01,2026-02-19,Completed,1.5,breaker
WO-0003325,AST-00843,Preventive,Medium,2026-02-19,2026-03-01,2026-02-20,Completed,5.3,cable
WO-0004683,AST-00497,Corrective,Medium,2026-02-19,2026-03-01,2026-02-22,Completed,9.3,cable
WO-0005030,AST-00751,Corrective,High,2026-02-19,2026-02-24,2026-02-24,Completed,5.4,breaker
WO-0000460,AST-00119,Preventive,Medium,2026-02-20,2026-03-02,2026-02-21,Completed,5.8,cable
WO-0001076,AST-00276,Preventive,Medium,2026-02-20,2026-03-02,2026-02-25,Completed,5.2,breaker
WO-0001189,AST-00305,Preventive,Medium,2026-02-20,2026-03-02,2026-02-22,Completed,6.3,third_rail
WO-0002203,AST-00564,Preventive,Medium,2026-02-20,2026-03-02,2026-02-20,Completed,4.1,cable
WO-0003214,AST-00818,Preventive,Medium,2026-02-20,2026-03-02,2026-02-20,Completed,5.5,cable
WO-0004611,AST-00449,Corrective,Medium,2026-02-20,2026-03-02,2026-02-24,Completed,6.4,power
WO-0005167,AST-00841,Corrective,Medium,2026-02-20,2026-03-02,2026-02-21,Completed,3.7,power
WO-0000180,AST-00046,Preventive,Medium,2026-02-21,2026-03-03,2026-02-21,Completed,5.6,third_rail
WO-0000894,AST-00228,Preventive,Medium,2026-02-21,2026-03-03,2026-02-25,Completed,6.0,cable
WO-0001654,AST-00421,Preventive,Medium,2026-02-21,2026-03-03,2026-03-01,Completed,4.6,cable
WO-0002175,AST-00557,Preventive,Medium,2026-02-21,2026-03-03,2026-02-21,Completed,4.0,breaker
WO-0002834,AST-00720,Preventive,Medium,2026-02-21,2026-03-03,2026-02-25,Completed,7.2,third_rail
WO-0003929,AST-00988,Preventive,Medium,2026-02-21,2026-03-03,2026-02-26,Completed,6.0,power
WO-0004331,AST-00235,Corrective,High,2026-02-21,2026-02-26,2026-02-24,Completed,4.2,third_rail
WO-0004485,AST-00355,Corrective,Critical,2026-02-21,2026-02-23,2026-02-22,Completed,6.8,cable
WO-0005286,AST-00920,Corrective,High,2026-02-21,2026-02-26,2026-02-28,Completed,4.3,cable
WO-0001937,AST-00497,Preventive,Medium,2026-02-22,2026-03-04,2026-02-25,Completed,3.9,cable
WO-0002825,AST-00718,Preventive,Medium,2026-02-22,2026-03-04,2026-02-23,Completed,2.4,power
WO-0003916,AST-00985,Preventive,Medium,2026-02-22,2026-03-04,2026-02-24,Completed,4.4,power
WO-0003997,AST-00014,Corrective,Medium,2026-02-22,2026-03-04,2026-02-23,Completed,6.4,third_rail
WO-0004372,AST-00266,Corrective,Medium,2026-02-22,2026-03-04,2026-02-25,Completed,5.3,power
WO-0002553,AST-00652,Preventive,Medium,2026-02-23,2026-03-05,2026-02-24,Completed,3.3,third_rail
WO-0002568,AST-00655,Preventive,Medium,2026-02-23,2026-03-05,2026-02-25,Completed,3.7,third_rail
WO-0003488,AST-00880,Preventive,Medium,2026-02-23,2026-03-05,2026-02-25,Completed,4.8,cable
WO-0004246,AST-00179,Corrective,Medium,2026-02-23,2026-03-05,2026-02-27,Completed,5.9,third_rail
WO-0004280,AST-00205,Corrective,High,2026-02-23,2026-02-28,2026-03-02,Completed,10.9,power
WO-0004439,AST-00318,Corrective,High,2026-02-23,2026-02-28,2026-02-27,Completed,6.6,cable
WO-0005010,AST-00734,Corrective,High,2026-02-23,2026-02-28,2026-03-08,Completed,2.9,breaker
WO-0005337,AST-00959,Corrective,Medium,2026-02-23,2026-03-05,2026-02-27,Completed,6.1,cable
WO-0000519,AST-00135,Preventive,Medium,2026-02-24,2026-03-06,2026-02-25,Completed,4.4,cable
WO-0003379,AST-00855,Preventive,Medium,2026-02-24,2026-03-06,2026-02-26,Completed,4.8,breaker
WO-0003910,AST-00984,Preventive,Medium,2026-02-24,2026-03-06,2026-02-25,Completed,6.3,cable
WO-0003975,AST-00999,Preventive,Medium,2026-02-24,2026-03-06,2026-02-26,Completed,2.9,third_rail
WO-0004090,AST-00076,Corrective,Medium,2026-02-24,2026-03-06,2026-02-28,Completed,3.7,breaker
WO-0004654,AST-00471,Corrective,High,2026-02-24,2026-03-01,2026-02-27,Completed,5.8,cable
WO-0005346,AST-00964,Corrective,Medium,2026-02-24,2026-03-06,2026-03-03,Completed,3.9,power
WO-0001157,AST-00296,Preventive,Medium,2026-02-25,2026-03-07,2026-02-26,Completed,7.2,third_rail
WO-0001649,AST-00420,Preventive,Medium,2026-02-25,2026-03-07,2026-02-28,Completed,5.0,third_rail
WO-0002331,AST-00595,Preventive,Medium,2026-02-25,2026-03-07,2026-02-27,Completed,6.2,power
WO-0003035,AST-00772,Preventive,Medium,2026-02-25,2026-03-07,2026-03-09,Completed,5.8,cable
WO-0003594,AST-00904,Preventive,Medium,2026-02-25,2026-03-07,2026-02-26,Completed,4.9,cable
WO-0003614,AST-00908,Preventive,Medium,2026-02-25,2026-03-07,2026-02-26,Completed,4.1,power
WO-0004972,AST-00710,Corrective,High,2026-02-25,2026-03-02,2026-02-25,Completed,4.7,cable
WO-0000175,AST-00045,Preventive,Medium,2026-02-26,2026-03-08,2026-03-01,Completed,3.8,third_rail
WO-0001684,AST-00429,Preventive,Medium,2026-02-26,2026-03-08,2026-03-01,Completed,5.4,power
WO-0001792,AST-00456,Preventive,Medium,2026-02-26,2026-03-08,2026-02-27,Completed,7.0,breaker
WO-0002703,AST-00688,Preventive,Medium,2026-02-26,2026-03-08,2026-03-01,Completed,4.0,third_rail
WO-0002735,AST-00696,Preventive,Medium,2026-02-26,2026-03-08,2026-02-27,Completed,4.9,cable
WO-0003531,AST-00890,Preventive,Medium,2026-02-26,2026-03-08,2026-03-03,Completed,5.3,cable
WO-0004309,AST-00224,Corrective,High,2026-02-26,2026-03-03,2026-02-26,Completed,6.7,third_rail
WO-0000388,AST-00099,Preventive,Medium,2026-02-27,2026-03-09,2026-03-02,Completed,6.9,power
WO-0001308,AST-00334,Preventive,Medium,2026-02-27,2026-03-09,2026-02-28,Completed,3.7,third_rail
WO-0001381,AST-00355,Preventive,Medium,2026-02-27,2026-03-09,2026-03-04,Completed,4.2,cable
WO-0001408,AST-00361,Preventive,Medium,2026-02-27,2026-03-09,2026-03-02,Completed,4.1,third_rail
WO-0002438,AST-00623,Preventive,Medium,2026-02-27,2026-03-09,2026-03-01,Completed,4.9,third_rail
WO-0003351,AST-00849,Preventive,Medium,2026-02-27,2026-03-09,2026-03-03,Completed,2.9,power
WO-0003673,AST-00924,Preventive,Medium,2026-02-27,2026-03-09,2026-03-05,Completed,5.0,cable
WO-0004448,AST-00321,Corrective,Medium,2026-02-27,2026-03-09,2026-02-28,Completed,4.2,third_rail
WO-0004875,AST-00647,Corrective,Medium,2026-02-27,2026-03-09,2026-03-03,Completed,7.5,power
WO-0001064,AST-00273,Preventive,Medium,2026-02-28,2026-03-10,2026-03-02,Completed,5.7,power
WO-0002206,AST-00565,Preventive,Medium,2026-02-28,2026-03-10,2026-03-05,Completed,3.4,cable
WO-0002228,AST-00571,Preventive,Medium,2026-02-28,2026-03-10,2026-03-12,Completed,4.9,breaker
WO-0002441,AST-00624,Preventive,Medium,2026-02-28,2026-03-10,2026-02-28,Completed,6.2,cable
WO-0002542,AST-00650,Preventive,Medium,2026-02-28,2026-03-10,2026-03-01,Completed,6.3,power
WO-0003236,AST-00823,Preventive,Medium,2026-02-28,2026-03-10,2026-03-09,Completed,4.3,breaker
WO-0003294,AST-00835,Preventive,Medium,2026-02-28,2026-03-10,2026-02-28,Completed,7.9,cable
WO-0004000,AST-00016,Corrective,Medium,2026-02-28,2026-03-10,2026-03-03,Completed,10.5,breaker
WO-0004608,AST-00448,Corrective,High,2026-02-28,2026-03-05,2026-03-02,Completed,8.3,cable
WO-0000819,AST-00208,Preventive,Medium,2026-03-01,2026-03-11,2026-03-02,Completed,4.4,cable
WO-0001226,AST-00314,Preventive,Medium,2026-03-01,2026-03-11,2026-03-06,Completed,4.4,breaker
WO-0003062,AST-00780,Preventive,Medium,2026-03-01,2026-03-11,2026-03-02,Completed,5.7,third_rail
WO-0004728,AST-00534,Corrective,Medium,2026-03-01,2026-03-11,2026-03-01,Completed,6.6,cable
WO-0000287,AST-00073,Preventive,Medium,2026-03-02,2026-03-12,2026-03-02,Completed,5.2,third_rail
WO-0002547,AST-00651,Preventive,Medium,2026-03-02,2026-03-12,2026-03-05,Completed,3.8,cable
WO-0002676,AST-00681,Preventive,Medium,2026-03-02,2026-03-12,2026-03-07,Completed,7.3,power
WO-0003369,AST-00853,Preventive,Medium,2026-03-02,2026-03-12,2026-03-06,Completed,4.3,third_rail
WO-0003600,AST-00905,Preventive,Medium,2026-03-02,2026-03-12,2026-03-03,Completed,5.7,third_rail
WO-0004364,AST-00262,Corrective,High,2026-03-02,2026-03-07,2026-03-09,Completed,4.3,third_rail
WO-0000712,AST-00182,Preventive,Medium,2026-03-03,2026-03-13,2026-03-05,Completed,5.0,third_rail
WO-0001331,AST-00341,Preventive,Medium,2026-03-03,2026-03-13,2026-03-07,Completed,4.9,power
WO-0005091,AST-00795,Corrective,Medium,2026-03-03,2026-03-13,2026-03-06,Completed,5.1,power
WO-0000588,AST-00151,Preventive,Medium,2026-03-04,2026-03-14,2026-03-16,Completed,2.4,third_rail
WO-0002623,AST-00669,Preventive,Medium,2026-03-04,2026-03-14,2026-03-07,Completed,5.5,breaker
WO-0000220,AST-00056,Preventive,Medium,2026-03-05,2026-03-15,2026-03-10,Completed,4.1,third_rail
WO-0000813,AST-00206,Preventive,Medium,2026-03-05,2026-03-15,2026-03-06,Completed,5.7,breaker
WO-0001021,AST-00261,Preventive,Medium,2026-03-05,2026-03-15,2026-03-06,Completed,5.4,power
WO-0001781,AST-00453,Preventive,Medium,2026-03-05,2026-03-15,2026-03-07,Completed,5.8,cable
WO-0002251,AST-00576,Preventive,Medium,2026-03-05,2026-03-15,2026-03-06,Completed,5.4,cable
WO-0003860,AST-00971,Preventive,Medium,2026-03-05,2026-03-15,2026-03-07,Completed,4.8,breaker
WO-0004958,AST-00698,Corrective,High,2026-03-05,2026-03-10,2026-03-12,Completed,4.5,cable
WO-0005212,AST-00869,Corrective,Medium,2026-03-05,2026-03-15,2026-03-07,Completed,3.2,power
WO-0000055,AST-00016,Preventive,Medium,2026-03-06,2026-03-16,2026-03-18,Completed,3.6,breaker
WO-0000732,AST-00187,Preventive,Medium,2026-03-06,2026-03-16,2026-03-06,Completed,4.6,breaker
WO-0002140,AST-00549,Preventive,Medium,2026-03-06,2026-03-16,2026-03-07,Completed,3.0,third_rail
WO-0003000,AST-00763,Preventive,Medium,2026-03-06,2026-03-16,2026-03-10,Completed,6.2,power
WO-0004002,AST-00016,Corrective,Medium,2026-03-06,2026-03-16,2026-03-07,Completed,11.6,breaker
WO-0004591,AST-00438,Corrective,Medium,2026-03-06,2026-03-16,2026-03-09,Completed,5.5,cable
WO-0000409,AST-00105,Preventive,Medium,2026-03-07,2026-03-17,2026-03-10,Completed,4.9,third_rail
WO-0001311,AST-00335,Preventive,Medium,2026-03-07,2026-03-17,2026-03-17,Completed,2.3,power
WO-0001374,AST-00353,Preventive,Medium,2026-03-07,2026-03-17,2026-03-12,Completed,3.2,cable
WO-0001586,AST-00404,Preventive,Medium,2026-03-07,2026-03-17,2026-03-09,Completed,4.4,power
WO-0003251,AST-00826,Preventive,Medium,2026-03-07,2026-03-17,2026-03-13,Completed,5.6,power
WO-0004185,AST-00142,Corrective,Medium,2026-03-07,2026-03-17,2026-03-12,Completed,6.9,cable
WO-0005308,AST-00937,Corrective,Critical,2026-03-07,2026-03-09,2026-03-09,Completed,6.4,third_rail
WO-0001607,AST-00409,Preventive,Medium,2026-03-08,2026-03-18,2026-03-13,Completed,4.4,power
WO-0001883,AST-00480,Preventive,Medium,2026-03-08,2026-03-18,2026-03-10,Completed,4.0,cable
WO-0003262,AST-00828,Preventive,Medium,2026-03-08,2026-03-18,2026-03-09,Completed,6.6,breaker
WO-0003385,AST-00856,Preventive,Medium,2026-03-08,2026-03-18,2026-03-12,Completed,3.9,cable
WO-0003611,AST-00907,Preventive,Medium,2026-03-08,2026-03-18,2026-03-13,Completed,3.1,cable
WO-0000127,AST-00033,Preventive,Medium,2026-03-09,2026-03-19,2026-03-16,Completed,7.6,breaker
WO-0001352,AST-00347,Preventive,Medium,2026-03-09,2026-03-19,2026-03-16,Completed,2.9,third_rail
WO-0001941,AST-00498,Preventive,Medium,2026-03-09,2026-03-19,2026-03-14,Completed,5.1,cable
WO-0002424,AST-00620,Preventive,Medium,2026-03-09,2026-03-19,2026-03-17,Completed,5.3,power
WO-0000403,AST-00103,Preventive,Medium,2026-03-10,2026-03-20,2026-03-13,Completed,6.0,breaker
WO-0001317,AST-00337,Preventive,Medium,2026-03-10,2026-03-20,2026-03-11,Completed,3.8,power
WO-0002559,AST-00653,Preventive,Medium,2026-03-10,2026-03-20,2026-03-12,Completed,4.6,cable
WO-0003009,AST-00766,Preventive,Medium,2026-03-10,2026-03-20,2026-03-15,Completed,4.7,power
WO-0003275,AST-00831,Preventive,Medium,2026-03-10,2026-03-20,2026-03-12,Completed,6.3,cable
WO-0004788,AST-00571,Corrective,Medium,2026-03-10,2026-03-20,2026-03-13,Completed,2.2,breaker
WO-0004949,AST-00692,Corrective,Medium,2026-03-10,2026-03-20,2026-03-15,Completed,4.6,third_rail
WO-0000531,AST-00137,Preventive,Medium,2026-03-11,2026-03-21,2026-03-11,Completed,2.7,third_rail
WO-0000792,AST-00201,Preventive,Medium,2026-03-11,2026-03-21,2026-03-14,Completed,3.9,third_rail
WO-0001288,AST-00329,Preventive,Medium,2026-03-11,2026-03-21,2026-03-14,Completed,5.7,cable
WO-0001314,AST-00336,Preventive,Medium,2026-03-11,2026-03-21,2026-03-16,Completed,4.8,cable
WO-0003032,AST-00771,Preventive,Medium,2026-03-11,2026-03-21,2026-03-13,Completed,6.3,breaker
WO-0003897,AST-00981,Preventive,Medium,2026-03-11,2026-03-21,2026-03-20,Completed,3.9,third_rail
WO-0004380,AST-00271,Corrective,Medium,2026-03-11,2026-03-21,2026-03-12,Completed,6.8,power
WO-0000237,AST-00061,Preventive,Medium,2026-03-12,2026-03-22,2026-03-19,Completed,4.6,cable
WO-0000534,AST-00138,Preventive,Medium,2026-03-12,2026-03-22,2026-03-24,Completed,3.7,cable
WO-0001826,AST-00465,Preventive,Medium,2026-03-12,2026-03-22,2026-03-13,Completed,6.8,cable
WO-0002853,AST-00726,Preventive,Medium,2026-03-12,2026-03-22,2026-03-13,Completed,5.7,power
WO-0000228,AST-00058,Preventive,Medium,2026-03-13,2026-03-23,2026-03-17,Completed,5.1,cable
WO-0005028,AST-00749,Corrective,Critical,2026-03-13,2026-03-15,2026-03-13,Completed,9.7,third_rail
WO-0005087,AST-00793,Corrective,Medium,2026-03-13,2026-03-23,2026-03-14,Completed,4.9,breaker
WO-0000681,AST-00174,Preventive,Medium,2026-03-14,2026-03-24,2026-03-18,Completed,3.6,third_rail
WO-0000902,AST-00230,Preventive,Medium,2026-03-14,2026-03-24,2026-03-17,Completed,6.1,power
WO-0001706,AST-00435,Preventive,Medium,2026-03-14,2026-03-24,2026-03-16,Completed,5.4,power
WO-0002196,AST-00562,Preventive,Medium,2026-03-14,2026-03-24,2026-03-15,Completed,3.0,breaker
WO-0002232,AST-00572,Preventive,Medium,2026-03-14,2026-03-24,2026-03-16,Completed,5.0,third_rail
WO-0000638,AST-00163,Preventive,Medium,2026-03-15,2026-03-25,2026-03-19,Completed,5.4,breaker
WO-0000777,AST-00198,Preventive,Medium,2026-03-15,2026-03-25,2026-03-15,Completed,4.6,third_rail
WO-0001118,AST-00287,Preventive,Medium,2026-03-15,2026-03-25,2026-03-16,Completed,6.7,power
WO-0002467,AST-00630,Preventive,Medium,2026-03-15,2026-03-25,2026-03-16,Completed,3.5,third_rail
WO-0003959,AST-00995,Preventive,Medium,2026-03-15,2026-03-25,2026-03-18,Completed,4.9,third_rail
WO-0000277,AST-00071,Preventive,Medium,2026-03-16,2026-03-26,2026-03-17,Completed,6.0,breaker
WO-0000660,AST-00168,Preventive,Medium,2026-03-16,2026-03-26,2026-03-16,Completed,4.2,third_rail
WO-0001080,AST-00277,Preventive,Medium,2026-03-16,2026-03-26,2026-03-23,Completed,2.7,breaker
WO-0001345,AST-00345,Preventive,Medium,2026-03-16,2026-03-26,2026-03-17,Completed,4.7,third_rail
WO-0002475,AST-00632,Preventive,Medium,2026-03-16,2026-03-26,2026-03-19,Completed,4.7,third_rail
WO-0002756,AST-00701,Preventive,Medium,2026-03-16,2026-03-26,2026-03-17,Completed,3.4,breaker
WO-0004765,AST-00557,Corrective,Medium,2026-03-16,2026-03-26,2026-03-19,Completed,5.0,breaker
WO-0005216,AST-00872,Corrective,Critical,2026-03-16,2026-03-18,2026-03-17,Completed,7.2,power
WO-0000242,AST-00063,Preventive,Medium,2026-03-17,2026-03-27,2026-03-24,Completed,4.1,cable
WO-0001339,AST-00343,Preventive,Medium,2026-03-17,2026-03-27,2026-03-19,Completed,5.0,third_rail
WO-0001384,AST-00356,Preventive,Medium,2026-03-17,2026-03-27,2026-03-21,Completed,5.2,cable
WO-0002452,AST-00626,Preventive,Medium,2026-03-17,2026-03-27,2026-03-19,Completed,5.5,cable
WO-0003606,AST-00906,Preventive,Medium,2026-03-17,2026-03-27,2026-03-19,Completed,5.2,cable
WO-0003695,AST-00929,Preventive,Medium,2026-03-17,2026-03-27,2026-03-18,Completed,4.4,cable
WO-0004135,AST-00115,Corrective,Medium,2026-03-17,2026-03-27,2026-03-24,Completed,6.2,power
WO-0002421,AST-00619,Preventive,Medium,2026-03-18,2026-03-28,2026-03-21,Completed,4.2,power
WO-0004032,AST-00037,Corrective,Medium,2026-03-18,2026-03-28,2026-03-20,Completed,7.5,power
WO-0001479,AST-00377,Preventive,Medium,2026-03-19,2026-03-29,2026-03-24,Completed,3.7,third_rail
WO-0001776,AST-00452,Preventive,Medium,2026-03-19,2026-03-29,2026-03-22,Completed,2.7,third_rail
WO-0002408,AST-00615,Preventive,Medium,2026-03-19,2026-03-29,2026-03-27,Completed,6.0,breaker
WO-0004357,AST-00258,Corrective,Medium,2026-03-19,2026-03-29,2026-03-26,Completed,4.4,power
WO-0000705,AST-00180,Preventive,Medium,2026-03-20,2026-03-30,2026-03-26,Completed,4.5,cable
WO-0000716,AST-00183,Preventive,Medium,2026-03-20,2026-03-30,2026-03-22,Completed,5.4,cable
WO-0001186,AST-00304,Preventive,Medium,2026-03-20,2026-03-30,2026-04-01,Completed,6.0,cable
WO-0002414,AST-00617,Preventive,Medium,2026-03-20,2026-03-30,2026-03-22,Completed,6.1,cable
WO-0004874,AST-00646,Corrective,High,2026-03-20,2026-03-25,2026-03-22,Completed,6.0,third_rail
WO-0001674,AST-00426,Preventive,Medium,2026-03-21,2026-03-31,2026-03-25,Completed,6.6,third_rail
WO-0003103,AST-00790,Preventive,Medium,2026-03-21,2026-03-31,2026-03-25,Completed,5.6,cable
WO-0003646,AST-00917,Preventive,Medium,2026-03-21,2026-03-31,2026-03-30,Completed,3.9,power
WO-0004932,AST-00679,Corrective,High,2026-03-21,2026-03-26,2026-03-22,Completed,3.1,power
WO-0000351,AST-00089,Preventive,Medium,2026-03-22,2026-04-01,2026-03-26,Completed,4.0,power
WO-0001005,AST-00257,Preventive,Medium,2026-03-22,2026-04-01,2026-03-26,Completed,6.0,third_rail
WO-0002764,AST-00703,Preventive,Medium,2026-03-22,2026-04-01,2026-03-24,Completed,2.9,power
WO-0002971,AST-00754,Preventive,Medium,2026-03-22,2026-04-01,2026-03-22,Completed,5.1,cable
WO-0003403,AST-00860,Preventive,Medium,2026-03-22,2026-04-01,2026-03-26,Completed,6.8,cable
WO-0005408,AST-00028,Corrective,Medium,2026-03-22,2026-04-01,2026-03-25,Completed,5.2,power
WO-0005409,AST-00035,Corrective,Medium,2026-03-22,2026-04-01,2026-03-30,Completed,7.9,cable
WO-0005455,AST-00101,Corrective,Medium,2026-03-22,2026-04-01,2026-03-26,Completed,6.2,third_rail
WO-0005537,AST-00173,Corrective,Medium,2026-03-22,2026-04-01,2026-03-24,Completed,6.1,breaker
WO-0005546,AST-00198,Corrective,Medium,2026-03-22,2026-04-01,2026-03-24,Completed,3.5,third_rail
WO-0005577,AST-00242,Corrective,High,2026-03-22,2026-03-27,2026-03-26,Completed,8.3,third_rail
WO-0005580,AST-00245,Corrective,Medium,2026-03-22,2026-04-01,2026-03-25,Completed,3.5,cable
WO-0005645,AST-00376,Corrective,Medium,2026-03-22,2026-04-01,2026-03-24,Completed,4.5,power
WO-0005671,AST-00397,Corrective,Medium,2026-03-22,2026-04-01,2026-03-24,Completed,7.8,third_rail
WO-0005678,AST-00406,Corrective,Medium,2026-03-22,2026-04-01,2026-03-23,Completed,6.8,third_rail
WO-0005706,AST-00471,Corrective,High,2026-03-22,2026-03-27,2026-03-22,Completed,2.0,cable
WO-0005794,AST-00617,Corrective,Medium,2026-03-22,2026-04-01,2026-03-25,Completed,4.1,cable
WO-0005797,AST-00620,Corrective,Medium,2026-03-22,2026-04-01,2026-03-26,Completed,5.8,power
WO-0005979,AST-00840,Corrective,High,2026-03-22,2026-03-27,2026-03-24,Completed,6.2,cable
WO-0005983,AST-00858,Corrective,Medium,2026-03-22,2026-04-01,2026-03-24,Completed,3.0,third_rail
WO-0005994,AST-00872,Corrective,Medium,2026-03-22,2026-04-01,2026-03-23,Completed,7.7,power
WO-0006032,AST-00902,Corrective,High,2026-03-22,2026-03-27,2026-03-23,Completed,6.1,breaker
WO-0006059,AST-00937,Corrective,Medium,2026-03-22,2026-04-01,2026-03-23,Completed,6.7,third_rail
WO-0006087,AST-00974,Corrective,High,2026-03-22,2026-03-27,2026-03-25,Completed,3.8,third_rail
WO-0006099,AST-00994,Corrective,Medium,2026-03-22,2026-04-01,2026-03-23,Completed,8.7,breaker
WO-0006102,AST-00996,Corrective,Medium,2026-03-22,2026-04-01,2026-03-23,Completed,5.2,cable
WO-0001135,AST-00291,Preventive,Medium,2026-03-23,2026-04-02,2026-03-27,Completed,6.9,third_rail
WO-0002193,AST-00561,Preventive,Medium,2026-03-23,2026-04-02,2026-03-28,Completed,4.4,power
WO-0002680,AST-00682,Preventive,Medium,2026-03-23,2026-04-02,2026-03-29,Completed,6.4,breaker
WO-0002966,AST-00753,Preventive,Medium,2026-03-23,2026-04-02,2026-03-24,Completed,4.8,breaker
WO-0003968,AST-00997,Preventive,Medium,2026-03-23,2026-04-02,2026-03-25,Completed,5.8,cable
WO-0004406,AST-00296,Corrective,High,2026-03-23,2026-03-28,2026-03-26,Completed,8.1,third_rail
WO-0004842,AST-00616,Corrective,High,2026-03-23,2026-03-28,2026-03-31,Completed,3.3,cable
WO-0005147,AST-00832,Corrective,Medium,2026-03-23,2026-04-02,2026-04-04,Completed,6.9,cable
WO-0005398,AST-00005,Corrective,Medium,2026-03-23,2026-04-02,2026-03-26,Completed,6.3,power
WO-0005401,AST-00014,Corrective,Medium,2026-03-23,2026-04-02,2026-03-28,Completed,4.6,third_rail
WO-0005497,AST-00150,Corrective,High,2026-03-23,2026-03-28,2026-03-25,Completed,7.3,power
WO-0005636,AST-00348,Corrective,High,2026-03-23,2026-03-28,2026-03-23,Completed,8.5,breaker
WO-0005726,AST-00531,Corrective,Medium,2026-03-23,2026-04-02,2026-03-25,Completed,8.5,cable
WO-0005787,AST-00610,Corrective,Medium,2026-03-23,2026-04-02,2026-03-24,Completed,7.1,cable
WO-0005850,AST-00676,Corrective,Medium,2026-03-23,2026-04-02,2026-03-31,Completed,5.7,breaker
WO-0005918,AST-00770,Corrective,High,2026-03-23,2026-03-28,2026-03-24,Completed,4.0,cable
WO-0005951,AST-00803,Corrective,Medium,2026-03-23,2026-04-02,2026-03-26,Completed,8.2,third_rail
WO-0005964,AST-00818,Corrective,High,2026-03-23,2026-03-28,2026-03-24,Completed,3.5,cable
WO-0006025,AST-00898,Corrective,Medium,2026-03-23,2026-04-02,2026-03-27,Completed,4.8,breaker
WO-0006036,AST-00903,Corrective,Medium,2026-03-23,2026-04-02,2026-03-27,Completed,8.8,power
WO-0006043,AST-00908,Corrective,High,2026-03-23,2026-03-28,2026-03-24,Completed,5.8,power
WO-0006076,AST-00953,Corrective,Medium,2026-03-23,2026-04-02,2026-03-27,Completed,3.4,breaker
WO-0006089,AST-00983,Corrective,Medium,2026-03-23,2026-04-02,2026-03-27,Completed,6.0,cable
WO-0000166,AST-00043,Preventive,Medium,2026-03-24,2026-04-03,2026-03-25,Completed,3.2,cable
WO-0000211,AST-00053,Preventive,Medium,2026-03-24,2026-04-03,2026-03-25,Completed,5.0,third_rail
WO-0000702,AST-00179,Preventive,Medium,2026-03-24,2026-04-03,2026-03-26,Completed,4.2,third_rail
WO-0001566,AST-00400,Preventive,Medium,2026-03-24,2026-04-03,2026-03-27,Completed,5.8,cable
WO-0001681,AST-00428,Preventive,Medium,2026-03-24,2026-04-03,2026-03-26,Completed,4.6,third_rail
WO-0004097,AST-00084,Corrective,Medium,2026-03-24,2026-04-03,2026-03-26,Completed,5.6,power
WO-0004299,AST-00218,Corrective,Medium,2026-03-24,2026-04-03,2026-03-28,Completed,8.3,power
WO-0005399,AST-00011,Corrective,Medium,2026-03-24,2026-04-03,2026-03-27,Completed,6.1,breaker
WO-0005403,AST-00017,Corrective,Medium,2026-03-24,2026-04-03,2026-03-30,Completed,6.0,cable
WO-0005405,AST-00019,Corrective,Medium,2026-03-24,2026-04-03,2026-03-24,Completed,4.8,third_rail
WO-0005414,AST-00039,Corrective,High,2026-03-24,2026-03-29,2026-03-27,Completed,3.4,breaker
WO-0005428,AST-00075,Corrective,Medium,2026-03-24,2026-04-03,2026-03-28,Completed,5.4,power
WO-0005439,AST-00093,Corrective,Medium,2026-03-24,2026-04-03,2026-03-25,Completed,3.7,cable
WO-0005442,AST-00096,Corrective,Medium,2026-03-24,2026-04-03,2026-03-27,Completed,5.7,cable
WO-0005473,AST-00131,Corrective,Medium,2026-03-24,2026-04-03,2026-03-31,Completed,5.4,power
WO-0005489,AST-00148,Corrective,Medium,2026-03-24,2026-04-03,2026-03-24,Completed,8.4,cable
WO-0005524,AST-00169,Corrective,Medium,2026-03-24,2026-04-03,2026-04-02,Completed,7.4,breaker
WO-0005575,AST-00240,Corrective,Medium,2026-03-24,2026-04-03,2026-03-26,Completed,6.9,power
WO-0005605,AST-00284,Corrective,High,2026-03-24,2026-03-29,2026-03-27,Completed,6.1,breaker
WO-0005607,AST-00287,Corrective,Medium,2026-03-24,2026-04-03,2026-03-28,Completed,6.0,power
WO-0005615,AST-00296,Corrective,High,2026-03-24,2026-03-29,2026-03-27,Completed,6.9,third_rail
WO-0005666,AST-00388,Corrective,Medium,2026-03-24,2026-04-03,2026-03-27,Completed,3.5,third_rail
WO-0005674,AST-00400,Corrective,High,2026-03-24,2026-03-29,,Open,4.9,cable
WO-0005679,AST-00411,Corrective,Medium,2026-03-24,2026-04-03,2026-03-26,Completed,7.7,cable
WO-0005683,AST-00413,Corrective,High,2026-03-24,2026-03-29,2026-03-25,Completed,3.6,power
WO-0005715,AST-00498,Corrective,Medium,2026-03-24,2026-04-03,2026-03-28,Completed,4.1,cable
WO-0005739,AST-00544,Corrective,Medium,2026-03-24,2026-04-03,2026-03-29,Completed,7.5,third_rail
WO-0005742,AST-00545,Corrective,Medium,2026-03-24,2026-04-03,2026-03-28,Completed,4.3,power
WO-0005745,AST-00547,Corrective,High,2026-03-24,2026-03-29,,Open,5.5,breaker
WO-0005760,AST-00570,Corrective,Medium,2026-03-24,2026-04-03,2026-03-26,Completed,5.1,cable
WO-0005825,AST-00649,Corrective,High,2026-03-24,2026-03-29,2026-03-29,Completed,6.9,cable
WO-0005870,AST-00707,Corrective,Medium,2026-03-24,2026-04-03,2026-03-25,Completed,4.9,third_rail
WO-0005877,AST-00710,Corrective,Medium,2026-03-24,2026-04-03,2026-03-28,Completed,8.4,cable
WO-0005890,AST-00731,Corrective,High,2026-03-24,2026-03-29,2026-03-26,Completed,9.2,breaker
WO-0005937,AST-00793,Corrective,Medium,2026-03-24,2026-04-03,,Open,5.2,breaker
WO-0005946,AST-00799,Corrective,Medium,2026-03-24,2026-04-03,2026-03-28,Completed,2.8,cable
WO-0006017,AST-00894,Corrective,Medium,2026-03-24,2026-04-03,2026-03-25,Completed,7.6,power
WO-0006039,AST-00906,Corrective,High,2026-03-24,2026-03-29,2026-03-26,Completed,7.1,cable
WO-0001127,AST-00289,Preventive,Medium,2026-03-25,2026-04-04,2026-03-25,Completed,4.9,cable
WO-0002011,AST-00516,Preventive,Medium,2026-03-25,2026-04-04,2026-03-27,Completed,2.8,power
WO-0002183,AST-00559,Preventive,Medium,2026-03-25,2026-04-04,2026-03-28,Completed,5.9,cable
WO-0003434,AST-00867,Preventive,Medium,2026-03-25,2026-04-04,2026-04-01,Completed,6.6,third_rail
WO-0003636,AST-00914,Preventive,Medium,2026-03-25,2026-04-04,2026-03-28,Completed,5.2,third_rail
WO-0005357,AST-00974,Corrective,Medium,2026-03-25,2026-04-04,2026-03-27,Completed,7.3,third_rail
WO-0005531,AST-00172,Corrective,Medium,2026-03-25,2026-04-04,2026-03-26,Completed,6.9,cable
WO-0005584,AST-00256,Corrective,Medium,2026-03-25,2026-04-04,2026-03-27,Completed,4.1,cable
WO-0005590,AST-00262,Corrective,Medium,2026-03-25,2026-04-04,2026-03-27,Completed,7.7,third_rail
WO-0005638,AST-00352,Corrective,Medium,2026-03-25,2026-04-04,2026-03-27,Completed,2.0,power
WO-0005660,AST-00387,Corrective,Medium,2026-03-25,2026-04-04,2026-03-28,Completed,7.4,cable
WO-0005686,AST-00414,Corrective,High,2026-03-25,2026-03-30,2026-03-28,Completed,8.2,third_rail
WO-0005807,AST-00624,Corrective,High,2026-03-25,2026-03-30,2026-03-31,Completed,8.1,cable
WO-0005957,AST-00809,Corrective,Medium,2026-03-25,2026-04-04,2026-03-26,Completed,7.4,cable
WO-0006067,AST-00943,Corrective,Medium,2026-03-25,2026-04-04,2026-03-25,Completed,3.6,power
WO-0001055,AST-00270,Preventive,Medium,2026-03-26,2026-04-05,2026-03-27,Completed,4.0,power
WO-0002831,AST-00719,Preventive,Medium,2026-03-26,2026-04-05,2026-04-09,Completed,4.8,cable
WO-0004041,AST-00045,Corrective,Medium,2026-03-26,2026-04-05,2026-03-27,Completed,7.3,third_rail
WO-0004051,AST-00050,Corrective,Medium,2026-03-26,2026-04-05,2026-03-26,Completed,3.8,power
WO-0004482,AST-00354,Corrective,Medium,2026-03-26,2026-04-05,2026-03-28,Completed,3.5,cable
WO-0005084,AST-00793,Corrective,High,2026-03-26,2026-03-31,2026-04-03,Completed,5.3,breaker
WO-0005290,AST-00922,Corrective,High,2026-03-26,2026-03-31,2026-03-29,Completed,5.6,third_rail
WO-0005500,AST-00153,Corrective,Medium,2026-03-26,2026-04-05,2026-03-28,Completed,9.4,power
WO-0005558,AST-00227,Corrective,High,2026-03-26,2026-03-31,2026-03-28,Completed,4.5,power
WO-0005561,AST-00228,Corrective,High,2026-03-26,2026-03-31,2026-03-27,Completed,5.0,cable
WO-0005619,AST-00304,Corrective,Medium,2026-03-26,2026-04-05,2026-03-29,Completed,3.5,cable
WO-0005656,AST-00386,Corrective,High,2026-03-26,2026-03-31,2026-04-01,Completed,9.5,third_rail
WO-0005692,AST-00436,Corrective,Medium,2026-03-26,2026-04-05,2026-03-29,Completed,5.3,breaker
WO-0005723,AST-00516,Corrective,Medium,2026-03-26,2026-04-05,2026-03-30,Completed,5.6,power
WO-0005736,AST-00536,Corrective,High,2026-03-26,2026-03-31,2026-04-01,Completed,5.4,breaker
WO-0005776,AST-00598,Corrective,Medium,2026-03-26,2026-04-05,2026-03-28,Completed,8.3,cable
WO-0005801,AST-00622,Corrective,Medium,2026-03-26,2026-04-05,2026-03-31,Completed,7.7,cable
WO-0005831,AST-00659,Corrective,Medium,2026-03-26,2026-04-05,2026-03-26,Completed,8.6,cable
WO-0005893,AST-00732,Corrective,Medium,2026-03-26,2026-04-05,,Open,9.3,power
WO-0005927,AST-00782,Corrective,High,2026-03-26,2026-03-31,2026-03-27,Completed,6.6,third_rail
WO-0006064,AST-00939,Corrective,High,2026-03-26,2026-03-31,2026-03-31,Completed,6.8,third_rail
WO-0000435,AST-00112,Preventive,Medium,2026-03-27,2026-04-06,2026-03-29,Completed,6.4,breaker
WO-0000966,AST-00247,Preventive,Medium,2026-03-27,2026-04-06,2026-03-31,Completed,4.5,cable
WO-0001723,AST-00439,Preventive,Medium,2026-03-27,2026-04-06,2026-03-29,Completed,5.0,cable
WO-0002805,AST-00714,Preventive,Medium,2026-03-27,2026-04-06,2026-04-06,Completed,4.8,third_rail
WO-0003737,AST-00940,Preventive,Medium,2026-03-27,2026-04-06,2026-03-28,Completed,7.1,power
WO-0003798,AST-00956,Preventive,Medium,2026-03-27,2026-04-06,2026-03-31,Completed,6.3,third_rail
WO-0000546,AST-00141,Preventive,Medium,2026-03-28,2026-04-07,2026-03-31,Completed,7.0,cable
WO-0001305,AST-00333,Preventive,Medium,2026-03-28,2026-04-07,2026-04-03,Completed,4.6,cable
WO-0003865,AST-00972,Preventive,Medium,2026-03-28,2026-04-07,2026-03-29,Completed,3.8,power
WO-0003902,AST-00982,Preventive,Medium,2026-03-28,2026-04-07,,Open,4.9,third_rail
WO-0004960,AST-00698,Corrective,High,2026-03-28,2026-04-02,2026-04-05,Completed,7.2,cable
WO-0005124,AST-00821,Corrective,High,2026-03-28,2026-04-02,2026-03-28,Completed,7.3,power
WO-0005253,AST-00896,Corrective,Medium,2026-03-28,2026-04-07,2026-04-09,Completed,6.5,third_rail
WO-0000296,AST-00075,Preventive,Medium,2026-03-29,2026-04-08,2026-03-30,Completed,4.9,power
WO-0000341,AST-00086,Preventive,Medium,2026-03-29,2026-04-08,,Open,5.2,power
WO-0001275,AST-00326,Preventive,Medium,2026-03-29,2026-04-08,2026-03-31,Completed,3.1,cable
WO-0002730,AST-00695,Preventive,Medium,2026-03-29,2026-04-08,2026-04-04,Completed,5.6,third_rail
WO-0003166,AST-00806,Preventive,Medium,2026-03-29,2026-04-08,2026-04-01,Completed,3.5,power
WO-0003241,AST-00824,Preventive,Medium,2026-03-29,2026-04-08,2026-04-01,Completed,5.5,cable
WO-0003963,AST-00996,Preventive,Medium,2026-03-29,2026-04-08,2026-04-03,Completed,6.4,cable
WO-0004641,AST-00463,Corrective,Medium,2026-03-29,2026-04-08,2026-04-03,Completed,2.9,third_rail
WO-0004858,AST-00626,Corrective,High,2026-03-29,2026-04-03,2026-03-31,Completed,7.4,cable
WO-0000368,AST-00094,Preventive,Medium,2026-03-30,2026-04-09,2026-03-30,Completed,4.5,breaker
WO-0002351,AST-00600,Preventive,Medium,2026-03-30,2026-04-09,2026-03-31,Completed,6.1,cable
WO-0004334,AST-00236,Corrective,Medium,2026-03-30,2026-04-09,2026-04-02,Completed,5.4,third_rail
WO-0003050,AST-00776,Preventive,Medium,2026-03-31,2026-04-10,2026-03-31,Completed,3.4,third_rail
WO-0003393,AST-00858,Preventive,Medium,2026-03-31,2026-04-10,2026-04-06,Completed,4.3,third_rail
WO-0003749,AST-00943,Preventive,Medium,2026-03-31,2026-04-10,2026-04-02,Completed,6.1,power
WO-0003810,AST-00959,Preventive,Medium,2026-03-31,2026-04-10,2026-04-05,Completed,6.1,cable
WO-0004274,AST-00203,Corrective,High,2026-03-31,2026-04-05,2026-04-01,Completed,3.8,cable
WO-0001545,AST-00395,Preventive,Medium,2026-04-01,2026-04-11,2026-04-06,Completed,5.4,power
WO-0003094,AST-00788,Preventive,Medium,2026-04-01,2026-04-11,2026-04-01,Completed,4.1,breaker
WO-0003878,AST-00976,Preventive,Medium,2026-04-01,2026-04-11,2026-04-03,Completed,4.3,cable
WO-0004320,AST-00227,Corrective,High,2026-04-01,2026-04-06,2026-04-06,Completed,3.9,power
WO-0000308,AST-00078,Preventive,Medium,2026-04-02,2026-04-12,2026-04-05,Completed,3.5,cable
WO-0000346,AST-00088,Preventive,Medium,2026-04-02,2026-04-12,2026-04-05,Completed,3.9,cable
WO-0001413,AST-00362,Preventive,Medium,2026-04-02,2026-04-12,2026-04-08,Completed,3.1,power
WO-0002087,AST-00536,Preventive,Medium,2026-04-02,2026-04-12,2026-04-02,Completed,4.3,breaker
WO-0005194,AST-00855,Corrective,Medium,2026-04-02,2026-04-12,2026-04-03,Completed,3.2,breaker
WO-0002814,AST-00716,Preventive,Medium,2026-04-03,2026-04-13,2026-04-07,Completed,6.9,breaker
WO-0002956,AST-00751,Preventive,Medium,2026-04-03,2026-04-13,2026-04-07,Completed,5.0,breaker
WO-0003023,AST-00769,Preventive,Medium,2026-04-03,2026-04-13,2026-04-07,Completed,3.5,power
WO-0003560,AST-00897,Preventive,Medium,2026-04-03,2026-04-13,2026-04-05,Completed,5.4,breaker
WO-0004526,AST-00382,Corrective,Medium,2026-04-03,2026-04-13,2026-04-03,Completed,8.4,third_rail
WO-0005067,AST-00774,Corrective,Medium,2026-04-03,2026-04-13,2026-04-07,Completed,5.4,third_rail
WO-0000406,AST-00104,Preventive,Medium,2026-04-04,2026-04-14,2026-04-05,Completed,3.6,third_rail
WO-0000551,AST-00142,Preventive,Medium,2026-04-04,2026-04-14,2026-04-12,Completed,4.5,cable
WO-0003556,AST-00896,Preventive,Medium,2026-04-04,2026-04-14,2026-04-11,Completed,6.3,third_rail
WO-0004055,AST-00052,Corrective,Medium,2026-04-04,2026-04-14,2026-04-08,Completed,9.8,power
WO-0001171,AST-00299,Preventive,Medium,2026-04-05,2026-04-15,2026-04-16,Completed,3.7,third_rail
WO-0001540,AST-00394,Preventive,Medium,2026-04-05,2026-04-15,2026-04-09,Completed,5.3,cable
WO-0001861,AST-00474,Preventive,Medium,2026-04-05,2026-04-15,2026-04-21,Completed,5.2,power
WO-0002122,AST-00544,Preventive,Medium,2026-04-05,2026-04-15,2026-04-07,Completed,4.0,third_rail
WO-0003890,AST-00979,Preventive,Medium,2026-04-05,2026-04-15,2026-04-05,Completed,8.0,cable
WO-0005125,AST-00822,Corrective,High,2026-04-05,2026-04-10,2026-04-10,Completed,3.6,cable
WO-0001112,AST-00285,Preventive,Medium,2026-04-06,2026-04-16,2026-04-08,Completed,7.6,cable
WO-0002401,AST-00613,Preventive,Medium,2026-04-06,2026-04-16,2026-04-06,Completed,6.2,third_rail
WO-0002936,AST-00747,Preventive,Medium,2026-04-06,2026-04-16,2026-04-10,Completed,4.0,breaker
WO-0004343,AST-00242,Corrective,Medium,2026-04-06,2026-04-16,2026-04-07,Completed,4.7,third_rail
WO-0005231,AST-00879,Corrective,High,2026-04-06,2026-04-11,2026-04-14,Completed,7.5,cable
WO-0001713,AST-00437,Preventive,Medium,2026-04-07,2026-04-17,2026-04-09,Completed,5.5,power
WO-0002607,AST-00665,Preventive,Medium,2026-04-07,2026-04-17,2026-04-13,Completed,5.3,breaker
WO-0003200,AST-00814,Preventive,Medium,2026-04-07,2026-04-17,2026-04-10,Completed,6.9,cable
WO-0003922,AST-00986,Preventive,Medium,2026-04-07,2026-04-17,2026-04-12,Completed,4.4,third_rail
WO-0004689,AST-00503,Corrective,High,2026-04-07,2026-04-12,2026-04-08,Completed,6.1,third_rail
WO-0005343,AST-00963,Corrective,Medium,2026-04-07,2026-04-17,2026-04-09,Completed,5.1,power
WO-0000444,AST-00114,Preventive,Medium,2026-04-08,2026-04-18,,Open,5.6,cable
WO-0002615,AST-00667,Preventive,Medium,2026-04-08,2026-04-18,2026-04-08,Completed,4.5,third_rail
WO-0003589,AST-00903,Preventive,Medium,2026-04-08,2026-04-18,2026-04-11,Completed,7.5,power
WO-0003690,AST-00928,Preventive,Medium,2026-04-08,2026-04-18,2026-04-10,Completed,5.3,third_rail
WO-0004110,AST-00098,Corrective,Medium,2026-04-08,2026-04-18,2026-04-08,Completed,6.1,power
WO-0004326,AST-00230,Corrective,Critical,2026-04-08,2026-04-10,2026-04-11,Completed,10.7,power
WO-0004453,AST-00326,Corrective,Critical,2026-04-08,2026-04-10,2026-04-09,Completed,8.0,cable
WO-0004695,AST-00506,Corrective,High,2026-04-08,2026-04-13,2026-04-11,Completed,6.8,third_rail
WO-0000324,AST-00082,Preventive,Medium,2026-04-09,2026-04-19,2026-04-09,Completed,4.8,cable
WO-0000698,AST-00178,Preventive,Medium,2026-04-09,2026-04-19,2026-04-16,Completed,5.4,third_rail
WO-0003374,AST-00854,Preventive,Medium,2026-04-09,2026-04-19,2026-04-15,Completed,5.0,third_rail
WO-0004431,AST-00313,Corrective,High,2026-04-09,2026-04-14,2026-04-11,Completed,2.7,breaker
WO-0005042,AST-00758,Corrective,High,2026-04-09,2026-04-14,2026-04-13,Completed,5.4,third_rail
WO-0000882,AST-00225,Preventive,Medium,2026-04-10,2026-04-20,2026-04-13,Completed,5.0,breaker
WO-0001974,AST-00507,Preventive,Medium,2026-04-10,2026-04-20,2026-04-10,Completed,4.1,breaker
WO-0002661,AST-00678,Preventive,Medium,2026-04-10,2026-04-20,2026-04-11,Completed,4.9,cable
WO-0003472,AST-00877,Preventive,Medium,2026-04-10,2026-04-20,2026-04-18,Completed,6.3,breaker
WO-0004140,AST-00117,Corrective,High,2026-04-10,2026-04-15,2026-04-12,Completed,4.7,third_rail
WO-0001889,AST-00482,Preventive,Medium,2026-04-11,2026-04-21,2026-04-14,Completed,3.8,breaker
WO-0002753,AST-00700,Preventive,Medium,2026-04-11,2026-04-21,2026-04-13,Completed,2.5,breaker
WO-0003360,AST-00851,Preventive,Medium,2026-04-11,2026-04-21,2026-04-14,Completed,2.7,power
WO-0003813,AST-00960,Preventive,Medium,2026-04-11,2026-04-21,2026-04-14,Completed,4.6,cable
WO-0000070,AST-00020,Preventive,Medium,2026-04-12,2026-04-22,2026-04-14,Completed,7.9,cable
WO-0000475,AST-00122,Preventive,Medium,2026-04-12,2026-04-22,2026-04-17,Completed,5.2,cable
WO-0001670,AST-00425,Preventive,Medium,2026-04-12,2026-04-22,2026-04-15,Completed,6.9,cable
WO-0001998,AST-00513,Preventive,Medium,2026-04-12,2026-04-22,2026-04-19,Completed,5.5,power
WO-0003706,AST-00932,Preventive,Medium,2026-04-12,2026-04-22,2026-04-15,Completed,4.2,breaker
WO-0004043,AST-00048,Corrective,Medium,2026-04-12,2026-04-22,2026-04-14,Completed,7.2,breaker
WO-0004496,AST-00360,Corrective,High,2026-04-12,2026-04-17,2026-04-15,Completed,7.7,cable
WO-0003285,AST-00833,Preventive,Medium,2026-04-13,2026-04-23,2026-04-16,Completed,4.6,breaker
WO-0004396,AST-00284,Corrective,Critical,2026-04-13,2026-04-15,2026-04-16,Completed,5.7,breaker
WO-0004444,AST-00320,Corrective,Medium,2026-04-13,2026-04-23,2026-04-14,Completed,6.0,third_rail
WO-0000560,AST-00144,Preventive,Medium,2026-04-14,2026-04-24,2026-04-18,Completed,2.7,cable
WO-0000861,AST-00219,Preventive,Medium,2026-04-14,2026-04-24,2026-04-19,Completed,4.8,third_rail
WO-0002246,AST-00575,Preventive,Medium,2026-04-14,2026-04-24,2026-04-14,Completed,2.4,third_rail
WO-0003413,AST-00862,Preventive,Medium,2026-04-14,2026-04-24,2026-04-18,Completed,5.0,cable
WO-0003542,AST-00892,Preventive,Medium,2026-04-14,2026-04-24,2026-04-14,Completed,5.4,third_rail
WO-0005181,AST-00847,Corrective,High,2026-04-14,2026-04-19,2026-04-16,Completed,6.5,breaker
WO-0000440,AST-00113,Preventive,Medium,2026-04-15,2026-04-25,2026-04-19,Completed,5.1,breaker
WO-0000471,AST-00121,Preventive,Medium,2026-04-15,2026-04-25,2026-04-17,Completed,5.5,cable
WO-0001255,AST-00321,Preventive,Medium,2026-04-15,2026-04-25,2026-04-24,Completed,6.1,third_rail
WO-0001905,AST-00488,Preventive,Medium,2026-04-15,2026-04-25,2026-04-24,Completed,5.3,breaker
WO-0003989,AST-00008,Corrective,Medium,2026-04-15,2026-04-25,2026-04-16,Completed,7.8,third_rail
WO-0004916,AST-00672,Corrective,Medium,2026-04-15,2026-04-25,2026-04-18,Completed,6.7,cable
WO-0000956,AST-00245,Preventive,Medium,2026-04-16,2026-04-26,2026-04-17,Completed,3.8,cable
WO-0001459,AST-00372,Preventive,Medium,2026-04-16,2026-04-26,2026-04-16,Completed,6.6,breaker
WO-0002307,AST-00590,Preventive,Medium,2026-04-16,2026-04-26,2026-04-18,Completed,3.5,power
WO-0000457,AST-00118,Preventive,Medium,2026-04-17,2026-04-27,2026-04-23,Completed,3.8,cable
WO-0000878,AST-00224,Preventive,Medium,2026-04-17,2026-04-27,2026-04-20,Completed,5.5,third_rail
WO-0001443,AST-00368,Preventive,Medium,2026-04-17,2026-04-27,2026-04-22,Completed,6.0,cable
WO-0002213,AST-00567,Preventive,Medium,2026-04-17,2026-04-27,2026-04-19,Completed,4.5,third_rail
WO-0005113,AST-00814,Corrective,Medium,2026-04-17,2026-04-27,2026-04-23,Completed,9.0,cable
WO-0004559,AST-00407,Corrective,Medium,2026-04-18,2026-04-28,2026-04-22,Completed,5.6,breaker
WO-0001195,AST-00307,Preventive,Medium,2026-04-19,2026-04-29,2026-04-21,Completed,3.1,breaker
WO-0001214,AST-00311,Preventive,Medium,2026-04-19,2026-04-29,2026-04-20,Completed,4.2,cable
WO-0001970,AST-00506,Preventive,Medium,2026-04-19,2026-04-29,2026-04-25,Completed,5.7,third_rail
WO-0002038,AST-00523,Preventive,Medium,2026-04-19,2026-04-29,,Open,7.6,power
WO-0002861,AST-00728,Preventive,Medium,2026-04-19,2026-04-29,2026-04-24,Completed,5.0,power
WO-0003038,AST-00773,Preventive,Medium,2026-04-19,2026-04-29,2026-04-22,Completed,4.9,cable
WO-0003724,AST-00937,Preventive,Medium,2026-04-19,2026-04-29,2026-04-22,Completed,4.0,third_rail
WO-0004094,AST-00081,Corrective,High,2026-04-19,2026-04-24,2026-04-21,Completed,4.8,cable
WO-0004616,AST-00452,Corrective,Critical,2026-04-19,2026-04-21,2026-04-21,Completed,8.7,third_rail
WO-0004734,AST-00537,Corrective,Medium,2026-04-19,2026-04-29,2026-04-19,Completed,6.5,cable
WO-0000091,AST-00024,Preventive,Medium,2026-04-20,2026-04-30,2026-04-21,Completed,4.0,third_rail
WO-0002064,AST-00531,Preventive,Medium,2026-04-20,2026-04-30,2026-04-23,Completed,4.7,cable
WO-0002388,AST-00609,Preventive,Medium,2026-04-20,2026-04-30,2026-04-20,Completed,4.5,cable
WO-0003137,AST-00799,Preventive,Medium,2026-04-20,2026-04-30,2026-04-20,Completed,6.7,cable
WO-0003457,AST-00873,Preventive,Medium,2026-04-20,2026-04-30,2026-04-27,Completed,5.0,third_rail
WO-0003550,AST-00894,Preventive,Medium,2026-04-20,2026-04-30,2026-04-20,Completed,4.3,power
WO-0000086,AST-00023,Preventive,Medium,2026-04-21,2026-05-01,2026-04-21,Completed,5.8,third_rail
WO-0000911,AST-00233,Preventive,Medium,2026-04-21,2026-05-01,2026-04-28,Completed,6.6,third_rail
WO-0001598,AST-00407,Preventive,Medium,2026-04-21,2026-05-01,2026-04-21,Completed,4.6,breaker
WO-0002633,AST-00671,Preventive,Medium,2026-04-21,2026-05-01,2026-04-22,Completed,4.0,power
WO-0003885,AST-00978,Preventive,Medium,2026-04-21,2026-05-01,2026-04-23,Completed,6.0,cable
WO-0004100,AST-00087,Corrective,Critical,2026-04-21,2026-04-23,2026-04-23,Completed,6.8,cable
WO-0004711,AST-00516,Corrective,High,2026-04-21,2026-04-26,2026-04-24,Completed,7.1,power
WO-0005240,AST-00887,Corrective,High,2026-04-21,2026-04-26,2026-04-24,Completed,8.2,breaker
WO-0005256,AST-00899,Corrective,Medium,2026-04-21,2026-05-01,2026-04-26,Completed,6.8,breaker
WO-0000491,AST-00127,Preventive,Medium,2026-04-22,2026-05-02,2026-04-24,Completed,6.5,breaker
WO-0001635,AST-00417,Preventive,Medium,2026-04-22,2026-05-02,2026-04-25,Completed,2.4,power
WO-0001745,AST-00444,Preventive,Medium,2026-04-22,2026-05-02,2026-05-03,Completed,4.3,breaker
WO-0002750,AST-00699,Preventive,Medium,2026-04-22,2026-05-02,2026-04-23,Completed,5.9,cable
WO-0000758,AST-00193,Preventive,Medium,2026-04-23,2026-05-03,2026-04-24,Completed,4.8,power
WO-0002629,AST-00670,Preventive,Medium,2026-04-23,2026-05-03,2026-04-25,Completed,5.8,cable
WO-0003221,AST-00820,Preventive,Medium,2026-04-23,2026-05-03,2026-04-25,Completed,2.3,breaker
WO-0003699,AST-00930,Preventive,Medium,2026-04-23,2026-05-03,2026-04-24,Completed,1.9,cable
WO-0003820,AST-00962,Preventive,Medium,2026-04-23,2026-05-03,2026-04-27,Completed,2.8,cable
WO-0004159,AST-00125,Corrective,High,2026-04-23,2026-04-28,2026-04-27,Completed,5.9,power
WO-0004836,AST-00609,Corrective,Medium,2026-04-23,2026-05-03,2026-04-25,Completed,5.0,cable
WO-0005219,AST-00873,Corrective,Medium,2026-04-23,2026-05-03,2026-04-24,Completed,6.4,third_rail
WO-0000643,AST-00164,Preventive,Medium,2026-04-24,2026-05-04,2026-04-27,Completed,7.0,power
WO-0000952,AST-00244,Preventive,Medium,2026-04-24,2026-05-04,2026-04-27,Completed,4.1,cable
WO-0001283,AST-00328,Preventive,Medium,2026-04-24,2026-05-04,2026-05-01,Completed,4.4,cable
WO-0001378,AST-00354,Preventive,Medium,2026-04-24,2026-05-04,2026-04-30,Completed,3.9,cable
WO-0003171,AST-00807,Preventive,Medium,2026-04-24,2026-05-04,2026-04-25,Completed,4.4,cable
WO-0003182,AST-00810,Preventive,Medium,2026-04-24,2026-05-04,2026-04-25,Completed,6.6,third_rail
WO-0003657,AST-00920,Preventive,Medium,2026-04-24,2026-05-04,2026-04-27,Completed,5.3,cable
WO-0003948,AST-00992,Preventive,Medium,2026-04-24,2026-05-04,2026-04-28,Completed,5.3,third_rail
WO-0004315,AST-00226,Corrective,Medium,2026-04-24,2026-05-04,2026-04-24,Completed,5.6,third_rail
WO-0004322,AST-00228,Corrective,Medium,2026-04-24,2026-05-04,2026-04-26,Completed,6.6,cable
WO-0000685,AST-00175,Preventive,Medium,2026-04-25,2026-05-05,2026-04-28,Completed,5.7,power
WO-0002105,AST-00540,Preventive,Medium,2026-04-25,2026-05-05,2026-05-06,Completed,4.1,third_rail
WO-0002242,AST-00574,Preventive,Medium,2026-04-25,2026-05-05,2026-05-03,Completed,3.5,third_rail
WO-0003013,AST-00767,Preventive,Medium,2026-04-25,2026-05-05,2026-04-28,Completed,6.4,breaker
WO-0003714,AST-00934,Preventive,Medium,2026-04-25,2026-05-05,2026-05-02,Completed,2.1,third_rail
WO-0004488,AST-00357,Corrective,Critical,2026-04-25,2026-04-27,2026-05-01,Completed,8.6,third_rail
WO-0000431,AST-00111,Preventive,Medium,2026-04-26,2026-05-06,2026-05-02,Completed,5.9,cable
WO-0001104,AST-00283,Preventive,Medium,2026-04-26,2026-05-06,2026-04-26,Completed,5.5,breaker
WO-0001218,AST-00312,Preventive,Medium,2026-04-26,2026-05-06,2026-04-27,Completed,8.4,cable
WO-0002023,AST-00519,Preventive,Medium,2026-04-26,2026-05-06,2026-04-28,Completed,6.6,power
WO-0003316,AST-00840,Preventive,Medium,2026-04-26,2026-05-06,2026-04-30,Completed,6.4,cable
WO-0003984,AST-00005,Corrective,High,2026-04-26,2026-05-01,2026-05-03,Completed,4.7,power
WO-0004598,AST-00443,Corrective,Critical,2026-04-26,2026-04-28,2026-04-30,Completed,10.3,cable
WO-0000193,AST-00049,Preventive,Medium,2026-04-27,2026-05-07,2026-05-10,Completed,7.3,cable
WO-0000508,AST-00132,Preventive,Medium,2026-04-27,2026-05-07,2026-04-28,Completed,5.4,third_rail
WO-0004112,AST-00099,Corrective,Medium,2026-04-27,2026-05-07,2026-04-29,Completed,11.4,power
WO-0004652,AST-00470,Corrective,High,2026-04-27,2026-05-02,2026-05-02,Completed,8.6,cable
WO-0005062,AST-00770,Corrective,High,2026-04-27,2026-05-02,2026-04-28,Completed,6.5,cable
WO-0000011,AST-00003,Preventive,Medium,2026-04-28,2026-05-08,2026-05-03,Completed,3.5,third_rail
WO-0002405,AST-00614,Preventive,Medium,2026-04-28,2026-05-08,2026-04-29,Completed,6.1,third_rail
WO-0003246,AST-00825,Preventive,Medium,2026-04-28,2026-05-08,2026-04-30,Completed,5.4,third_rail
WO-0004368,AST-00264,Corrective,Medium,2026-04-28,2026-05-08,2026-04-29,Completed,2.3,power
WO-0000737,AST-00188,Preventive,Medium,2026-04-29,2026-05-09,2026-04-29,Completed,6.2,power
WO-0001994,AST-00512,Preventive,Medium,2026-04-29,2026-05-09,2026-04-30,Completed,4.4,third_rail
WO-0004209,AST-00152,Corrective,High,2026-04-29,2026-05-04,2026-05-10,Completed,6.8,third_rail
WO-0004419,AST-00305,Corrective,High,2026-04-29,2026-05-04,2026-05-02,Completed,4.4,third_rail
WO-0000652,AST-00166,Preventive,Medium,2026-04-30,2026-05-10,2026-05-01,Completed,3.8,breaker
WO-0001024,AST-00262,Preventive,Medium,2026-04-30,2026-05-10,2026-05-04,Completed,3.9,third_rail
WO-0003342,AST-00847,Preventive,Medium,2026-04-30,2026-05-10,2026-05-04,Completed,5.4,breaker
WO-0005061,AST-00770,Corrective,Critical,2026-04-30,2026-05-02,2026-05-03,Completed,9.6,cable
WO-0000858,AST-00218,Preventive,Medium,2026-05-01,2026-05-11,2026-05-03,Completed,3.6,power
WO-0001123,AST-00288,Preventive,Medium,2026-05-01,2026-05-11,2026-05-02,Completed,6.2,breaker
WO-0004821,AST-00599,Corrective,Medium,2026-05-01,2026-05-11,2026-05-03,Completed,5.6,third_rail
WO-0003526,AST-00889,Preventive,Medium,2026-05-02,2026-05-12,2026-05-07,Completed,5.6,power
WO-0003745,AST-00942,Preventive,Medium,2026-05-02,2026-05-12,2026-05-05,Completed,4.9,third_rail
WO-0004105,AST-00093,Corrective,Critical,2026-05-02,2026-05-04,,Open,6.2,cable
WO-0002483,AST-00634,Preventive,Medium,2026-05-03,2026-05-13,2026-05-07,Completed,6.1,breaker
WO-0002600,AST-00663,Preventive,Medium,2026-05-03,2026-05-13,2026-05-04,Completed,7.4,breaker
WO-0003423,AST-00864,Preventive,Medium,2026-05-03,2026-05-13,2026-05-08,Completed,6.8,cable
WO-0004340,AST-00238,Corrective,High,2026-05-03,2026-05-08,2026-05-03,Completed,5.8,third_rail
WO-0004696,AST-00507,Corrective,Medium,2026-05-03,2026-05-13,2026-05-06,Completed,3.9,breaker
WO-0004806,AST-00586,Corrective,Medium,2026-05-03,2026-05-13,2026-05-06,Completed,5.8,cable
WO-0005177,AST-00846,Corrective,Critical,2026-05-03,2026-05-05,,Open,10.9,third_rail
WO-0005325,AST-00945,Corrective,Medium,2026-05-03,2026-05-13,2026-05-04,Completed,5.2,cable
WO-0000206,AST-00052,Preventive,Medium,2026-05-04,2026-05-14,2026-05-04,Completed,5.8,power
WO-0000975,AST-00249,Preventive,Medium,2026-05-04,2026-05-14,2026-05-20,Completed,5.9,breaker
WO-0001768,AST-00450,Preventive,Medium,2026-05-04,2026-05-14,2026-05-09,Completed,8.6,cable
WO-0002534,AST-00647,Preventive,Medium,2026-05-04,2026-05-14,2026-05-09,Completed,2.9,power
WO-0000184,AST-00047,Preventive,Medium,2026-05-05,2026-05-15,2026-05-08,Completed,3.9,breaker
WO-0001163,AST-00297,Preventive,Medium,2026-05-05,2026-05-15,2026-05-08,Completed,3.8,third_rail
WO-0001264,AST-00324,Preventive,Medium,2026-05-05,2026-05-15,2026-05-05,Completed,4.4,cable
WO-0003765,AST-00948,Preventive,Medium,2026-05-05,2026-05-15,2026-05-07,Completed,7.6,third_rail
WO-0001087,AST-00279,Preventive,Medium,2026-05-06,2026-05-16,2026-05-12,Completed,4.8,third_rail
WO-0004363,AST-00262,Corrective,Medium,2026-05-06,2026-05-16,2026-05-11,Completed,6.4,third_rail
WO-0001450,AST-00370,Preventive,Medium,2026-05-07,2026-05-17,2026-05-10,Completed,3.5,third_rail
WO-0001841,AST-00469,Preventive,Medium,2026-05-07,2026-05-17,2026-05-07,Completed,2.5,power
WO-0003018,AST-00768,Preventive,Medium,2026-05-07,2026-05-17,2026-05-08,Completed,4.4,power
WO-0003280,AST-00832,Preventive,Medium,2026-05-07,2026-05-17,2026-05-10,Completed,4.1,cable
WO-0005386,AST-00997,Corrective,Medium,2026-05-07,2026-05-17,2026-05-09,Completed,6.8,cable
WO-0000480,AST-00123,Preventive,Medium,2026-05-08,2026-05-18,2026-05-10,Completed,3.2,power
WO-0002129,AST-00546,Preventive,Medium,2026-05-08,2026-05-18,2026-05-11,Completed,4.9,cable
WO-0002348,AST-00599,Preventive,Medium,2026-05-08,2026-05-18,2026-05-11,Completed,8.8,third_rail
WO-0002573,AST-00656,Preventive,Medium,2026-05-08,2026-05-18,2026-05-12,Completed,7.6,breaker
WO-0004692,AST-00504,Corrective,Medium,2026-05-08,2026-05-18,2026-05-10,Completed,7.1,cable
WO-0000315,AST-00080,Preventive,Medium,2026-05-09,2026-05-19,2026-05-12,Completed,5.2,third_rail
WO-0000383,AST-00098,Preventive,Medium,2026-05-09,2026-05-19,2026-05-13,Completed,6.7,power
WO-0001236,AST-00316,Preventive,Medium,2026-05-09,2026-05-19,2026-05-10,Completed,4.2,breaker
WO-0002003,AST-00514,Preventive,Medium,2026-05-09,2026-05-19,,Open,4.4,breaker
WO-0002260,AST-00578,Preventive,Medium,2026-05-09,2026-05-19,2026-05-12,Completed,3.9,cable
WO-0002358,AST-00602,Preventive,Medium,2026-05-09,2026-05-19,2026-05-11,Completed,5.3,third_rail
WO-0002398,AST-00612,Preventive,Medium,2026-05-09,2026-05-19,2026-05-10,Completed,4.6,cable
WO-0002577,AST-00657,Preventive,Medium,2026-05-09,2026-05-19,2026-05-12,Completed,3.9,third_rail
WO-0003571,AST-00899,Preventive,Medium,2026-05-09,2026-05-19,2026-05-19,Completed,5.2,breaker
WO-0005079,AST-00788,Corrective,High,2026-05-09,2026-05-14,2026-05-12,Completed,4.9,breaker
WO-0005210,AST-00868,Corrective,Medium,2026-05-09,2026-05-19,2026-05-10,Completed,2.0,third_rail
WO-0000033,AST-00009,Preventive,Medium,2026-05-10,2026-05-20,2026-05-24,Completed,5.5,power
WO-0001132,AST-00290,Preventive,Medium,2026-05-10,2026-05-20,2026-05-11,Completed,5.3,power
WO-0002866,AST-00729,Preventive,Medium,2026-05-10,2026-05-20,2026-05-13,Completed,5.6,cable
WO-0003003,AST-00764,Preventive,Medium,2026-05-10,2026-05-20,2026-05-16,Completed,6.6,power
WO-0004409,AST-00296,Corrective,Medium,2026-05-10,2026-05-20,,Open,7.3,third_rail
WO-0000142,AST-00037,Preventive,Medium,2026-05-11,2026-05-21,2026-05-12,Completed,7.0,power
WO-0000282,AST-00072,Preventive,Medium,2026-05-11,2026-05-21,2026-05-12,Completed,2.7,cable
WO-0002429,AST-00621,Preventive,Medium,2026-05-11,2026-05-21,,Open,6.7,third_rail
WO-0003881,AST-00977,Preventive,Medium,2026-05-11,2026-05-21,2026-05-14,Completed,4.6,cable
WO-0005348,AST-00966,Corrective,High,2026-05-11,2026-05-16,2026-05-12,Completed,3.0,cable
WO-0001986,AST-00510,Preventive,Medium,2026-05-12,2026-05-22,,Open,6.5,power
WO-0002894,AST-00736,Preventive,Medium,2026-05-12,2026-05-22,2026-05-16,Completed,1.8,cable
WO-0003231,AST-00822,Preventive,Medium,2026-05-12,2026-05-22,2026-05-13,Completed,4.5,cable
WO-0003546,AST-00893,Preventive,Medium,2026-05-12,2026-05-22,2026-05-13,Completed,5.0,breaker
WO-0003993,AST-00009,Corrective,High,2026-05-12,2026-05-17,2026-05-17,Completed,4.2,power
WO-0004323,AST-00228,Corrective,High,2026-05-12,2026-05-17,2026-05-17,Completed,9.2,cable
WO-0004985,AST-00718,Corrective,High,2026-05-12,2026-05-17,2026-05-14,Completed,3.5,power
WO-0000264,AST-00068,Preventive,Medium,2026-05-13,2026-05-23,2026-05-14,Completed,5.0,breaker
WO-0000331,AST-00084,Preventive,Medium,2026-05-13,2026-05-23,2026-05-25,Completed,1.7,power
WO-0000378,AST-00097,Preventive,Medium,2026-05-13,2026-05-23,,Open,2.5,breaker
WO-0000729,AST-00186,Preventive,Medium,2026-05-13,2026-05-23,2026-05-16,Completed,7.2,cable
WO-0002056,AST-00529,Preventive,Medium,2026-05-13,2026-05-23,2026-05-14,Completed,5.1,third_rail
WO-0004257,AST-00191,Corrective,Medium,2026-05-13,2026-05-23,2026-05-18,Completed,6.7,third_rail
WO-0004564,AST-00410,Corrective,High,2026-05-13,2026-05-18,2026-05-18,Completed,8.6,third_rail
WO-0005135,AST-00827,Corrective,High,2026-05-13,2026-05-18,,Open,11.1,cable
WO-0000201,AST-00051,Preventive,Medium,2026-05-14,2026-05-24,2026-05-17,Completed,3.7,breaker
WO-0001735,AST-00442,Preventive,Medium,2026-05-14,2026-05-24,2026-05-15,Completed,3.2,power
WO-0001757,AST-00447,Preventive,Medium,2026-05-14,2026-05-24,2026-05-15,Completed,5.1,third_rail
WO-0001850,AST-00471,Preventive,Medium,2026-05-14,2026-05-24,2026-05-21,Completed,6.2,cable
WO-0001912,AST-00490,Preventive,Medium,2026-05-14,2026-05-24,2026-05-15,Completed,5.5,cable
WO-0004440,AST-00319,Corrective,Medium,2026-05-14,2026-05-24,2026-05-16,Completed,7.0,breaker
WO-0001325,AST-00339,Preventive,Medium,2026-05-15,2026-05-25,2026-05-16,Completed,4.1,power
WO-0002014,AST-00517,Preventive,Medium,2026-05-15,2026-05-25,2026-05-17,Completed,4.5,breaker
WO-0002638,AST-00672,Preventive,Medium,2026-05-15,2026-05-25,2026-05-16,Completed,6.1,cable
WO-0002685,AST-00683,Preventive,Medium,2026-05-15,2026-05-25,2026-05-16,Completed,3.2,power
WO-0004391,AST-00283,Corrective,Medium,2026-05-15,2026-05-25,2026-05-18,Completed,6.0,breaker
WO-0004730,AST-00534,Corrective,Medium,2026-05-15,2026-05-25,2026-05-16,Completed,6.6,cable
WO-0000762,AST-00194,Preventive,Medium,2026-05-16,2026-05-26,2026-05-18,Completed,6.6,third_rail
WO-0001183,AST-00303,Preventive,Medium,2026-05-16,2026-05-26,2026-05-20,Completed,6.0,cable
WO-0004049,AST-00050,Corrective,Medium,2026-05-16,2026-05-26,2026-05-23,Completed,7.8,power
WO-0004189,AST-00143,Corrective,Medium,2026-05-16,2026-05-26,2026-05-18,Completed,6.8,third_rail
WO-0001616,AST-00411,Preventive,Medium,2026-05-17,2026-05-27,2026-06-02,Completed,4.6,cable
WO-0002418,AST-00618,Preventive,Medium,2026-05-17,2026-05-27,2026-05-17,Completed,5.7,breaker
WO-0003027,AST-00770,Preventive,Medium,2026-05-17,2026-05-27,2026-05-18,Completed,5.8,cable
WO-0003054,AST-00777,Preventive,Medium,2026-05-17,2026-05-27,2026-05-23,Completed,6.9,cable
WO-0001455,AST-00371,Preventive,Medium,2026-05-18,2026-05-28,2026-05-20,Completed,7.8,third_rail
WO-0001856,AST-00473,Preventive,Medium,2026-05-18,2026-05-28,2026-05-18,Completed,4.7,power
WO-0001880,AST-00479,Preventive,Medium,2026-05-18,2026-05-28,2026-05-22,Completed,5.9,cable
WO-0002018,AST-00518,Preventive,Medium,2026-05-18,2026-05-28,2026-05-22,Completed,7.4,cable
WO-0002168,AST-00555,Preventive,Medium,2026-05-18,2026-05-28,2026-05-25,Completed,6.1,power
WO-0004143,AST-00119,Corrective,Medium,2026-05-18,2026-05-28,2026-05-18,Completed,6.4,cable
WO-0004193,AST-00144,Corrective,High,2026-05-18,2026-05-23,2026-05-19,Completed,7.1,cable
WO-0005267,AST-00906,Corrective,High,2026-05-18,2026-05-23,2026-05-21,Completed,6.9,cable
WO-0000424,AST-00109,Preventive,Medium,2026-05-19,2026-05-29,2026-05-19,Completed,5.3,power
WO-0003364,AST-00852,Preventive,Medium,2026-05-19,2026-05-29,,Open,6.4,breaker
WO-0004128,AST-00111,Corrective,Medium,2026-05-19,2026-05-29,2026-05-19,Completed,8.3,cable
WO-0005005,AST-00733,Corrective,Medium,2026-05-19,2026-05-29,2026-05-21,Completed,6.0,power
WO-0000670,AST-00170,Preventive,Medium,2026-05-20,2026-05-30,2026-05-25,Completed,6.8,third_rail
WO-0000915,AST-00234,Preventive,Medium,2026-05-20,2026-05-30,2026-05-20,Completed,5.0,cable
WO-0002286,AST-00585,Preventive,Medium,2026-05-20,2026-05-30,2026-05-21,Completed,5.1,third_rail
WO-0003267,AST-00829,Preventive,Medium,2026-05-20,2026-05-30,2026-05-20,Completed,4.3,third_rail
WO-0003499,AST-00882,Preventive,Medium,2026-05-20,2026-05-30,2026-05-25,Completed,5.9,cable
WO-0003537,AST-00891,Preventive,Medium,2026-05-20,2026-05-30,2026-05-21,Completed,6.7,breaker
WO-0004292,AST-00214,Corrective,High,2026-05-20,2026-05-25,2026-05-22,Completed,9.7,third_rail
WO-0004423,AST-00306,Corrective,High,2026-05-20,2026-05-25,2026-05-21,Completed,5.4,cable
WO-0004530,AST-00383,Corrective,Medium,2026-05-20,2026-05-30,2026-05-21,Completed,9.6,third_rail
WO-0004726,AST-00533,Corrective,High,2026-05-20,2026-05-25,,Open,6.4,breaker
WO-0005126,AST-00822,Corrective,Critical,2026-05-20,2026-05-22,2026-05-22,Completed,8.7,cable
WO-0001152,AST-00295,Preventive,Medium,2026-05-21,2026-05-31,2026-05-27,Completed,2.3,third_rail
WO-0001926,AST-00494,Preventive,Medium,2026-05-21,2026-05-31,2026-05-24,Completed,5.8,breaker
WO-0003204,AST-00815,Preventive,Medium,2026-05-21,2026-05-31,2026-05-24,Completed,5.0,power
WO-0004792,AST-00572,Corrective,High,2026-05-21,2026-05-26,2026-05-28,Completed,7.9,third_rail
WO-0002509,AST-00640,Preventive,Medium,2026-05-22,2026-06-01,2026-05-24,Completed,4.4,third_rail
WO-0003839,AST-00966,Preventive,Medium,2026-05-22,2026-06-01,2026-05-23,Completed,4.5,cable
WO-0003875,AST-00975,Preventive,Medium,2026-05-22,2026-06-01,2026-05-25,Completed,4.7,breaker
WO-0004124,AST-00106,Corrective,Medium,2026-05-22,2026-06-01,2026-05-27,Completed,7.8,cable
WO-0004418,AST-00305,Corrective,High,2026-05-22,2026-05-27,,Open,4.3,third_rail
WO-0004808,AST-00587,Corrective,Medium,2026-05-22,2026-06-01,2026-05-26,Completed,7.6,power
WO-0004868,AST-00637,Corrective,High,2026-05-22,2026-05-27,2026-05-24,Completed,7.2,cable
WO-0005331,AST-00954,Corrective,High,2026-05-22,2026-05-27,2026-05-28,Completed,6.8,power
WO-0000985,AST-00252,Preventive,Medium,2026-05-23,2026-06-02,2026-05-24,Completed,7.7,third_rail
WO-0001557,AST-00398,Preventive,Medium,2026-05-23,2026-06-02,2026-05-25,Completed,5.3,breaker
WO-0001700,AST-00433,Preventive,Medium,2026-05-23,2026-06-02,,Open,5.3,cable
WO-0002028,AST-00520,Preventive,Medium,2026-05-23,2026-06-02,2026-05-24,Completed,3.0,third_rail
WO-0002270,AST-00581,Preventive,Medium,2026-05-23,2026-06-02,2026-06-01,Completed,4.5,cable
WO-0002785,AST-00707,Preventive,Medium,2026-05-23,2026-06-02,2026-06-05,Completed,3.9,third_rail
WO-0003106,AST-00791,Preventive,Medium,2026-05-23,2026-06-02,2026-05-26,Completed,5.4,breaker
WO-0001371,AST-00352,Preventive,Medium,2026-05-24,2026-06-03,2026-05-27,Completed,4.3,power
WO-0003156,AST-00804,Preventive,Medium,2026-05-24,2026-06-03,2026-05-28,Completed,4.8,cable
WO-0003333,AST-00845,Preventive,Medium,2026-05-24,2026-06-03,2026-05-26,Completed,3.1,power
WO-0003720,AST-00936,Preventive,Medium,2026-05-24,2026-06-03,2026-05-26,Completed,6.2,breaker
WO-0003805,AST-00958,Preventive,Medium,2026-05-24,2026-06-03,2026-05-26,Completed,4.6,cable
WO-0004504,AST-00365,Corrective,Medium,2026-05-24,2026-06-03,2026-05-25,Completed,2.7,cable
WO-0004951,AST-00693,Corrective,Critical,2026-05-24,2026-05-26,2026-05-24,Completed,8.4,breaker
WO-0003121,AST-00795,Preventive,Medium,2026-05-25,2026-06-04,2026-05-28,Completed,4.8,power
WO-0004012,AST-00026,Corrective,Medium,2026-05-25,2026-06-04,2026-05-25,Completed,6.4,breaker
WO-0000787,AST-00200,Preventive,Medium,2026-05-26,2026-06-05,2026-05-27,Completed,5.4,breaker
WO-0001432,AST-00366,Preventive,Medium,2026-05-26,2026-06-05,2026-06-02,Completed,5.1,cable
WO-0003408,AST-00861,Preventive,Medium,2026-05-26,2026-06-05,2026-05-28,Completed,5.4,cable
WO-0005358,AST-00974,Corrective,High,2026-05-26,2026-05-31,2026-05-26,Completed,4.2,third_rail
WO-0000949,AST-00243,Preventive,Medium,2026-05-27,2026-06-06,2026-05-31,Completed,4.9,breaker
WO-0003934,AST-00989,Preventive,Medium,2026-05-27,2026-06-06,2026-05-29,Completed,5.7,breaker
WO-0004869,AST-00640,Corrective,Medium,2026-05-27,2026-06-06,2026-05-29,Completed,5.0,third_rail
WO-0001833,AST-00467,Preventive,Medium,2026-05-28,2026-06-07,2026-05-29,Completed,7.1,cable
WO-0002769,AST-00704,Preventive,Medium,2026-05-28,2026-06-07,2026-05-31,Completed,5.6,third_rail
WO-0000542,AST-00140,Preventive,Medium,2026-05-29,2026-06-08,2026-05-30,Completed,3.6,power
WO-0002810,AST-00715,Preventive,Medium,2026-05-29,2026-06-08,2026-05-31,Completed,6.0,third_rail
WO-0003098,AST-00789,Preventive,Medium,2026-05-29,2026-06-08,2026-06-04,Completed,3.5,third_rail
WO-0001401,AST-00359,Preventive,Medium,2026-05-30,2026-06-09,2026-06-04,Completed,5.2,cable
WO-0002379,AST-00607,Preventive,Medium,2026-05-30,2026-06-09,2026-06-01,Completed,5.5,third_rail
WO-0003129,AST-00797,Preventive,Medium,2026-05-30,2026-06-09,2026-06-01,Completed,6.8,power
WO-0001726,AST-00440,Preventive,Medium,2026-05-31,2026-06-10,2026-06-03,Completed,1.5,cable
WO-0002383,AST-00608,Preventive,Medium,2026-05-31,2026-06-10,2026-06-01,Completed,3.3,power
WO-0002522,AST-00644,Preventive,Medium,2026-05-31,2026-06-10,2026-06-03,Completed,5.1,breaker
WO-0003270,AST-00830,Preventive,Medium,2026-05-31,2026-06-10,2026-06-03,Completed,7.7,breaker
WO-0003576,AST-00900,Preventive,Medium,2026-05-31,2026-06-10,2026-06-14,Completed,2.0,cable
WO-0004134,AST-00114,Corrective,Critical,2026-05-31,2026-06-02,2026-06-04,Completed,7.7,cable
WO-0004541,AST-00392,Corrective,Critical,2026-05-31,2026-06-02,,Open,3.3,power
WO-0004737,AST-00539,Corrective,Medium,2026-05-31,2026-06-10,2026-06-01,Completed,5.8,power
WO-0001916,AST-00491,Preventive,Medium,2026-06-01,2026-06-11,2026-06-03,Completed,5.5,cable
WO-0002696,AST-00686,Preventive,Medium,2026-06-01,2026-06-11,2026-06-02,Completed,2.8,breaker
WO-0003682,AST-00926,Preventive,Medium,2026-06-01,2026-06-11,2026-06-02,Completed,5.7,breaker
WO-0004028,AST-00037,Corrective,Medium,2026-06-01,2026-06-11,2026-06-04,Completed,9.5,power
WO-0004068,AST-00058,Corrective,Medium,2026-06-01,2026-06-11,2026-06-11,Completed,7.1,cable
WO-0004341,AST-00238,Corrective,High,2026-06-01,2026-06-06,2026-06-02,Completed,9.2,third_rail
WO-0000356,AST-00090,Preventive,Medium,2026-06-02,2026-06-12,2026-06-05,Completed,5.4,cable
WO-0000539,AST-00139,Preventive,Medium,2026-06-02,2026-06-12,2026-06-04,Completed,4.9,third_rail
WO-0000990,AST-00253,Preventive,Medium,2026-06-02,2026-06-12,2026-06-06,Completed,6.6,cable
WO-0002216,AST-00568,Preventive,Medium,2026-06-02,2026-06-12,2026-06-04,Completed,4.5,power
WO-0002280,AST-00583,Preventive,Medium,2026-06-02,2026-06-12,2026-06-05,Completed,3.3,power
WO-0002588,AST-00660,Preventive,Medium,2026-06-02,2026-06-12,,Open,6.3,breaker
WO-0003187,AST-00811,Preventive,Medium,2026-06-02,2026-06-12,2026-06-08,Completed,8.6,power
WO-0004918,AST-00672,Corrective,Medium,2026-06-02,2026-06-12,2026-06-02,Completed,7.5,cable
WO-0005258,AST-00901,Corrective,Critical,2026-06-02,2026-06-04,2026-06-09,Completed,7.5,cable
WO-0000608,AST-00156,Preventive,Medium,2026-06-03,2026-06-13,2026-06-04,Completed,3.8,cable
WO-0002844,AST-00722,Preventive,Medium,2026-06-03,2026-06-13,2026-06-06,Completed,6.2,cable
WO-0003768,AST-00949,Preventive,Medium,2026-06-03,2026-06-13,2026-06-04,Completed,4.6,third_rail
WO-0004637,AST-00460,Corrective,Medium,2026-06-03,2026-06-13,2026-06-08,Completed,6.1,cable
WO-0004980,AST-00715,Corrective,High,2026-06-03,2026-06-08,2026-06-04,Completed,7.0,third_rail
WO-0000060,AST-00017,Preventive,Medium,2026-06-04,2026-06-14,2026-06-09,Completed,4.0,cable
WO-0001139,AST-00292,Preventive,Medium,2026-06-04,2026-06-14,2026-06-10,Completed,4.4,power
WO-0001232,AST-00315,Preventive,Medium,2026-06-04,2026-06-14,2026-06-09,Completed,2.9,breaker
WO-0001611,AST-00410,Preventive,Medium,2026-06-04,2026-06-14,2026-06-04,Completed,3.6,third_rail
WO-0003439,AST-00868,Preventive,Medium,2026-06-04,2026-06-14,2026-06-06,Completed,6.1,third_rail
WO-0004222,AST-00165,Corrective,Medium,2026-06-04,2026-06-14,2026-06-10,Completed,6.5,cable
WO-0004378,AST-00270,Corrective,Medium,2026-06-04,2026-06-14,2026-06-06,Completed,7.2,power
WO-0000005,AST-00001,Preventive,Medium,2026-06-05,2026-06-15,2026-06-05,Completed,3.6,third_rail
WO-0001099,AST-00282,Preventive,Medium,2026-06-05,2026-06-15,2026-06-08,Completed,3.9,breaker
WO-0001336,AST-00342,Preventive,Medium,2026-06-05,2026-06-15,2026-06-07,Completed,6.0,third_rail
WO-0001594,AST-00406,Preventive,Medium,2026-06-05,2026-06-15,2026-06-11,Completed,4.8,third_rail
WO-0005302,AST-00932,Corrective,Medium,2026-06-05,2026-06-15,2026-06-05,Completed,5.8,breaker
WO-0000613,AST-00157,Preventive,Medium,2026-06-06,2026-06-16,2026-06-07,Completed,6.7,breaker
WO-0000970,AST-00248,Preventive,Medium,2026-06-06,2026-06-16,2026-06-11,Completed,6.9,cable
WO-0002112,AST-00542,Preventive,Medium,2026-06-06,2026-06-16,2026-06-09,Completed,7.7,cable
WO-0002312,AST-00591,Preventive,Medium,2026-06-06,2026-06-16,2026-06-14,Completed,6.4,third_rail
WO-0003678,AST-00925,Preventive,Medium,2026-06-06,2026-06-16,2026-06-07,Completed,4.3,power
WO-0003972,AST-00998,Preventive,Medium,2026-06-06,2026-06-16,2026-06-10,Completed,4.4,power
WO-0004758,AST-00551,Corrective,Medium,2026-06-06,2026-06-16,2026-06-06,Completed,5.7,cable
WO-0001071,AST-00275,Preventive,Medium,2026-06-07,2026-06-17,2026-06-08,Completed,6.2,cable
WO-0002928,AST-00745,Preventive,Medium,2026-06-07,2026-06-17,2026-06-13,Completed,5.4,cable
WO-0003622,AST-00910,Preventive,Medium,2026-06-07,2026-06-17,2026-06-10,Completed,4.2,breaker
WO-0004067,AST-00058,Corrective,Medium,2026-06-07,2026-06-17,2026-06-10,Completed,8.7,cable
WO-0004197,AST-00146,Corrective,Medium,2026-06-07,2026-06-17,2026-06-13,Completed,5.3,breaker
WO-0004285,AST-00210,Corrective,High,2026-06-07,2026-06-12,2026-06-08,Completed,4.7,cable
WO-0005196,AST-00859,Corrective,Critical,2026-06-07,2026-06-09,2026-06-13,Completed,5.6,breaker
WO-0001147,AST-00294,Preventive,Medium,2026-06-08,2026-06-18,,Open,6.6,power
WO-0002145,AST-00550,Preventive,Medium,2026-06-08,2026-06-18,2026-06-17,Completed,5.3,cable
WO-0003992,AST-00009,Corrective,Medium,2026-06-08,2026-06-18,2026-06-13,Completed,5.9,power
WO-0004661,AST-00483,Corrective,Medium,2026-06-08,2026-06-18,,Open,3.7,cable
WO-0000393,AST-00100,Preventive,Medium,2026-06-09,2026-06-19,2026-06-11,Completed,7.0,third_rail
WO-0000665,AST-00169,Preventive,Medium,2026-06-09,2026-06-19,2026-06-13,Completed,5.1,breaker
WO-0001014,AST-00259,Preventive,Medium,2026-06-09,2026-06-19,2026-06-12,Completed,2.7,power
WO-0001038,AST-00265,Preventive,Medium,2026-06-09,2026-06-19,2026-06-15,Completed,5.1,third_rail
WO-0001143,AST-00293,Preventive,Medium,2026-06-09,2026-06-19,2026-06-13,Completed,6.0,third_rail
WO-0001321,AST-00338,Preventive,Medium,2026-06-09,2026-06-19,2026-06-12,Completed,6.0,cable
WO-0002200,AST-00563,Preventive,Medium,2026-06-09,2026-06-19,2026-06-14,Completed,4.2,third_rail
WO-0002923,AST-00744,Preventive,Medium,2026-06-09,2026-06-19,2026-06-15,Completed,4.0,power
WO-0003772,AST-00950,Preventive,Medium,2026-06-09,2026-06-19,2026-06-11,Completed,3.8,breaker
WO-0004161,AST-00128,Corrective,Medium,2026-06-09,2026-06-19,2026-06-18,Completed,3.4,power
WO-0004561,AST-00409,Corrective,Critical,2026-06-09,2026-06-11,2026-06-11,Completed,6.3,power
WO-0004640,AST-00462,Corrective,High,2026-06-09,2026-06-14,2026-06-12,Completed,6.3,power
WO-0004722,AST-00530,Corrective,Medium,2026-06-09,2026-06-19,2026-06-09,Completed,4.4,breaker
WO-0004750,AST-00546,Corrective,Medium,2026-06-09,2026-06-19,,Open,7.5,cable
WO-0002918,AST-00743,Preventive,Medium,2026-06-10,2026-06-20,2026-06-14,Completed,4.5,third_rail
WO-0003653,AST-00919,Preventive,Medium,2026-06-10,2026-06-20,2026-06-10,Completed,7.3,breaker
WO-0000413,AST-00106,Preventive,Medium,2026-06-11,2026-06-21,2026-06-16,Completed,6.3,cable
WO-0001750,AST-00445,Preventive,Medium,2026-06-11,2026-06-21,2026-06-12,Completed,6.7,breaker
WO-0002069,AST-00532,Preventive,Medium,2026-06-11,2026-06-21,2026-06-12,Completed,4.1,cable
WO-0002941,AST-00748,Preventive,Medium,2026-06-11,2026-06-21,2026-06-15,Completed,5.8,cable
WO-0000026,AST-00006,Preventive,Medium,2026-06-12,2026-06-22,2026-06-13,Completed,4.4,third_rail
WO-0001280,AST-00327,Preventive,Medium,2026-06-12,2026-06-22,2026-06-14,Completed,2.5,third_rail
WO-0001498,AST-00382,Preventive,Medium,2026-06-12,2026-06-22,2026-06-12,Completed,7.2,third_rail
WO-0002047,AST-00526,Preventive,Medium,2026-06-12,2026-06-22,2026-06-14,Completed,3.9,breaker
WO-0003289,AST-00834,Preventive,Medium,2026-06-12,2026-06-22,2026-06-13,Completed,6.1,cable
WO-0004993,AST-00722,Corrective,Medium,2026-06-12,2026-06-22,2026-06-15,Completed,6.0,cable
WO-0005359,AST-00974,Corrective,Medium,2026-06-12,2026-06-22,2026-06-19,Completed,7.0,third_rail
WO-0001695,AST-00431,Preventive,Medium,2026-06-13,2026-06-23,2026-06-16,Completed,4.9,third_rail
WO-0005202,AST-00863,Corrective,Medium,2026-06-13,2026-06-23,2026-06-15,Completed,8.3,third_rail
WO-0001250,AST-00320,Preventive,Medium,2026-06-14,2026-06-24,2026-06-15,Completed,5.5,third_rail
WO-0001503,AST-00383,Preventive,Medium,2026-06-14,2026-06-24,2026-06-16,Completed,5.0,third_rail
WO-0001789,AST-00455,Preventive,Medium,2026-06-14,2026-06-24,2026-06-15,Completed,5.5,power
WO-0002148,AST-00551,Preventive,Medium,2026-06-14,2026-06-24,2026-06-16,Completed,3.5,cable
WO-0004316,AST-00226,Corrective,Medium,2026-06-14,2026-06-24,2026-06-15,Completed,4.8,third_rail
WO-0002690,AST-00684,Preventive,Medium,2026-06-15,2026-06-25,,Open,3.4,cable
WO-0003477,AST-00878,Preventive,Medium,2026-06-15,2026-06-25,2026-06-17,Completed,7.8,breaker
WO-0003953,AST-00993,Preventive,Medium,2026-06-15,2026-06-25,2026-06-15,Completed,3.7,third_rail
WO-0000753,AST-00192,Preventive,Medium,2026-06-16,2026-06-26,2026-06-20,Completed,4.9,breaker
WO-0001168,AST-00298,Preventive,Medium,2026-06-16,2026-06-26,,Open,3.4,third_rail
WO-0002275,AST-00582,Preventive,Medium,2026-06-16,2026-06-26,2026-06-17,Completed,3.9,cable
WO-0003114,AST-00793,Preventive,Medium,2026-06-16,2026-06-26,2026-06-16,Completed,5.1,breaker
WO-0004030,AST-00037,Corrective,Medium,2026-06-16,2026-06-26,2026-06-16,Completed,5.1,power
WO-0004312,AST-00225,Corrective,Medium,2026-06-16,2026-06-26,,Open,8.0,breaker
WO-0004621,AST-00453,Corrective,Medium,2026-06-16,2026-06-26,,Open,6.7,cable
WO-0004964,AST-00704,Corrective,High,2026-06-16,2026-06-21,2026-06-20,Completed,6.6,third_rail
WO-0005255,AST-00899,Corrective,Medium,2026-06-16,2026-06-26,2026-06-18,Completed,4.9,breaker
WO-0000016,AST-00004,Preventive,Medium,2026-06-17,2026-06-27,,Open,4.1,cable
WO-0000254,AST-00066,Preventive,Medium,2026-06-17,2026-06-27,2026-06-23,Completed,2.2,cable
WO-0000361,AST-00092,Preventive,Medium,2026-06-17,2026-06-27,2026-06-20,Completed,5.6,cable
WO-0000933,AST-00238,Preventive,Medium,2026-06-17,2026-06-27,,Open,6.1,third_rail
WO-0001646,AST-00419,Preventive,Medium,2026-06-17,2026-06-27,,Open,4.1,breaker
WO-0001823,AST-00464,Preventive,Medium,2026-06-17,2026-06-27,2026-06-18,Completed,5.6,breaker
WO-0002932,AST-00746,Preventive,Medium,2026-06-17,2026-06-27,2026-06-19,Completed,4.0,cable
WO-0002961,AST-00752,Preventive,Medium,2026-06-17,2026-06-27,2026-06-23,Completed,4.7,breaker
WO-0002989,AST-00759,Preventive,Medium,2026-06-17,2026-06-27,2026-06-18,Completed,6.9,power
WO-0003161,AST-00805,Preventive,Medium,2026-06-17,2026-06-27,2026-06-19,Completed,3.0,power
WO-0000043,AST-00012,Preventive,Medium,2026-06-18,2026-06-28,2026-06-21,Completed,3.6,third_rail
WO-0000121,AST-00031,Preventive,Medium,2026-06-18,2026-06-28,2026-06-19,Completed,3.4,cable
WO-0000291,AST-00074,Preventive,Medium,2026-06-18,2026-06-28,,Open,6.8,breaker
WO-0002780,AST-00706,Preventive,Medium,2026-06-18,2026-06-28,,Open,4.9,cable
WO-0003728,AST-00938,Preventive,Medium,2026-06-18,2026-06-28,,Open,5.0,power
WO-0004566,AST-00411,Corrective,Medium,2026-06-18,2026-06-28,2026-06-20,Completed,7.6,cable
WO-0000630,AST-00161,Preventive,Medium,2026-06-19,2026-06-29,2026-06-22,Completed,4.8,power
WO-0001508,AST-00385,Preventive,Medium,2026-06-19,2026-06-29,,Open,5.7,breaker
WO-0002515,AST-00642,Preventive,Medium,2026-06-19,2026-06-29,2026-06-21,Completed,3.5,third_rail
WO-0003227,AST-00821,Preventive,Medium,2026-06-19,2026-06-29,,Open,3.1,power
WO-0004971,AST-00709,Corrective,High,2026-06-19,2026-06-24,,Open,2.0,cable
WO-0000497,AST-00128,Preventive,Medium,2026-06-20,2026-06-30,,Open,4.2,power
WO-0000994,AST-00254,Preventive,Medium,2026-06-20,2026-06-30,2026-06-21,Completed,10.0,breaker
WO-0001948,AST-00500,Preventive,Medium,2026-06-20,2026-06-30,2026-06-24,Completed,3.5,cable
WO-0003307,AST-00837,Preventive,Medium,2026-06-20,2026-06-30,,Open,5.3,third_rail
WO-0004325,AST-00230,Corrective,High,2026-06-20,2026-06-25,,Open,2.0,power
WO-0005395,AST-00004,Corrective,Medium,2026-06-20,2026-06-30,2026-06-20,Completed,3.8,cable
WO-0005404,AST-00018,Corrective,Medium,2026-06-20,2026-06-30,2026-06-21,Completed,5.8,power
WO-0005443,AST-00096,Corrective,High,2026-06-20,2026-06-25,2026-06-24,Completed,7.4,cable
WO-0005449,AST-00097,Corrective,High,2026-06-20,2026-06-25,,Open,9.2,breaker
WO-0005490,AST-00148,Corrective,High,2026-06-20,2026-06-25,,Open,5.6,cable
WO-0005498,AST-00150,Corrective,High,2026-06-20,2026-06-25,,Open,5.1,power
WO-0005547,AST-00198,Corrective,High,2026-06-20,2026-06-25,2026-06-21,Completed,6.8,third_rail
WO-0005578,AST-00242,Corrective,Medium,2026-06-20,2026-06-30,,Open,2.7,third_rail
WO-0005581,AST-00245,Corrective,Medium,2026-06-20,2026-06-30,2026-06-24,Completed,3.2,cable
WO-0005616,AST-00296,Corrective,High,2026-06-20,2026-06-25,,Open,5.5,third_rail
WO-0005633,AST-00344,Corrective,Medium,2026-06-20,2026-06-30,2026-06-24,Completed,4.9,cable
WO-0005669,AST-00395,Corrective,Medium,2026-06-20,2026-06-30,2026-06-23,Completed,4.8,power
WO-0005748,AST-00555,Corrective,Medium,2026-06-20,2026-06-30,2026-06-24,Completed,5.3,power
WO-0005763,AST-00571,Corrective,Medium,2026-06-20,2026-06-30,2026-06-26,Completed,9.2,breaker
WO-0005777,AST-00598,Corrective,Medium,2026-06-20,2026-06-30,2026-06-24,Completed,6.2,cable
WO-0005813,AST-00632,Corrective,Medium,2026-06-20,2026-06-30,2026-06-20,Completed,5.2,third_rail
WO-0005873,AST-00709,Corrective,Medium,2026-06-20,2026-06-30,2026-06-22,Completed,2.9,cable
WO-0005902,AST-00750,Corrective,High,2026-06-20,2026-06-25,,Open,2.0,third_rail
WO-0005923,AST-00778,Corrective,Medium,2026-06-20,2026-06-30,,Open,6.8,power
WO-0006027,AST-00899,Corrective,High,2026-06-20,2026-06-25,,Open,2.7,breaker
WO-0001294,AST-00330,Preventive,Medium,2026-06-21,2026-07-01,,Open,5.3,breaker
WO-0001628,AST-00415,Preventive,Medium,2026-06-21,2026-07-01,2026-06-27,Completed,3.4,power
WO-0001930,AST-00495,Preventive,Medium,2026-06-21,2026-07-01,,Open,4.5,third_rail
WO-0002878,AST-00731,Preventive,Medium,2026-06-21,2026-07-01,,Open,3.2,breaker
WO-0003149,AST-00802,Preventive,Medium,2026-06-21,2026-07-01,,Open,5.2,breaker
WO-0005292,AST-00924,Corrective,Medium,2026-06-21,2026-07-01,,Open,5.0,cable
WO-0005393,AST-00001,Corrective,High,2026-06-21,2026-06-26,,Open,4.9,third_rail
WO-0005431,AST-00087,Corrective,Medium,2026-06-21,2026-07-01,2026-06-25,Completed,6.8,cable
WO-0005450,AST-00098,Corrective,Medium,2026-06-21,2026-07-01,2026-06-23,Completed,6.7,power
WO-0005456,AST-00101,Corrective,Medium,2026-06-21,2026-07-01,2026-06-23,Completed,7.1,third_rail
WO-0005461,AST-00114,Corrective,Medium,2026-06-21,2026-07-01,2026-06-24,Completed,6.6,cable
WO-0005466,AST-00117,Corrective,High,2026-06-21,2026-06-26,2026-06-23,Completed,7.2,third_rail
WO-0005506,AST-00161,Corrective,High,2026-06-21,2026-06-26,2026-06-24,Completed,5.6,power
WO-0005526,AST-00170,Corrective,Medium,2026-06-21,2026-07-01,2026-06-22,Completed,2.6,third_rail
WO-0005538,AST-00183,Corrective,Medium,2026-06-21,2026-07-01,2026-06-27,Completed,4.4,cable
WO-0005552,AST-00213,Corrective,Medium,2026-06-21,2026-07-01,2026-06-24,Completed,3.4,breaker
WO-0005567,AST-00230,Corrective,High,2026-06-21,2026-06-26,,Open,7.7,power
WO-0005595,AST-00270,Corrective,High,2026-06-21,2026-06-26,2026-06-22,Completed,4.1,power
WO-0005598,AST-00281,Corrective,Medium,2026-06-21,2026-07-01,,Open,8.9,power
WO-0005639,AST-00352,Corrective,Medium,2026-06-21,2026-07-01,,Open,5.2,power
WO-0005650,AST-00379,Corrective,Medium,2026-06-21,2026-07-01,2026-06-22,Completed,8.1,breaker
WO-0005737,AST-00536,Corrective,Medium,2026-06-21,2026-07-01,2026-06-27,Completed,7.6,breaker
WO-0005757,AST-00563,Corrective,Medium,2026-06-21,2026-07-01,,Open,2.8,third_rail
WO-0005785,AST-00606,Corrective,Medium,2026-06-21,2026-07-01,2026-06-22,Completed,6.2,third_rail
WO-0005789,AST-00611,Corrective,Medium,2026-06-21,2026-07-01,2026-06-23,Completed,6.8,cable
WO-0005882,AST-00718,Corrective,Medium,2026-06-21,2026-07-01,,Open,6.6,power
WO-0005911,AST-00757,Corrective,High,2026-06-21,2026-06-26,,Open,5.0,breaker
WO-0005947,AST-00799,Corrective,Medium,2026-06-21,2026-07-01,2026-06-22,Completed,7.9,cable
WO-0005967,AST-00831,Corrective,Medium,2026-06-21,2026-07-01,2026-06-21,Completed,5.3,cable
WO-0005971,AST-00837,Corrective,Medium,2026-06-21,2026-07-01,,Open,7.0,third_rail
WO-0006022,AST-00896,Corrective,High,2026-06-21,2026-06-26,2026-06-30,Completed,6.1,third_rail
WO-0006047,AST-00918,Corrective,Medium,2026-06-21,2026-07-01,,Open,2.4,power
WO-0006057,AST-00932,Corrective,Medium,2026-06-21,2026-07-01,2026-06-22,Completed,3.6,breaker
WO-0006094,AST-00986,Corrective,Medium,2026-06-21,2026-07-01,,Open,3.8,third_rail
WO-0000105,AST-00027,Preventive,Medium,2026-06-22,2026-07-02,,Open,4.6,cable
WO-0000847,AST-00216,Preventive,Medium,2026-06-22,2026-07-02,2026-06-23,Completed,3.8,cable
WO-0002338,AST-00596,Preventive,Medium,2026-06-22,2026-07-02,2026-06-26,Completed,5.5,breaker
WO-0003467,AST-00876,Preventive,Medium,2026-06-22,2026-07-02,,Open,6.9,third_rail
WO-0005148,AST-00832,Corrective,Critical,2026-06-22,2026-06-24,,Open,5.9,cable
WO-0005440,AST-00093,Corrective,Medium,2026-06-22,2026-07-02,2026-06-30,Completed,7.9,cable
WO-0005562,AST-00228,Corrective,Medium,2026-06-22,2026-07-02,,Open,5.0,cable
WO-0005570,AST-00233,Corrective,Medium,2026-06-22,2026-07-02,2026-07-09,Completed,2.5,third_rail
WO-0005743,AST-00545,Corrective,Medium,2026-06-22,2026-07-02,2026-06-25,Completed,4.9,power
WO-0005746,AST-00547,Corrective,High,2026-06-22,2026-06-27,2026-06-24,Completed,3.9,breaker
WO-0005756,AST-00561,Corrective,Medium,2026-06-22,2026-07-02,,Open,4.9,power
WO-0005798,AST-00620,Corrective,Medium,2026-06-22,2026-07-02,,Open,7.9,power
WO-0005848,AST-00675,Corrective,High,2026-06-22,2026-06-27,2026-06-24,Completed,4.6,cable
WO-0005878,AST-00710,Corrective,Medium,2026-06-22,2026-07-02,2026-06-25,Completed,6.3,cable
WO-0005908,AST-00756,Corrective,Medium,2026-06-22,2026-07-02,2026-06-28,Completed,8.6,breaker
WO-0005919,AST-00775,Corrective,Medium,2026-06-22,2026-07-02,2026-06-24,Completed,8.1,power
WO-0006003,AST-00879,Corrective,High,2026-06-22,2026-06-27,2026-06-28,Completed,3.9,cable
WO-0006044,AST-00908,Corrective,High,2026-06-22,2026-06-27,,Open,8.6,power
WO-0000962,AST-00246,Preventive,Medium,2026-06-23,2026-07-03,2026-06-28,Completed,7.1,third_rail
WO-0002093,AST-00537,Preventive,Medium,2026-06-23,2026-07-03,2026-06-25,Completed,3.9,cable
WO-0005415,AST-00039,Corrective,Medium,2026-06-23,2026-07-03,2026-06-26,Completed,8.3,breaker
WO-0005422,AST-00061,Corrective,High,2026-06-23,2026-06-28,2026-06-26,Completed,3.4,cable
WO-0005427,AST-00068,Corrective,High,2026-06-23,2026-06-28,,Open,5.9,breaker
WO-0005457,AST-00102,Corrective,Medium,2026-06-23,2026-07-03,2026-06-25,Completed,6.2,cable
WO-0005474,AST-00131,Corrective,Medium,2026-06-23,2026-07-03,2026-06-28,Completed,4.9,power
WO-0005510,AST-00164,Corrective,Medium,2026-06-23,2026-07-03,,Open,8.7,power
WO-0005513,AST-00165,Corrective,Medium,2026-06-23,2026-07-03,2026-06-23,Completed,6.4,cable
WO-0005559,AST-00227,Corrective,High,2026-06-23,2026-06-28,2026-06-30,Completed,5.5,power
WO-0005608,AST-00287,Corrective,Medium,2026-06-23,2026-07-03,2026-06-24,Completed,4.7,power
WO-0005626,AST-00332,Corrective,Medium,2026-06-23,2026-07-03,,Open,5.5,breaker
WO-0005657,AST-00386,Corrective,High,2026-06-23,2026-06-28,2026-06-25,Completed,7.0,third_rail
WO-0005667,AST-00388,Corrective,High,2026-06-23,2026-06-28,2026-06-30,Completed,6.4,third_rail
WO-0005738,AST-00542,Corrective,Medium,2026-06-23,2026-07-03,2026-06-27,Completed,3.4,cable
WO-0005752,AST-00557,Corrective,Medium,2026-06-23,2026-07-03,2026-06-24,Completed,4.1,breaker
WO-0005816,AST-00638,Corrective,Medium,2026-06-23,2026-07-03,2026-07-04,Completed,5.1,cable
WO-0005851,AST-00676,Corrective,Medium,2026-06-23,2026-07-03,2026-06-26,Completed,7.2,breaker
WO-0005880,AST-00713,Corrective,Medium,2026-06-23,2026-07-03,2026-06-23,Completed,6.0,third_rail
WO-0005942,AST-00797,Corrective,High,2026-06-23,2026-06-28,2026-06-23,Completed,5.1,power
WO-0006033,AST-00902,Corrective,High,2026-06-23,2026-06-28,,Open,5.2,breaker
WO-0006095,AST-00987,Corrective,Medium,2026-06-23,2026-07-03,2026-06-24,Completed,5.4,breaker
WO-0006098,AST-00989,Corrective,Medium,2026-06-23,2026-07-03,2026-06-24,Completed,3.5,breaker
WO-0001033,AST-00264,Preventive,Medium,2026-06-24,2026-07-04,2026-06-24,Completed,8.0,power
WO-0001201,AST-00308,Preventive,Medium,2026-06-24,2026-07-04,,Open,4.6,cable
WO-0001359,AST-00349,Preventive,Medium,2026-06-24,2026-07-04,,Open,3.5,cable
WO-0002294,AST-00587,Preventive,Medium,2026-06-24,2026-07-04,2026-06-27,Completed,6.1,power
WO-0004497,AST-00361,Corrective,Medium,2026-06-24,2026-07-04,2026-06-29,Completed,4.5,third_rail
WO-0005480,AST-00141,Corrective,Medium,2026-06-24,2026-07-04,2026-06-26,Completed,9.0,cable
WO-0005484,AST-00143,Corrective,Medium,2026-06-24,2026-07-04,2026-06-29,Completed,6.0,third_rail
WO-0005532,AST-00172,Corrective,Medium,2026-06-24,2026-07-04,2026-06-24,Completed,11.5,cable
WO-0005684,AST-00413,Corrective,High,2026-06-24,2026-06-29,,Open,6.5,power
WO-0005693,AST-00436,Corrective,Medium,2026-06-24,2026-07-04,2026-06-25,Completed,6.3,breaker
WO-0005700,AST-00451,Corrective,Medium,2026-06-24,2026-07-04,,Open,7.2,power
WO-0005781,AST-00599,Corrective,Medium,2026-06-24,2026-07-04,2026-06-26,Completed,4.4,third_rail
WO-0005795,AST-00617,Corrective,Medium,2026-06-24,2026-07-04,2026-06-25,Completed,3.8,cable
WO-0005833,AST-00662,Corrective,Medium,2026-06-24,2026-07-04,,Open,8.1,third_rail
WO-0005953,AST-00806,Corrective,Medium,2026-06-24,2026-07-04,2026-06-26,Completed,5.8,power
WO-0006051,AST-00919,Corrective,High,2026-06-24,2026-06-29,,Open,7.3,breaker
WO-0002840,AST-00721,Preventive,Medium,2026-06-25,2026-07-05,2026-06-26,Completed,5.9,cable
WO-0003089,AST-00786,Preventive,Medium,2026-06-25,2026-07-05,,Open,4.3,breaker
WO-0004035,AST-00039,Corrective,Medium,2026-06-25,2026-07-05,2026-06-26,Completed,6.7,breaker
WO-0004550,AST-00400,Corrective,Medium,2026-06-25,2026-07-05,2026-06-25,Completed,7.1,cable
WO-0004859,AST-00628,Corrective,Medium,2026-06-25,2026-07-05,2026-06-26,Completed,2.0,power
WO-0005233,AST-00880,Corrective,Medium,2026-06-25,2026-07-05,2026-06-26,Completed,6.8,cable
WO-0000319,AST-00081,Preventive,Medium,2026-06-26,2026-07-06,2026-06-28,Completed,8.1,cable
WO-0001365,AST-00350,Preventive,Medium,2026-06-26,2026-07-06,,Open,6.8,power
WO-0001483,AST-00378,Preventive,Medium,2026-06-26,2026-07-06,2026-06-30,Completed,3.5,cable
WO-0001963,AST-00504,Preventive,Medium,2026-06-26,2026-07-06,2026-06-26,Completed,4.1,cable
WO-0002255,AST-00577,Preventive,Medium,2026-06-26,2026-07-06,,Open,4.9,third_rail
WO-0002872,AST-00730,Preventive,Medium,2026-06-26,2026-07-06,2026-06-28,Completed,4.1,cable
WO-0003801,AST-00957,Preventive,Medium,2026-06-26,2026-07-06,2026-06-29,Completed,5.4,third_rail
WO-0004199,AST-00147,Corrective,Medium,2026-06-26,2026-07-06,2026-06-29,Completed,6.8,breaker
WO-0004917,AST-00672,Corrective,Critical,2026-06-26,2026-06-28,,Open,10.4,cable
WO-0004963,AST-00703,Corrective,Medium,2026-06-26,2026-07-06,2026-07-18,Completed,8.0,power
WO-0000804,AST-00204,Preventive,Medium,2026-06-27,2026-07-07,,Open,4.1,power
WO-0000918,AST-00235,Preventive,Medium,2026-06-27,2026-07-07,2026-07-04,Completed,6.1,third_rail
WO-0001368,AST-00351,Preventive,Medium,2026-06-27,2026-07-07,,Open,7.2,cable
WO-0003399,AST-00859,Preventive,Medium,2026-06-27,2026-07-07,2026-06-29,Completed,4.5,breaker
WO-0004596,AST-00442,Corrective,Medium,2026-06-27,2026-07-07,2026-07-02,Completed,9.1,power
WO-0000097,AST-00025,Preventive,Medium,2026-06-28,2026-07-08,2026-07-01,Completed,5.5,third_rail
WO-0002059,AST-00530,Preventive,Medium,2026-06-28,2026-07-08,2026-06-30,Completed,5.2,breaker
WO-0002794,AST-00710,Preventive,Medium,2026-06-28,2026-07-08,,Open,4.6,cable
WO-0003787,AST-00954,Preventive,Medium,2026-06-28,2026-07-08,,Open,4.7,power
WO-0004254,AST-00189,Corrective,Critical,2026-06-28,2026-06-30,2026-07-02,Completed,6.1,cable
WO-0004267,AST-00199,Corrective,Medium,2026-06-28,2026-07-08,2026-06-30,Completed,5.6,breaker
WO-0000512,AST-00133,Preventive,Medium,2026-06-29,2026-07-09,2026-07-02,Completed,3.7,cable
WO-0000768,AST-00196,Preventive,Medium,2026-06-29,2026-07-09,,Open,3.9,power
WO-0001270,AST-00325,Preventive,Medium,2026-06-29,2026-07-09,,Open,4.4,third_rail
WO-0001581,AST-00403,Preventive,Medium,2026-06-29,2026-07-09,2026-07-01,Completed,4.0,third_rail
WO-0001952,AST-00501,Preventive,Medium,2026-06-29,2026-07-09,2026-06-30,Completed,5.3,cable
WO-0002447,AST-00625,Preventive,Medium,2026-06-29,2026-07-09,2026-06-30,Completed,3.7,third_rail
WO-0004926,AST-00676,Corrective,High,2026-06-29,2026-07-04,2026-06-29,Completed,5.1,breaker
WO-0004933,AST-00680,Corrective,Critical,2026-06-29,2026-07-01,2026-07-04,Completed,8.6,breaker
WO-0005008,AST-00733,Corrective,Medium,2026-06-29,2026-07-09,,Open,8.0,power
WO-0000158,AST-00041,Preventive,Medium,2026-06-30,2026-07-10,,Open,4.7,cable
WO-0000526,AST-00136,Preventive,Medium,2026-06-30,2026-07-10,,Open,4.6,power
WO-0001204,AST-00309,Preventive,Medium,2026-06-30,2026-07-10,,Open,4.2,breaker
WO-0001242,AST-00318,Preventive,Medium,2026-06-30,2026-07-10,2026-07-02,Completed,3.3,cable
WO-0001572,AST-00401,Preventive,Medium,2026-06-30,2026-07-10,,Open,4.8,breaker
WO-0001719,AST-00438,Preventive,Medium,2026-06-30,2026-07-10,,Open,3.6,cable
WO-0001894,AST-00484,Preventive,Medium,2026-06-30,2026-07-10,,Open,5.9,breaker
WO-0002951,AST-00750,Preventive,Medium,2026-06-30,2026-07-10,2026-07-03,Completed,5.6,third_rail
WO-0003784,AST-00953,Preventive,Medium,2026-06-30,2026-07-10,2026-06-30,Completed,3.7,breaker
WO-0005153,AST-00835,Corrective,Medium,2026-06-30,2026-07-10,,Open,7.6,cable
WO-0002223,AST-00570,Preventive,Medium,2026-07-01,2026-07-11,2026-07-02,Completed,4.4,cable
WO-0002499,AST-00637,Preventive,Medium,2026-07-01,2026-07-11,2026-07-02,Completed,7.7,cable
WO-0004366,AST-00263,Corrective,Medium,2026-07-01,2026-07-11,2026-07-03,Completed,13.1,breaker
WO-0000151,AST-00039,Preventive,Medium,2026-07-02,2026-07-12,2026-07-09,Completed,6.0,breaker
WO-0001438,AST-00367,Preventive,Medium,2026-07-02,2026-07-12,2026-07-03,Completed,5.4,third_rail
WO-0004503,AST-00364,Corrective,Medium,2026-07-02,2026-07-12,2026-07-03,Completed,5.2,power
WO-0004837,AST-00610,Corrective,Medium,2026-07-02,2026-07-12,,Open,5.5,cable
WO-0001525,AST-00390,Preventive,Medium,2026-07-03,2026-07-13,2026-07-04,Completed,6.6,third_rail
WO-0003732,AST-00939,Preventive,Medium,2026-07-03,2026-07-13,2026-07-07,Completed,6.5,third_rail
WO-0004508,AST-00367,Corrective,Medium,2026-07-03,2026-07-13,,Open,5.4,third_rail
WO-0004968,AST-00707,Corrective,Medium,2026-07-03,2026-07-13,,Open,5.3,third_rail
WO-0005098,AST-00798,Corrective,High,2026-07-03,2026-07-08,2026-07-10,Completed,5.8,power
WO-0000840,AST-00214,Preventive,Medium,2026-07-04,2026-07-14,2026-07-11,Completed,4.4,third_rail
WO-0001519,AST-00389,Preventive,Medium,2026-07-04,2026-07-14,,Open,2.7,power
WO-0002947,AST-00749,Preventive,Medium,2026-07-04,2026-07-14,2026-07-04,Completed,5.4,third_rail
WO-0004618,AST-00452,Corrective,Medium,2026-07-04,2026-07-14,2026-07-05,Completed,8.7,third_rail
WO-0005013,AST-00735,Corrective,High,2026-07-04,2026-07-09,2026-07-09,Completed,5.8,power
WO-0000113,AST-00029,Preventive,Medium,2026-07-05,2026-07-15,2026-07-07,Completed,2.7,power
WO-0000145,AST-00038,Preventive,Medium,2026-07-05,2026-07-15,2026-07-08,Completed,3.0,cable
WO-0000621,AST-00159,Preventive,Medium,2026-07-05,2026-07-15,2026-07-13,Completed,5.0,cable
WO-0001301,AST-00332,Preventive,Medium,2026-07-05,2026-07-15,2026-07-06,Completed,5.6,breaker
WO-0002097,AST-00538,Preventive,Medium,2026-07-05,2026-07-15,,Open,5.4,power
WO-0002802,AST-00713,Preventive,Medium,2026-07-05,2026-07-15,2026-07-10,Completed,2.9,third_rail
WO-0003816,AST-00961,Preventive,Medium,2026-07-05,2026-07-15,2026-07-08,Completed,5.9,cable
WO-0004816,AST-00595,Corrective,Medium,2026-07-05,2026-07-15,2026-07-07,Completed,5.3,power
WO-0005197,AST-00860,Corrective,Medium,2026-07-05,2026-07-15,2026-07-12,Completed,6.0,cable
WO-0002647,AST-00674,Preventive,Medium,2026-07-06,2026-07-16,2026-07-07,Completed,5.4,cable
WO-0004039,AST-00042,Corrective,Medium,2026-07-06,2026-07-16,2026-07-11,Completed,7.3,third_rail
WO-0004231,AST-00169,Corrective,High,2026-07-06,2026-07-11,2026-07-06,Completed,4.6,breaker
WO-0004484,AST-00355,Corrective,Critical,2026-07-06,2026-07-08,,Open,9.9,cable
WO-0001467,AST-00374,Preventive,Medium,2026-07-07,2026-07-17,2026-07-10,Completed,5.8,breaker
WO-0002189,AST-00560,Preventive,Medium,2026-07-07,2026-07-17,2026-07-09,Completed,4.4,cable
WO-0004085,AST-00073,Corrective,Medium,2026-07-07,2026-07-17,,Open,6.9,third_rail
WO-0004560,AST-00409,Corrective,Medium,2026-07-07,2026-07-17,,Open,6.3,power
WO-0005099,AST-00799,Corrective,High,2026-07-07,2026-07-12,2026-07-09,Completed,6.6,cable
WO-0000371,AST-00095,Preventive,Medium,2026-07-08,2026-07-18,,Open,2.3,breaker
WO-0000154,AST-00040,Preventive,Medium,2026-07-09,2026-07-19,,Open,5.7,cable
WO-0000188,AST-00048,Preventive,Medium,2026-07-09,2026-07-19,2026-07-18,Completed,7.3,breaker
WO-0001473,AST-00375,Preventive,Medium,2026-07-09,2026-07-19,2026-07-09,Completed,4.3,power
WO-0002456,AST-00627,Preventive,Medium,2026-07-09,2026-07-19,,Open,4.2,third_rail
WO-0002594,AST-00661,Preventive,Medium,2026-07-09,2026-07-19,2026-07-11,Completed,3.6,breaker
WO-0003257,AST-00827,Preventive,Medium,2026-07-09,2026-07-19,,Open,5.5,cable
WO-0003346,AST-00848,Preventive,Medium,2026-07-09,2026-07-19,2026-07-11,Completed,6.9,cable
WO-0000570,AST-00146,Preventive,Medium,2026-07-10,2026-07-20,,Open,6.8,breaker
WO-0000783,AST-00199,Preventive,Medium,2026-07-10,2026-07-20,2026-07-14,Completed,5.4,breaker
WO-0001042,AST-00266,Preventive,Medium,2026-07-10,2026-07-20,2026-07-11,Completed,3.9,power
WO-0001836,AST-00468,Preventive,Medium,2026-07-10,2026-07-20,,Open,5.1,third_rail
WO-0002160,AST-00553,Preventive,Medium,2026-07-10,2026-07-20,,Open,6.3,breaker
WO-0003826,AST-00963,Preventive,Medium,2026-07-10,2026-07-20,2026-07-10,Completed,5.8,power
WO-0004293,AST-00214,Corrective,Critical,2026-07-10,2026-07-12,,Open,6.1,third_rail
WO-0004432,AST-00313,Corrective,High,2026-07-10,2026-07-15,2026-07-14,Completed,6.7,breaker
WO-0004941,AST-00686,Corrective,High,2026-07-10,2026-07-15,2026-07-19,Completed,4.8,breaker
WO-0001730,AST-00441,Preventive,Medium,2026-07-11,2026-07-21,,Open,7.3,third_rail
WO-0002326,AST-00594,Preventive,Medium,2026-07-11,2026-07-21,2026-07-14,Completed,5.4,cable
WO-0002563,AST-00654,Preventive,Medium,2026-07-11,2026-07-21,,Open,4.9,breaker
WO-0003301,AST-00836,Preventive,Medium,2026-07-11,2026-07-21,2026-07-12,Completed,5.8,cable
WO-0004761,AST-00554,Corrective,Medium,2026-07-11,2026-07-21,2026-07-18,Completed,6.2,third_rail
WO-0000172,AST-00044,Preventive,Medium,2026-07-12,2026-07-22,2026-07-17,Completed,7.3,breaker
WO-0000272,AST-00070,Preventive,Medium,2026-07-12,2026-07-22,2026-07-19,Completed,8.4,cable
WO-0000557,AST-00143,Preventive,Medium,2026-07-12,2026-07-22,,Open,6.9,third_rail
WO-0002079,AST-00534,Preventive,Medium,2026-07-12,2026-07-22,2026-07-15,Completed,6.9,cable
WO-0005377,AST-00990,Corrective,High,2026-07-12,2026-07-17,2026-07-14,Completed,3.5,third_rail
WO-0001870,AST-00476,Preventive,Medium,2026-07-13,2026-07-23,,Open,6.3,breaker
WO-0003582,AST-00901,Preventive,Medium,2026-07-13,2026-07-23,2026-07-14,Completed,6.0,cable
WO-0004096,AST-00083,Corrective,Medium,2026-07-13,2026-07-23,,Open,6.2,third_rail
WO-0005191,AST-00853,Corrective,Medium,2026-07-13,2026-07-23,2026-07-13,Completed,6.9,third_rail
WO-0000047,AST-00013,Preventive,Medium,2026-07-14,2026-07-24,2026-07-16,Completed,5.5,cable
WO-0001051,AST-00269,Preventive,Medium,2026-07-14,2026-07-24,,Open,7.1,power
WO-0001902,AST-00487,Preventive,Medium,2026-07-14,2026-07-24,2026-07-17,Completed,3.1,cable
WO-0002435,AST-00622,Preventive,Medium,2026-07-14,2026-07-24,,Open,5.3,cable
WO-0003431,AST-00866,Preventive,Medium,2026-07-14,2026-07-24,2026-07-15,Completed,5.6,third_rail
WO-0004605,AST-00446,Corrective,Critical,2026-07-14,2026-07-16,,Open,4.8,cable
WO-0000197,AST-00050,Preventive,Medium,2026-07-15,2026-07-25,2026-07-15,Completed,4.2,power
WO-0001446,AST-00369,Preventive,Medium,2026-07-15,2026-07-25,2026-07-21,Completed,5.7,breaker
WO-0002910,AST-00741,Preventive,Medium,2026-07-15,2026-07-25,2026-07-18,Completed,4.7,power
WO-0002978,AST-00756,Preventive,Medium,2026-07-15,2026-07-25,,Open,4.8,breaker
WO-0003047,AST-00775,Preventive,Medium,2026-07-15,2026-07-25,2026-07-19,Completed,3.1,power
WO-0002300,AST-00588,Preventive,Medium,2026-07-16,2026-07-26,,Open,4.4,breaker
WO-0003670,AST-00923,Preventive,Medium,2026-07-16,2026-07-26,,Open,6.4,cable
WO-0000082,AST-00022,Preventive,Medium,2026-07-17,2026-07-27,2026-07-21,Completed,6.9,breaker
WO-0001419,AST-00363,Preventive,Medium,2026-07-17,2026-07-27,,Open,7.5,power
WO-0001990,AST-00511,Preventive,Medium,2026-07-17,2026-07-27,2026-07-22,Completed,6.2,power
WO-0003143,AST-00800,Preventive,Medium,2026-07-17,2026-07-27,2026-07-22,Completed,2.5,cable
WO-0004297,AST-00216,Corrective,Medium,2026-07-17,2026-07-27,,Open,5.1,cable
WO-0005300,AST-00930,Corrective,High,2026-07-17,2026-07-22,2026-07-19,Completed,8.3,cable
WO-0000076,AST-00021,Preventive,Medium,2026-07-18,2026-07-28,2026-07-18,Completed,6.0,third_rail
WO-0000337,AST-00085,Preventive,Medium,2026-07-18,2026-07-28,,Open,7.1,power
WO-0000924,AST-00236,Preventive,Medium,2026-07-18,2026-07-28,2026-07-20,Completed,6.5,third_rail
WO-0001981,AST-00509,Preventive,Medium,2026-07-18,2026-07-28,,Open,4.6,cable
WO-0002974,AST-00755,Preventive,Medium,2026-07-18,2026-07-28,,Open,5.6,cable
WO-0003834,AST-00965,Preventive,Medium,2026-07-18,2026-07-28,,Open,7.6,third_rail
WO-0000022,AST-00005,Preventive,Medium,2026-07-19,2026-07-29,2026-07-22,Completed,3.7,power
WO-0000117,AST-00030,Preventive,Medium,2026-07-19,2026-07-29,,Open,4.8,cable
WO-0000647,AST-00165,Preventive,Medium,2026-07-19,2026-07-29,,Open,1.9,cable
WO-0001390,AST-00357,Preventive,Medium,2026-07-19,2026-07-29,,Open,2.5,third_rail
WO-0002493,AST-00636,Preventive,Medium,2026-07-19,2026-07-29,,Open,3.3,power
WO-0003079,AST-00784,Preventive,Medium,2026-07-19,2026-07-29,,Open,6.5,cable
WO-0003566,AST-00898,Preventive,Medium,2026-07-19,2026-07-29,2026-07-26,Completed,5.7,breaker
WO-0004152,AST-00123,Corrective,Medium,2026-07-19,2026-07-29,,Open,7.3,power
WO-0004738,AST-00539,Corrective,Medium,2026-07-19,2026-07-29,,Open,4.5,power
WO-0005247,AST-00891,Corrective,Medium,2026-07-19,2026-07-29,,Open,6.0,breaker
WO-0000844,AST-00215,Preventive,Medium,2026-07-20,2026-07-30,,Open,4.8,cable
WO-0001210,AST-00310,Preventive,Medium,2026-07-20,2026-07-30,,Open,5.6,power
WO-0002367,AST-00604,Preventive,Medium,2026-07-20,2026-07-30,2026-07-24,Completed,4.3,cable
WO-0002529,AST-00646,Preventive,Medium,2026-07-20,2026-07-30,,Open,5.1,third_rail
WO-0002726,AST-00694,Preventive,Medium,2026-07-20,2026-07-30,,Open,6.0,breaker
WO-0002742,AST-00697,Preventive,Medium,2026-07-20,2026-07-30,,Open,4.5,cable
WO-0003845,AST-00967,Preventive,Medium,2026-07-20,2026-07-30,2026-07-23,Completed,6.6,third_rail
WO-0004184,AST-00141,Corrective,High,2026-07-20,2026-07-25,2026-07-25,Completed,6.8,cable
WO-0005072,AST-00783,Corrective,Medium,2026-07-20,2026-07-30,2026-07-21,Completed,5.2,cable
WO-0000853,AST-00217,Preventive,Medium,2026-07-21,2026-07-31,2026-07-22,Completed,6.7,power
WO-0002820,AST-00717,Preventive,Medium,2026-07-21,2026-07-31,,Open,5.5,cable
WO-0002914,AST-00742,Preventive,Medium,2026-07-21,2026-07-31,2026-07-24,Completed,8.3,power
WO-0004386,AST-00276,Corrective,Medium,2026-07-21,2026-07-31,2026-07-27,Completed,4.4,breaker
WO-0005228,AST-00878,Corrective,Medium,2026-07-21,2026-07-31,2026-07-25,Completed,4.2,breaker
WO-0001425,AST-00364,Preventive,Medium,2026-07-22,2026-08-01,,Open,3.9,power
WO-0003195,AST-00813,Preventive,Medium,2026-07-22,2026-08-01,,Open,6.0,third_rail
WO-0003625,AST-00911,Preventive,Medium,2026-07-22,2026-08-01,,Open,3.1,third_rail
WO-0003793,AST-00955,Preventive,Medium,2026-07-22,2026-08-01,,Open,7.2,third_rail
WO-0005297,AST-00929,Corrective,Medium,2026-07-22,2026-08-01,2026-07-23,Completed,5.5,cable
WO-0000375,AST-00096,Preventive,Medium,2026-07-23,2026-08-02,,Open,5.7,cable
WO-0002371,AST-00605,Preventive,Medium,2026-07-23,2026-08-02,,Open,4.2,third_rail
WO-0003685,AST-00927,Preventive,Medium,2026-07-23,2026-08-02,,Open,4.1,power
WO-0003857,AST-00970,Preventive,Medium,2026-07-24,2026-08-03,,Open,6.0,breaker
WO-0004411,AST-00299,Corrective,Medium,2026-07-24,2026-08-03,2026-07-25,Completed,5.3,third_rail
WO-0000134,AST-00035,Preventive,Medium,2026-07-25,2026-08-04,,Open,4.6,cable
WO-0000397,AST-00101,Preventive,Medium,2026-07-25,2026-08-04,,Open,4.1,third_rail
WO-0000466,AST-00120,Preventive,Medium,2026-07-25,2026-08-04,,Open,4.5,cable
WO-0001874,AST-00477,Preventive,Medium,2026-07-25,2026-08-04,2026-07-28,Completed,6.8,cable
WO-0003178,AST-00809,Preventive,Medium,2026-07-25,2026-08-04,,Open,7.2,cable
WO-0003419,AST-00863,Preventive,Medium,2026-07-25,2026-08-04,,Open,2.3,third_rail
WO-0004650,AST-00467,Corrective,Medium,2026-07-25,2026-08-04,2026-07-26,Completed,5.8,cable
WO-0004860,AST-00630,Corrective,Medium,2026-07-25,2026-08-04,2026-07-27,Completed,5.6,third_rail
WO-0000725,AST-00185,Preventive,Medium,2026-07-26,2026-08-05,,Open,3.8,third_rail
WO-0001009,AST-00258,Preventive,Medium,2026-07-26,2026-08-05,,Open,3.0,power
WO-0001489,AST-00379,Preventive,Medium,2026-07-26,2026-08-05,,Open,6.2,breaker
WO-0001604,AST-00408,Preventive,Medium,2026-07-26,2026-08-05,,Open,3.9,third_rail
WO-0003448,AST-00870,Preventive,Medium,2026-07-26,2026-08-05,,Open,7.4,breaker
WO-0004990,AST-00720,Corrective,High,2026-07-26,2026-07-31,2026-07-28,Completed,8.8,third_rail
WO-0005307,AST-00937,Corrective,Critical,2026-07-26,2026-07-28,2026-07-29,Completed,6.9,third_rail
WO-0000486,AST-00125,Preventive,Medium,2026-07-27,2026-08-06,2026-07-30,Completed,4.3,power
WO-0000744,AST-00190,Preventive,Medium,2026-07-27,2026-08-06,2026-07-29,Completed,7.5,breaker
WO-0002898,AST-00737,Preventive,Medium,2026-07-27,2026-08-06,2026-07-29,Completed,1.5,breaker
WO-0003667,AST-00922,Preventive,Medium,2026-07-27,2026-08-06,,Open,4.5,third_rail
WO-0003830,AST-00964,Preventive,Medium,2026-07-27,2026-08-06,,Open,7.4,power
WO-0004954,AST-00695,Corrective,Medium,2026-07-27,2026-08-06,,Open,6.9,third_rail
WO-0000008,AST-00002,Preventive,Medium,2026-07-28,2026-08-07,,Open,4.5,cable
WO-0002884,AST-00733,Preventive,Medium,2026-07-28,2026-08-07,,Open,5.7,power
WO-0000260,AST-00067,Preventive,Medium,2026-07-29,2026-08-08,,Open,4.6,cable
WO-0000576,AST-00147,Preventive,Medium,2026-07-29,2026-08-08,,Open,4.6,breaker
WO-0000722,AST-00184,Preventive,Medium,2026-07-29,2026-08-08,,Open,5.3,breaker
WO-0001563,AST-00399,Preventive,Medium,2026-07-29,2026-08-08,,Open,7.8,cable
WO-0001741,AST-00443,Preventive,Medium,2026-07-29,2026-08-08,,Open,7.1,cable
WO-0001816,AST-00462,Preventive,Medium,2026-07-29,2026-08-08,,Open,4.8,power
WO-0002673,AST-00680,Preventive,Medium,2026-07-29,2026-08-08,,Open,6.8,breaker
WO-0002891,AST-00735,Preventive,Medium,2026-07-29,2026-08-08,,Open,4.4,power
WO-0003068,AST-00781,Preventive,Medium,2026-07-29,2026-08-08,,Open,4.3,breaker
WO-0003451,AST-00871,Preventive,Medium,2026-07-29,2026-08-08,,Open,3.8,cable
WO-0000906,AST-00231,Preventive,Medium,2026-07-30,2026-08-09,,Open,4.5,power
WO-0001641,AST-00418,Preventive,Medium,2026-07-30,2026-08-09,2026-07-30,Completed,6.0,third_rail
WO-0002154,AST-00552,Preventive,Medium,2026-07-30,2026-08-09,,Open,4.4,power
WO-0002304,AST-00589,Preventive,Medium,2026-07-30,2026-08-09,,Open,6.5,breaker
WO-0002712,AST-00690,Preventive,Medium,2026-07-30,2026-08-09,,Open,6.1,cable
WO-0003207,AST-00816,Preventive,Medium,2026-07-30,2026-08-09,2026-07-30,Completed,4.9,third_rail
WO-0003483,AST-00879,Preventive,Medium,2026-07-30,2026-08-09,,Open,2.5,cable
WO-0003978,AST-01000,Preventive,Medium,2026-07-30,2026-08-09,,Open,5.1,breaker
WO-0004709,AST-00514,Corrective,High,2026-07-30,2026-08-04,,Open,8.2,breaker
WO-0004953,AST-00694,Corrective,Medium,2026-07-30,2026-08-09,,Open,5.9,breaker
WO-0000888,AST-00226,Preventive,Medium,2026-07-31,2026-08-10,,Open,3.3,third_rail
WO-0003717,AST-00935,Preventive,Medium,2026-07-31,2026-08-10,,Open,5.6,third_rail
WO-0004113,AST-00101,Corrective,Medium,2026-07-31,2026-08-10,,Open,8.0,third_rail
WO-0004278,AST-00205,Corrective,Medium,2026-07-31,2026-08-10,,Open,10.5,power
WO-0004362,AST-00262,Corrective,High,2026-07-31,2026-08-05,,Open,2.5,third_rail
WO-0004631,AST-00459,Corrective,High,2026-07-31,2026-08-05,,Open,7.3,third_rail
WO-0004682,AST-00497,Corrective,Medium,2026-07-31,2026-08-10,,Open,5.6,cable
WO-0005205,AST-00866,Corrective,High,2026-07-31,2026-08-05,,Open,7.8,third_rail
WO-0000603,AST-00155,Preventive,Medium,2026-08-01,2026-08-11,2026-08-11,Future,5.0,power
WO-0000691,AST-00176,Preventive,Medium,2026-08-01,2026-08-11,2026-08-02,Future,7.2,power
WO-0001661,AST-00422,Preventive,Medium,2026-08-01,2026-08-11,2026-08-02,Future,7.0,power
WO-0001802,AST-00458,Preventive,Medium,2026-08-01,2026-08-11,2026-08-09,Future,4.3,cable
WO-0002320,AST-00593,Preventive,Medium,2026-08-01,2026-08-11,2026-08-05,Future,6.1,breaker
WO-0002759,AST-00702,Preventive,Medium,2026-08-01,2026-08-11,2026-08-05,Future,5.5,breaker
WO-0002985,AST-00758,Preventive,Medium,2026-08-01,2026-08-11,2026-08-05,Future,5.6,third_rail
WO-0003337,AST-00846,Preventive,Medium,2026-08-01,2026-08-11,2026-08-06,Future,3.3,third_rail
WO-0001094,AST-00281,Preventive,Medium,2026-08-02,2026-08-12,2026-08-05,Future,6.8,power
WO-0004857,AST-00625,Corrective,Medium,2026-08-02,2026-08-12,2026-08-02,Future,4.8,third_rail
WO-0002721,AST-00692,Preventive,Medium,2026-08-03,2026-08-13,2026-08-06,Future,6.5,third_rail
WO-0003044,AST-00774,Preventive,Medium,2026-08-03,2026-08-13,2026-08-08,Future,3.3,third_rail
WO-0004036,AST-00039,Corrective,High,2026-08-03,2026-08-08,2026-08-05,Future,7.2,breaker
WO-0004665,AST-00487,Corrective,High,2026-08-03,2026-08-08,2026-08-08,Future,4.3,cable
WO-0000137,AST-00036,Preventive,Medium,2026-08-04,2026-08-14,2026-08-14,Future,3.9,breaker
WO-0001001,AST-00256,Preventive,Medium,2026-08-04,2026-08-14,2026-08-07,Future,3.1,cable
WO-0004225,AST-00166,Corrective,High,2026-08-04,2026-08-09,2026-08-05,Future,4.2,breaker
WO-0005186,AST-00850,Corrective,Medium,2026-08-04,2026-08-14,2026-08-07,Future,9.2,third_rail
WO-0000305,AST-00077,Preventive,Medium,2026-08-05,2026-08-15,2026-08-08,Future,5.1,breaker
WO-0002238,AST-00573,Preventive,Medium,2026-08-05,2026-08-15,2026-08-06,Future,3.0,cable
WO-0003617,AST-00909,Preventive,Medium,2026-08-05,2026-08-15,2026-08-07,Future,6.2,breaker
WO-0000928,AST-00237,Preventive,Medium,2026-08-06,2026-08-16,2026-08-13,Future,2.8,cable
WO-0001796,AST-00457,Preventive,Medium,2026-08-06,2026-08-16,2026-08-09,Future,4.4,third_rail
WO-0003502,AST-00883,Preventive,Medium,2026-08-06,2026-08-16,2026-08-14,Future,4.9,third_rail
WO-0004781,AST-00569,Corrective,Medium,2026-08-06,2026-08-16,2026-08-09,Future,3.3,breaker
WO-0005320,AST-00941,Corrective,Medium,2026-08-06,2026-08-16,2026-08-08,Future,5.5,breaker
WO-0005385,AST-00996,Corrective,Medium,2026-08-06,2026-08-16,2026-08-11,Future,5.6,cable
WO-0002775,AST-00705,Preventive,Medium,2026-08-07,2026-08-17,2026-08-11,Future,5.6,breaker
WO-0003175,AST-00808,Preventive,Medium,2026-08-07,2026-08-17,2026-08-09,Future,2.2,power
WO-0004871,AST-00643,Corrective,Medium,2026-08-07,2026-08-17,2026-08-09,Future,6.7,power
WO-0000592,AST-00152,Preventive,Medium,2026-08-08,2026-08-18,2026-08-08,Future,6.6,third_rail
WO-0001115,AST-00286,Preventive,Medium,2026-08-08,2026-08-18,2026-08-12,Future,7.0,cable
WO-0003868,AST-00973,Preventive,Medium,2026-08-08,2026-08-18,2026-08-11,Future,7.0,power
WO-0004739,AST-00539,Corrective,Medium,2026-08-08,2026-08-18,2026-08-14,Future,5.6,power
WO-0004500,AST-00362,Corrective,High,2026-08-09,2026-08-14,2026-08-09,Future,8.2,power
WO-0004511,AST-00369,Corrective,Medium,2026-08-09,2026-08-19,2026-08-12,Future,4.0,breaker
WO-0004759,AST-00553,Corrective,Medium,2026-08-09,2026-08-19,2026-08-15,Future,6.7,breaker
WO-0004904,AST-00670,Corrective,High,2026-08-09,2026-08-14,2026-08-14,Future,4.8,cable
WO-0001067,AST-00274,Preventive,Medium,2026-08-10,2026-08-20,2026-08-12,Future,4.1,cable
WO-0001396,AST-00358,Preventive,Medium,2026-08-10,2026-08-20,2026-08-11,Future,7.5,third_rail
WO-0001956,AST-00502,Preventive,Medium,2026-08-10,2026-08-20,2026-08-11,Future,6.9,third_rail
WO-0002118,AST-00543,Preventive,Medium,2026-08-10,2026-08-20,2026-08-10,Future,4.4,third_rail
WO-0002650,AST-00675,Preventive,Medium,2026-08-10,2026-08-20,2026-08-13,Future,5.8,cable
WO-0002708,AST-00689,Preventive,Medium,2026-08-10,2026-08-20,2026-08-11,Future,3.8,third_rail
WO-0002857,AST-00727,Preventive,Medium,2026-08-10,2026-08-20,2026-08-12,Future,4.3,breaker
WO-0003661,AST-00921,Preventive,Medium,2026-08-10,2026-08-20,2026-08-10,Future,2.9,power
WO-0005275,AST-00914,Corrective,Medium,2026-08-10,2026-08-20,2026-08-15,Future,6.8,third_rail
WO-0000416,AST-00107,Preventive,Medium,2026-08-11,2026-08-21,2026-08-19,Future,5.5,cable
WO-0000810,AST-00205,Preventive,Medium,2026-08-11,2026-08-21,2026-08-14,Future,5.7,power
WO-0001690,AST-00430,Preventive,Medium,2026-08-11,2026-08-21,2026-08-12,Future,3.5,third_rail
WO-0001847,AST-00470,Preventive,Medium,2026-08-11,2026-08-21,2026-08-14,Future,4.7,cable
WO-0002667,AST-00679,Preventive,Medium,2026-08-11,2026-08-21,2026-08-12,Future,4.9,power
WO-0003146,AST-00801,Preventive,Medium,2026-08-11,2026-08-21,2026-08-12,Future,5.5,cable
WO-0003320,AST-00841,Preventive,Medium,2026-08-11,2026-08-21,2026-08-11,Future,6.0,power
WO-0003940,AST-00990,Preventive,Medium,2026-08-11,2026-08-21,2026-08-12,Future,3.7,third_rail
WO-0001753,AST-00446,Preventive,Medium,2026-08-12,2026-08-22,2026-08-14,Future,5.2,cable
WO-0002073,AST-00533,Preventive,Medium,2026-08-12,2026-08-22,2026-08-16,Future,6.6,breaker
WO-0002881,AST-00732,Preventive,Medium,2026-08-12,2026-08-22,2026-08-16,Future,5.9,power
WO-0000774,AST-00197,Preventive,Medium,2026-08-13,2026-08-23,2026-08-17,Future,6.6,cable
WO-0000945,AST-00242,Preventive,Medium,2026-08-13,2026-08-23,2026-08-16,Future,5.1,third_rail
WO-0003495,AST-00881,Preventive,Medium,2026-08-13,2026-08-23,2026-08-14,Future,5.4,cable
WO-0005065,AST-00774,Corrective,High,2026-08-13,2026-08-18,2026-08-18,Future,7.2,third_rail
WO-0005175,AST-00845,Corrective,Medium,2026-08-13,2026-08-23,2026-08-20,Future,6.6,power
WO-0005220,AST-00873,Corrective,Medium,2026-08-13,2026-08-23,2026-08-16,Future,6.0,third_rail
WO-0000299,AST-00076,Preventive,Medium,2026-08-14,2026-08-24,2026-08-17,Future,3.6,breaker
WO-0001549,AST-00396,Preventive,Medium,2026-08-14,2026-08-24,2026-08-19,Future,6.8,cable
WO-0003085,AST-00785,Preventive,Medium,2026-08-15,2026-08-25,2026-08-16,Future,3.8,third_rail
WO-0003758,AST-00946,Preventive,Medium,2026-08-15,2026-08-25,2026-08-27,Future,6.4,breaker
WO-0004833,AST-00607,Corrective,Medium,2026-08-15,2026-08-25,2026-08-17,Future,9.2,third_rail
WO-0000865,AST-00220,Preventive,Medium,2026-08-16,2026-08-26,2026-08-16,Future,3.9,breaker
WO-0003511,AST-00885,Preventive,Medium,2026-08-16,2026-08-26,2026-08-25,Future,4.3,breaker
WO-0004306,AST-00223,Corrective,Medium,2026-08-16,2026-08-26,2026-08-20,Future,4.3,cable
WO-0000564,AST-00145,Preventive,Medium,2026-08-17,2026-08-27,2026-08-19,Future,4.9,cable
WO-0001810,AST-00461,Preventive,Medium,2026-08-17,2026-08-27,2026-08-20,Future,6.0,cable
WO-0002172,AST-00556,Preventive,Medium,2026-08-17,2026-08-27,2026-08-22,Future,4.6,breaker
WO-0003781,AST-00952,Preventive,Medium,2026-08-17,2026-08-27,2026-08-17,Future,5.2,breaker
WO-0003944,AST-00991,Preventive,Medium,2026-08-17,2026-08-27,2026-08-17,Future,3.8,cable
WO-0001077,AST-00276,Preventive,Medium,2026-08-19,2026-08-29,2026-08-19,Future,4.7,breaker
WO-0003215,AST-00818,Preventive,Medium,2026-08-19,2026-08-29,2026-08-28,Future,6.4,cable
WO-0004438,AST-00318,Corrective,Medium,2026-08-19,2026-08-29,2026-08-24,Future,4.3,cable
WO-0000181,AST-00046,Preventive,Medium,2026-08-20,2026-08-30,2026-08-22,Future,6.5,third_rail
WO-0000870,AST-00222,Preventive,Medium,2026-08-20,2026-08-30,2026-08-26,Future,4.9,cable
WO-0001655,AST-00421,Preventive,Medium,2026-08-20,2026-08-30,2026-08-23,Future,5.9,cable
WO-0004973,AST-00710,Corrective,Medium,2026-08-20,2026-08-30,2026-08-25,Future,5.4,cable
WO-0005096,AST-00797,Corrective,High,2026-08-20,2026-08-25,2026-08-20,Future,7.0,power
WO-0000249,AST-00065,Preventive,Medium,2026-08-21,2026-08-31,2026-08-29,Future,5.6,cable
WO-0000655,AST-00167,Preventive,Medium,2026-08-21,2026-08-31,2026-08-22,Future,4.8,third_rail
WO-0001084,AST-00278,Preventive,Medium,2026-08-21,2026-08-31,2026-08-26,Future,4.1,cable
WO-0001938,AST-00497,Preventive,Medium,2026-08-21,2026-08-31,2026-08-23,Future,4.2,cable
WO-0002342,AST-00597,Preventive,Medium,2026-08-21,2026-08-31,2026-08-22,Future,5.4,cable
WO-0002504,AST-00639,Preventive,Medium,2026-08-21,2026-08-31,2026-08-25,Future,2.4,third_rail
WO-0002826,AST-00718,Preventive,Medium,2026-08-21,2026-08-31,2026-08-23,Future,6.6,power
WO-0003917,AST-00985,Preventive,Medium,2026-08-21,2026-08-31,2026-08-30,Future,5.9,power
WO-0002554,AST-00652,Preventive,Medium,2026-08-22,2026-09-01,2026-08-25,Future,4.7,third_rail
WO-0002569,AST-00655,Preventive,Medium,2026-08-22,2026-09-01,2026-08-22,Future,4.0,third_rail
WO-0003489,AST-00880,Preventive,Medium,2026-08-22,2026-09-01,2026-08-25,Future,9.2,cable
WO-0003980,AST-00001,Corrective,High,2026-08-22,2026-08-27,2026-08-25,Future,7.1,third_rail
WO-0004365,AST-00262,Corrective,High,2026-08-22,2026-08-27,2026-08-22,Future,10.2,third_rail
WO-0005213,AST-00869,Corrective,High,2026-08-22,2026-08-27,2026-08-29,Future,3.9,power
WO-0000520,AST-00135,Preventive,Medium,2026-08-23,2026-09-02,2026-08-29,Future,5.1,cable
WO-0001107,AST-00284,Preventive,Medium,2026-08-23,2026-09-02,2026-08-30,Future,5.3,breaker
WO-0003380,AST-00855,Preventive,Medium,2026-08-23,2026-09-02,2026-08-27,Future,6.6,breaker
WO-0003775,AST-00951,Preventive,Medium,2026-08-23,2026-09-02,2026-08-25,Future,5.1,cable
WO-0003911,AST-00984,Preventive,Medium,2026-08-23,2026-09-02,2026-08-24,Future,4.4,cable
WO-0003926,AST-00987,Preventive,Medium,2026-08-23,2026-09-02,2026-08-23,Future,4.5,breaker
WO-0004576,AST-00422,Corrective,Medium,2026-08-23,2026-09-02,2026-08-25,Future,5.1,power
WO-0004955,AST-00695,Corrective,Critical,2026-08-23,2026-08-25,2026-08-28,Future,5.9,third_rail
WO-0000823,AST-00209,Preventive,Medium,2026-08-24,2026-09-03,2026-09-04,Future,4.0,power
WO-0001158,AST-00296,Preventive,Medium,2026-08-24,2026-09-03,2026-08-28,Future,6.3,third_rail
WO-0002332,AST-00595,Preventive,Medium,2026-08-24,2026-09-03,2026-08-25,Future,3.2,power
WO-0003595,AST-00904,Preventive,Medium,2026-08-24,2026-09-03,2026-08-30,Future,5.6,cable
WO-0004662,AST-00485,Corrective,Medium,2026-08-24,2026-09-03,2026-08-30,Future,7.2,power
WO-0004787,AST-00571,Corrective,Medium,2026-08-24,2026-09-03,2026-08-25,Future,5.8,breaker
WO-0002395,AST-00611,Preventive,Medium,2026-08-25,2026-09-04,2026-08-28,Future,6.7,cable
WO-0002704,AST-00688,Preventive,Medium,2026-08-25,2026-09-04,2026-08-28,Future,5.4,third_rail
WO-0002736,AST-00696,Preventive,Medium,2026-08-25,2026-09-04,2026-08-29,Future,6.3,cable
WO-0003532,AST-00890,Preventive,Medium,2026-08-25,2026-09-04,2026-08-25,Future,3.2,cable
WO-0004106,AST-00096,Corrective,High,2026-08-25,2026-08-30,2026-08-26,Future,6.9,cable
WO-0004260,AST-00192,Corrective,Medium,2026-08-25,2026-09-04,2026-08-27,Future,6.9,breaker
WO-0004425,AST-00310,Corrective,Medium,2026-08-25,2026-09-04,2026-08-28,Future,6.5,power
WO-0004834,AST-00607,Corrective,High,2026-08-25,2026-08-30,2026-08-28,Future,3.0,third_rail
WO-0004841,AST-00613,Corrective,Medium,2026-08-25,2026-09-04,2026-08-28,Future,5.1,third_rail
WO-0000389,AST-00099,Preventive,Medium,2026-08-26,2026-09-05,2026-08-31,Future,3.2,power
WO-0001405,AST-00360,Preventive,Medium,2026-08-26,2026-09-05,2026-08-29,Future,6.3,cable
WO-0002135,AST-00548,Preventive,Medium,2026-08-26,2026-09-05,2026-08-28,Future,5.4,power
WO-0002411,AST-00616,Preventive,Medium,2026-08-26,2026-09-05,2026-08-28,Future,5.2,cable
WO-0003352,AST-00849,Preventive,Medium,2026-08-26,2026-09-05,2026-09-04,Future,5.3,power
WO-0004295,AST-00215,Corrective,High,2026-08-26,2026-08-31,2026-08-29,Future,7.9,cable
WO-0000234,AST-00060,Preventive,Medium,2026-08-27,2026-09-06,2026-08-28,Future,4.8,power
WO-0001575,AST-00402,Preventive,Medium,2026-08-27,2026-09-06,2026-08-28,Future,4.8,third_rail
WO-0002229,AST-00571,Preventive,Medium,2026-08-27,2026-09-06,2026-08-29,Future,4.3,breaker
WO-0003237,AST-00823,Preventive,Medium,2026-08-27,2026-09-06,2026-09-01,Future,6.4,breaker
WO-0003295,AST-00835,Preventive,Medium,2026-08-27,2026-09-06,2026-08-27,Future,4.4,cable
WO-0003518,AST-00887,Preventive,Medium,2026-08-27,2026-09-06,2026-08-29,Future,8.8,breaker
WO-0004014,AST-00027,Corrective,Medium,2026-08-27,2026-09-06,2026-08-31,Future,6.7,cable
WO-0004907,AST-00670,Corrective,Medium,2026-08-27,2026-09-06,2026-09-04,Future,4.8,cable
WO-0000452,AST-00117,Preventive,Medium,2026-08-28,2026-09-07,2026-08-29,Future,6.6,third_rail
WO-0000982,AST-00251,Preventive,Medium,2026-08-28,2026-09-07,2026-09-04,Future,4.6,cable
WO-0001227,AST-00314,Preventive,Medium,2026-08-28,2026-09-07,2026-09-02,Future,4.5,breaker
WO-0001535,AST-00393,Preventive,Medium,2026-08-28,2026-09-07,2026-09-03,Future,6.4,cable
WO-0004084,AST-00072,Corrective,Medium,2026-08-28,2026-09-07,2026-08-29,Future,9.8,cable
WO-0000288,AST-00073,Preventive,Medium,2026-08-29,2026-09-08,2026-08-30,Future,4.8,third_rail
WO-0000599,AST-00154,Preventive,Medium,2026-08-29,2026-09-08,2026-08-31,Future,6.0,cable
WO-0000748,AST-00191,Preventive,Medium,2026-08-29,2026-09-08,2026-08-30,Future,5.4,third_rail
WO-0001590,AST-00405,Preventive,Medium,2026-08-29,2026-09-08,2026-09-04,Future,5.4,third_rail
WO-0002548,AST-00651,Preventive,Medium,2026-08-29,2026-09-08,2026-09-04,Future,4.5,cable
WO-0003370,AST-00853,Preventive,Medium,2026-08-29,2026-09-08,2026-09-01,Future,4.1,third_rail
WO-0003601,AST-00905,Preventive,Medium,2026-08-29,2026-09-08,2026-08-31,Future,5.4,third_rail
WO-0003998,AST-00015,Corrective,Medium,2026-08-29,2026-09-08,2026-09-03,Future,3.1,cable
WO-0004815,AST-00594,Corrective,Medium,2026-08-29,2026-09-08,2026-09-01,Future,3.8,cable
WO-0000713,AST-00182,Preventive,Medium,2026-08-30,2026-09-09,2026-09-03,Future,6.0,third_rail
WO-0001179,AST-00302,Preventive,Medium,2026-08-30,2026-09-09,2026-09-02,Future,5.0,power
WO-0003894,AST-00980,Preventive,Medium,2026-08-30,2026-09-09,2026-08-30,Future,3.2,breaker
WO-0004125,AST-00107,Corrective,High,2026-08-30,2026-09-04,2026-09-02,Future,8.4,cable
WO-0001710,AST-00436,Preventive,Medium,2026-08-31,2026-09-10,2026-09-04,Future,5.5,breaker
WO-0002487,AST-00635,Preventive,Medium,2026-08-31,2026-09-10,2026-09-03,Future,2.9,power
WO-0002624,AST-00669,Preventive,Medium,2026-08-31,2026-09-10,2026-09-03,Future,5.0,breaker
WO-0004023,AST-00031,Corrective,Critical,2026-08-31,2026-09-02,2026-09-05,Future,7.5,cable
WO-0004395,AST-00284,Corrective,Medium,2026-08-31,2026-09-10,2026-09-09,Future,5.8,breaker
